nohup: 忽略输入
2026-02-06 19:52:16,558 [trainer.py] => config: ./configs/finetune/finetune_aircraft_B0_Inc10.json
2026-02-06 19:52:16,558 [trainer.py] => prefix: -
2026-02-06 19:52:16,558 [trainer.py] => dataset: aircraft
2026-02-06 19:52:16,558 [trainer.py] => memory_size: 0
2026-02-06 19:52:16,558 [trainer.py] => memory_per_class: 0
2026-02-06 19:52:16,558 [trainer.py] => fixed_memory: False
2026-02-06 19:52:16,558 [trainer.py] => shuffle: True
2026-02-06 19:52:16,558 [trainer.py] => init_cls: 10
2026-02-06 19:52:16,558 [trainer.py] => increment: 10
2026-02-06 19:52:16,558 [trainer.py] => model_name: finetune
2026-02-06 19:52:16,558 [trainer.py] => backbone_type: clip
2026-02-06 19:52:16,558 [trainer.py] => device: [device(type='cuda', index=2)]
2026-02-06 19:52:16,558 [trainer.py] => seed: 1993
2026-02-06 19:52:16,558 [trainer.py] => init_epoch: 10
2026-02-06 19:52:16,558 [trainer.py] => init_lr: 0.001
2026-02-06 19:52:16,558 [trainer.py] => init_milestones: [60, 120, 170]
2026-02-06 19:52:16,558 [trainer.py] => init_lr_decay: 0.1
2026-02-06 19:52:16,558 [trainer.py] => init_weight_decay: 0.0005
2026-02-06 19:52:16,558 [trainer.py] => epochs: 10
2026-02-06 19:52:16,558 [trainer.py] => lrate: 0.001
2026-02-06 19:52:16,558 [trainer.py] => milestones: [40, 70]
2026-02-06 19:52:16,558 [trainer.py] => lrate_decay: 0.1
2026-02-06 19:52:16,558 [trainer.py] => batch_size: 128
2026-02-06 19:52:16,559 [trainer.py] => weight_decay: 0.0002
2026-02-06 19:52:16,559 [trainer.py] => total_class_num: 100
['707-320', '727-200', '737-200', '737-300', '737-400', '737-500', '737-600', '737-700', '737-800', '737-900', '747-100', '747-200', '747-300', '747-400', '757-200', '757-300', '767-200', '767-300', '767-400', '777-200', '777-300', 'A300B4', 'A310', 'A318', 'A319', 'A320', 'A321', 'A330-200', 'A330-300', 'A340-200', 'A340-300', 'A340-500', 'A340-600', 'A380', 'ATR-42', 'ATR-72', 'An-12', 'BAE 146-200', 'BAE 146-300', 'BAE-125', 'Beechcraft 1900', 'Boeing 717', 'C-130', 'C-47', 'CRJ-200', 'CRJ-700', 'CRJ-900', 'Cessna 172', 'Cessna 208', 'Cessna 525', 'Cessna 560', 'Challenger 600', 'DC-10', 'DC-3', 'DC-6', 'DC-8', 'DC-9-30', 'DH-82', 'DHC-1', 'DHC-6', 'DHC-8-100', 'DHC-8-300', 'DR-400', 'Dornier 328', 'E-170', 'E-190', 'E-195', 'EMB-120', 'ERJ 135', 'ERJ 145', 'Embraer Legacy 600', 'Eurofighter Typhoon', 'F-16A/B', 'F/A-18', 'Falcon 2000', 'Falcon 900', 'Fokker 100', 'Fokker 50', 'Fokker 70', 'Global Express', 'Gulfstream IV', 'Gulfstream V', 'Hawk T1', 'Il-76', 'L-1011', 'MD-11', 'MD-80', 'MD-87', 'MD-90', 'Metroliner', 'Model B200', 'PA-28', 'SR-20', 'Saab 2000', 'Saab 340', 'Spitfire', 'Tornado', 'Tu-134', 'Tu-154', 'Yak-42']
['a photo of a {}, a type of aircraft.', 'a photo of the {}, a type of aircraft.']
{'707-320': 0, '727-200': 1, '737-200': 2, '737-300': 3, '737-400': 4, '737-500': 5, '737-600': 6, '737-700': 7, '737-800': 8, '737-900': 9, '747-100': 10, '747-200': 11, '747-300': 12, '747-400': 13, '757-200': 14, '757-300': 15, '767-200': 16, '767-300': 17, '767-400': 18, '777-200': 19, '777-300': 20, 'A300B4': 21, 'A310': 22, 'A318': 23, 'A319': 24, 'A320': 25, 'A321': 26, 'A330-200': 27, 'A330-300': 28, 'A340-200': 29, 'A340-300': 30, 'A340-500': 31, 'A340-600': 32, 'A380': 33, 'ATR-42': 34, 'ATR-72': 35, 'An-12': 36, 'BAE-125': 37, 'BAE-146-200': 38, 'BAE-146-300': 39, 'Beechcraft-1900': 40, 'Boeing-717': 41, 'C-130': 42, 'C-47': 43, 'CRJ-200': 44, 'CRJ-700': 45, 'CRJ-900': 46, 'Cessna-172': 47, 'Cessna-208': 48, 'Cessna-525': 49, 'Cessna-560': 50, 'Challenger-600': 51, 'DC-10': 52, 'DC-3': 53, 'DC-6': 54, 'DC-8': 55, 'DC-9-30': 56, 'DH-82': 57, 'DHC-1': 58, 'DHC-6': 59, 'DHC-8-100': 60, 'DHC-8-300': 61, 'DR-400': 62, 'Dornier-328': 63, 'E-170': 64, 'E-190': 65, 'E-195': 66, 'EMB-120': 67, 'ERJ-135': 68, 'ERJ-145': 69, 'Embraer-Legacy-600': 70, 'Eurofighter-Typhoon': 71, 'F': 72, 'F-16A': 73, 'Falcon-2000': 74, 'Falcon-900': 75, 'Fokker-100': 76, 'Fokker-50': 77, 'Fokker-70': 78, 'Global-Express': 79, 'Gulfstream-IV': 80, 'Gulfstream-V': 81, 'Hawk-T1': 82, 'Il-76': 83, 'L-1011': 84, 'MD-11': 85, 'MD-80': 86, 'MD-87': 87, 'MD-90': 88, 'Metroliner': 89, 'Model-B200': 90, 'PA-28': 91, 'SR-20': 92, 'Saab-2000': 93, 'Saab-340': 94, 'Spitfire': 95, 'Tornado': 96, 'Tu-134': 97, 'Tu-154': 98, 'Yak-42': 99}
2026-02-06 19:52:16,700 [data_manager.py] => [68, 56, 78, 8, 23, 84, 90, 65, 74, 76, 40, 89, 3, 92, 55, 9, 26, 80, 43, 38, 58, 70, 77, 1, 85, 19, 17, 50, 28, 53, 13, 81, 45, 82, 6, 59, 83, 16, 15, 44, 91, 41, 72, 60, 79, 52, 20, 10, 31, 54, 37, 95, 14, 71, 96, 98, 97, 2, 64, 66, 42, 22, 35, 86, 24, 34, 87, 21, 99, 0, 88, 27, 18, 94, 11, 12, 47, 25, 30, 46, 62, 69, 36, 61, 7, 63, 75, 5, 32, 4, 51, 48, 73, 93, 39, 67, 29, 49, 57, 33]
After shuffle, class_to_label is:  ['ERJ 135', 'DC-9-30', 'Fokker 70', '737-800', 'A318', 'L-1011', 'Model B200', 'E-190', 'Falcon 2000', 'Fokker 100', 'Beechcraft 1900', 'Metroliner', '737-300', 'SR-20', 'DC-8', '737-900', 'A321', 'Gulfstream IV', 'C-47', 'BAE 146-300', 'DHC-1', 'Embraer Legacy 600', 'Fokker 50', '727-200', 'MD-11', '777-200', '767-300', 'Cessna 560', 'A330-300', 'DC-3', '747-400', 'Gulfstream V', 'CRJ-700', 'Hawk T1', '737-600', 'DHC-6', 'Il-76', '767-200', '757-300', 'CRJ-200', 'PA-28', 'Boeing 717', 'F-16A/B', 'DHC-8-100', 'Global Express', 'DC-10', '777-300', '747-100', 'A340-500', 'DC-6', 'BAE 146-200', 'Spitfire', '757-200', 'Eurofighter Typhoon', 'Tornado', 'Tu-154', 'Tu-134', '737-200', 'E-170', 'E-195', 'C-130', 'A310', 'ATR-72', 'MD-80', 'A319', 'ATR-42', 'MD-87', 'A300B4', 'Yak-42', '707-320', 'MD-90', 'A330-200', '767-400', 'Saab 340', '747-200', '747-300', 'Cessna 172', 'A320', 'A340-300', 'CRJ-900', 'DR-400', 'ERJ 145', 'An-12', 'DHC-8-300', '737-700', 'Dornier 328', 'Falcon 900', '737-500', 'A340-600', '737-400', 'Challenger 600', 'Cessna 208', 'F/A-18', 'Saab 2000', 'BAE-125', 'EMB-120', 'A340-200', 'Cessna 525', 'DH-82', 'A380']
Training class stages: [10, 10, 10, 10, 10, 10, 10, 10, 10, 10]
Using CLIP model as the backbone
2026-02-06 19:52:17,826 [instantiator.py] => Created a temporary directory at /tmp/tmpu0xhr6kk
2026-02-06 19:52:17,827 [instantiator.py] => Writing /tmp/tmpu0xhr6kk/_remote_module_non_scriptable.py
2026-02-06 19:52:17,979 [factory.py] => Loaded ViT-B-16 model config.
2026-02-06 19:52:19,405 [factory.py] => Loading pretrained ViT-B-16 weights (/home/team/zhaohongwei/pretrained_models/open_clip_pytorch_model_laion400m_e32.bin).
/home/team/zhaohongwei/anaconda3/envs/mmcl/lib/python3.10/site-packages/torch/_utils.py:776: UserWarning: TypedStorage is deprecated. It will be removed in the future and UntypedStorage will be the only storage class. This should only matter to you if you are using storages directly.  To access UntypedStorage directly, use tensor.untyped_storage() instead of tensor.storage()
  return self.fget.__get__(instance, owner)()
Using CLIP model as the backbone
2026-02-06 19:52:19,832 [factory.py] => Loaded ViT-B-16 model config.
2026-02-06 19:52:21,139 [factory.py] => Loading pretrained ViT-B-16 weights (/home/team/zhaohongwei/pretrained_models/open_clip_pytorch_model_laion400m_e32.bin).
2026-02-06 19:52:21,605 [finetune.py] => Learning on 0-10

  0%|          | 0/10 [00:00<?, ?it/s]
Task 0, Epoch 1/10 => Loss 2.303, Train_accy 10.69, Test_accy 14.58:   0%|          | 0/10 [00:17<?, ?it/s]
Task 0, Epoch 1/10 => Loss 2.303, Train_accy 10.69, Test_accy 14.58:  10%|█         | 1/10 [00:17<02:37, 17.50s/it]
Task 0, Epoch 2/10 => Loss 2.291, Train_accy 16.27:  10%|█         | 1/10 [00:30<02:37, 17.50s/it]                 
Task 0, Epoch 2/10 => Loss 2.291, Train_accy 16.27:  20%|██        | 2/10 [00:30<02:01, 15.13s/it]
Task 0, Epoch 3/10 => Loss 2.274, Train_accy 24.70:  20%|██        | 2/10 [00:44<02:01, 15.13s/it]
Task 0, Epoch 3/10 => Loss 2.274, Train_accy 24.70:  30%|███       | 3/10 [00:44<01:39, 14.26s/it]
Task 0, Epoch 4/10 => Loss 2.263, Train_accy 28.46:  30%|███       | 3/10 [00:57<01:39, 14.26s/it]
Task 0, Epoch 4/10 => Loss 2.263, Train_accy 28.46:  40%|████      | 4/10 [00:57<01:23, 13.86s/it]
Task 0, Epoch 5/10 => Loss 2.238, Train_accy 34.79:  40%|████      | 4/10 [01:10<01:23, 13.86s/it]
Task 0, Epoch 5/10 => Loss 2.238, Train_accy 34.79:  50%|█████     | 5/10 [01:10<01:08, 13.68s/it]
Task 0, Epoch 6/10 => Loss 2.222, Train_accy 42.17, Test_accy 44.05:  50%|█████     | 5/10 [01:27<01:08, 13.68s/it]
Task 0, Epoch 6/10 => Loss 2.222, Train_accy 42.17, Test_accy 44.05:  60%|██████    | 6/10 [01:27<00:59, 14.86s/it]
Task 0, Epoch 7/10 => Loss 2.179, Train_accy 58.13:  60%|██████    | 6/10 [01:41<00:59, 14.86s/it]                 
Task 0, Epoch 7/10 => Loss 2.179, Train_accy 58.13:  70%|███████   | 7/10 [01:41<00:43, 14.38s/it]
Task 0, Epoch 8/10 => Loss 2.145, Train_accy 67.77:  70%|███████   | 7/10 [01:54<00:43, 14.38s/it]
Task 0, Epoch 8/10 => Loss 2.145, Train_accy 67.77:  80%|████████  | 8/10 [01:54<00:28, 14.01s/it]
Task 0, Epoch 9/10 => Loss 2.106, Train_accy 72.59:  80%|████████  | 8/10 [02:07<00:28, 14.01s/it]
Task 0, Epoch 9/10 => Loss 2.106, Train_accy 72.59:  90%|█████████ | 9/10 [02:07<00:13, 13.82s/it]
Task 0, Epoch 10/10 => Loss 2.143, Train_accy 62.50:  90%|█████████ | 9/10 [02:21<00:13, 13.82s/it]
Task 0, Epoch 10/10 => Loss 2.143, Train_accy 62.50: 100%|██████████| 10/10 [02:21<00:00, 13.65s/it]
Task 0, Epoch 10/10 => Loss 2.143, Train_accy 62.50: 100%|██████████| 10/10 [02:21<00:00, 14.12s/it]
2026-02-06 19:54:43,668 [finetune.py] => Task 0, Epoch 10/10 => Loss 2.143, Train_accy 62.50
2026-02-06 19:54:47,687 [trainer.py] => CNN: {'total': 21.13, '00-09': 21.13, 'old': 0, 'new': 21.13, 'harmonic': 0.0}
2026-02-06 19:54:47,688 [trainer.py] => CNN top1 curve: [21.13]
2026-02-06 19:54:47,688 [trainer.py] => CNN top5 curve: [66.37]
2026-02-06 19:54:47,688 [trainer.py] => Average Accuracy (CNN): 21.13
2026-02-06 19:54:47,691 [finetune.py] => Learning on 10-20

  0%|          | 0/10 [00:00<?, ?it/s]
Task 1, Epoch 1/10 => Loss 2.305, Train_accy 3.90, Test_accy 11.19:   0%|          | 0/10 [00:18<?, ?it/s]
Task 1, Epoch 1/10 => Loss 2.305, Train_accy 3.90, Test_accy 11.19:  10%|█         | 1/10 [00:18<02:49, 18.84s/it]
Task 1, Epoch 2/10 => Loss 2.294, Train_accy 3.75, Test_accy 14.18:  10%|█         | 1/10 [00:37<02:49, 18.84s/it]
Task 1, Epoch 2/10 => Loss 2.294, Train_accy 3.75, Test_accy 14.18:  20%|██        | 2/10 [00:37<02:29, 18.72s/it]
Task 1, Epoch 3/10 => Loss 2.287, Train_accy 3.90, Test_accy 8.06:  20%|██        | 2/10 [00:57<02:29, 18.72s/it] 
Task 1, Epoch 3/10 => Loss 2.287, Train_accy 3.90, Test_accy 8.06:  30%|███       | 3/10 [00:57<02:15, 19.35s/it]
Task 1, Epoch 4/10 => Loss 2.279, Train_accy 9.46, Test_accy 18.96:  30%|███       | 3/10 [01:16<02:15, 19.35s/it]
Task 1, Epoch 4/10 => Loss 2.279, Train_accy 9.46, Test_accy 18.96:  40%|████      | 4/10 [01:16<01:55, 19.28s/it]
Task 1, Epoch 5/10 => Loss 2.270, Train_accy 5.71, Test_accy 17.61:  40%|████      | 4/10 [01:35<01:55, 19.28s/it]
Task 1, Epoch 5/10 => Loss 2.270, Train_accy 5.71, Test_accy 17.61:  50%|█████     | 5/10 [01:35<01:36, 19.24s/it]
Task 1, Epoch 6/10 => Loss 2.247, Train_accy 14.26, Test_accy 12.69:  50%|█████     | 5/10 [01:54<01:36, 19.24s/it]
Task 1, Epoch 6/10 => Loss 2.247, Train_accy 14.26, Test_accy 12.69:  60%|██████    | 6/10 [01:54<01:16, 19.15s/it]
Task 1, Epoch 7/10 => Loss 2.219, Train_accy 15.62, Test_accy 21.64:  60%|██████    | 6/10 [02:13<01:16, 19.15s/it]
Task 1, Epoch 7/10 => Loss 2.219, Train_accy 15.62, Test_accy 21.64:  70%|███████   | 7/10 [02:13<00:57, 19.12s/it]
Task 1, Epoch 8/10 => Loss 2.179, Train_accy 24.32, Test_accy 27.01:  70%|███████   | 7/10 [02:33<00:57, 19.12s/it]
Task 1, Epoch 8/10 => Loss 2.179, Train_accy 24.32, Test_accy 27.01:  80%|████████  | 8/10 [02:33<00:38, 19.15s/it]
Task 1, Epoch 9/10 => Loss 2.136, Train_accy 38.14, Test_accy 26.57:  80%|████████  | 8/10 [02:52<00:38, 19.15s/it]
Task 1, Epoch 9/10 => Loss 2.136, Train_accy 38.14, Test_accy 26.57:  90%|█████████ | 9/10 [02:52<00:19, 19.12s/it]
Task 1, Epoch 10/10 => Loss 2.099, Train_accy 50.15, Test_accy 31.04:  90%|█████████ | 9/10 [03:11<00:19, 19.12s/it]
Task 1, Epoch 10/10 => Loss 2.099, Train_accy 50.15, Test_accy 31.04: 100%|██████████| 10/10 [03:11<00:00, 19.16s/it]
Task 1, Epoch 10/10 => Loss 2.099, Train_accy 50.15, Test_accy 31.04: 100%|██████████| 10/10 [03:11<00:00, 19.15s/it]
2026-02-06 19:57:59,181 [finetune.py] => Task 1, Epoch 10/10 => Loss 2.099, Train_accy 50.15, Test_accy 31.04
2026-02-06 19:58:06,313 [trainer.py] => CNN: {'total': 31.04, '00-09': 8.63, '10-19': 53.59, 'old': 8.63, 'new': 53.59, 'harmonic': 14.87}
2026-02-06 19:58:06,313 [trainer.py] => CNN top1 curve: [21.13, 31.04]
2026-02-06 19:58:06,314 [trainer.py] => CNN top5 curve: [66.37, 70.3]
2026-02-06 19:58:06,314 [trainer.py] => Average Accuracy (CNN): 26.085
2026-02-06 19:58:06,320 [finetune.py] => Learning on 20-30

  0%|          | 0/10 [00:00<?, ?it/s]
Task 2, Epoch 1/10 => Loss 2.302, Train_accy 0.00, Test_accy 15.44:   0%|          | 0/10 [00:25<?, ?it/s]
Task 2, Epoch 1/10 => Loss 2.302, Train_accy 0.00, Test_accy 15.44:  10%|█         | 1/10 [00:25<03:52, 25.81s/it]
Task 2, Epoch 2/10 => Loss 2.257, Train_accy 0.15, Test_accy 17.73:  10%|█         | 1/10 [00:51<03:52, 25.81s/it]
Task 2, Epoch 2/10 => Loss 2.257, Train_accy 0.15, Test_accy 17.73:  20%|██        | 2/10 [00:51<03:24, 25.59s/it]
Task 2, Epoch 3/10 => Loss 2.214, Train_accy 3.60, Test_accy 21.22:  20%|██        | 2/10 [01:16<03:24, 25.59s/it]
Task 2, Epoch 3/10 => Loss 2.214, Train_accy 3.60, Test_accy 21.22:  30%|███       | 3/10 [01:16<02:59, 25.59s/it]
Task 2, Epoch 4/10 => Loss 2.164, Train_accy 19.07, Test_accy 22.51:  30%|███       | 3/10 [01:42<02:59, 25.59s/it]
Task 2, Epoch 4/10 => Loss 2.164, Train_accy 19.07, Test_accy 22.51:  40%|████      | 4/10 [01:42<02:34, 25.67s/it]
Task 2, Epoch 5/10 => Loss 2.116, Train_accy 40.24, Test_accy 20.02:  40%|████      | 4/10 [02:08<02:34, 25.67s/it]
Task 2, Epoch 5/10 => Loss 2.116, Train_accy 40.24, Test_accy 20.02:  50%|█████     | 5/10 [02:08<02:08, 25.65s/it]
Task 2, Epoch 6/10 => Loss 2.073, Train_accy 57.66, Test_accy 20.22:  50%|█████     | 5/10 [02:34<02:08, 25.65s/it]
Task 2, Epoch 6/10 => Loss 2.073, Train_accy 57.66, Test_accy 20.22:  60%|██████    | 6/10 [02:34<01:42, 25.71s/it]
Task 2, Epoch 7/10 => Loss 2.031, Train_accy 67.27, Test_accy 19.62:  60%|██████    | 6/10 [03:00<01:42, 25.71s/it]
Task 2, Epoch 7/10 => Loss 2.031, Train_accy 67.27, Test_accy 19.62:  70%|███████   | 7/10 [03:00<01:17, 25.86s/it]
Task 2, Epoch 8/10 => Loss 1.985, Train_accy 70.87, Test_accy 21.12:  70%|███████   | 7/10 [03:26<01:17, 25.86s/it]
Task 2, Epoch 8/10 => Loss 1.985, Train_accy 70.87, Test_accy 21.12:  80%|████████  | 8/10 [03:26<00:51, 26.00s/it]
Task 2, Epoch 9/10 => Loss 1.940, Train_accy 75.53, Test_accy 22.01:  80%|████████  | 8/10 [03:52<00:51, 26.00s/it]
Task 2, Epoch 9/10 => Loss 1.940, Train_accy 75.53, Test_accy 22.01:  90%|█████████ | 9/10 [03:52<00:25, 25.97s/it]
Task 2, Epoch 10/10 => Loss 1.907, Train_accy 77.78, Test_accy 20.92:  90%|█████████ | 9/10 [04:18<00:25, 25.97s/it]
Task 2, Epoch 10/10 => Loss 1.907, Train_accy 77.78, Test_accy 20.92: 100%|██████████| 10/10 [04:18<00:00, 26.02s/it]
Task 2, Epoch 10/10 => Loss 1.907, Train_accy 77.78, Test_accy 20.92: 100%|██████████| 10/10 [04:18<00:00, 25.86s/it]
2026-02-06 20:02:24,909 [finetune.py] => Task 2, Epoch 10/10 => Loss 1.907, Train_accy 77.78, Test_accy 20.92
2026-02-06 20:02:33,550 [trainer.py] => CNN: {'total': 20.92, '00-09': 0.0, '10-19': 0.3, '20-29': 62.57, 'old': 0.15, 'new': 62.57, 'harmonic': 0.3}
2026-02-06 20:02:33,550 [trainer.py] => CNN top1 curve: [21.13, 31.04, 20.92]
2026-02-06 20:02:33,550 [trainer.py] => CNN top5 curve: [66.37, 70.3, 50.8]
2026-02-06 20:02:33,550 [trainer.py] => Average Accuracy (CNN): 24.363333333333333
2026-02-06 20:02:33,552 [finetune.py] => Learning on 30-40

  0%|          | 0/10 [00:00<?, ?it/s]
Task 3, Epoch 1/10 => Loss 2.285, Train_accy 0.00, Test_accy 13.01:   0%|          | 0/10 [00:28<?, ?it/s]
Task 3, Epoch 1/10 => Loss 2.285, Train_accy 0.00, Test_accy 13.01:  10%|█         | 1/10 [00:28<04:20, 28.99s/it]
Task 3, Epoch 2/10 => Loss 2.229, Train_accy 0.00, Test_accy 15.93:  10%|█         | 1/10 [00:57<04:20, 28.99s/it]
Task 3, Epoch 2/10 => Loss 2.229, Train_accy 0.00, Test_accy 15.93:  20%|██        | 2/10 [00:57<03:50, 28.84s/it]
Task 3, Epoch 3/10 => Loss 2.172, Train_accy 4.80, Test_accy 18.40:  20%|██        | 2/10 [01:25<03:50, 28.84s/it]
Task 3, Epoch 3/10 => Loss 2.172, Train_accy 4.80, Test_accy 18.40:  30%|███       | 3/10 [01:25<03:18, 28.37s/it]
Task 3, Epoch 4/10 => Loss 2.102, Train_accy 13.04, Test_accy 21.62:  30%|███       | 3/10 [01:55<03:18, 28.37s/it]
Task 3, Epoch 4/10 => Loss 2.102, Train_accy 13.04, Test_accy 21.62:  40%|████      | 4/10 [01:55<02:54, 29.01s/it]
Task 3, Epoch 5/10 => Loss 2.039, Train_accy 52.02, Test_accy 19.75:  40%|████      | 4/10 [02:24<02:54, 29.01s/it]
Task 3, Epoch 5/10 => Loss 2.039, Train_accy 52.02, Test_accy 19.75:  50%|█████     | 5/10 [02:24<02:24, 28.97s/it]
Task 3, Epoch 6/10 => Loss 1.980, Train_accy 68.67, Test_accy 19.00:  50%|█████     | 5/10 [02:52<02:24, 28.97s/it]
Task 3, Epoch 6/10 => Loss 1.980, Train_accy 68.67, Test_accy 19.00:  60%|██████    | 6/10 [02:52<01:54, 28.67s/it]
Task 3, Epoch 7/10 => Loss 1.924, Train_accy 77.21, Test_accy 18.55:  60%|██████    | 6/10 [03:22<01:54, 28.67s/it]
Task 3, Epoch 7/10 => Loss 1.924, Train_accy 77.21, Test_accy 18.55:  70%|███████   | 7/10 [03:22<01:27, 29.09s/it]
Task 3, Epoch 8/10 => Loss 1.880, Train_accy 79.31, Test_accy 18.70:  70%|███████   | 7/10 [03:51<01:27, 29.09s/it]
Task 3, Epoch 8/10 => Loss 1.880, Train_accy 79.31, Test_accy 18.70:  80%|████████  | 8/10 [03:51<00:58, 29.18s/it]
Task 3, Epoch 9/10 => Loss 1.846, Train_accy 81.56, Test_accy 19.45:  80%|████████  | 8/10 [04:21<00:58, 29.18s/it]
Task 3, Epoch 9/10 => Loss 1.846, Train_accy 81.56, Test_accy 19.45:  90%|█████████ | 9/10 [04:21<00:29, 29.31s/it]
Task 3, Epoch 10/10 => Loss 1.809, Train_accy 84.71, Test_accy 19.75:  90%|█████████ | 9/10 [04:49<00:29, 29.31s/it]
Task 3, Epoch 10/10 => Loss 1.809, Train_accy 84.71, Test_accy 19.75: 100%|██████████| 10/10 [04:49<00:00, 28.89s/it]
Task 3, Epoch 10/10 => Loss 1.809, Train_accy 84.71, Test_accy 19.75: 100%|██████████| 10/10 [04:49<00:00, 28.94s/it]
2026-02-06 20:07:22,947 [finetune.py] => Task 3, Epoch 10/10 => Loss 1.809, Train_accy 84.71, Test_accy 19.75
2026-02-06 20:07:34,299 [trainer.py] => CNN: {'total': 19.75, '00-09': 0.0, '10-19': 0.0, '20-29': 0.0, '30-39': 79.28, 'old': 0.0, 'new': 79.28, 'harmonic': 0.0}
2026-02-06 20:07:34,300 [trainer.py] => CNN top1 curve: [21.13, 31.04, 20.92, 19.75]
2026-02-06 20:07:34,300 [trainer.py] => CNN top5 curve: [66.37, 70.3, 50.8, 43.01]
2026-02-06 20:07:34,300 [trainer.py] => Average Accuracy (CNN): 23.21
2026-02-06 20:07:34,303 [finetune.py] => Learning on 40-50

  0%|          | 0/10 [00:00<?, ?it/s]
Task 4, Epoch 1/10 => Loss 2.298, Train_accy 0.00, Test_accy 13.72:   0%|          | 0/10 [00:29<?, ?it/s]
Task 4, Epoch 1/10 => Loss 2.298, Train_accy 0.00, Test_accy 13.72:  10%|█         | 1/10 [00:29<04:29, 30.00s/it]
Task 4, Epoch 2/10 => Loss 2.241, Train_accy 0.60, Test_accy 12.34:  10%|█         | 1/10 [00:54<04:29, 30.00s/it]
Task 4, Epoch 2/10 => Loss 2.241, Train_accy 0.60, Test_accy 12.34:  20%|██        | 2/10 [00:54<03:31, 26.49s/it]
Task 4, Epoch 3/10 => Loss 2.172, Train_accy 4.19, Test_accy 14.14:  20%|██        | 2/10 [01:25<03:31, 26.49s/it]
Task 4, Epoch 3/10 => Loss 2.172, Train_accy 4.19, Test_accy 14.14:  30%|███       | 3/10 [01:25<03:20, 28.59s/it]
Task 4, Epoch 4/10 => Loss 2.111, Train_accy 30.99, Test_accy 15.70:  30%|███       | 3/10 [01:57<03:20, 28.59s/it]
Task 4, Epoch 4/10 => Loss 2.111, Train_accy 30.99, Test_accy 15.70:  40%|████      | 4/10 [01:57<03:00, 30.05s/it]
Task 4, Epoch 5/10 => Loss 2.046, Train_accy 54.79, Test_accy 17.86:  40%|████      | 4/10 [02:28<03:00, 30.05s/it]
Task 4, Epoch 5/10 => Loss 2.046, Train_accy 54.79, Test_accy 17.86:  50%|█████     | 5/10 [02:28<02:32, 30.45s/it]
Task 4, Epoch 6/10 => Loss 1.983, Train_accy 70.96, Test_accy 15.52:  50%|█████     | 5/10 [03:00<02:32, 30.45s/it]
Task 4, Epoch 6/10 => Loss 1.983, Train_accy 70.96, Test_accy 15.52:  60%|██████    | 6/10 [03:00<02:03, 31.00s/it]
Task 4, Epoch 7/10 => Loss 1.935, Train_accy 75.15, Test_accy 14.98:  60%|██████    | 6/10 [03:33<02:03, 31.00s/it]
Task 4, Epoch 7/10 => Loss 1.935, Train_accy 75.15, Test_accy 14.98:  70%|███████   | 7/10 [03:33<01:35, 31.68s/it]
Task 4, Epoch 8/10 => Loss 1.887, Train_accy 78.74, Test_accy 13.96:  70%|███████   | 7/10 [04:03<01:35, 31.68s/it]
Task 4, Epoch 8/10 => Loss 1.887, Train_accy 78.74, Test_accy 13.96:  80%|████████  | 8/10 [04:03<01:02, 31.17s/it]
Task 4, Epoch 9/10 => Loss 1.847, Train_accy 79.79, Test_accy 14.86:  80%|████████  | 8/10 [04:35<01:02, 31.17s/it]
Task 4, Epoch 9/10 => Loss 1.847, Train_accy 79.79, Test_accy 14.86:  90%|█████████ | 9/10 [04:35<00:31, 31.25s/it]
Task 4, Epoch 10/10 => Loss 1.884, Train_accy 73.50, Test_accy 15.04:  90%|█████████ | 9/10 [05:07<00:31, 31.25s/it]
Task 4, Epoch 10/10 => Loss 1.884, Train_accy 73.50, Test_accy 15.04: 100%|██████████| 10/10 [05:07<00:00, 31.55s/it]
Task 4, Epoch 10/10 => Loss 1.884, Train_accy 73.50, Test_accy 15.04: 100%|██████████| 10/10 [05:07<00:00, 30.74s/it]
2026-02-06 20:12:41,768 [finetune.py] => Task 4, Epoch 10/10 => Loss 1.884, Train_accy 73.50, Test_accy 15.04
2026-02-06 20:12:54,847 [trainer.py] => CNN: {'total': 15.04, '00-09': 0.0, '10-19': 0.0, '20-29': 0.0, '30-39': 2.1, '40-49': 73.49, 'old': 0.52, 'new': 73.49, 'harmonic': 1.03}
2026-02-06 20:12:54,848 [trainer.py] => CNN top1 curve: [21.13, 31.04, 20.92, 19.75, 15.04]
2026-02-06 20:12:54,848 [trainer.py] => CNN top5 curve: [66.37, 70.3, 50.8, 43.01, 35.41]
2026-02-06 20:12:54,848 [trainer.py] => Average Accuracy (CNN): 21.576
2026-02-06 20:12:54,851 [finetune.py] => Learning on 50-60

  0%|          | 0/10 [00:00<?, ?it/s]
Task 5, Epoch 1/10 => Loss 2.262, Train_accy 0.00, Test_accy 10.88:   0%|          | 0/10 [00:34<?, ?it/s]
Task 5, Epoch 1/10 => Loss 2.262, Train_accy 0.00, Test_accy 10.88:  10%|█         | 1/10 [00:34<05:12, 34.77s/it]
Task 5, Epoch 2/10 => Loss 2.179, Train_accy 0.60, Test_accy 13.02:  10%|█         | 1/10 [01:08<05:12, 34.77s/it]
Task 5, Epoch 2/10 => Loss 2.179, Train_accy 0.60, Test_accy 13.02:  20%|██        | 2/10 [01:08<04:31, 33.99s/it]
Task 5, Epoch 3/10 => Loss 2.103, Train_accy 18.05, Test_accy 14.72:  20%|██        | 2/10 [01:42<04:31, 33.99s/it]
Task 5, Epoch 3/10 => Loss 2.103, Train_accy 18.05, Test_accy 14.72:  30%|███       | 3/10 [01:42<03:58, 34.12s/it]
Task 5, Epoch 4/10 => Loss 2.021, Train_accy 35.79, Test_accy 16.02:  30%|███       | 3/10 [02:17<03:58, 34.12s/it]
Task 5, Epoch 4/10 => Loss 2.021, Train_accy 35.79, Test_accy 16.02:  40%|████      | 4/10 [02:17<03:26, 34.43s/it]
Task 5, Epoch 5/10 => Loss 1.961, Train_accy 59.70, Test_accy 15.82:  40%|████      | 4/10 [02:51<03:26, 34.43s/it]
Task 5, Epoch 5/10 => Loss 1.961, Train_accy 59.70, Test_accy 15.82:  50%|█████     | 5/10 [02:51<02:50, 34.14s/it]
Task 5, Epoch 6/10 => Loss 1.898, Train_accy 76.54, Test_accy 14.07:  50%|█████     | 5/10 [03:24<02:50, 34.14s/it]
Task 5, Epoch 6/10 => Loss 1.898, Train_accy 76.54, Test_accy 14.07:  60%|██████    | 6/10 [03:24<02:16, 34.00s/it]
Task 5, Epoch 7/10 => Loss 1.844, Train_accy 81.65, Test_accy 12.92:  60%|██████    | 6/10 [03:59<02:16, 34.00s/it]
Task 5, Epoch 7/10 => Loss 1.844, Train_accy 81.65, Test_accy 12.92:  70%|███████   | 7/10 [03:59<01:43, 34.40s/it]
Task 5, Epoch 8/10 => Loss 1.797, Train_accy 88.57, Test_accy 13.87:  70%|███████   | 7/10 [04:35<01:43, 34.40s/it]
Task 5, Epoch 8/10 => Loss 1.797, Train_accy 88.57, Test_accy 13.87:  80%|████████  | 8/10 [04:35<01:09, 34.73s/it]
Task 5, Epoch 9/10 => Loss 1.751, Train_accy 90.38, Test_accy 13.72:  80%|████████  | 8/10 [05:09<01:09, 34.73s/it]
Task 5, Epoch 9/10 => Loss 1.751, Train_accy 90.38, Test_accy 13.72:  90%|█████████ | 9/10 [05:09<00:34, 34.45s/it]
Task 5, Epoch 10/10 => Loss 1.709, Train_accy 93.98, Test_accy 14.17:  90%|█████████ | 9/10 [05:43<00:34, 34.45s/it]
Task 5, Epoch 10/10 => Loss 1.709, Train_accy 93.98, Test_accy 14.17: 100%|██████████| 10/10 [05:43<00:00, 34.43s/it]
Task 5, Epoch 10/10 => Loss 1.709, Train_accy 93.98, Test_accy 14.17: 100%|██████████| 10/10 [05:43<00:00, 34.36s/it]
2026-02-06 20:18:38,510 [finetune.py] => Task 5, Epoch 10/10 => Loss 1.709, Train_accy 93.98, Test_accy 14.17
2026-02-06 20:18:54,582 [trainer.py] => CNN: {'total': 14.17, '00-09': 0.0, '10-19': 0.0, '20-29': 0.0, '30-39': 0.0, '40-49': 0.0, '50-59': 84.78, 'old': 0.0, 'new': 84.78, 'harmonic': 0.0}
2026-02-06 20:18:54,582 [trainer.py] => CNN top1 curve: [21.13, 31.04, 20.92, 19.75, 15.04, 14.17]
2026-02-06 20:18:54,582 [trainer.py] => CNN top5 curve: [66.37, 70.3, 50.8, 43.01, 35.41, 31.84]
2026-02-06 20:18:54,582 [trainer.py] => Average Accuracy (CNN): 20.341666666666665
2026-02-06 20:18:54,585 [finetune.py] => Learning on 60-70

  0%|          | 0/10 [00:00<?, ?it/s]
Task 6, Epoch 1/10 => Loss 2.281, Train_accy 0.00, Test_accy 10.10:   0%|          | 0/10 [00:36<?, ?it/s]
Task 6, Epoch 1/10 => Loss 2.281, Train_accy 0.00, Test_accy 10.10:  10%|█         | 1/10 [00:36<05:27, 36.41s/it]
Task 6, Epoch 2/10 => Loss 2.212, Train_accy 3.29, Test_accy 11.56:  10%|█         | 1/10 [01:13<05:27, 36.41s/it]
Task 6, Epoch 2/10 => Loss 2.212, Train_accy 3.29, Test_accy 11.56:  20%|██        | 2/10 [01:13<04:56, 37.06s/it]
Task 6, Epoch 3/10 => Loss 2.149, Train_accy 13.92, Test_accy 12.46:  20%|██        | 2/10 [01:51<04:56, 37.06s/it]
Task 6, Epoch 3/10 => Loss 2.149, Train_accy 13.92, Test_accy 12.46:  30%|███       | 3/10 [01:51<04:19, 37.07s/it]
Task 6, Epoch 4/10 => Loss 2.078, Train_accy 26.80, Test_accy 12.11:  30%|███       | 3/10 [02:27<04:19, 37.07s/it]
Task 6, Epoch 4/10 => Loss 2.078, Train_accy 26.80, Test_accy 12.11:  40%|████      | 4/10 [02:27<03:42, 37.03s/it]
Task 6, Epoch 5/10 => Loss 2.016, Train_accy 45.21, Test_accy 12.50:  40%|████      | 4/10 [03:06<03:42, 37.03s/it]
Task 6, Epoch 5/10 => Loss 2.016, Train_accy 45.21, Test_accy 12.50:  50%|█████     | 5/10 [03:06<03:08, 37.66s/it]
Task 6, Epoch 6/10 => Loss 1.959, Train_accy 67.07, Test_accy 11.43:  50%|█████     | 5/10 [03:45<03:08, 37.66s/it]
Task 6, Epoch 6/10 => Loss 1.959, Train_accy 67.07, Test_accy 11.43:  60%|██████    | 6/10 [03:45<02:32, 38.08s/it]
Task 6, Epoch 7/10 => Loss 1.901, Train_accy 80.54, Test_accy 10.36:  60%|██████    | 6/10 [04:23<02:32, 38.08s/it]
Task 6, Epoch 7/10 => Loss 1.901, Train_accy 80.54, Test_accy 10.36:  70%|███████   | 7/10 [04:23<01:53, 37.86s/it]
Task 6, Epoch 8/10 => Loss 1.846, Train_accy 85.18, Test_accy 10.40:  70%|███████   | 7/10 [05:01<01:53, 37.86s/it]
Task 6, Epoch 8/10 => Loss 1.846, Train_accy 85.18, Test_accy 10.40:  80%|████████  | 8/10 [05:01<01:15, 37.96s/it]
Task 6, Epoch 9/10 => Loss 1.800, Train_accy 88.02, Test_accy 10.83:  80%|████████  | 8/10 [05:37<01:15, 37.96s/it]
Task 6, Epoch 9/10 => Loss 1.800, Train_accy 88.02, Test_accy 10.83:  90%|█████████ | 9/10 [05:37<00:37, 37.44s/it]
Task 6, Epoch 10/10 => Loss 1.765, Train_accy 89.07, Test_accy 10.70:  90%|█████████ | 9/10 [06:14<00:37, 37.44s/it]
Task 6, Epoch 10/10 => Loss 1.765, Train_accy 89.07, Test_accy 10.70: 100%|██████████| 10/10 [06:14<00:00, 37.17s/it]
Task 6, Epoch 10/10 => Loss 1.765, Train_accy 89.07, Test_accy 10.70: 100%|██████████| 10/10 [06:14<00:00, 37.41s/it]
2026-02-06 20:25:08,671 [finetune.py] => Task 6, Epoch 10/10 => Loss 1.765, Train_accy 89.07, Test_accy 10.70
2026-02-06 20:25:26,452 [trainer.py] => CNN: {'total': 10.7, '00-09': 0.0, '10-19': 0.0, '20-29': 0.0, '30-39': 0.0, '40-49': 0.0, '50-59': 0.0, '60-69': 75.3, 'old': 0.0, 'new': 75.3, 'harmonic': 0.0}
2026-02-06 20:25:26,452 [trainer.py] => CNN top1 curve: [21.13, 31.04, 20.92, 19.75, 15.04, 14.17, 10.7]
2026-02-06 20:25:26,452 [trainer.py] => CNN top5 curve: [66.37, 70.3, 50.8, 43.01, 35.41, 31.84, 29.79]
2026-02-06 20:25:26,452 [trainer.py] => Average Accuracy (CNN): 18.964285714285715
2026-02-06 20:25:26,457 [finetune.py] => Learning on 70-80

  0%|          | 0/10 [00:00<?, ?it/s]
Task 7, Epoch 1/10 => Loss 2.268, Train_accy 0.00, Test_accy 8.21:   0%|          | 0/10 [00:38<?, ?it/s]
Task 7, Epoch 1/10 => Loss 2.268, Train_accy 0.00, Test_accy 8.21:  10%|█         | 1/10 [00:38<05:46, 38.54s/it]
Task 7, Epoch 2/10 => Loss 2.183, Train_accy 1.50, Test_accy 9.48:  10%|█         | 1/10 [01:16<05:46, 38.54s/it]
Task 7, Epoch 2/10 => Loss 2.183, Train_accy 1.50, Test_accy 9.48:  20%|██        | 2/10 [01:16<05:06, 38.37s/it]
Task 7, Epoch 3/10 => Loss 2.104, Train_accy 19.91, Test_accy 9.00:  20%|██        | 2/10 [01:56<05:06, 38.37s/it]
Task 7, Epoch 3/10 => Loss 2.104, Train_accy 19.91, Test_accy 9.00:  30%|███       | 3/10 [01:56<04:31, 38.85s/it]
Task 7, Epoch 4/10 => Loss 2.031, Train_accy 38.32, Test_accy 7.08:  30%|███       | 3/10 [02:35<04:31, 38.85s/it]
Task 7, Epoch 4/10 => Loss 2.031, Train_accy 38.32, Test_accy 7.08:  40%|████      | 4/10 [02:35<03:53, 38.94s/it]
Task 7, Epoch 5/10 => Loss 1.982, Train_accy 48.50, Test_accy 7.87:  40%|████      | 4/10 [03:14<03:53, 38.94s/it]
Task 7, Epoch 5/10 => Loss 1.982, Train_accy 48.50, Test_accy 7.87:  50%|█████     | 5/10 [03:14<03:15, 39.02s/it]
Task 7, Epoch 6/10 => Loss 1.914, Train_accy 65.12, Test_accy 7.83:  50%|█████     | 5/10 [03:53<03:15, 39.02s/it]
Task 7, Epoch 6/10 => Loss 1.914, Train_accy 65.12, Test_accy 7.83:  60%|██████    | 6/10 [03:53<02:36, 39.18s/it]
Task 7, Epoch 7/10 => Loss 1.881, Train_accy 75.60, Test_accy 8.10:  60%|██████    | 6/10 [04:32<02:36, 39.18s/it]
Task 7, Epoch 7/10 => Loss 1.881, Train_accy 75.60, Test_accy 8.10:  70%|███████   | 7/10 [04:32<01:57, 39.10s/it]
Task 7, Epoch 8/10 => Loss 1.831, Train_accy 80.99, Test_accy 8.36:  70%|███████   | 7/10 [05:11<01:57, 39.10s/it]
Task 7, Epoch 8/10 => Loss 1.831, Train_accy 80.99, Test_accy 8.36:  80%|████████  | 8/10 [05:11<01:18, 39.07s/it]
Task 7, Epoch 9/10 => Loss 1.786, Train_accy 80.54, Test_accy 7.98:  80%|████████  | 8/10 [05:50<01:18, 39.07s/it]
Task 7, Epoch 9/10 => Loss 1.786, Train_accy 80.54, Test_accy 7.98:  90%|█████████ | 9/10 [05:50<00:39, 39.01s/it]
Task 7, Epoch 10/10 => Loss 1.766, Train_accy 81.29, Test_accy 8.58:  90%|█████████ | 9/10 [06:29<00:39, 39.01s/it]
Task 7, Epoch 10/10 => Loss 1.766, Train_accy 81.29, Test_accy 8.58: 100%|██████████| 10/10 [06:29<00:00, 38.96s/it]
Task 7, Epoch 10/10 => Loss 1.766, Train_accy 81.29, Test_accy 8.58: 100%|██████████| 10/10 [06:29<00:00, 38.96s/it]
2026-02-06 20:31:56,090 [finetune.py] => Task 7, Epoch 10/10 => Loss 1.766, Train_accy 81.29, Test_accy 8.58
2026-02-06 20:32:17,689 [trainer.py] => CNN: {'total': 8.58, '00-09': 0.0, '10-19': 0.0, '20-29': 0.0, '30-39': 0.0, '40-49': 0.0, '50-59': 0.0, '60-69': 0.0, '70-79': 68.98, 'old': 0.0, 'new': 68.98, 'harmonic': 0.0}
2026-02-06 20:32:17,690 [trainer.py] => CNN top1 curve: [21.13, 31.04, 20.92, 19.75, 15.04, 14.17, 10.7, 8.58]
2026-02-06 20:32:17,690 [trainer.py] => CNN top5 curve: [66.37, 70.3, 50.8, 43.01, 35.41, 31.84, 29.79, 25.0]
2026-02-06 20:32:17,690 [trainer.py] => Average Accuracy (CNN): 17.66625
2026-02-06 20:32:17,694 [finetune.py] => Learning on 80-90

  0%|          | 0/10 [00:00<?, ?it/s]
Task 8, Epoch 1/10 => Loss 2.256, Train_accy 0.00, Test_accy 6.36:   0%|          | 0/10 [00:41<?, ?it/s]
Task 8, Epoch 1/10 => Loss 2.256, Train_accy 0.00, Test_accy 6.36:  10%|█         | 1/10 [00:41<06:15, 41.70s/it]
Task 8, Epoch 2/10 => Loss 2.168, Train_accy 3.30, Test_accy 6.63:  10%|█         | 1/10 [01:23<06:15, 41.70s/it]
Task 8, Epoch 2/10 => Loss 2.168, Train_accy 3.30, Test_accy 6.63:  20%|██        | 2/10 [01:23<05:34, 41.79s/it]
Task 8, Epoch 3/10 => Loss 2.089, Train_accy 10.34, Test_accy 6.10:  20%|██        | 2/10 [02:04<05:34, 41.79s/it]
Task 8, Epoch 3/10 => Loss 2.089, Train_accy 10.34, Test_accy 6.10:  30%|███       | 3/10 [02:04<04:50, 41.56s/it]
Task 8, Epoch 4/10 => Loss 2.016, Train_accy 30.43, Test_accy 8.36:  30%|███       | 3/10 [02:45<04:50, 41.56s/it]
Task 8, Epoch 4/10 => Loss 2.016, Train_accy 30.43, Test_accy 8.36:  40%|████      | 4/10 [02:45<04:07, 41.29s/it]
Task 8, Epoch 5/10 => Loss 1.956, Train_accy 59.82, Test_accy 8.40:  40%|████      | 4/10 [03:26<04:07, 41.29s/it]
Task 8, Epoch 5/10 => Loss 1.956, Train_accy 59.82, Test_accy 8.40:  50%|█████     | 5/10 [03:26<03:25, 41.03s/it]
Task 8, Epoch 6/10 => Loss 1.906, Train_accy 72.41, Test_accy 8.56:  50%|█████     | 5/10 [04:07<03:25, 41.03s/it]
Task 8, Epoch 6/10 => Loss 1.906, Train_accy 72.41, Test_accy 8.56:  60%|██████    | 6/10 [04:07<02:44, 41.05s/it]
Task 8, Epoch 7/10 => Loss 1.858, Train_accy 75.71, Test_accy 8.36:  60%|██████    | 6/10 [04:49<02:44, 41.05s/it]
Task 8, Epoch 7/10 => Loss 1.858, Train_accy 75.71, Test_accy 8.36:  70%|███████   | 7/10 [04:49<02:04, 41.47s/it]
Task 8, Epoch 8/10 => Loss 1.808, Train_accy 80.36, Test_accy 8.90:  70%|███████   | 7/10 [05:32<02:04, 41.47s/it]
Task 8, Epoch 8/10 => Loss 1.808, Train_accy 80.36, Test_accy 8.90:  80%|████████  | 8/10 [05:32<01:23, 41.92s/it]
Task 8, Epoch 9/10 => Loss 1.773, Train_accy 83.81, Test_accy 9.23:  80%|████████  | 8/10 [06:15<01:23, 41.92s/it]
Task 8, Epoch 9/10 => Loss 1.773, Train_accy 83.81, Test_accy 9.23:  90%|█████████ | 9/10 [06:15<00:42, 42.18s/it]
Task 8, Epoch 10/10 => Loss 1.736, Train_accy 84.11, Test_accy 9.26:  90%|█████████ | 9/10 [06:57<00:42, 42.18s/it]
Task 8, Epoch 10/10 => Loss 1.736, Train_accy 84.11, Test_accy 9.26: 100%|██████████| 10/10 [06:57<00:00, 42.26s/it]
Task 8, Epoch 10/10 => Loss 1.736, Train_accy 84.11, Test_accy 9.26: 100%|██████████| 10/10 [06:57<00:00, 41.78s/it]
2026-02-06 20:39:15,485 [finetune.py] => Task 8, Epoch 10/10 => Loss 1.736, Train_accy 84.11, Test_accy 9.26
2026-02-06 20:39:37,756 [trainer.py] => CNN: {'total': 9.26, '00-09': 0.0, '10-19': 0.0, '20-29': 0.0, '30-39': 0.0, '40-49': 0.0, '50-59': 0.0, '60-69': 0.0, '70-79': 7.23, '80-89': 76.28, 'old': 0.9, 'new': 76.28, 'harmonic': 1.78}
2026-02-06 20:39:37,757 [trainer.py] => CNN top1 curve: [21.13, 31.04, 20.92, 19.75, 15.04, 14.17, 10.7, 8.58, 9.26]
2026-02-06 20:39:37,757 [trainer.py] => CNN top5 curve: [66.37, 70.3, 50.8, 43.01, 35.41, 31.84, 29.79, 25.0, 21.89]
2026-02-06 20:39:37,757 [trainer.py] => Average Accuracy (CNN): 16.732222222222223
2026-02-06 20:39:37,763 [finetune.py] => Learning on 90-100

  0%|          | 0/10 [00:00<?, ?it/s]
Task 9, Epoch 1/10 => Loss 2.264, Train_accy 0.00, Test_accy 7.05:   0%|          | 0/10 [00:44<?, ?it/s]
Task 9, Epoch 1/10 => Loss 2.264, Train_accy 0.00, Test_accy 7.05:  10%|█         | 1/10 [00:44<06:44, 44.97s/it]
Task 9, Epoch 2/10 => Loss 2.163, Train_accy 0.60, Test_accy 7.92:  10%|█         | 1/10 [01:30<06:44, 44.97s/it]
Task 9, Epoch 2/10 => Loss 2.163, Train_accy 0.60, Test_accy 7.92:  20%|██        | 2/10 [01:30<06:03, 45.46s/it]
Task 9, Epoch 3/10 => Loss 2.060, Train_accy 13.62, Test_accy 7.68:  20%|██        | 2/10 [02:15<06:03, 45.46s/it]
Task 9, Epoch 3/10 => Loss 2.060, Train_accy 13.62, Test_accy 7.68:  30%|███       | 3/10 [02:15<05:16, 45.18s/it]
Task 9, Epoch 4/10 => Loss 1.975, Train_accy 52.69, Test_accy 8.37:  30%|███       | 3/10 [03:01<05:16, 45.18s/it]
Task 9, Epoch 4/10 => Loss 1.975, Train_accy 52.69, Test_accy 8.37:  40%|████      | 4/10 [03:01<04:31, 45.33s/it]
Task 9, Epoch 5/10 => Loss 1.902, Train_accy 80.99, Test_accy 9.00:  40%|████      | 4/10 [03:44<04:31, 45.33s/it]
Task 9, Epoch 5/10 => Loss 1.902, Train_accy 80.99, Test_accy 9.00:  50%|█████     | 5/10 [03:44<03:43, 44.78s/it]
Task 9, Epoch 6/10 => Loss 1.834, Train_accy 90.12, Test_accy 8.43:  50%|█████     | 5/10 [04:29<03:43, 44.78s/it]
Task 9, Epoch 6/10 => Loss 1.834, Train_accy 90.12, Test_accy 8.43:  60%|██████    | 6/10 [04:29<02:58, 44.55s/it]
Task 9, Epoch 7/10 => Loss 1.776, Train_accy 92.51, Test_accy 8.37:  60%|██████    | 6/10 [05:10<02:58, 44.55s/it]
Task 9, Epoch 7/10 => Loss 1.776, Train_accy 92.51, Test_accy 8.37:  70%|███████   | 7/10 [05:10<02:10, 43.65s/it]
Task 9, Epoch 8/10 => Loss 1.726, Train_accy 93.86, Test_accy 8.52:  70%|███████   | 7/10 [05:56<02:10, 43.65s/it]
Task 9, Epoch 8/10 => Loss 1.726, Train_accy 93.86, Test_accy 8.52:  80%|████████  | 8/10 [05:56<01:28, 44.42s/it]
Task 9, Epoch 9/10 => Loss 1.685, Train_accy 95.36, Test_accy 8.73:  80%|████████  | 8/10 [06:42<01:28, 44.42s/it]
Task 9, Epoch 9/10 => Loss 1.685, Train_accy 95.36, Test_accy 8.73:  90%|█████████ | 9/10 [06:42<00:44, 44.67s/it]
Task 9, Epoch 10/10 => Loss 1.638, Train_accy 94.46, Test_accy 8.79:  90%|█████████ | 9/10 [07:27<00:44, 44.67s/it]
Task 9, Epoch 10/10 => Loss 1.638, Train_accy 94.46, Test_accy 8.79: 100%|██████████| 10/10 [07:27<00:00, 44.91s/it]
Task 9, Epoch 10/10 => Loss 1.638, Train_accy 94.46, Test_accy 8.79: 100%|██████████| 10/10 [07:27<00:00, 44.76s/it]
2026-02-06 20:47:05,377 [finetune.py] => Task 9, Epoch 10/10 => Loss 1.638, Train_accy 94.46, Test_accy 8.79
2026-02-06 20:47:31,915 [trainer.py] => CNN: {'total': 8.79, '00-09': 0.0, '10-19': 0.0, '20-29': 0.0, '30-39': 0.0, '40-49': 0.0, '50-59': 0.0, '60-69': 0.0, '70-79': 0.0, '80-89': 0.0, '90-99': 88.25, 'old': 0.0, 'new': 88.25, 'harmonic': 0.0}
2026-02-06 20:47:31,916 [trainer.py] => CNN top1 curve: [21.13, 31.04, 20.92, 19.75, 15.04, 14.17, 10.7, 8.58, 9.26, 8.79]
2026-02-06 20:47:31,916 [trainer.py] => CNN top5 curve: [66.37, 70.3, 50.8, 43.01, 35.41, 31.84, 29.79, 25.0, 21.89, 18.18]
2026-02-06 20:47:31,916 [trainer.py] => Average Accuracy (CNN): 15.937999999999999

========================================
Finished aircraft_init10_inc10
Backbone: OpenCLIP_LAION400M
Average Accuracy (Top1): 15.94
Last Accuracy: 8.79
========================================

2026-02-06 20:47:34,839 [trainer.py] => config: ./configs/finetune/finetune_aircraft_B50_Inc10.json
2026-02-06 20:47:34,839 [trainer.py] => prefix: -
2026-02-06 20:47:34,839 [trainer.py] => dataset: aircraft
2026-02-06 20:47:34,839 [trainer.py] => memory_size: 0
2026-02-06 20:47:34,839 [trainer.py] => memory_per_class: 0
2026-02-06 20:47:34,839 [trainer.py] => fixed_memory: False
2026-02-06 20:47:34,840 [trainer.py] => shuffle: True
2026-02-06 20:47:34,840 [trainer.py] => init_cls: 50
2026-02-06 20:47:34,840 [trainer.py] => increment: 10
2026-02-06 20:47:34,840 [trainer.py] => model_name: finetune
2026-02-06 20:47:34,840 [trainer.py] => backbone_type: clip
2026-02-06 20:47:34,840 [trainer.py] => device: [device(type='cuda', index=2)]
2026-02-06 20:47:34,840 [trainer.py] => seed: 1993
2026-02-06 20:47:34,840 [trainer.py] => init_epoch: 10
2026-02-06 20:47:34,840 [trainer.py] => init_lr: 0.001
2026-02-06 20:47:34,840 [trainer.py] => init_milestones: [60, 120, 170]
2026-02-06 20:47:34,840 [trainer.py] => init_lr_decay: 0.1
2026-02-06 20:47:34,840 [trainer.py] => init_weight_decay: 0.0005
2026-02-06 20:47:34,840 [trainer.py] => epochs: 10
2026-02-06 20:47:34,840 [trainer.py] => lrate: 0.001
2026-02-06 20:47:34,840 [trainer.py] => milestones: [40, 70]
2026-02-06 20:47:34,840 [trainer.py] => lrate_decay: 0.1
2026-02-06 20:47:34,840 [trainer.py] => batch_size: 128
2026-02-06 20:47:34,840 [trainer.py] => weight_decay: 0.0002
2026-02-06 20:47:34,840 [trainer.py] => total_class_num: 100
['707-320', '727-200', '737-200', '737-300', '737-400', '737-500', '737-600', '737-700', '737-800', '737-900', '747-100', '747-200', '747-300', '747-400', '757-200', '757-300', '767-200', '767-300', '767-400', '777-200', '777-300', 'A300B4', 'A310', 'A318', 'A319', 'A320', 'A321', 'A330-200', 'A330-300', 'A340-200', 'A340-300', 'A340-500', 'A340-600', 'A380', 'ATR-42', 'ATR-72', 'An-12', 'BAE 146-200', 'BAE 146-300', 'BAE-125', 'Beechcraft 1900', 'Boeing 717', 'C-130', 'C-47', 'CRJ-200', 'CRJ-700', 'CRJ-900', 'Cessna 172', 'Cessna 208', 'Cessna 525', 'Cessna 560', 'Challenger 600', 'DC-10', 'DC-3', 'DC-6', 'DC-8', 'DC-9-30', 'DH-82', 'DHC-1', 'DHC-6', 'DHC-8-100', 'DHC-8-300', 'DR-400', 'Dornier 328', 'E-170', 'E-190', 'E-195', 'EMB-120', 'ERJ 135', 'ERJ 145', 'Embraer Legacy 600', 'Eurofighter Typhoon', 'F-16A/B', 'F/A-18', 'Falcon 2000', 'Falcon 900', 'Fokker 100', 'Fokker 50', 'Fokker 70', 'Global Express', 'Gulfstream IV', 'Gulfstream V', 'Hawk T1', 'Il-76', 'L-1011', 'MD-11', 'MD-80', 'MD-87', 'MD-90', 'Metroliner', 'Model B200', 'PA-28', 'SR-20', 'Saab 2000', 'Saab 340', 'Spitfire', 'Tornado', 'Tu-134', 'Tu-154', 'Yak-42']
['a photo of a {}, a type of aircraft.', 'a photo of the {}, a type of aircraft.']
{'707-320': 0, '727-200': 1, '737-200': 2, '737-300': 3, '737-400': 4, '737-500': 5, '737-600': 6, '737-700': 7, '737-800': 8, '737-900': 9, '747-100': 10, '747-200': 11, '747-300': 12, '747-400': 13, '757-200': 14, '757-300': 15, '767-200': 16, '767-300': 17, '767-400': 18, '777-200': 19, '777-300': 20, 'A300B4': 21, 'A310': 22, 'A318': 23, 'A319': 24, 'A320': 25, 'A321': 26, 'A330-200': 27, 'A330-300': 28, 'A340-200': 29, 'A340-300': 30, 'A340-500': 31, 'A340-600': 32, 'A380': 33, 'ATR-42': 34, 'ATR-72': 35, 'An-12': 36, 'BAE-125': 37, 'BAE-146-200': 38, 'BAE-146-300': 39, 'Beechcraft-1900': 40, 'Boeing-717': 41, 'C-130': 42, 'C-47': 43, 'CRJ-200': 44, 'CRJ-700': 45, 'CRJ-900': 46, 'Cessna-172': 47, 'Cessna-208': 48, 'Cessna-525': 49, 'Cessna-560': 50, 'Challenger-600': 51, 'DC-10': 52, 'DC-3': 53, 'DC-6': 54, 'DC-8': 55, 'DC-9-30': 56, 'DH-82': 57, 'DHC-1': 58, 'DHC-6': 59, 'DHC-8-100': 60, 'DHC-8-300': 61, 'DR-400': 62, 'Dornier-328': 63, 'E-170': 64, 'E-190': 65, 'E-195': 66, 'EMB-120': 67, 'ERJ-135': 68, 'ERJ-145': 69, 'Embraer-Legacy-600': 70, 'Eurofighter-Typhoon': 71, 'F': 72, 'F-16A': 73, 'Falcon-2000': 74, 'Falcon-900': 75, 'Fokker-100': 76, 'Fokker-50': 77, 'Fokker-70': 78, 'Global-Express': 79, 'Gulfstream-IV': 80, 'Gulfstream-V': 81, 'Hawk-T1': 82, 'Il-76': 83, 'L-1011': 84, 'MD-11': 85, 'MD-80': 86, 'MD-87': 87, 'MD-90': 88, 'Metroliner': 89, 'Model-B200': 90, 'PA-28': 91, 'SR-20': 92, 'Saab-2000': 93, 'Saab-340': 94, 'Spitfire': 95, 'Tornado': 96, 'Tu-134': 97, 'Tu-154': 98, 'Yak-42': 99}
2026-02-06 20:47:34,935 [data_manager.py] => [68, 56, 78, 8, 23, 84, 90, 65, 74, 76, 40, 89, 3, 92, 55, 9, 26, 80, 43, 38, 58, 70, 77, 1, 85, 19, 17, 50, 28, 53, 13, 81, 45, 82, 6, 59, 83, 16, 15, 44, 91, 41, 72, 60, 79, 52, 20, 10, 31, 54, 37, 95, 14, 71, 96, 98, 97, 2, 64, 66, 42, 22, 35, 86, 24, 34, 87, 21, 99, 0, 88, 27, 18, 94, 11, 12, 47, 25, 30, 46, 62, 69, 36, 61, 7, 63, 75, 5, 32, 4, 51, 48, 73, 93, 39, 67, 29, 49, 57, 33]
After shuffle, class_to_label is:  ['ERJ 135', 'DC-9-30', 'Fokker 70', '737-800', 'A318', 'L-1011', 'Model B200', 'E-190', 'Falcon 2000', 'Fokker 100', 'Beechcraft 1900', 'Metroliner', '737-300', 'SR-20', 'DC-8', '737-900', 'A321', 'Gulfstream IV', 'C-47', 'BAE 146-300', 'DHC-1', 'Embraer Legacy 600', 'Fokker 50', '727-200', 'MD-11', '777-200', '767-300', 'Cessna 560', 'A330-300', 'DC-3', '747-400', 'Gulfstream V', 'CRJ-700', 'Hawk T1', '737-600', 'DHC-6', 'Il-76', '767-200', '757-300', 'CRJ-200', 'PA-28', 'Boeing 717', 'F-16A/B', 'DHC-8-100', 'Global Express', 'DC-10', '777-300', '747-100', 'A340-500', 'DC-6', 'BAE 146-200', 'Spitfire', '757-200', 'Eurofighter Typhoon', 'Tornado', 'Tu-154', 'Tu-134', '737-200', 'E-170', 'E-195', 'C-130', 'A310', 'ATR-72', 'MD-80', 'A319', 'ATR-42', 'MD-87', 'A300B4', 'Yak-42', '707-320', 'MD-90', 'A330-200', '767-400', 'Saab 340', '747-200', '747-300', 'Cessna 172', 'A320', 'A340-300', 'CRJ-900', 'DR-400', 'ERJ 145', 'An-12', 'DHC-8-300', '737-700', 'Dornier 328', 'Falcon 900', '737-500', 'A340-600', '737-400', 'Challenger 600', 'Cessna 208', 'F/A-18', 'Saab 2000', 'BAE-125', 'EMB-120', 'A340-200', 'Cessna 525', 'DH-82', 'A380']
Training class stages: [50, 10, 10, 10, 10, 10]
Using CLIP model as the backbone
2026-02-06 20:47:36,080 [instantiator.py] => Created a temporary directory at /tmp/tmpoibozei1
2026-02-06 20:47:36,081 [instantiator.py] => Writing /tmp/tmpoibozei1/_remote_module_non_scriptable.py
2026-02-06 20:47:36,214 [factory.py] => Loaded ViT-B-16 model config.
2026-02-06 20:47:37,603 [factory.py] => Loading pretrained ViT-B-16 weights (/home/team/zhaohongwei/pretrained_models/open_clip_pytorch_model_laion400m_e32.bin).
/home/team/zhaohongwei/anaconda3/envs/mmcl/lib/python3.10/site-packages/torch/_utils.py:776: UserWarning: TypedStorage is deprecated. It will be removed in the future and UntypedStorage will be the only storage class. This should only matter to you if you are using storages directly.  To access UntypedStorage directly, use tensor.untyped_storage() instead of tensor.storage()
  return self.fget.__get__(instance, owner)()
Using CLIP model as the backbone
2026-02-06 20:47:38,046 [factory.py] => Loaded ViT-B-16 model config.
2026-02-06 20:47:39,356 [factory.py] => Loading pretrained ViT-B-16 weights (/home/team/zhaohongwei/pretrained_models/open_clip_pytorch_model_laion400m_e32.bin).
2026-02-06 20:47:39,804 [finetune.py] => Learning on 0-50

  0%|          | 0/10 [00:00<?, ?it/s]
Task 0, Epoch 1/10 => Loss 3.905, Train_accy 3.27, Test_accy 3.12:   0%|          | 0/10 [01:41<?, ?it/s]
Task 0, Epoch 1/10 => Loss 3.905, Train_accy 3.27, Test_accy 3.12:  10%|█         | 1/10 [01:41<15:14, 101.62s/it]
Task 0, Epoch 2/10 => Loss 3.912, Train_accy 1.92:  10%|█         | 1/10 [03:06<15:14, 101.62s/it]                
Task 0, Epoch 2/10 => Loss 3.912, Train_accy 1.92:  20%|██        | 2/10 [03:06<12:16, 92.02s/it] 
Task 0, Epoch 3/10 => Loss 3.910, Train_accy 2.22:  20%|██        | 2/10 [04:31<12:16, 92.02s/it]
Task 0, Epoch 3/10 => Loss 3.910, Train_accy 2.22:  30%|███       | 3/10 [04:31<10:20, 88.63s/it]
Task 0, Epoch 4/10 => Loss 3.905, Train_accy 2.91:  30%|███       | 3/10 [05:53<10:20, 88.63s/it]
Task 0, Epoch 4/10 => Loss 3.905, Train_accy 2.91:  40%|████      | 4/10 [05:53<08:36, 86.10s/it]
Task 0, Epoch 5/10 => Loss 3.898, Train_accy 3.48:  40%|████      | 4/10 [07:14<08:36, 86.10s/it]
Task 0, Epoch 5/10 => Loss 3.898, Train_accy 3.48:  50%|█████     | 5/10 [07:14<07:00, 84.12s/it]
Task 0, Epoch 6/10 => Loss 3.889, Train_accy 3.75, Test_accy 3.71:  50%|█████     | 5/10 [08:50<07:00, 84.12s/it]
Task 0, Epoch 6/10 => Loss 3.889, Train_accy 3.75, Test_accy 3.71:  60%|██████    | 6/10 [08:50<05:52, 88.22s/it]
Task 0, Epoch 7/10 => Loss 3.879, Train_accy 5.43:  60%|██████    | 6/10 [10:12<05:52, 88.22s/it]                
Task 0, Epoch 7/10 => Loss 3.879, Train_accy 5.43:  70%|███████   | 7/10 [10:12<04:18, 86.11s/it]
Task 0, Epoch 8/10 => Loss 3.864, Train_accy 7.51:  70%|███████   | 7/10 [11:34<04:18, 86.11s/it]
Task 0, Epoch 8/10 => Loss 3.864, Train_accy 7.51:  80%|████████  | 8/10 [11:34<02:49, 84.84s/it]
Task 0, Epoch 9/10 => Loss 3.858, Train_accy 7.90:  80%|████████  | 8/10 [12:56<02:49, 84.84s/it]
Task 0, Epoch 9/10 => Loss 3.858, Train_accy 7.90:  90%|█████████ | 9/10 [12:56<01:23, 83.96s/it]
Task 0, Epoch 10/10 => Loss 3.847, Train_accy 7.48:  90%|█████████ | 9/10 [14:18<01:23, 83.96s/it]
Task 0, Epoch 10/10 => Loss 3.847, Train_accy 7.48: 100%|██████████| 10/10 [14:18<00:00, 83.43s/it]
Task 0, Epoch 10/10 => Loss 3.847, Train_accy 7.48: 100%|██████████| 10/10 [14:18<00:00, 85.87s/it]
2026-02-06 21:01:59,519 [finetune.py] => Task 0, Epoch 10/10 => Loss 3.847, Train_accy 7.48
2026-02-06 21:02:13,501 [trainer.py] => CNN: {'total': 7.01, '00-09': 7.14, '10-19': 7.19, '20-29': 5.39, '30-39': 6.61, '40-49': 8.73, 'old': 0, 'new': 7.01, 'harmonic': 0.0}
2026-02-06 21:02:13,501 [trainer.py] => CNN top1 curve: [7.01]
2026-02-06 21:02:13,501 [trainer.py] => CNN top5 curve: [24.03]
2026-02-06 21:02:13,501 [trainer.py] => Average Accuracy (CNN): 7.01
2026-02-06 21:02:13,503 [finetune.py] => Learning on 50-60

  0%|          | 0/10 [00:00<?, ?it/s]
Task 1, Epoch 1/10 => Loss 2.302, Train_accy 0.00, Test_accy 5.54:   0%|          | 0/10 [00:35<?, ?it/s]
Task 1, Epoch 1/10 => Loss 2.302, Train_accy 0.00, Test_accy 5.54:  10%|█         | 1/10 [00:35<05:23, 35.95s/it]
Task 1, Epoch 2/10 => Loss 2.269, Train_accy 0.15, Test_accy 5.49:  10%|█         | 1/10 [01:09<05:23, 35.95s/it]
Task 1, Epoch 2/10 => Loss 2.269, Train_accy 0.15, Test_accy 5.49:  20%|██        | 2/10 [01:09<04:38, 34.81s/it]
Task 1, Epoch 3/10 => Loss 2.233, Train_accy 4.66, Test_accy 6.44:  20%|██        | 2/10 [01:44<04:38, 34.81s/it]
Task 1, Epoch 3/10 => Loss 2.233, Train_accy 4.66, Test_accy 6.44:  30%|███       | 3/10 [01:44<04:01, 34.53s/it]
Task 1, Epoch 4/10 => Loss 2.199, Train_accy 16.24, Test_accy 5.89:  30%|███       | 3/10 [02:18<04:01, 34.53s/it]
Task 1, Epoch 4/10 => Loss 2.199, Train_accy 16.24, Test_accy 5.89:  40%|████      | 4/10 [02:18<03:26, 34.40s/it]
Task 1, Epoch 5/10 => Loss 2.161, Train_accy 32.48, Test_accy 5.64:  40%|████      | 4/10 [02:52<03:26, 34.40s/it]
Task 1, Epoch 5/10 => Loss 2.161, Train_accy 32.48, Test_accy 5.64:  50%|█████     | 5/10 [02:52<02:52, 34.44s/it]
Task 1, Epoch 6/10 => Loss 2.132, Train_accy 41.65, Test_accy 6.19:  50%|█████     | 5/10 [03:27<02:52, 34.44s/it]
Task 1, Epoch 6/10 => Loss 2.132, Train_accy 41.65, Test_accy 6.19:  60%|██████    | 6/10 [03:27<02:17, 34.47s/it]
Task 1, Epoch 7/10 => Loss 2.100, Train_accy 44.21, Test_accy 6.29:  60%|██████    | 6/10 [04:01<02:17, 34.47s/it]
Task 1, Epoch 7/10 => Loss 2.100, Train_accy 44.21, Test_accy 6.29:  70%|███████   | 7/10 [04:01<01:43, 34.50s/it]
Task 1, Epoch 8/10 => Loss 2.074, Train_accy 45.86, Test_accy 6.34:  70%|███████   | 7/10 [04:35<01:43, 34.50s/it]
Task 1, Epoch 8/10 => Loss 2.074, Train_accy 45.86, Test_accy 6.34:  80%|████████  | 8/10 [04:35<01:08, 34.27s/it]
Task 1, Epoch 9/10 => Loss 2.051, Train_accy 51.28, Test_accy 7.14:  80%|████████  | 8/10 [05:09<01:08, 34.27s/it]
Task 1, Epoch 9/10 => Loss 2.051, Train_accy 51.28, Test_accy 7.14:  90%|█████████ | 9/10 [05:09<00:34, 34.05s/it]
Task 1, Epoch 10/10 => Loss 2.018, Train_accy 55.34, Test_accy 7.39:  90%|█████████ | 9/10 [05:43<00:34, 34.05s/it]
Task 1, Epoch 10/10 => Loss 2.018, Train_accy 55.34, Test_accy 7.39: 100%|██████████| 10/10 [05:43<00:00, 34.09s/it]
Task 1, Epoch 10/10 => Loss 2.018, Train_accy 55.34, Test_accy 7.39: 100%|██████████| 10/10 [05:43<00:00, 34.35s/it]
2026-02-06 21:07:57,021 [finetune.py] => Task 1, Epoch 10/10 => Loss 2.018, Train_accy 55.34, Test_accy 7.39
2026-02-06 21:08:12,206 [trainer.py] => CNN: {'total': 7.39, '00-09': 0.0, '10-19': 0.3, '20-29': 0.0, '30-39': 0.0, '40-49': 0.0, '50-59': 43.88, 'old': 0.06, 'new': 43.88, 'harmonic': 0.12}
2026-02-06 21:08:12,207 [trainer.py] => CNN top1 curve: [7.01, 7.39]
2026-02-06 21:08:12,207 [trainer.py] => CNN top5 curve: [24.03, 19.71]
2026-02-06 21:08:12,207 [trainer.py] => Average Accuracy (CNN): 7.199999999999999
2026-02-06 21:08:12,212 [finetune.py] => Learning on 60-70

  0%|          | 0/10 [00:00<?, ?it/s]
Task 2, Epoch 1/10 => Loss 2.294, Train_accy 0.00, Test_accy 5.99:   0%|          | 0/10 [00:36<?, ?it/s]
Task 2, Epoch 1/10 => Loss 2.294, Train_accy 0.00, Test_accy 5.99:  10%|█         | 1/10 [00:36<05:27, 36.35s/it]
Task 2, Epoch 2/10 => Loss 2.270, Train_accy 0.00, Test_accy 5.57:  10%|█         | 1/10 [01:13<05:27, 36.35s/it]
Task 2, Epoch 2/10 => Loss 2.270, Train_accy 0.00, Test_accy 5.57:  20%|██        | 2/10 [01:13<04:53, 36.71s/it]
Task 2, Epoch 3/10 => Loss 2.239, Train_accy 1.80, Test_accy 5.39:  20%|██        | 2/10 [01:50<04:53, 36.71s/it]
Task 2, Epoch 3/10 => Loss 2.239, Train_accy 1.80, Test_accy 5.39:  30%|███       | 3/10 [01:50<04:18, 36.86s/it]
Task 2, Epoch 4/10 => Loss 2.214, Train_accy 8.08, Test_accy 5.99:  30%|███       | 3/10 [02:27<04:18, 36.86s/it]
Task 2, Epoch 4/10 => Loss 2.214, Train_accy 8.08, Test_accy 5.99:  40%|████      | 4/10 [02:27<03:40, 36.81s/it]
Task 2, Epoch 5/10 => Loss 2.185, Train_accy 19.91, Test_accy 4.71:  40%|████      | 4/10 [03:03<03:40, 36.81s/it]
Task 2, Epoch 5/10 => Loss 2.185, Train_accy 19.91, Test_accy 4.71:  50%|█████     | 5/10 [03:03<03:02, 36.56s/it]
Task 2, Epoch 6/10 => Loss 2.167, Train_accy 26.95, Test_accy 4.32:  50%|█████     | 5/10 [03:39<03:02, 36.56s/it]
Task 2, Epoch 6/10 => Loss 2.167, Train_accy 26.95, Test_accy 4.32:  60%|██████    | 6/10 [03:39<02:26, 36.62s/it]
Task 2, Epoch 7/10 => Loss 2.130, Train_accy 34.13, Test_accy 3.98:  60%|██████    | 6/10 [04:17<02:26, 36.62s/it]
Task 2, Epoch 7/10 => Loss 2.130, Train_accy 34.13, Test_accy 3.98:  70%|███████   | 7/10 [04:17<01:50, 36.77s/it]
Task 2, Epoch 8/10 => Loss 2.106, Train_accy 40.12, Test_accy 4.20:  70%|███████   | 7/10 [04:54<01:50, 36.77s/it]
Task 2, Epoch 8/10 => Loss 2.106, Train_accy 40.12, Test_accy 4.20:  80%|████████  | 8/10 [04:54<01:13, 36.94s/it]
Task 2, Epoch 9/10 => Loss 2.080, Train_accy 44.91, Test_accy 4.24:  80%|████████  | 8/10 [05:31<01:13, 36.94s/it]
Task 2, Epoch 9/10 => Loss 2.080, Train_accy 44.91, Test_accy 4.24:  90%|█████████ | 9/10 [05:31<00:37, 37.02s/it]
Task 2, Epoch 10/10 => Loss 2.058, Train_accy 48.20, Test_accy 3.60:  90%|█████████ | 9/10 [06:08<00:37, 37.02s/it]
Task 2, Epoch 10/10 => Loss 2.058, Train_accy 48.20, Test_accy 3.60: 100%|██████████| 10/10 [06:08<00:00, 36.99s/it]
Task 2, Epoch 10/10 => Loss 2.058, Train_accy 48.20, Test_accy 3.60: 100%|██████████| 10/10 [06:08<00:00, 36.84s/it]
2026-02-06 21:14:20,652 [finetune.py] => Task 2, Epoch 10/10 => Loss 2.058, Train_accy 48.20, Test_accy 3.60
2026-02-06 21:14:39,510 [trainer.py] => CNN: {'total': 3.6, '00-09': 0.0, '10-19': 0.0, '20-29': 0.0, '30-39': 0.0, '40-49': 0.0, '50-59': 0.6, '60-69': 24.7, 'old': 0.1, 'new': 24.7, 'harmonic': 0.2}
2026-02-06 21:14:39,511 [trainer.py] => CNN top1 curve: [7.01, 7.39, 3.6]
2026-02-06 21:14:39,511 [trainer.py] => CNN top5 curve: [24.03, 19.71, 15.24]
2026-02-06 21:14:39,511 [trainer.py] => Average Accuracy (CNN): 6.0
2026-02-06 21:14:39,518 [finetune.py] => Learning on 70-80

  0%|          | 0/10 [00:00<?, ?it/s]
Task 3, Epoch 1/10 => Loss 2.306, Train_accy 0.00, Test_accy 2.81:   0%|          | 0/10 [00:39<?, ?it/s]
Task 3, Epoch 1/10 => Loss 2.306, Train_accy 0.00, Test_accy 2.81:  10%|█         | 1/10 [00:39<05:51, 39.08s/it]
Task 3, Epoch 2/10 => Loss 2.281, Train_accy 0.15, Test_accy 2.51:  10%|█         | 1/10 [01:17<05:51, 39.08s/it]
Task 3, Epoch 2/10 => Loss 2.281, Train_accy 0.15, Test_accy 2.51:  20%|██        | 2/10 [01:17<05:11, 38.91s/it]
Task 3, Epoch 3/10 => Loss 2.247, Train_accy 3.29, Test_accy 3.26:  20%|██        | 2/10 [01:58<05:11, 38.91s/it]
Task 3, Epoch 3/10 => Loss 2.247, Train_accy 3.29, Test_accy 3.26:  30%|███       | 3/10 [01:58<04:36, 39.57s/it]
Task 3, Epoch 4/10 => Loss 2.223, Train_accy 8.98, Test_accy 4.31:  30%|███       | 3/10 [02:37<04:36, 39.57s/it]
Task 3, Epoch 4/10 => Loss 2.223, Train_accy 8.98, Test_accy 4.31:  40%|████      | 4/10 [02:37<03:56, 39.42s/it]
Task 3, Epoch 5/10 => Loss 2.196, Train_accy 16.47, Test_accy 4.09:  40%|████      | 4/10 [03:17<03:56, 39.42s/it]
Task 3, Epoch 5/10 => Loss 2.196, Train_accy 16.47, Test_accy 4.09:  50%|█████     | 5/10 [03:17<03:17, 39.56s/it]
Task 3, Epoch 6/10 => Loss 2.160, Train_accy 23.50, Test_accy 4.20:  50%|█████     | 5/10 [03:57<03:17, 39.56s/it]
Task 3, Epoch 6/10 => Loss 2.160, Train_accy 23.50, Test_accy 4.20:  60%|██████    | 6/10 [03:57<02:38, 39.74s/it]
Task 3, Epoch 7/10 => Loss 2.128, Train_accy 32.78, Test_accy 4.20:  60%|██████    | 6/10 [04:37<02:38, 39.74s/it]
Task 3, Epoch 7/10 => Loss 2.128, Train_accy 32.78, Test_accy 4.20:  70%|███████   | 7/10 [04:37<01:59, 39.99s/it]
Task 3, Epoch 8/10 => Loss 2.107, Train_accy 41.17, Test_accy 4.31:  70%|███████   | 7/10 [05:18<01:59, 39.99s/it]
Task 3, Epoch 8/10 => Loss 2.107, Train_accy 41.17, Test_accy 4.31:  80%|████████  | 8/10 [05:18<01:20, 40.09s/it]
Task 3, Epoch 9/10 => Loss 2.080, Train_accy 45.66, Test_accy 3.22:  80%|████████  | 8/10 [05:58<01:20, 40.09s/it]
Task 3, Epoch 9/10 => Loss 2.080, Train_accy 45.66, Test_accy 3.22:  90%|█████████ | 9/10 [05:58<00:40, 40.07s/it]
Task 3, Epoch 10/10 => Loss 2.073, Train_accy 44.31, Test_accy 4.39:  90%|█████████ | 9/10 [06:38<00:40, 40.07s/it]
Task 3, Epoch 10/10 => Loss 2.073, Train_accy 44.31, Test_accy 4.39: 100%|██████████| 10/10 [06:38<00:00, 40.01s/it]
Task 3, Epoch 10/10 => Loss 2.073, Train_accy 44.31, Test_accy 4.39: 100%|██████████| 10/10 [06:38<00:00, 39.80s/it]
2026-02-06 21:21:17,555 [finetune.py] => Task 3, Epoch 10/10 => Loss 2.073, Train_accy 44.31, Test_accy 4.39
2026-02-06 21:21:38,723 [trainer.py] => CNN: {'total': 4.39, '00-09': 0.0, '10-19': 0.0, '20-29': 0.0, '30-39': 0.0, '40-49': 0.0, '50-59': 0.0, '60-69': 0.9, '70-79': 34.34, 'old': 0.13, 'new': 34.34, 'harmonic': 0.26}
2026-02-06 21:21:38,723 [trainer.py] => CNN top1 curve: [7.01, 7.39, 3.6, 4.39]
2026-02-06 21:21:38,723 [trainer.py] => CNN top5 curve: [24.03, 19.71, 15.24, 16.0]
2026-02-06 21:21:38,723 [trainer.py] => Average Accuracy (CNN): 5.5975
2026-02-06 21:21:38,728 [finetune.py] => Learning on 80-90

  0%|          | 0/10 [00:00<?, ?it/s]
Task 4, Epoch 1/10 => Loss 2.299, Train_accy 0.00, Test_accy 3.70:   0%|          | 0/10 [00:42<?, ?it/s]
Task 4, Epoch 1/10 => Loss 2.299, Train_accy 0.00, Test_accy 3.70:  10%|█         | 1/10 [00:42<06:22, 42.44s/it]
Task 4, Epoch 2/10 => Loss 2.263, Train_accy 0.00, Test_accy 3.93:  10%|█         | 1/10 [01:25<06:22, 42.44s/it]
Task 4, Epoch 2/10 => Loss 2.263, Train_accy 0.00, Test_accy 3.93:  20%|██        | 2/10 [01:25<05:44, 43.01s/it]
Task 4, Epoch 3/10 => Loss 2.224, Train_accy 0.90, Test_accy 4.37:  20%|██        | 2/10 [02:08<05:44, 43.01s/it]
Task 4, Epoch 3/10 => Loss 2.224, Train_accy 0.90, Test_accy 4.37:  30%|███       | 3/10 [02:08<04:59, 42.76s/it]
Task 4, Epoch 4/10 => Loss 2.186, Train_accy 7.80, Test_accy 4.40:  30%|███       | 3/10 [02:47<04:59, 42.76s/it]
Task 4, Epoch 4/10 => Loss 2.186, Train_accy 7.80, Test_accy 4.40:  40%|████      | 4/10 [02:47<04:08, 41.43s/it]
Task 4, Epoch 5/10 => Loss 2.152, Train_accy 26.09, Test_accy 3.93:  40%|████      | 4/10 [03:32<04:08, 41.43s/it]
Task 4, Epoch 5/10 => Loss 2.152, Train_accy 26.09, Test_accy 3.93:  50%|█████     | 5/10 [03:32<03:33, 42.65s/it]
Task 4, Epoch 6/10 => Loss 2.115, Train_accy 38.53, Test_accy 3.87:  50%|█████     | 5/10 [04:17<03:33, 42.65s/it]
Task 4, Epoch 6/10 => Loss 2.115, Train_accy 38.53, Test_accy 3.87:  60%|██████    | 6/10 [04:17<02:53, 43.34s/it]
Task 4, Epoch 7/10 => Loss 2.062, Train_accy 52.47, Test_accy 3.87:  60%|██████    | 6/10 [05:01<02:53, 43.34s/it]
Task 4, Epoch 7/10 => Loss 2.062, Train_accy 52.47, Test_accy 3.87:  70%|███████   | 7/10 [05:01<02:11, 43.78s/it]
Task 4, Epoch 8/10 => Loss 2.024, Train_accy 55.47, Test_accy 3.53:  70%|███████   | 7/10 [05:46<02:11, 43.78s/it]
Task 4, Epoch 8/10 => Loss 2.024, Train_accy 55.47, Test_accy 3.53:  80%|████████  | 8/10 [05:46<01:28, 44.08s/it]
Task 4, Epoch 9/10 => Loss 1.990, Train_accy 59.22, Test_accy 4.17:  80%|████████  | 8/10 [06:31<01:28, 44.08s/it]
Task 4, Epoch 9/10 => Loss 1.990, Train_accy 59.22, Test_accy 4.17:  90%|█████████ | 9/10 [06:31<00:44, 44.33s/it]
Task 4, Epoch 10/10 => Loss 1.987, Train_accy 58.92, Test_accy 3.73:  90%|█████████ | 9/10 [07:16<00:44, 44.33s/it]
Task 4, Epoch 10/10 => Loss 1.987, Train_accy 58.92, Test_accy 3.73: 100%|██████████| 10/10 [07:16<00:00, 44.45s/it]
Task 4, Epoch 10/10 => Loss 1.987, Train_accy 58.92, Test_accy 3.73: 100%|██████████| 10/10 [07:16<00:00, 43.62s/it]
2026-02-06 21:28:54,940 [finetune.py] => Task 4, Epoch 10/10 => Loss 1.987, Train_accy 58.92, Test_accy 3.73
2026-02-06 21:29:19,504 [trainer.py] => CNN: {'total': 3.73, '00-09': 0.0, '10-19': 0.0, '20-29': 0.0, '30-39': 0.0, '40-49': 0.0, '50-59': 0.0, '60-69': 0.0, '70-79': 0.0, '80-89': 33.63, 'old': 0.0, 'new': 33.63, 'harmonic': 0.0}
2026-02-06 21:29:19,504 [trainer.py] => CNN top1 curve: [7.01, 7.39, 3.6, 4.39, 3.73]
2026-02-06 21:29:19,504 [trainer.py] => CNN top5 curve: [24.03, 19.71, 15.24, 16.0, 12.76]
2026-02-06 21:29:19,504 [trainer.py] => Average Accuracy (CNN): 5.224
2026-02-06 21:29:19,511 [finetune.py] => Learning on 90-100

  0%|          | 0/10 [00:00<?, ?it/s]
Task 5, Epoch 1/10 => Loss 2.305, Train_accy 0.00, Test_accy 3.15:   0%|          | 0/10 [00:47<?, ?it/s]
Task 5, Epoch 1/10 => Loss 2.305, Train_accy 0.00, Test_accy 3.15:  10%|█         | 1/10 [00:47<07:04, 47.11s/it]
Task 5, Epoch 2/10 => Loss 2.269, Train_accy 0.00, Test_accy 3.36:  10%|█         | 1/10 [01:34<07:04, 47.11s/it]
Task 5, Epoch 2/10 => Loss 2.269, Train_accy 0.00, Test_accy 3.36:  20%|██        | 2/10 [01:34<06:17, 47.16s/it]
Task 5, Epoch 3/10 => Loss 2.220, Train_accy 0.75, Test_accy 3.66:  20%|██        | 2/10 [02:21<06:17, 47.16s/it]
Task 5, Epoch 3/10 => Loss 2.220, Train_accy 0.75, Test_accy 3.66:  30%|███       | 3/10 [02:21<05:30, 47.23s/it]
Task 5, Epoch 4/10 => Loss 2.171, Train_accy 10.33, Test_accy 4.32:  30%|███       | 3/10 [03:08<05:30, 47.23s/it]
Task 5, Epoch 4/10 => Loss 2.171, Train_accy 10.33, Test_accy 4.32:  40%|████      | 4/10 [03:08<04:43, 47.22s/it]
Task 5, Epoch 5/10 => Loss 2.123, Train_accy 32.34, Test_accy 4.29:  40%|████      | 4/10 [03:56<04:43, 47.22s/it]
Task 5, Epoch 5/10 => Loss 2.123, Train_accy 32.34, Test_accy 4.29:  50%|█████     | 5/10 [03:56<03:56, 47.23s/it]
Task 5, Epoch 6/10 => Loss 2.075, Train_accy 48.20, Test_accy 4.23:  50%|█████     | 5/10 [04:42<03:56, 47.23s/it]
Task 5, Epoch 6/10 => Loss 2.075, Train_accy 48.20, Test_accy 4.23:  60%|██████    | 6/10 [04:42<03:08, 47.11s/it]
Task 5, Epoch 7/10 => Loss 2.031, Train_accy 55.09, Test_accy 4.83:  60%|██████    | 6/10 [05:29<03:08, 47.11s/it]
Task 5, Epoch 7/10 => Loss 2.031, Train_accy 55.09, Test_accy 4.83:  70%|███████   | 7/10 [05:29<02:20, 47.00s/it]
Task 5, Epoch 8/10 => Loss 1.990, Train_accy 62.72, Test_accy 4.77:  70%|███████   | 7/10 [06:16<02:20, 47.00s/it]
Task 5, Epoch 8/10 => Loss 1.990, Train_accy 62.72, Test_accy 4.77:  80%|████████  | 8/10 [06:16<01:33, 46.98s/it]
Task 5, Epoch 9/10 => Loss 1.948, Train_accy 66.47, Test_accy 5.10:  80%|████████  | 8/10 [07:03<01:33, 46.98s/it]
Task 5, Epoch 9/10 => Loss 1.948, Train_accy 66.47, Test_accy 5.10:  90%|█████████ | 9/10 [07:03<00:46, 46.82s/it]
Task 5, Epoch 10/10 => Loss 1.893, Train_accy 70.21, Test_accy 4.50:  90%|█████████ | 9/10 [07:50<00:46, 46.82s/it]
Task 5, Epoch 10/10 => Loss 1.893, Train_accy 70.21, Test_accy 4.50: 100%|██████████| 10/10 [07:50<00:00, 46.90s/it]
Task 5, Epoch 10/10 => Loss 1.893, Train_accy 70.21, Test_accy 4.50: 100%|██████████| 10/10 [07:50<00:00, 47.02s/it]
2026-02-06 21:37:09,724 [finetune.py] => Task 5, Epoch 10/10 => Loss 1.893, Train_accy 70.21, Test_accy 4.50
2026-02-06 21:37:36,811 [trainer.py] => CNN: {'total': 4.5, '00-09': 0.0, '10-19': 0.0, '20-29': 0.0, '30-39': 0.0, '40-49': 0.0, '50-59': 0.0, '60-69': 0.0, '70-79': 0.0, '80-89': 0.0, '90-99': 45.18, 'old': 0.0, 'new': 45.18, 'harmonic': 0.0}
2026-02-06 21:37:36,811 [trainer.py] => CNN top1 curve: [7.01, 7.39, 3.6, 4.39, 3.73, 4.5]
2026-02-06 21:37:36,812 [trainer.py] => CNN top5 curve: [24.03, 19.71, 15.24, 16.0, 12.76, 11.73]
2026-02-06 21:37:36,812 [trainer.py] => Average Accuracy (CNN): 5.1033333333333335

========================================
Finished aircraft_init50_inc10
Backbone: OpenCLIP_LAION400M
Average Accuracy (Top1): 5.1
Last Accuracy: 4.5
========================================

2026-02-06 21:37:39,411 [trainer.py] => config: ./configs/finetune/finetune_cifar_B0_Inc10.json
2026-02-06 21:37:39,411 [trainer.py] => prefix: -
2026-02-06 21:37:39,411 [trainer.py] => dataset: cifar224
2026-02-06 21:37:39,411 [trainer.py] => memory_size: 0
2026-02-06 21:37:39,411 [trainer.py] => memory_per_class: 0
2026-02-06 21:37:39,411 [trainer.py] => fixed_memory: False
2026-02-06 21:37:39,411 [trainer.py] => shuffle: True
2026-02-06 21:37:39,411 [trainer.py] => init_cls: 10
2026-02-06 21:37:39,411 [trainer.py] => increment: 10
2026-02-06 21:37:39,411 [trainer.py] => model_name: finetune
2026-02-06 21:37:39,411 [trainer.py] => backbone_type: clip
2026-02-06 21:37:39,411 [trainer.py] => device: [device(type='cuda', index=7)]
2026-02-06 21:37:39,411 [trainer.py] => seed: 1993
2026-02-06 21:37:39,411 [trainer.py] => init_epoch: 10
2026-02-06 21:37:39,411 [trainer.py] => init_lr: 0.001
2026-02-06 21:37:39,411 [trainer.py] => init_milestones: [60, 120, 170]
2026-02-06 21:37:39,411 [trainer.py] => init_lr_decay: 0.1
2026-02-06 21:37:39,411 [trainer.py] => init_weight_decay: 0.0005
2026-02-06 21:37:39,411 [trainer.py] => epochs: 10
2026-02-06 21:37:39,412 [trainer.py] => lrate: 0.001
2026-02-06 21:37:39,412 [trainer.py] => milestones: [40, 70]
2026-02-06 21:37:39,412 [trainer.py] => lrate_decay: 0.1
2026-02-06 21:37:39,412 [trainer.py] => batch_size: 128
2026-02-06 21:37:39,412 [trainer.py] => weight_decay: 0.0002
2026-02-06 21:37:39,412 [trainer.py] => total_class_num: 100
['apple', 'aquarium fish', 'baby', 'bear', 'beaver', 'bed', 'bee', 'beetle', 'bicycle', 'bottle', 'bowl', 'boy', 'bridge', 'bus', 'butterfly', 'camel', 'can', 'castle', 'caterpillar', 'cattle', 'chair', 'chimpanzee', 'clock', 'cloud', 'cockroach', 'couch', 'crab', 'crocodile', 'cup', 'dinosaur', 'dolphin', 'elephant', 'flatfish', 'forest', 'fox', 'girl', 'hamster', 'house', 'kangaroo', 'keyboard', 'lamp', 'lawn mower', 'leopard', 'lion', 'lizard', 'lobster', 'man', 'maple tree', 'motorcycle', 'mountain', 'mouse', 'mushroom', 'oak tree', 'orange', 'orchid', 'otter', 'palm tree', 'pear', 'pickup truck', 'pine tree', 'plain', 'plate', 'poppy', 'porcupine', 'possum', 'rabbit', 'raccoon', 'ray', 'road', 'rocket', 'rose', 'sea', 'seal', 'shark', 'shrew', 'skunk', 'skyscraper', 'snail', 'snake', 'spider', 'squirrel', 'streetcar', 'sunflower', 'sweet pepper', 'table', 'tank', 'telephone', 'television', 'tiger', 'tractor', 'train', 'trout', 'tulip', 'turtle', 'wardrobe', 'whale', 'willow tree', 'wolf', 'woman', 'worm']
['a photo of a {}.', 'a blurry photo of a {}.', 'a black and white photo of a {}.', 'a low contrast photo of a {}.', 'a high contrast photo of a {}.', 'a bad photo of a {}.', 'a good photo of a {}.', 'a photo of a small {}.', 'a photo of a big {}.', 'a photo of the {}.', 'a blurry photo of the {}.', 'a black and white photo of the {}.', 'a low contrast photo of the {}.', 'a high contrast photo of the {}.', 'a bad photo of the {}.', 'a good photo of the {}.', 'a photo of the small {}.', 'a photo of the big {}.']
2026-02-06 21:37:40,502 [data_manager.py] => [68, 56, 78, 8, 23, 84, 90, 65, 74, 76, 40, 89, 3, 92, 55, 9, 26, 80, 43, 38, 58, 70, 77, 1, 85, 19, 17, 50, 28, 53, 13, 81, 45, 82, 6, 59, 83, 16, 15, 44, 91, 41, 72, 60, 79, 52, 20, 10, 31, 54, 37, 95, 14, 71, 96, 98, 97, 2, 64, 66, 42, 22, 35, 86, 24, 34, 87, 21, 99, 0, 88, 27, 18, 94, 11, 12, 47, 25, 30, 46, 62, 69, 36, 61, 7, 63, 75, 5, 32, 4, 51, 48, 73, 93, 39, 67, 29, 49, 57, 33]
After shuffle, class_to_label is:  ['road', 'palm tree', 'snake', 'bicycle', 'cloud', 'table', 'train', 'rabbit', 'shrew', 'skyscraper', 'lamp', 'tractor', 'bear', 'tulip', 'otter', 'bottle', 'crab', 'squirrel', 'lion', 'kangaroo', 'pickup truck', 'rose', 'snail', 'aquarium fish', 'tank', 'cattle', 'castle', 'mouse', 'cup', 'orange', 'bus', 'streetcar', 'lobster', 'sunflower', 'bee', 'pine tree', 'sweet pepper', 'can', 'camel', 'lizard', 'trout', 'lawn mower', 'seal', 'plain', 'spider', 'oak tree', 'chair', 'bowl', 'elephant', 'orchid', 'house', 'whale', 'butterfly', 'sea', 'willow tree', 'woman', 'wolf', 'baby', 'possum', 'raccoon', 'leopard', 'clock', 'girl', 'telephone', 'cockroach', 'fox', 'television', 'chimpanzee', 'worm', 'apple', 'tiger', 'crocodile', 'caterpillar', 'wardrobe', 'boy', 'bridge', 'maple tree', 'couch', 'dolphin', 'man', 'poppy', 'rocket', 'hamster', 'plate', 'beetle', 'porcupine', 'skunk', 'bed', 'flatfish', 'beaver', 'mushroom', 'motorcycle', 'shark', 'turtle', 'keyboard', 'ray', 'dinosaur', 'mountain', 'pear', 'forest']
Training class stages: [10, 10, 10, 10, 10, 10, 10, 10, 10, 10]
Using CLIP model as the backbone
2026-02-06 21:37:41,811 [instantiator.py] => Created a temporary directory at /tmp/tmpelvppmk8
2026-02-06 21:37:41,812 [instantiator.py] => Writing /tmp/tmpelvppmk8/_remote_module_non_scriptable.py
2026-02-06 21:37:41,939 [factory.py] => Loaded ViT-B-16 model config.
2026-02-06 21:37:43,337 [factory.py] => Loading pretrained ViT-B-16 weights (/home/team/zhaohongwei/pretrained_models/open_clip_pytorch_model_laion400m_e32.bin).
/home/team/zhaohongwei/anaconda3/envs/mmcl/lib/python3.10/site-packages/torch/_utils.py:776: UserWarning: TypedStorage is deprecated. It will be removed in the future and UntypedStorage will be the only storage class. This should only matter to you if you are using storages directly.  To access UntypedStorage directly, use tensor.untyped_storage() instead of tensor.storage()
  return self.fget.__get__(instance, owner)()
Using CLIP model as the backbone
2026-02-06 21:37:43,787 [factory.py] => Loaded ViT-B-16 model config.
2026-02-06 21:37:45,010 [factory.py] => Loading pretrained ViT-B-16 weights (/home/team/zhaohongwei/pretrained_models/open_clip_pytorch_model_laion400m_e32.bin).
2026-02-06 21:37:45,456 [finetune.py] => Learning on 0-10

  0%|          | 0/10 [00:00<?, ?it/s]
Task 0, Epoch 1/10 => Loss 2.212, Train_accy 48.04, Test_accy 85.00:   0%|          | 0/10 [00:44<?, ?it/s]
Task 0, Epoch 1/10 => Loss 2.212, Train_accy 48.04, Test_accy 85.00:  10%|█         | 1/10 [00:44<06:38, 44.32s/it]
Task 0, Epoch 2/10 => Loss 2.264, Train_accy 24.46:  10%|█         | 1/10 [01:25<06:38, 44.32s/it]                 
Task 0, Epoch 2/10 => Loss 2.264, Train_accy 24.46:  20%|██        | 2/10 [01:25<05:39, 42.46s/it]
Task 0, Epoch 3/10 => Loss 2.262, Train_accy 20.12:  20%|██        | 2/10 [02:06<05:39, 42.46s/it]
Task 0, Epoch 3/10 => Loss 2.262, Train_accy 20.12:  30%|███       | 3/10 [02:06<04:53, 41.91s/it]
Task 0, Epoch 4/10 => Loss 2.194, Train_accy 26.06:  30%|███       | 3/10 [02:48<04:53, 41.91s/it]
Task 0, Epoch 4/10 => Loss 2.194, Train_accy 26.06:  40%|████      | 4/10 [02:48<04:10, 41.72s/it]
Task 0, Epoch 5/10 => Loss 2.131, Train_accy 30.20:  40%|████      | 4/10 [03:29<04:10, 41.72s/it]
Task 0, Epoch 5/10 => Loss 2.131, Train_accy 30.20:  50%|█████     | 5/10 [03:29<03:27, 41.59s/it]
Task 0, Epoch 6/10 => Loss 2.078, Train_accy 35.94, Test_accy 37.10:  50%|█████     | 5/10 [04:13<03:27, 41.59s/it]
Task 0, Epoch 6/10 => Loss 2.078, Train_accy 35.94, Test_accy 37.10:  60%|██████    | 6/10 [04:13<02:50, 42.57s/it]
Task 0, Epoch 7/10 => Loss 2.038, Train_accy 39.28:  60%|██████    | 6/10 [04:55<02:50, 42.57s/it]                 
Task 0, Epoch 7/10 => Loss 2.038, Train_accy 39.28:  70%|███████   | 7/10 [04:55<02:06, 42.17s/it]
Task 0, Epoch 8/10 => Loss 1.996, Train_accy 43.40:  70%|███████   | 7/10 [05:36<02:06, 42.17s/it]
Task 0, Epoch 8/10 => Loss 1.996, Train_accy 43.40:  80%|████████  | 8/10 [05:36<01:23, 41.94s/it]
Task 0, Epoch 9/10 => Loss 1.957, Train_accy 45.96:  80%|████████  | 8/10 [06:18<01:23, 41.94s/it]
Task 0, Epoch 9/10 => Loss 1.957, Train_accy 45.96:  90%|█████████ | 9/10 [06:18<00:41, 41.78s/it]
Task 0, Epoch 10/10 => Loss 1.912, Train_accy 49.96:  90%|█████████ | 9/10 [06:59<00:41, 41.78s/it]
Task 0, Epoch 10/10 => Loss 1.912, Train_accy 49.96: 100%|██████████| 10/10 [06:59<00:00, 41.66s/it]
Task 0, Epoch 10/10 => Loss 1.912, Train_accy 49.96: 100%|██████████| 10/10 [06:59<00:00, 41.96s/it]
2026-02-06 21:44:45,689 [finetune.py] => Task 0, Epoch 10/10 => Loss 1.912, Train_accy 49.96
2026-02-06 21:44:48,882 [trainer.py] => CNN: {'total': 46.1, '00-09': 46.1, 'old': 0, 'new': 46.1, 'harmonic': 0.0}
2026-02-06 21:44:48,883 [trainer.py] => CNN top1 curve: [46.1]
2026-02-06 21:44:48,883 [trainer.py] => CNN top5 curve: [86.9]
2026-02-06 21:44:48,883 [trainer.py] => Average Accuracy (CNN): 46.1
2026-02-06 21:44:48,885 [finetune.py] => Learning on 10-20

  0%|          | 0/10 [00:00<?, ?it/s]
Task 1, Epoch 1/10 => Loss 2.247, Train_accy 2.40, Test_accy 25.70:   0%|          | 0/10 [00:46<?, ?it/s]
Task 1, Epoch 1/10 => Loss 2.247, Train_accy 2.40, Test_accy 25.70:  10%|█         | 1/10 [00:46<07:01, 46.82s/it]
Task 1, Epoch 2/10 => Loss 2.137, Train_accy 22.10, Test_accy 28.40:  10%|█         | 1/10 [01:33<07:01, 46.82s/it]
Task 1, Epoch 2/10 => Loss 2.137, Train_accy 22.10, Test_accy 28.40:  20%|██        | 2/10 [01:33<06:14, 46.79s/it]
Task 1, Epoch 3/10 => Loss 2.053, Train_accy 38.20, Test_accy 24.20:  20%|██        | 2/10 [02:20<06:14, 46.79s/it]
Task 1, Epoch 3/10 => Loss 2.053, Train_accy 38.20, Test_accy 24.20:  30%|███       | 3/10 [02:20<05:28, 46.88s/it]
Task 1, Epoch 4/10 => Loss 2.006, Train_accy 44.20, Test_accy 24.20:  30%|███       | 3/10 [03:07<05:28, 46.88s/it]
Task 1, Epoch 4/10 => Loss 2.006, Train_accy 44.20, Test_accy 24.20:  40%|████      | 4/10 [03:07<04:41, 46.95s/it]
Task 1, Epoch 5/10 => Loss 1.959, Train_accy 48.36, Test_accy 23.20:  40%|████      | 4/10 [03:54<04:41, 46.95s/it]
Task 1, Epoch 5/10 => Loss 1.959, Train_accy 48.36, Test_accy 23.20:  50%|█████     | 5/10 [03:54<03:54, 46.96s/it]
Task 1, Epoch 6/10 => Loss 1.917, Train_accy 51.44, Test_accy 24.65:  50%|█████     | 5/10 [04:41<03:54, 46.96s/it]
Task 1, Epoch 6/10 => Loss 1.917, Train_accy 51.44, Test_accy 24.65:  60%|██████    | 6/10 [04:41<03:08, 47.08s/it]
Task 1, Epoch 7/10 => Loss 1.877, Train_accy 53.96, Test_accy 22.75:  60%|██████    | 6/10 [05:28<03:08, 47.08s/it]
Task 1, Epoch 7/10 => Loss 1.877, Train_accy 53.96, Test_accy 22.75:  70%|███████   | 7/10 [05:28<02:21, 47.03s/it]
Task 1, Epoch 8/10 => Loss 1.866, Train_accy 53.14, Test_accy 25.75:  70%|███████   | 7/10 [06:15<02:21, 47.03s/it]
Task 1, Epoch 8/10 => Loss 1.866, Train_accy 53.14, Test_accy 25.75:  80%|████████  | 8/10 [06:15<01:34, 47.03s/it]
Task 1, Epoch 9/10 => Loss 1.804, Train_accy 58.76, Test_accy 27.40:  80%|████████  | 8/10 [07:03<01:34, 47.03s/it]
Task 1, Epoch 9/10 => Loss 1.804, Train_accy 58.76, Test_accy 27.40:  90%|█████████ | 9/10 [07:03<00:47, 47.07s/it]
Task 1, Epoch 10/10 => Loss 1.759, Train_accy 62.10, Test_accy 31.15:  90%|█████████ | 9/10 [07:49<00:47, 47.07s/it]
Task 1, Epoch 10/10 => Loss 1.759, Train_accy 62.10, Test_accy 31.15: 100%|██████████| 10/10 [07:49<00:00, 47.03s/it]
Task 1, Epoch 10/10 => Loss 1.759, Train_accy 62.10, Test_accy 31.15: 100%|██████████| 10/10 [07:49<00:00, 47.00s/it]
2026-02-06 21:52:38,888 [finetune.py] => Task 1, Epoch 10/10 => Loss 1.759, Train_accy 62.10, Test_accy 31.15
2026-02-06 21:52:44,540 [trainer.py] => CNN: {'total': 31.15, '00-09': 0.0, '10-19': 62.3, 'old': 0.0, 'new': 62.3, 'harmonic': 0.0}
2026-02-06 21:52:44,540 [trainer.py] => CNN top1 curve: [46.1, 31.15]
2026-02-06 21:52:44,540 [trainer.py] => CNN top5 curve: [86.9, 62.05]
2026-02-06 21:52:44,540 [trainer.py] => Average Accuracy (CNN): 38.625
2026-02-06 21:52:44,541 [finetune.py] => Learning on 20-30

  0%|          | 0/10 [00:00<?, ?it/s]
Task 2, Epoch 1/10 => Loss 2.189, Train_accy 2.36, Test_accy 22.33:   0%|          | 0/10 [00:49<?, ?it/s]
Task 2, Epoch 1/10 => Loss 2.189, Train_accy 2.36, Test_accy 22.33:  10%|█         | 1/10 [00:49<07:28, 49.79s/it]
Task 2, Epoch 2/10 => Loss 1.974, Train_accy 44.40, Test_accy 20.50:  10%|█         | 1/10 [01:39<07:28, 49.79s/it]
Task 2, Epoch 2/10 => Loss 1.974, Train_accy 44.40, Test_accy 20.50:  20%|██        | 2/10 [01:39<06:37, 49.66s/it]
Task 2, Epoch 3/10 => Loss 1.854, Train_accy 65.78, Test_accy 21.37:  20%|██        | 2/10 [02:28<06:37, 49.66s/it]
Task 2, Epoch 3/10 => Loss 1.854, Train_accy 65.78, Test_accy 21.37:  30%|███       | 3/10 [02:28<05:47, 49.61s/it]
Task 2, Epoch 4/10 => Loss 1.775, Train_accy 70.60, Test_accy 23.40:  30%|███       | 3/10 [03:18<05:47, 49.61s/it]
Task 2, Epoch 4/10 => Loss 1.775, Train_accy 70.60, Test_accy 23.40:  40%|████      | 4/10 [03:18<04:57, 49.62s/it]
Task 2, Epoch 5/10 => Loss 1.680, Train_accy 77.96, Test_accy 26.17:  40%|████      | 4/10 [04:08<04:57, 49.62s/it]
Task 2, Epoch 5/10 => Loss 1.680, Train_accy 77.96, Test_accy 26.17:  50%|█████     | 5/10 [04:08<04:07, 49.59s/it]
Task 2, Epoch 6/10 => Loss 1.595, Train_accy 83.86, Test_accy 26.57:  50%|█████     | 5/10 [04:58<04:07, 49.59s/it]
Task 2, Epoch 6/10 => Loss 1.595, Train_accy 83.86, Test_accy 26.57:  60%|██████    | 6/10 [04:58<03:18, 49.73s/it]
Task 2, Epoch 7/10 => Loss 1.545, Train_accy 85.68, Test_accy 28.27:  60%|██████    | 6/10 [05:47<03:18, 49.73s/it]
Task 2, Epoch 7/10 => Loss 1.545, Train_accy 85.68, Test_accy 28.27:  70%|███████   | 7/10 [05:47<02:29, 49.69s/it]
Task 2, Epoch 8/10 => Loss 1.479, Train_accy 90.60, Test_accy 27.50:  70%|███████   | 7/10 [06:37<02:29, 49.69s/it]
Task 2, Epoch 8/10 => Loss 1.479, Train_accy 90.60, Test_accy 27.50:  80%|████████  | 8/10 [06:37<01:39, 49.63s/it]
Task 2, Epoch 9/10 => Loss 1.444, Train_accy 91.22, Test_accy 25.63:  80%|████████  | 8/10 [07:26<01:39, 49.63s/it]
Task 2, Epoch 9/10 => Loss 1.444, Train_accy 91.22, Test_accy 25.63:  90%|█████████ | 9/10 [07:26<00:49, 49.60s/it]
Task 2, Epoch 10/10 => Loss 1.472, Train_accy 85.96, Test_accy 27.97:  90%|█████████ | 9/10 [08:16<00:49, 49.60s/it]
Task 2, Epoch 10/10 => Loss 1.472, Train_accy 85.96, Test_accy 27.97: 100%|██████████| 10/10 [08:16<00:00, 49.59s/it]
Task 2, Epoch 10/10 => Loss 1.472, Train_accy 85.96, Test_accy 27.97: 100%|██████████| 10/10 [08:16<00:00, 49.63s/it]
2026-02-06 22:01:00,877 [finetune.py] => Task 2, Epoch 10/10 => Loss 1.472, Train_accy 85.96, Test_accy 27.97
2026-02-06 22:01:08,959 [trainer.py] => CNN: {'total': 27.97, '00-09': 0.0, '10-19': 0.0, '20-29': 83.9, 'old': 0.0, 'new': 83.9, 'harmonic': 0.0}
2026-02-06 22:01:08,960 [trainer.py] => CNN top1 curve: [46.1, 31.15, 27.97]
2026-02-06 22:01:08,960 [trainer.py] => CNN top5 curve: [86.9, 62.05, 41.3]
2026-02-06 22:01:08,960 [trainer.py] => Average Accuracy (CNN): 35.07333333333333
2026-02-06 22:01:08,962 [finetune.py] => Learning on 30-40

  0%|          | 0/10 [00:00<?, ?it/s]
Task 3, Epoch 1/10 => Loss 2.159, Train_accy 3.36, Test_accy 19.75:   0%|          | 0/10 [00:52<?, ?it/s]
Task 3, Epoch 1/10 => Loss 2.159, Train_accy 3.36, Test_accy 19.75:  10%|█         | 1/10 [00:52<07:50, 52.26s/it]
Task 3, Epoch 2/10 => Loss 1.851, Train_accy 65.90, Test_accy 19.20:  10%|█         | 1/10 [01:44<07:50, 52.26s/it]
Task 3, Epoch 2/10 => Loss 1.851, Train_accy 65.90, Test_accy 19.20:  20%|██        | 2/10 [01:44<06:57, 52.17s/it]
Task 3, Epoch 3/10 => Loss 1.697, Train_accy 80.20, Test_accy 19.77:  20%|██        | 2/10 [02:36<06:57, 52.17s/it]
Task 3, Epoch 3/10 => Loss 1.697, Train_accy 80.20, Test_accy 19.77:  30%|███       | 3/10 [02:36<06:05, 52.16s/it]
Task 3, Epoch 4/10 => Loss 1.596, Train_accy 85.46, Test_accy 19.62:  30%|███       | 3/10 [03:28<06:05, 52.16s/it]
Task 3, Epoch 4/10 => Loss 1.596, Train_accy 85.46, Test_accy 19.62:  40%|████      | 4/10 [03:28<05:12, 52.14s/it]
Task 3, Epoch 5/10 => Loss 1.562, Train_accy 84.58, Test_accy 18.65:  40%|████      | 4/10 [04:20<05:12, 52.14s/it]
Task 3, Epoch 5/10 => Loss 1.562, Train_accy 84.58, Test_accy 18.65:  50%|█████     | 5/10 [04:20<04:20, 52.11s/it]
Task 3, Epoch 6/10 => Loss 1.472, Train_accy 90.86, Test_accy 22.00:  50%|█████     | 5/10 [05:12<04:20, 52.11s/it]
Task 3, Epoch 6/10 => Loss 1.472, Train_accy 90.86, Test_accy 22.00:  60%|██████    | 6/10 [05:12<03:28, 52.14s/it]
Task 3, Epoch 7/10 => Loss 1.410, Train_accy 93.64, Test_accy 22.20:  60%|██████    | 6/10 [06:05<03:28, 52.14s/it]
Task 3, Epoch 7/10 => Loss 1.410, Train_accy 93.64, Test_accy 22.20:  70%|███████   | 7/10 [06:05<02:36, 52.18s/it]
Task 3, Epoch 8/10 => Loss 1.354, Train_accy 96.12, Test_accy 22.60:  70%|███████   | 7/10 [06:57<02:36, 52.18s/it]
Task 3, Epoch 8/10 => Loss 1.354, Train_accy 96.12, Test_accy 22.60:  80%|████████  | 8/10 [06:57<01:44, 52.19s/it]
Task 3, Epoch 9/10 => Loss 1.312, Train_accy 97.64, Test_accy 21.78:  80%|████████  | 8/10 [07:49<01:44, 52.19s/it]
Task 3, Epoch 9/10 => Loss 1.312, Train_accy 97.64, Test_accy 21.78:  90%|█████████ | 9/10 [07:49<00:52, 52.24s/it]
Task 3, Epoch 10/10 => Loss 1.316, Train_accy 94.90, Test_accy 22.40:  90%|█████████ | 9/10 [08:41<00:52, 52.24s/it]
Task 3, Epoch 10/10 => Loss 1.316, Train_accy 94.90, Test_accy 22.40: 100%|██████████| 10/10 [08:41<00:00, 52.25s/it]
Task 3, Epoch 10/10 => Loss 1.316, Train_accy 94.90, Test_accy 22.40: 100%|██████████| 10/10 [08:41<00:00, 52.20s/it]
2026-02-06 22:09:50,991 [finetune.py] => Task 3, Epoch 10/10 => Loss 1.316, Train_accy 94.90, Test_accy 22.40
2026-02-06 22:10:01,644 [trainer.py] => CNN: {'total': 22.4, '00-09': 0.0, '10-19': 0.0, '20-29': 0.0, '30-39': 89.6, 'old': 0.0, 'new': 89.6, 'harmonic': 0.0}
2026-02-06 22:10:01,645 [trainer.py] => CNN top1 curve: [46.1, 31.15, 27.97, 22.4]
2026-02-06 22:10:01,645 [trainer.py] => CNN top5 curve: [86.9, 62.05, 41.3, 37.65]
2026-02-06 22:10:01,645 [trainer.py] => Average Accuracy (CNN): 31.905
2026-02-06 22:10:01,647 [finetune.py] => Learning on 40-50

  0%|          | 0/10 [00:00<?, ?it/s]
Task 4, Epoch 1/10 => Loss 2.120, Train_accy 4.38, Test_accy 22.24:   0%|          | 0/10 [00:54<?, ?it/s]
Task 4, Epoch 1/10 => Loss 2.120, Train_accy 4.38, Test_accy 22.24:  10%|█         | 1/10 [00:54<08:09, 54.43s/it]
Task 4, Epoch 2/10 => Loss 1.730, Train_accy 82.26, Test_accy 19.38:  10%|█         | 1/10 [01:48<08:09, 54.43s/it]
Task 4, Epoch 2/10 => Loss 1.730, Train_accy 82.26, Test_accy 19.38:  20%|██        | 2/10 [01:48<07:15, 54.48s/it]
Task 4, Epoch 3/10 => Loss 1.546, Train_accy 94.40, Test_accy 19.34:  20%|██        | 2/10 [02:43<07:15, 54.48s/it]
Task 4, Epoch 3/10 => Loss 1.546, Train_accy 94.40, Test_accy 19.34:  30%|███       | 3/10 [02:43<06:22, 54.58s/it]
Task 4, Epoch 4/10 => Loss 1.443, Train_accy 97.54, Test_accy 19.26:  30%|███       | 3/10 [03:38<06:22, 54.58s/it]
Task 4, Epoch 4/10 => Loss 1.443, Train_accy 97.54, Test_accy 19.26:  40%|████      | 4/10 [03:38<05:27, 54.61s/it]
Task 4, Epoch 5/10 => Loss 1.388, Train_accy 98.48, Test_accy 19.42:  40%|████      | 4/10 [04:32<05:27, 54.61s/it]
Task 4, Epoch 5/10 => Loss 1.388, Train_accy 98.48, Test_accy 19.42:  50%|█████     | 5/10 [04:32<04:32, 54.57s/it]
Task 4, Epoch 6/10 => Loss 1.341, Train_accy 99.20, Test_accy 19.38:  50%|█████     | 5/10 [05:27<04:32, 54.57s/it]
Task 4, Epoch 6/10 => Loss 1.341, Train_accy 99.20, Test_accy 19.38:  60%|██████    | 6/10 [05:27<03:38, 54.66s/it]
Task 4, Epoch 7/10 => Loss 1.304, Train_accy 99.70, Test_accy 19.30:  60%|██████    | 6/10 [06:22<03:38, 54.66s/it]
Task 4, Epoch 7/10 => Loss 1.304, Train_accy 99.70, Test_accy 19.30:  70%|███████   | 7/10 [06:22<02:43, 54.59s/it]
Task 4, Epoch 8/10 => Loss 1.273, Train_accy 99.88, Test_accy 19.28:  70%|███████   | 7/10 [07:16<02:43, 54.59s/it]
Task 4, Epoch 8/10 => Loss 1.273, Train_accy 99.88, Test_accy 19.28:  80%|████████  | 8/10 [07:16<01:49, 54.59s/it]
Task 4, Epoch 9/10 => Loss 1.244, Train_accy 99.92, Test_accy 19.28:  80%|████████  | 8/10 [08:11<01:49, 54.59s/it]
Task 4, Epoch 9/10 => Loss 1.244, Train_accy 99.92, Test_accy 19.28:  90%|█████████ | 9/10 [08:11<00:54, 54.52s/it]
Task 4, Epoch 10/10 => Loss 1.218, Train_accy 99.92, Test_accy 19.32:  90%|█████████ | 9/10 [09:05<00:54, 54.52s/it]
Task 4, Epoch 10/10 => Loss 1.218, Train_accy 99.92, Test_accy 19.32: 100%|██████████| 10/10 [09:05<00:00, 54.49s/it]
Task 4, Epoch 10/10 => Loss 1.218, Train_accy 99.92, Test_accy 19.32: 100%|██████████| 10/10 [09:05<00:00, 54.54s/it]
2026-02-06 22:19:07,129 [finetune.py] => Task 4, Epoch 10/10 => Loss 1.218, Train_accy 99.92, Test_accy 19.32
2026-02-06 22:19:20,181 [trainer.py] => CNN: {'total': 19.32, '00-09': 0.0, '10-19': 0.0, '20-29': 0.0, '30-39': 0.0, '40-49': 96.6, 'old': 0.0, 'new': 96.6, 'harmonic': 0.0}
2026-02-06 22:19:20,181 [trainer.py] => CNN top1 curve: [46.1, 31.15, 27.97, 22.4, 19.32]
2026-02-06 22:19:20,182 [trainer.py] => CNN top5 curve: [86.9, 62.05, 41.3, 37.65, 32.86]
2026-02-06 22:19:20,182 [trainer.py] => Average Accuracy (CNN): 29.387999999999998
2026-02-06 22:19:20,184 [finetune.py] => Learning on 50-60

  0%|          | 0/10 [00:00<?, ?it/s]
Task 5, Epoch 1/10 => Loss 2.135, Train_accy 5.14, Test_accy 16.77:   0%|          | 0/10 [00:56<?, ?it/s]
Task 5, Epoch 1/10 => Loss 2.135, Train_accy 5.14, Test_accy 16.77:  10%|█         | 1/10 [00:56<08:31, 56.84s/it]
Task 5, Epoch 2/10 => Loss 1.807, Train_accy 64.80, Test_accy 11.60:  10%|█         | 1/10 [01:53<08:31, 56.84s/it]
Task 5, Epoch 2/10 => Loss 1.807, Train_accy 64.80, Test_accy 11.60:  20%|██        | 2/10 [01:53<07:35, 56.97s/it]
Task 5, Epoch 3/10 => Loss 1.698, Train_accy 74.82, Test_accy 16.00:  20%|██        | 2/10 [02:50<07:35, 56.97s/it]
Task 5, Epoch 3/10 => Loss 1.698, Train_accy 74.82, Test_accy 16.00:  30%|███       | 3/10 [02:50<06:38, 56.93s/it]
Task 5, Epoch 4/10 => Loss 1.584, Train_accy 84.66, Test_accy 15.65:  30%|███       | 3/10 [03:47<06:38, 56.93s/it]
Task 5, Epoch 4/10 => Loss 1.584, Train_accy 84.66, Test_accy 15.65:  40%|████      | 4/10 [03:47<05:42, 57.01s/it]
Task 5, Epoch 5/10 => Loss 1.509, Train_accy 90.76, Test_accy 15.57:  40%|████      | 4/10 [04:44<05:42, 57.01s/it]
Task 5, Epoch 5/10 => Loss 1.509, Train_accy 90.76, Test_accy 15.57:  50%|█████     | 5/10 [04:44<04:45, 57.03s/it]
Task 5, Epoch 6/10 => Loss 1.447, Train_accy 93.64, Test_accy 16.02:  50%|█████     | 5/10 [05:42<04:45, 57.03s/it]
Task 5, Epoch 6/10 => Loss 1.447, Train_accy 93.64, Test_accy 16.02:  60%|██████    | 6/10 [05:42<03:48, 57.09s/it]
Task 5, Epoch 7/10 => Loss 1.392, Train_accy 95.88, Test_accy 15.65:  60%|██████    | 6/10 [06:39<03:48, 57.09s/it]
Task 5, Epoch 7/10 => Loss 1.392, Train_accy 95.88, Test_accy 15.65:  70%|███████   | 7/10 [06:39<02:51, 57.13s/it]
Task 5, Epoch 8/10 => Loss 1.368, Train_accy 95.46, Test_accy 12.33:  70%|███████   | 7/10 [07:36<02:51, 57.13s/it]
Task 5, Epoch 8/10 => Loss 1.368, Train_accy 95.46, Test_accy 12.33:  80%|████████  | 8/10 [07:36<01:54, 57.08s/it]
Task 5, Epoch 9/10 => Loss 1.463, Train_accy 83.14, Test_accy 14.23:  80%|████████  | 8/10 [08:33<01:54, 57.08s/it]
Task 5, Epoch 9/10 => Loss 1.463, Train_accy 83.14, Test_accy 14.23:  90%|█████████ | 9/10 [08:33<00:57, 57.07s/it]
Task 5, Epoch 10/10 => Loss 1.298, Train_accy 96.98, Test_accy 15.38:  90%|█████████ | 9/10 [09:30<00:57, 57.07s/it]
Task 5, Epoch 10/10 => Loss 1.298, Train_accy 96.98, Test_accy 15.38: 100%|██████████| 10/10 [09:30<00:00, 56.97s/it]
Task 5, Epoch 10/10 => Loss 1.298, Train_accy 96.98, Test_accy 15.38: 100%|██████████| 10/10 [09:30<00:00, 57.02s/it]
2026-02-06 22:28:50,394 [finetune.py] => Task 5, Epoch 10/10 => Loss 1.298, Train_accy 96.98, Test_accy 15.38
2026-02-06 22:29:06,244 [trainer.py] => CNN: {'total': 15.38, '00-09': 0.0, '10-19': 0.0, '20-29': 0.0, '30-39': 0.0, '40-49': 1.0, '50-59': 91.3, 'old': 0.2, 'new': 91.3, 'harmonic': 0.4}
2026-02-06 22:29:06,245 [trainer.py] => CNN top1 curve: [46.1, 31.15, 27.97, 22.4, 19.32, 15.38]
2026-02-06 22:29:06,245 [trainer.py] => CNN top5 curve: [86.9, 62.05, 41.3, 37.65, 32.86, 31.38]
2026-02-06 22:29:06,245 [trainer.py] => Average Accuracy (CNN): 27.05333333333333
2026-02-06 22:29:06,246 [finetune.py] => Learning on 60-70

  0%|          | 0/10 [00:00<?, ?it/s]
Task 6, Epoch 1/10 => Loss 2.095, Train_accy 4.52, Test_accy 17.40:   0%|          | 0/10 [00:59<?, ?it/s]
Task 6, Epoch 1/10 => Loss 2.095, Train_accy 4.52, Test_accy 17.40:  10%|█         | 1/10 [00:59<08:55, 59.51s/it]
Task 6, Epoch 2/10 => Loss 1.744, Train_accy 82.42, Test_accy 13.51:  10%|█         | 1/10 [01:59<08:55, 59.51s/it]
Task 6, Epoch 2/10 => Loss 1.744, Train_accy 82.42, Test_accy 13.51:  20%|██        | 2/10 [01:59<07:57, 59.65s/it]
Task 6, Epoch 3/10 => Loss 1.614, Train_accy 87.94, Test_accy 15.60:  20%|██        | 2/10 [02:58<07:57, 59.65s/it]
Task 6, Epoch 3/10 => Loss 1.614, Train_accy 87.94, Test_accy 15.60:  30%|███       | 3/10 [02:58<06:56, 59.51s/it]
Task 6, Epoch 4/10 => Loss 1.486, Train_accy 94.92, Test_accy 15.61:  30%|███       | 3/10 [03:58<06:56, 59.51s/it]
Task 6, Epoch 4/10 => Loss 1.486, Train_accy 94.92, Test_accy 15.61:  40%|████      | 4/10 [03:58<05:57, 59.51s/it]
Task 6, Epoch 5/10 => Loss 1.414, Train_accy 97.50, Test_accy 15.06:  40%|████      | 4/10 [04:57<05:57, 59.51s/it]
Task 6, Epoch 5/10 => Loss 1.414, Train_accy 97.50, Test_accy 15.06:  50%|█████     | 5/10 [04:57<04:57, 59.54s/it]
Task 6, Epoch 6/10 => Loss 1.367, Train_accy 98.56, Test_accy 14.81:  50%|█████     | 5/10 [05:57<04:57, 59.54s/it]
Task 6, Epoch 6/10 => Loss 1.367, Train_accy 98.56, Test_accy 14.81:  60%|██████    | 6/10 [05:57<03:57, 59.50s/it]
Task 6, Epoch 7/10 => Loss 1.329, Train_accy 99.08, Test_accy 14.40:  60%|██████    | 6/10 [06:56<03:57, 59.50s/it]
Task 6, Epoch 7/10 => Loss 1.329, Train_accy 99.08, Test_accy 14.40:  70%|███████   | 7/10 [06:56<02:58, 59.52s/it]
Task 6, Epoch 8/10 => Loss 1.293, Train_accy 99.74, Test_accy 14.27:  70%|███████   | 7/10 [07:56<02:58, 59.52s/it]
Task 6, Epoch 8/10 => Loss 1.293, Train_accy 99.74, Test_accy 14.27:  80%|████████  | 8/10 [07:56<01:59, 59.53s/it]
Task 6, Epoch 9/10 => Loss 1.263, Train_accy 99.86, Test_accy 14.13:  80%|████████  | 8/10 [08:55<01:59, 59.53s/it]
Task 6, Epoch 9/10 => Loss 1.263, Train_accy 99.86, Test_accy 14.13:  90%|█████████ | 9/10 [08:55<00:59, 59.50s/it]
Task 6, Epoch 10/10 => Loss 1.235, Train_accy 99.90, Test_accy 14.16:  90%|█████████ | 9/10 [09:55<00:59, 59.50s/it]
Task 6, Epoch 10/10 => Loss 1.235, Train_accy 99.90, Test_accy 14.16: 100%|██████████| 10/10 [09:55<00:00, 59.49s/it]
Task 6, Epoch 10/10 => Loss 1.235, Train_accy 99.90, Test_accy 14.16: 100%|██████████| 10/10 [09:55<00:00, 59.51s/it]
2026-02-06 22:39:01,424 [finetune.py] => Task 6, Epoch 10/10 => Loss 1.235, Train_accy 99.90, Test_accy 14.16
2026-02-06 22:39:19,444 [trainer.py] => CNN: {'total': 14.16, '00-09': 0.0, '10-19': 0.0, '20-29': 0.0, '30-39': 0.0, '40-49': 0.0, '50-59': 3.8, '60-69': 95.3, 'old': 0.63, 'new': 95.3, 'harmonic': 1.25}
2026-02-06 22:39:19,444 [trainer.py] => CNN top1 curve: [46.1, 31.15, 27.97, 22.4, 19.32, 15.38, 14.16]
2026-02-06 22:39:19,444 [trainer.py] => CNN top5 curve: [86.9, 62.05, 41.3, 37.65, 32.86, 31.38, 25.3]
2026-02-06 22:39:19,445 [trainer.py] => Average Accuracy (CNN): 25.21142857142857
2026-02-06 22:39:19,446 [finetune.py] => Learning on 70-80

  0%|          | 0/10 [00:00<?, ?it/s]
Task 7, Epoch 1/10 => Loss 2.080, Train_accy 5.92, Test_accy 14.96:   0%|          | 0/10 [01:01<?, ?it/s]
Task 7, Epoch 1/10 => Loss 2.080, Train_accy 5.92, Test_accy 14.96:  10%|█         | 1/10 [01:01<09:16, 61.81s/it]
Task 7, Epoch 2/10 => Loss 1.746, Train_accy 74.36, Test_accy 13.64:  10%|█         | 1/10 [02:04<09:16, 61.81s/it]
Task 7, Epoch 2/10 => Loss 1.746, Train_accy 74.36, Test_accy 13.64:  20%|██        | 2/10 [02:04<08:16, 62.08s/it]
Task 7, Epoch 3/10 => Loss 1.595, Train_accy 87.76, Test_accy 12.76:  20%|██        | 2/10 [03:05<08:16, 62.08s/it]
Task 7, Epoch 3/10 => Loss 1.595, Train_accy 87.76, Test_accy 12.76:  30%|███       | 3/10 [03:05<07:12, 61.85s/it]
Task 7, Epoch 4/10 => Loss 1.515, Train_accy 89.30, Test_accy 12.49:  30%|███       | 3/10 [04:07<07:12, 61.85s/it]
Task 7, Epoch 4/10 => Loss 1.515, Train_accy 89.30, Test_accy 12.49:  40%|████      | 4/10 [04:07<06:11, 61.90s/it]
Task 7, Epoch 5/10 => Loss 1.454, Train_accy 92.20, Test_accy 12.62:  40%|████      | 4/10 [05:09<06:11, 61.90s/it]
Task 7, Epoch 5/10 => Loss 1.454, Train_accy 92.20, Test_accy 12.62:  50%|█████     | 5/10 [05:09<05:10, 62.06s/it]
Task 7, Epoch 6/10 => Loss 1.411, Train_accy 94.14, Test_accy 11.91:  50%|█████     | 5/10 [06:12<05:10, 62.06s/it]
Task 7, Epoch 6/10 => Loss 1.411, Train_accy 94.14, Test_accy 11.91:  60%|██████    | 6/10 [06:12<04:08, 62.12s/it]
Task 7, Epoch 7/10 => Loss 1.370, Train_accy 94.38, Test_accy 12.80:  60%|██████    | 6/10 [07:14<04:08, 62.12s/it]
Task 7, Epoch 7/10 => Loss 1.370, Train_accy 94.38, Test_accy 12.80:  70%|███████   | 7/10 [07:14<03:06, 62.20s/it]
Task 7, Epoch 8/10 => Loss 1.332, Train_accy 96.10, Test_accy 12.26:  70%|███████   | 7/10 [08:16<03:06, 62.20s/it]
Task 7, Epoch 8/10 => Loss 1.332, Train_accy 96.10, Test_accy 12.26:  80%|████████  | 8/10 [08:16<02:04, 62.27s/it]
Task 7, Epoch 9/10 => Loss 1.299, Train_accy 97.14, Test_accy 11.91:  80%|████████  | 8/10 [09:19<02:04, 62.27s/it]
Task 7, Epoch 9/10 => Loss 1.299, Train_accy 97.14, Test_accy 11.91:  90%|█████████ | 9/10 [09:19<01:02, 62.23s/it]
Task 7, Epoch 10/10 => Loss 1.263, Train_accy 98.28, Test_accy 11.89:  90%|█████████ | 9/10 [10:21<01:02, 62.23s/it]
Task 7, Epoch 10/10 => Loss 1.263, Train_accy 98.28, Test_accy 11.89: 100%|██████████| 10/10 [10:21<00:00, 62.36s/it]
Task 7, Epoch 10/10 => Loss 1.263, Train_accy 98.28, Test_accy 11.89: 100%|██████████| 10/10 [10:21<00:00, 62.18s/it]
2026-02-06 22:49:41,269 [finetune.py] => Task 7, Epoch 10/10 => Loss 1.263, Train_accy 98.28, Test_accy 11.89
2026-02-06 22:50:01,962 [trainer.py] => CNN: {'total': 11.89, '00-09': 0.0, '10-19': 0.0, '20-29': 0.0, '30-39': 0.0, '40-49': 0.0, '50-59': 0.0, '60-69': 1.6, '70-79': 93.5, 'old': 0.23, 'new': 93.5, 'harmonic': 0.46}
2026-02-06 22:50:01,962 [trainer.py] => CNN top1 curve: [46.1, 31.15, 27.97, 22.4, 19.32, 15.38, 14.16, 11.89]
2026-02-06 22:50:01,963 [trainer.py] => CNN top5 curve: [86.9, 62.05, 41.3, 37.65, 32.86, 31.38, 25.3, 24.82]
2026-02-06 22:50:01,963 [trainer.py] => Average Accuracy (CNN): 23.54625
2026-02-06 22:50:01,965 [finetune.py] => Learning on 80-90

  0%|          | 0/10 [00:00<?, ?it/s]
Task 8, Epoch 1/10 => Loss 2.104, Train_accy 8.42, Test_accy 12.82:   0%|          | 0/10 [01:04<?, ?it/s]
Task 8, Epoch 1/10 => Loss 2.104, Train_accy 8.42, Test_accy 12.82:  10%|█         | 1/10 [01:04<09:40, 64.47s/it]
Task 8, Epoch 2/10 => Loss 1.762, Train_accy 73.36, Test_accy 11.02:  10%|█         | 1/10 [02:09<09:40, 64.47s/it]
Task 8, Epoch 2/10 => Loss 1.762, Train_accy 73.36, Test_accy 11.02:  20%|██        | 2/10 [02:09<08:36, 64.51s/it]
Task 8, Epoch 3/10 => Loss 1.597, Train_accy 89.64, Test_accy 10.29:  20%|██        | 2/10 [03:13<08:36, 64.51s/it]
Task 8, Epoch 3/10 => Loss 1.597, Train_accy 89.64, Test_accy 10.29:  30%|███       | 3/10 [03:13<07:31, 64.44s/it]
Task 8, Epoch 4/10 => Loss 1.498, Train_accy 93.86, Test_accy 9.03:  30%|███       | 3/10 [04:17<07:31, 64.44s/it] 
Task 8, Epoch 4/10 => Loss 1.498, Train_accy 93.86, Test_accy 9.03:  40%|████      | 4/10 [04:17<06:26, 64.43s/it]
Task 8, Epoch 5/10 => Loss 1.478, Train_accy 91.52, Test_accy 9.82:  40%|████      | 4/10 [05:22<06:26, 64.43s/it]
Task 8, Epoch 5/10 => Loss 1.478, Train_accy 91.52, Test_accy 9.82:  50%|█████     | 5/10 [05:22<05:22, 64.43s/it]
Task 8, Epoch 6/10 => Loss 1.389, Train_accy 96.78, Test_accy 10.14:  50%|█████     | 5/10 [06:26<05:22, 64.43s/it]
Task 8, Epoch 6/10 => Loss 1.389, Train_accy 96.78, Test_accy 10.14:  60%|██████    | 6/10 [06:26<04:17, 64.37s/it]
Task 8, Epoch 7/10 => Loss 1.337, Train_accy 98.74, Test_accy 10.21:  60%|██████    | 6/10 [07:30<04:17, 64.37s/it]
Task 8, Epoch 7/10 => Loss 1.337, Train_accy 98.74, Test_accy 10.21:  70%|███████   | 7/10 [07:30<03:12, 64.32s/it]
Task 8, Epoch 8/10 => Loss 1.302, Train_accy 99.22, Test_accy 10.22:  70%|███████   | 7/10 [08:35<03:12, 64.32s/it]
Task 8, Epoch 8/10 => Loss 1.302, Train_accy 99.22, Test_accy 10.22:  80%|████████  | 8/10 [08:35<02:08, 64.43s/it]
Task 8, Epoch 9/10 => Loss 1.269, Train_accy 99.74, Test_accy 10.29:  80%|████████  | 8/10 [09:40<02:08, 64.43s/it]
Task 8, Epoch 9/10 => Loss 1.269, Train_accy 99.74, Test_accy 10.29:  90%|█████████ | 9/10 [09:40<01:04, 64.52s/it]
Task 8, Epoch 10/10 => Loss 1.239, Train_accy 99.82, Test_accy 10.32:  90%|█████████ | 9/10 [10:44<01:04, 64.52s/it]
Task 8, Epoch 10/10 => Loss 1.239, Train_accy 99.82, Test_accy 10.32: 100%|██████████| 10/10 [10:44<00:00, 64.55s/it]
Task 8, Epoch 10/10 => Loss 1.239, Train_accy 99.82, Test_accy 10.32: 100%|██████████| 10/10 [10:44<00:00, 64.47s/it]
2026-02-06 23:00:46,729 [finetune.py] => Task 8, Epoch 10/10 => Loss 1.239, Train_accy 99.82, Test_accy 10.32
2026-02-06 23:01:09,792 [trainer.py] => CNN: {'total': 10.32, '00-09': 0.0, '10-19': 0.0, '20-29': 0.0, '30-39': 0.0, '40-49': 0.0, '50-59': 0.0, '60-69': 0.0, '70-79': 0.0, '80-89': 92.9, 'old': 0.0, 'new': 92.9, 'harmonic': 0.0}
2026-02-06 23:01:09,792 [trainer.py] => CNN top1 curve: [46.1, 31.15, 27.97, 22.4, 19.32, 15.38, 14.16, 11.89, 10.32]
2026-02-06 23:01:09,792 [trainer.py] => CNN top5 curve: [86.9, 62.05, 41.3, 37.65, 32.86, 31.38, 25.3, 24.82, 16.04]
2026-02-06 23:01:09,792 [trainer.py] => Average Accuracy (CNN): 22.076666666666668
2026-02-06 23:01:09,795 [finetune.py] => Learning on 90-100

  0%|          | 0/10 [00:00<?, ?it/s]
Task 9, Epoch 1/10 => Loss 2.120, Train_accy 7.24, Test_accy 10.74:   0%|          | 0/10 [01:07<?, ?it/s]
Task 9, Epoch 1/10 => Loss 2.120, Train_accy 7.24, Test_accy 10.74:  10%|█         | 1/10 [01:07<10:06, 67.36s/it]
Task 9, Epoch 2/10 => Loss 1.773, Train_accy 68.90, Test_accy 9.03:  10%|█         | 1/10 [02:14<10:06, 67.36s/it]
Task 9, Epoch 2/10 => Loss 1.773, Train_accy 68.90, Test_accy 9.03:  20%|██        | 2/10 [02:14<08:59, 67.48s/it]
Task 9, Epoch 3/10 => Loss 1.623, Train_accy 85.28, Test_accy 9.18:  20%|██        | 2/10 [03:22<08:59, 67.48s/it]
Task 9, Epoch 3/10 => Loss 1.623, Train_accy 85.28, Test_accy 9.18:  30%|███       | 3/10 [03:22<07:51, 67.30s/it]
Task 9, Epoch 4/10 => Loss 1.536, Train_accy 88.96, Test_accy 9.22:  30%|███       | 3/10 [04:29<07:51, 67.30s/it]
Task 9, Epoch 4/10 => Loss 1.536, Train_accy 88.96, Test_accy 9.22:  40%|████      | 4/10 [04:29<06:43, 67.33s/it]
Task 9, Epoch 5/10 => Loss 1.463, Train_accy 92.88, Test_accy 9.31:  40%|████      | 4/10 [05:36<06:43, 67.33s/it]
Task 9, Epoch 5/10 => Loss 1.463, Train_accy 92.88, Test_accy 9.31:  50%|█████     | 5/10 [05:36<05:36, 67.24s/it]
Task 9, Epoch 6/10 => Loss 1.415, Train_accy 93.74, Test_accy 9.33:  50%|█████     | 5/10 [06:44<05:36, 67.24s/it]
Task 9, Epoch 6/10 => Loss 1.415, Train_accy 93.74, Test_accy 9.33:  60%|██████    | 6/10 [06:44<04:29, 67.35s/it]
Task 9, Epoch 7/10 => Loss 1.358, Train_accy 97.14, Test_accy 9.46:  60%|██████    | 6/10 [07:51<04:29, 67.35s/it]
Task 9, Epoch 7/10 => Loss 1.358, Train_accy 97.14, Test_accy 9.46:  70%|███████   | 7/10 [07:51<03:22, 67.37s/it]
Task 9, Epoch 8/10 => Loss 1.317, Train_accy 97.88, Test_accy 9.23:  70%|███████   | 7/10 [08:58<03:22, 67.37s/it]
Task 9, Epoch 8/10 => Loss 1.317, Train_accy 97.88, Test_accy 9.23:  80%|████████  | 8/10 [08:58<02:14, 67.28s/it]
Task 9, Epoch 9/10 => Loss 1.281, Train_accy 98.82, Test_accy 9.37:  80%|████████  | 8/10 [10:05<02:14, 67.28s/it]
Task 9, Epoch 9/10 => Loss 1.281, Train_accy 98.82, Test_accy 9.37:  90%|█████████ | 9/10 [10:05<01:07, 67.25s/it]
Task 9, Epoch 10/10 => Loss 1.251, Train_accy 99.24, Test_accy 9.45:  90%|█████████ | 9/10 [11:12<01:07, 67.25s/it]
Task 9, Epoch 10/10 => Loss 1.251, Train_accy 99.24, Test_accy 9.45: 100%|██████████| 10/10 [11:12<00:00, 67.10s/it]
Task 9, Epoch 10/10 => Loss 1.251, Train_accy 99.24, Test_accy 9.45: 100%|██████████| 10/10 [11:12<00:00, 67.25s/it]
2026-02-06 23:12:22,316 [finetune.py] => Task 9, Epoch 10/10 => Loss 1.251, Train_accy 99.24, Test_accy 9.45
2026-02-06 23:12:47,683 [trainer.py] => CNN: {'total': 9.45, '00-09': 0.0, '10-19': 0.0, '20-29': 0.0, '30-39': 0.0, '40-49': 0.0, '50-59': 0.0, '60-69': 0.0, '70-79': 0.0, '80-89': 3.9, '90-99': 90.6, 'old': 0.43, 'new': 90.6, 'harmonic': 0.86}
2026-02-06 23:12:47,684 [trainer.py] => CNN top1 curve: [46.1, 31.15, 27.97, 22.4, 19.32, 15.38, 14.16, 11.89, 10.32, 9.45]
2026-02-06 23:12:47,684 [trainer.py] => CNN top5 curve: [86.9, 62.05, 41.3, 37.65, 32.86, 31.38, 25.3, 24.82, 16.04, 15.24]
2026-02-06 23:12:47,684 [trainer.py] => Average Accuracy (CNN): 20.814

========================================
Finished cifar224_init10_inc10
Backbone: OpenCLIP_LAION400M
Average Accuracy (Top1): 20.81
Last Accuracy: 9.45
========================================

2026-02-06 23:12:50,509 [trainer.py] => config: ./configs/finetune/finetune_cifar_B50_Inc10.json
2026-02-06 23:12:50,509 [trainer.py] => prefix: -
2026-02-06 23:12:50,509 [trainer.py] => dataset: cifar224
2026-02-06 23:12:50,509 [trainer.py] => memory_size: 0
2026-02-06 23:12:50,509 [trainer.py] => memory_per_class: 0
2026-02-06 23:12:50,509 [trainer.py] => fixed_memory: False
2026-02-06 23:12:50,509 [trainer.py] => shuffle: True
2026-02-06 23:12:50,509 [trainer.py] => init_cls: 50
2026-02-06 23:12:50,509 [trainer.py] => increment: 10
2026-02-06 23:12:50,509 [trainer.py] => model_name: finetune
2026-02-06 23:12:50,509 [trainer.py] => backbone_type: clip
2026-02-06 23:12:50,510 [trainer.py] => device: [device(type='cuda', index=7)]
2026-02-06 23:12:50,510 [trainer.py] => seed: 1993
2026-02-06 23:12:50,510 [trainer.py] => init_epoch: 10
2026-02-06 23:12:50,510 [trainer.py] => init_lr: 0.001
2026-02-06 23:12:50,510 [trainer.py] => init_milestones: [60, 120, 170]
2026-02-06 23:12:50,510 [trainer.py] => init_lr_decay: 0.1
2026-02-06 23:12:50,510 [trainer.py] => init_weight_decay: 0.0005
2026-02-06 23:12:50,510 [trainer.py] => epochs: 10
2026-02-06 23:12:50,510 [trainer.py] => lrate: 0.001
2026-02-06 23:12:50,510 [trainer.py] => milestones: [40, 70]
2026-02-06 23:12:50,510 [trainer.py] => lrate_decay: 0.1
2026-02-06 23:12:50,510 [trainer.py] => batch_size: 128
2026-02-06 23:12:50,510 [trainer.py] => weight_decay: 0.0002
2026-02-06 23:12:50,510 [trainer.py] => total_class_num: 100
['apple', 'aquarium fish', 'baby', 'bear', 'beaver', 'bed', 'bee', 'beetle', 'bicycle', 'bottle', 'bowl', 'boy', 'bridge', 'bus', 'butterfly', 'camel', 'can', 'castle', 'caterpillar', 'cattle', 'chair', 'chimpanzee', 'clock', 'cloud', 'cockroach', 'couch', 'crab', 'crocodile', 'cup', 'dinosaur', 'dolphin', 'elephant', 'flatfish', 'forest', 'fox', 'girl', 'hamster', 'house', 'kangaroo', 'keyboard', 'lamp', 'lawn mower', 'leopard', 'lion', 'lizard', 'lobster', 'man', 'maple tree', 'motorcycle', 'mountain', 'mouse', 'mushroom', 'oak tree', 'orange', 'orchid', 'otter', 'palm tree', 'pear', 'pickup truck', 'pine tree', 'plain', 'plate', 'poppy', 'porcupine', 'possum', 'rabbit', 'raccoon', 'ray', 'road', 'rocket', 'rose', 'sea', 'seal', 'shark', 'shrew', 'skunk', 'skyscraper', 'snail', 'snake', 'spider', 'squirrel', 'streetcar', 'sunflower', 'sweet pepper', 'table', 'tank', 'telephone', 'television', 'tiger', 'tractor', 'train', 'trout', 'tulip', 'turtle', 'wardrobe', 'whale', 'willow tree', 'wolf', 'woman', 'worm']
['a photo of a {}.', 'a blurry photo of a {}.', 'a black and white photo of a {}.', 'a low contrast photo of a {}.', 'a high contrast photo of a {}.', 'a bad photo of a {}.', 'a good photo of a {}.', 'a photo of a small {}.', 'a photo of a big {}.', 'a photo of the {}.', 'a blurry photo of the {}.', 'a black and white photo of the {}.', 'a low contrast photo of the {}.', 'a high contrast photo of the {}.', 'a bad photo of the {}.', 'a good photo of the {}.', 'a photo of the small {}.', 'a photo of the big {}.']
2026-02-06 23:12:51,619 [data_manager.py] => [68, 56, 78, 8, 23, 84, 90, 65, 74, 76, 40, 89, 3, 92, 55, 9, 26, 80, 43, 38, 58, 70, 77, 1, 85, 19, 17, 50, 28, 53, 13, 81, 45, 82, 6, 59, 83, 16, 15, 44, 91, 41, 72, 60, 79, 52, 20, 10, 31, 54, 37, 95, 14, 71, 96, 98, 97, 2, 64, 66, 42, 22, 35, 86, 24, 34, 87, 21, 99, 0, 88, 27, 18, 94, 11, 12, 47, 25, 30, 46, 62, 69, 36, 61, 7, 63, 75, 5, 32, 4, 51, 48, 73, 93, 39, 67, 29, 49, 57, 33]
After shuffle, class_to_label is:  ['road', 'palm tree', 'snake', 'bicycle', 'cloud', 'table', 'train', 'rabbit', 'shrew', 'skyscraper', 'lamp', 'tractor', 'bear', 'tulip', 'otter', 'bottle', 'crab', 'squirrel', 'lion', 'kangaroo', 'pickup truck', 'rose', 'snail', 'aquarium fish', 'tank', 'cattle', 'castle', 'mouse', 'cup', 'orange', 'bus', 'streetcar', 'lobster', 'sunflower', 'bee', 'pine tree', 'sweet pepper', 'can', 'camel', 'lizard', 'trout', 'lawn mower', 'seal', 'plain', 'spider', 'oak tree', 'chair', 'bowl', 'elephant', 'orchid', 'house', 'whale', 'butterfly', 'sea', 'willow tree', 'woman', 'wolf', 'baby', 'possum', 'raccoon', 'leopard', 'clock', 'girl', 'telephone', 'cockroach', 'fox', 'television', 'chimpanzee', 'worm', 'apple', 'tiger', 'crocodile', 'caterpillar', 'wardrobe', 'boy', 'bridge', 'maple tree', 'couch', 'dolphin', 'man', 'poppy', 'rocket', 'hamster', 'plate', 'beetle', 'porcupine', 'skunk', 'bed', 'flatfish', 'beaver', 'mushroom', 'motorcycle', 'shark', 'turtle', 'keyboard', 'ray', 'dinosaur', 'mountain', 'pear', 'forest']
Training class stages: [50, 10, 10, 10, 10, 10]
Using CLIP model as the backbone
2026-02-06 23:12:52,955 [instantiator.py] => Created a temporary directory at /tmp/tmpk2mj30v2
2026-02-06 23:12:52,957 [instantiator.py] => Writing /tmp/tmpk2mj30v2/_remote_module_non_scriptable.py
2026-02-06 23:12:53,088 [factory.py] => Loaded ViT-B-16 model config.
2026-02-06 23:12:54,506 [factory.py] => Loading pretrained ViT-B-16 weights (/home/team/zhaohongwei/pretrained_models/open_clip_pytorch_model_laion400m_e32.bin).
/home/team/zhaohongwei/anaconda3/envs/mmcl/lib/python3.10/site-packages/torch/_utils.py:776: UserWarning: TypedStorage is deprecated. It will be removed in the future and UntypedStorage will be the only storage class. This should only matter to you if you are using storages directly.  To access UntypedStorage directly, use tensor.untyped_storage() instead of tensor.storage()
  return self.fget.__get__(instance, owner)()
Using CLIP model as the backbone
2026-02-06 23:12:55,086 [factory.py] => Loaded ViT-B-16 model config.
2026-02-06 23:12:56,325 [factory.py] => Loading pretrained ViT-B-16 weights (/home/team/zhaohongwei/pretrained_models/open_clip_pytorch_model_laion400m_e32.bin).
2026-02-06 23:12:56,813 [finetune.py] => Learning on 0-50

  0%|          | 0/10 [00:00<?, ?it/s]
Task 0, Epoch 1/10 => Loss 3.862, Train_accy 9.19, Test_accy 19.42:   0%|          | 0/10 [03:36<?, ?it/s]
Task 0, Epoch 1/10 => Loss 3.862, Train_accy 9.19, Test_accy 19.42:  10%|█         | 1/10 [03:36<32:32, 216.96s/it]
Task 0, Epoch 2/10 => Loss 3.699, Train_accy 26.87:  10%|█         | 1/10 [07:00<32:32, 216.96s/it]                
Task 0, Epoch 2/10 => Loss 3.699, Train_accy 26.87:  20%|██        | 2/10 [07:00<27:52, 209.09s/it]
Task 0, Epoch 3/10 => Loss 3.558, Train_accy 43.38:  20%|██        | 2/10 [10:24<27:52, 209.09s/it]
Task 0, Epoch 3/10 => Loss 3.558, Train_accy 43.38:  30%|███       | 3/10 [10:24<24:06, 206.69s/it]
Task 0, Epoch 4/10 => Loss 3.425, Train_accy 58.28:  30%|███       | 3/10 [13:48<24:06, 206.69s/it]
Task 0, Epoch 4/10 => Loss 3.425, Train_accy 58.28:  40%|████      | 4/10 [13:48<20:33, 205.58s/it]
Task 0, Epoch 5/10 => Loss 3.305, Train_accy 68.53:  40%|████      | 4/10 [17:12<20:33, 205.58s/it]
Task 0, Epoch 5/10 => Loss 3.305, Train_accy 68.53:  50%|█████     | 5/10 [17:12<17:04, 204.96s/it]
Task 0, Epoch 6/10 => Loss 3.203, Train_accy 75.38, Test_accy 74.42:  50%|█████     | 5/10 [20:49<17:04, 204.96s/it]
Task 0, Epoch 6/10 => Loss 3.203, Train_accy 75.38, Test_accy 74.42:  60%|██████    | 6/10 [20:49<13:56, 209.08s/it]
Task 0, Epoch 7/10 => Loss 3.115, Train_accy 80.94:  60%|██████    | 6/10 [24:13<13:56, 209.08s/it]                 
Task 0, Epoch 7/10 => Loss 3.115, Train_accy 80.94:  70%|███████   | 7/10 [24:13<10:22, 207.40s/it]
Task 0, Epoch 8/10 => Loss 3.036, Train_accy 85.43:  70%|███████   | 7/10 [27:36<10:22, 207.40s/it]
Task 0, Epoch 8/10 => Loss 3.036, Train_accy 85.43:  80%|████████  | 8/10 [27:36<06:52, 206.28s/it]
Task 0, Epoch 9/10 => Loss 2.966, Train_accy 88.92:  80%|████████  | 8/10 [31:00<06:52, 206.28s/it]
Task 0, Epoch 9/10 => Loss 2.966, Train_accy 88.92:  90%|█████████ | 9/10 [31:00<03:25, 205.52s/it]
Task 0, Epoch 10/10 => Loss 2.901, Train_accy 91.72:  90%|█████████ | 9/10 [34:24<03:25, 205.52s/it]
Task 0, Epoch 10/10 => Loss 2.901, Train_accy 91.72: 100%|██████████| 10/10 [34:24<00:00, 205.03s/it]
Task 0, Epoch 10/10 => Loss 2.901, Train_accy 91.72: 100%|██████████| 10/10 [34:24<00:00, 206.48s/it]
2026-02-06 23:47:22,256 [finetune.py] => Task 0, Epoch 10/10 => Loss 2.901, Train_accy 91.72
2026-02-06 23:47:35,362 [trainer.py] => CNN: {'total': 82.02, '00-09': 86.4, '10-19': 76.2, '20-29': 84.1, '30-39': 78.4, '40-49': 85.0, 'old': 0, 'new': 82.02, 'harmonic': 0.0}
2026-02-06 23:47:35,362 [trainer.py] => CNN top1 curve: [82.02]
2026-02-06 23:47:35,363 [trainer.py] => CNN top5 curve: [97.14]
2026-02-06 23:47:35,363 [trainer.py] => Average Accuracy (CNN): 82.02
2026-02-06 23:47:35,365 [finetune.py] => Learning on 50-60

  0%|          | 0/10 [00:00<?, ?it/s]
Task 1, Epoch 1/10 => Loss 2.062, Train_accy 16.44, Test_accy 48.78:   0%|          | 0/10 [00:56<?, ?it/s]
Task 1, Epoch 1/10 => Loss 2.062, Train_accy 16.44, Test_accy 48.78:  10%|█         | 1/10 [00:56<08:30, 56.70s/it]
Task 1, Epoch 2/10 => Loss 1.694, Train_accy 85.22, Test_accy 28.30:  10%|█         | 1/10 [01:53<08:30, 56.70s/it]
Task 1, Epoch 2/10 => Loss 1.694, Train_accy 85.22, Test_accy 28.30:  20%|██        | 2/10 [01:53<07:35, 56.92s/it]
Task 1, Epoch 3/10 => Loss 1.555, Train_accy 92.30, Test_accy 23.30:  20%|██        | 2/10 [02:50<07:35, 56.92s/it]
Task 1, Epoch 3/10 => Loss 1.555, Train_accy 92.30, Test_accy 23.30:  30%|███       | 3/10 [02:50<06:39, 57.01s/it]
Task 1, Epoch 4/10 => Loss 1.476, Train_accy 95.02, Test_accy 21.08:  30%|███       | 3/10 [03:47<06:39, 57.01s/it]
Task 1, Epoch 4/10 => Loss 1.476, Train_accy 95.02, Test_accy 21.08:  40%|████      | 4/10 [03:47<05:42, 57.00s/it]
Task 1, Epoch 5/10 => Loss 1.422, Train_accy 96.32, Test_accy 20.52:  40%|████      | 4/10 [04:44<05:42, 57.00s/it]
Task 1, Epoch 5/10 => Loss 1.422, Train_accy 96.32, Test_accy 20.52:  50%|█████     | 5/10 [04:44<04:44, 56.98s/it]
Task 1, Epoch 6/10 => Loss 1.370, Train_accy 98.00, Test_accy 18.27:  50%|█████     | 5/10 [05:41<04:44, 56.98s/it]
Task 1, Epoch 6/10 => Loss 1.370, Train_accy 98.00, Test_accy 18.27:  60%|██████    | 6/10 [05:41<03:47, 56.98s/it]
Task 1, Epoch 7/10 => Loss 1.330, Train_accy 98.58, Test_accy 17.08:  60%|██████    | 6/10 [06:39<03:47, 56.98s/it]
Task 1, Epoch 7/10 => Loss 1.330, Train_accy 98.58, Test_accy 17.08:  70%|███████   | 7/10 [06:39<02:51, 57.06s/it]
Task 1, Epoch 8/10 => Loss 1.306, Train_accy 98.34, Test_accy 16.97:  70%|███████   | 7/10 [07:35<02:51, 57.06s/it]
Task 1, Epoch 8/10 => Loss 1.306, Train_accy 98.34, Test_accy 16.97:  80%|████████  | 8/10 [07:35<01:53, 56.99s/it]
Task 1, Epoch 9/10 => Loss 1.262, Train_accy 99.56, Test_accy 17.13:  80%|████████  | 8/10 [08:32<01:53, 56.99s/it]
Task 1, Epoch 9/10 => Loss 1.262, Train_accy 99.56, Test_accy 17.13:  90%|█████████ | 9/10 [08:32<00:57, 57.00s/it]
Task 1, Epoch 10/10 => Loss 1.230, Train_accy 99.82, Test_accy 16.53:  90%|█████████ | 9/10 [09:30<00:57, 57.00s/it]
Task 1, Epoch 10/10 => Loss 1.230, Train_accy 99.82, Test_accy 16.53: 100%|██████████| 10/10 [09:30<00:00, 57.08s/it]
Task 1, Epoch 10/10 => Loss 1.230, Train_accy 99.82, Test_accy 16.53: 100%|██████████| 10/10 [09:30<00:00, 57.01s/it]
2026-02-06 23:57:05,540 [finetune.py] => Task 1, Epoch 10/10 => Loss 1.230, Train_accy 99.82, Test_accy 16.53
2026-02-06 23:57:21,064 [trainer.py] => CNN: {'total': 16.53, '00-09': 0.2, '10-19': 2.5, '20-29': 0.9, '30-39': 0.6, '40-49': 1.0, '50-59': 94.0, 'old': 1.04, 'new': 94.0, 'harmonic': 2.06}
2026-02-06 23:57:21,065 [trainer.py] => CNN top1 curve: [82.02, 16.53]
2026-02-06 23:57:21,065 [trainer.py] => CNN top5 curve: [97.14, 47.78]
2026-02-06 23:57:21,065 [trainer.py] => Average Accuracy (CNN): 49.275
2026-02-06 23:57:21,066 [finetune.py] => Learning on 60-70

  0%|          | 0/10 [00:00<?, ?it/s]
Task 2, Epoch 1/10 => Loss 2.109, Train_accy 8.20, Test_accy 23.54:   0%|          | 0/10 [00:59<?, ?it/s]
Task 2, Epoch 1/10 => Loss 2.109, Train_accy 8.20, Test_accy 23.54:  10%|█         | 1/10 [00:59<08:56, 59.65s/it]
Task 2, Epoch 2/10 => Loss 1.753, Train_accy 84.18, Test_accy 18.10:  10%|█         | 1/10 [01:59<08:56, 59.65s/it]
Task 2, Epoch 2/10 => Loss 1.753, Train_accy 84.18, Test_accy 18.10:  20%|██        | 2/10 [01:59<07:55, 59.49s/it]
Task 2, Epoch 3/10 => Loss 1.565, Train_accy 93.92, Test_accy 15.94:  20%|██        | 2/10 [02:58<07:55, 59.49s/it]
Task 2, Epoch 3/10 => Loss 1.565, Train_accy 93.92, Test_accy 15.94:  30%|███       | 3/10 [02:58<06:56, 59.44s/it]
Task 2, Epoch 4/10 => Loss 1.456, Train_accy 97.02, Test_accy 15.46:  30%|███       | 3/10 [03:57<06:56, 59.44s/it]
Task 2, Epoch 4/10 => Loss 1.456, Train_accy 97.02, Test_accy 15.46:  40%|████      | 4/10 [03:57<05:56, 59.34s/it]
Task 2, Epoch 5/10 => Loss 1.390, Train_accy 98.90, Test_accy 14.99:  40%|████      | 4/10 [04:56<05:56, 59.34s/it]
Task 2, Epoch 5/10 => Loss 1.390, Train_accy 98.90, Test_accy 14.99:  50%|█████     | 5/10 [04:56<04:56, 59.35s/it]
Task 2, Epoch 6/10 => Loss 1.344, Train_accy 99.52, Test_accy 14.61:  50%|█████     | 5/10 [05:56<04:56, 59.35s/it]
Task 2, Epoch 6/10 => Loss 1.344, Train_accy 99.52, Test_accy 14.61:  60%|██████    | 6/10 [05:56<03:57, 59.46s/it]
Task 2, Epoch 7/10 => Loss 1.308, Train_accy 99.76, Test_accy 14.34:  60%|██████    | 6/10 [06:56<03:57, 59.46s/it]
Task 2, Epoch 7/10 => Loss 1.308, Train_accy 99.76, Test_accy 14.34:  70%|███████   | 7/10 [06:56<02:58, 59.57s/it]
Task 2, Epoch 8/10 => Loss 1.277, Train_accy 99.84, Test_accy 13.99:  70%|███████   | 7/10 [07:55<02:58, 59.57s/it]
Task 2, Epoch 8/10 => Loss 1.277, Train_accy 99.84, Test_accy 13.99:  80%|████████  | 8/10 [07:55<01:59, 59.56s/it]
Task 2, Epoch 9/10 => Loss 1.248, Train_accy 99.92, Test_accy 13.90:  80%|████████  | 8/10 [08:55<01:59, 59.56s/it]
Task 2, Epoch 9/10 => Loss 1.248, Train_accy 99.92, Test_accy 13.90:  90%|█████████ | 9/10 [08:55<00:59, 59.62s/it]
Task 2, Epoch 10/10 => Loss 1.223, Train_accy 99.94, Test_accy 13.76:  90%|█████████ | 9/10 [09:55<00:59, 59.62s/it]
Task 2, Epoch 10/10 => Loss 1.223, Train_accy 99.94, Test_accy 13.76: 100%|██████████| 10/10 [09:55<00:00, 59.69s/it]
Task 2, Epoch 10/10 => Loss 1.223, Train_accy 99.94, Test_accy 13.76: 100%|██████████| 10/10 [09:55<00:00, 59.56s/it]
2026-02-07 00:07:16,688 [finetune.py] => Task 2, Epoch 10/10 => Loss 1.223, Train_accy 99.94, Test_accy 13.76
2026-02-07 00:07:35,009 [trainer.py] => CNN: {'total': 13.76, '00-09': 0.0, '10-19': 0.0, '20-29': 0.0, '30-39': 0.0, '40-49': 0.0, '50-59': 0.8, '60-69': 95.5, 'old': 0.13, 'new': 95.5, 'harmonic': 0.26}
2026-02-07 00:07:35,009 [trainer.py] => CNN top1 curve: [82.02, 16.53, 13.76]
2026-02-07 00:07:35,010 [trainer.py] => CNN top5 curve: [97.14, 47.78, 31.2]
2026-02-07 00:07:35,010 [trainer.py] => Average Accuracy (CNN): 37.43666666666667
2026-02-07 00:07:35,011 [finetune.py] => Learning on 70-80

  0%|          | 0/10 [00:00<?, ?it/s]
Task 3, Epoch 1/10 => Loss 2.057, Train_accy 8.22, Test_accy 15.40:   0%|          | 0/10 [01:02<?, ?it/s]
Task 3, Epoch 1/10 => Loss 2.057, Train_accy 8.22, Test_accy 15.40:  10%|█         | 1/10 [01:02<09:21, 62.43s/it]
Task 3, Epoch 2/10 => Loss 1.723, Train_accy 79.46, Test_accy 13.19:  10%|█         | 1/10 [02:04<09:21, 62.43s/it]
Task 3, Epoch 2/10 => Loss 1.723, Train_accy 79.46, Test_accy 13.19:  20%|██        | 2/10 [02:04<08:19, 62.39s/it]
Task 3, Epoch 3/10 => Loss 1.577, Train_accy 88.78, Test_accy 12.92:  20%|██        | 2/10 [03:06<08:19, 62.39s/it]
Task 3, Epoch 3/10 => Loss 1.577, Train_accy 88.78, Test_accy 12.92:  30%|███       | 3/10 [03:07<07:16, 62.31s/it]
Task 3, Epoch 4/10 => Loss 1.488, Train_accy 93.60, Test_accy 12.62:  30%|███       | 3/10 [04:08<07:16, 62.31s/it]
Task 3, Epoch 4/10 => Loss 1.488, Train_accy 93.60, Test_accy 12.62:  40%|████      | 4/10 [04:08<06:12, 62.14s/it]
Task 3, Epoch 5/10 => Loss 1.426, Train_accy 96.16, Test_accy 11.68:  40%|████      | 4/10 [05:10<06:12, 62.14s/it]
Task 3, Epoch 5/10 => Loss 1.426, Train_accy 96.16, Test_accy 11.68:  50%|█████     | 5/10 [05:10<05:10, 62.05s/it]
Task 3, Epoch 6/10 => Loss 1.403, Train_accy 94.84, Test_accy 11.66:  50%|█████     | 5/10 [06:12<05:10, 62.05s/it]
Task 3, Epoch 6/10 => Loss 1.403, Train_accy 94.84, Test_accy 11.66:  60%|██████    | 6/10 [06:12<04:07, 62.00s/it]
Task 3, Epoch 7/10 => Loss 1.346, Train_accy 97.26, Test_accy 11.68:  60%|██████    | 6/10 [07:14<04:07, 62.00s/it]
Task 3, Epoch 7/10 => Loss 1.346, Train_accy 97.26, Test_accy 11.68:  70%|███████   | 7/10 [07:14<03:05, 62.00s/it]
Task 3, Epoch 8/10 => Loss 1.305, Train_accy 98.88, Test_accy 11.69:  70%|███████   | 7/10 [08:16<03:05, 62.00s/it]
Task 3, Epoch 8/10 => Loss 1.305, Train_accy 98.88, Test_accy 11.69:  80%|████████  | 8/10 [08:16<02:04, 62.08s/it]
Task 3, Epoch 9/10 => Loss 1.271, Train_accy 99.56, Test_accy 11.66:  80%|████████  | 8/10 [09:18<02:04, 62.08s/it]
Task 3, Epoch 9/10 => Loss 1.271, Train_accy 99.56, Test_accy 11.66:  90%|█████████ | 9/10 [09:18<01:02, 62.06s/it]
Task 3, Epoch 10/10 => Loss 1.242, Train_accy 99.74, Test_accy 11.70:  90%|█████████ | 9/10 [10:20<01:02, 62.06s/it]
Task 3, Epoch 10/10 => Loss 1.242, Train_accy 99.74, Test_accy 11.70: 100%|██████████| 10/10 [10:20<00:00, 61.97s/it]
Task 3, Epoch 10/10 => Loss 1.242, Train_accy 99.74, Test_accy 11.70: 100%|██████████| 10/10 [10:20<00:00, 62.07s/it]
2026-02-07 00:17:55,745 [finetune.py] => Task 3, Epoch 10/10 => Loss 1.242, Train_accy 99.74, Test_accy 11.70
2026-02-07 00:18:16,207 [trainer.py] => CNN: {'total': 11.7, '00-09': 0.0, '10-19': 0.0, '20-29': 0.0, '30-39': 0.0, '40-49': 0.0, '50-59': 0.0, '60-69': 0.1, '70-79': 93.5, 'old': 0.01, 'new': 93.5, 'harmonic': 0.02}
2026-02-07 00:18:16,207 [trainer.py] => CNN top1 curve: [82.02, 16.53, 13.76, 11.7]
2026-02-07 00:18:16,208 [trainer.py] => CNN top5 curve: [97.14, 47.78, 31.2, 24.41]
2026-02-07 00:18:16,208 [trainer.py] => Average Accuracy (CNN): 31.0025
2026-02-07 00:18:16,209 [finetune.py] => Learning on 80-90

  0%|          | 0/10 [00:00<?, ?it/s]
Task 4, Epoch 1/10 => Loss 2.103, Train_accy 8.30, Test_accy 12.64:   0%|          | 0/10 [01:04<?, ?it/s]
Task 4, Epoch 1/10 => Loss 2.103, Train_accy 8.30, Test_accy 12.64:  10%|█         | 1/10 [01:04<09:40, 64.51s/it]
Task 4, Epoch 2/10 => Loss 1.752, Train_accy 74.18, Test_accy 11.09:  10%|█         | 1/10 [02:08<09:40, 64.51s/it]
Task 4, Epoch 2/10 => Loss 1.752, Train_accy 74.18, Test_accy 11.09:  20%|██        | 2/10 [02:08<08:34, 64.32s/it]
Task 4, Epoch 3/10 => Loss 1.581, Train_accy 89.42, Test_accy 10.22:  20%|██        | 2/10 [03:12<08:34, 64.32s/it]
Task 4, Epoch 3/10 => Loss 1.581, Train_accy 89.42, Test_accy 10.22:  30%|███       | 3/10 [03:12<07:29, 64.22s/it]
Task 4, Epoch 4/10 => Loss 1.487, Train_accy 93.06, Test_accy 10.74:  30%|███       | 3/10 [04:16<07:29, 64.22s/it]
Task 4, Epoch 4/10 => Loss 1.487, Train_accy 93.06, Test_accy 10.74:  40%|████      | 4/10 [04:16<06:24, 64.15s/it]
Task 4, Epoch 5/10 => Loss 1.424, Train_accy 95.12, Test_accy 10.58:  40%|████      | 4/10 [05:20<06:24, 64.15s/it]
Task 4, Epoch 5/10 => Loss 1.424, Train_accy 95.12, Test_accy 10.58:  50%|█████     | 5/10 [05:20<05:20, 64.14s/it]
Task 4, Epoch 6/10 => Loss 1.380, Train_accy 96.44, Test_accy 9.78:  50%|█████     | 5/10 [06:25<05:20, 64.14s/it] 
Task 4, Epoch 6/10 => Loss 1.380, Train_accy 96.44, Test_accy 9.78:  60%|██████    | 6/10 [06:25<04:16, 64.14s/it]
Task 4, Epoch 7/10 => Loss 1.354, Train_accy 96.22, Test_accy 10.60:  60%|██████    | 6/10 [07:29<04:16, 64.14s/it]
Task 4, Epoch 7/10 => Loss 1.354, Train_accy 96.22, Test_accy 10.60:  70%|███████   | 7/10 [07:29<03:12, 64.12s/it]
Task 4, Epoch 8/10 => Loss 1.303, Train_accy 98.08, Test_accy 10.57:  70%|███████   | 7/10 [08:33<03:12, 64.12s/it]
Task 4, Epoch 8/10 => Loss 1.303, Train_accy 98.08, Test_accy 10.57:  80%|████████  | 8/10 [08:33<02:08, 64.12s/it]
Task 4, Epoch 9/10 => Loss 1.259, Train_accy 99.40, Test_accy 10.41:  80%|████████  | 8/10 [09:37<02:08, 64.12s/it]
Task 4, Epoch 9/10 => Loss 1.259, Train_accy 99.40, Test_accy 10.41:  90%|█████████ | 9/10 [09:37<01:04, 64.12s/it]
Task 4, Epoch 10/10 => Loss 1.233, Train_accy 99.60, Test_accy 10.29:  90%|█████████ | 9/10 [10:41<01:04, 64.12s/it]
Task 4, Epoch 10/10 => Loss 1.233, Train_accy 99.60, Test_accy 10.29: 100%|██████████| 10/10 [10:41<00:00, 64.15s/it]
Task 4, Epoch 10/10 => Loss 1.233, Train_accy 99.60, Test_accy 10.29: 100%|██████████| 10/10 [10:41<00:00, 64.16s/it]
2026-02-07 00:28:57,876 [finetune.py] => Task 4, Epoch 10/10 => Loss 1.233, Train_accy 99.60, Test_accy 10.29
2026-02-07 00:29:20,796 [trainer.py] => CNN: {'total': 10.29, '00-09': 0.0, '10-19': 0.0, '20-29': 0.0, '30-39': 0.0, '40-49': 0.0, '50-59': 0.0, '60-69': 0.0, '70-79': 0.2, '80-89': 92.4, 'old': 0.02, 'new': 92.4, 'harmonic': 0.04}
2026-02-07 00:29:20,796 [trainer.py] => CNN top1 curve: [82.02, 16.53, 13.76, 11.7, 10.29]
2026-02-07 00:29:20,796 [trainer.py] => CNN top5 curve: [97.14, 47.78, 31.2, 24.41, 19.23]
2026-02-07 00:29:20,796 [trainer.py] => Average Accuracy (CNN): 26.860000000000003
2026-02-07 00:29:20,797 [finetune.py] => Learning on 90-100

  0%|          | 0/10 [00:00<?, ?it/s]
Task 5, Epoch 1/10 => Loss 2.121, Train_accy 4.86, Test_accy 10.80:   0%|          | 0/10 [01:06<?, ?it/s]
Task 5, Epoch 1/10 => Loss 2.121, Train_accy 4.86, Test_accy 10.80:  10%|█         | 1/10 [01:06<10:00, 66.78s/it]
Task 5, Epoch 2/10 => Loss 1.766, Train_accy 68.94, Test_accy 9.46:  10%|█         | 1/10 [02:13<10:00, 66.78s/it]
Task 5, Epoch 2/10 => Loss 1.766, Train_accy 68.94, Test_accy 9.46:  20%|██        | 2/10 [02:13<08:55, 66.88s/it]
Task 5, Epoch 3/10 => Loss 1.607, Train_accy 86.60, Test_accy 8.71:  20%|██        | 2/10 [03:20<08:55, 66.88s/it]
Task 5, Epoch 3/10 => Loss 1.607, Train_accy 86.60, Test_accy 8.71:  30%|███       | 3/10 [03:20<07:47, 66.84s/it]
Task 5, Epoch 4/10 => Loss 1.507, Train_accy 92.00, Test_accy 8.74:  30%|███       | 3/10 [04:27<07:47, 66.84s/it]
Task 5, Epoch 4/10 => Loss 1.507, Train_accy 92.00, Test_accy 8.74:  40%|████      | 4/10 [04:27<06:41, 66.85s/it]
Task 5, Epoch 5/10 => Loss 1.439, Train_accy 94.98, Test_accy 8.93:  40%|████      | 4/10 [05:34<06:41, 66.85s/it]
Task 5, Epoch 5/10 => Loss 1.439, Train_accy 94.98, Test_accy 8.93:  50%|█████     | 5/10 [05:34<05:35, 67.12s/it]
Task 5, Epoch 6/10 => Loss 1.384, Train_accy 97.40, Test_accy 8.64:  50%|█████     | 5/10 [06:41<05:35, 67.12s/it]
Task 5, Epoch 6/10 => Loss 1.384, Train_accy 97.40, Test_accy 8.64:  60%|██████    | 6/10 [06:41<04:28, 67.02s/it]
Task 5, Epoch 7/10 => Loss 1.349, Train_accy 98.00, Test_accy 8.54:  60%|██████    | 6/10 [07:48<04:28, 67.02s/it]
Task 5, Epoch 7/10 => Loss 1.349, Train_accy 98.00, Test_accy 8.54:  70%|███████   | 7/10 [07:48<03:20, 66.89s/it]
Task 5, Epoch 8/10 => Loss 1.345, Train_accy 96.28, Test_accy 8.96:  70%|███████   | 7/10 [08:55<03:20, 66.89s/it]
Task 5, Epoch 8/10 => Loss 1.345, Train_accy 96.28, Test_accy 8.96:  80%|████████  | 8/10 [08:55<02:13, 66.83s/it]
Task 5, Epoch 9/10 => Loss 1.296, Train_accy 97.80, Test_accy 9.04:  80%|████████  | 8/10 [10:02<02:13, 66.83s/it]
Task 5, Epoch 9/10 => Loss 1.296, Train_accy 97.80, Test_accy 9.04:  90%|█████████ | 9/10 [10:02<01:06, 66.94s/it]
Task 5, Epoch 10/10 => Loss 1.253, Train_accy 99.24, Test_accy 8.92:  90%|█████████ | 9/10 [11:08<01:06, 66.94s/it]
Task 5, Epoch 10/10 => Loss 1.253, Train_accy 99.24, Test_accy 8.92: 100%|██████████| 10/10 [11:08<00:00, 66.83s/it]
Task 5, Epoch 10/10 => Loss 1.253, Train_accy 99.24, Test_accy 8.92: 100%|██████████| 10/10 [11:08<00:00, 66.89s/it]
2026-02-07 00:40:29,739 [finetune.py] => Task 5, Epoch 10/10 => Loss 1.253, Train_accy 99.24, Test_accy 8.92
2026-02-07 00:40:55,202 [trainer.py] => CNN: {'total': 8.92, '00-09': 0.0, '10-19': 0.0, '20-29': 0.0, '30-39': 0.0, '40-49': 0.0, '50-59': 0.0, '60-69': 0.0, '70-79': 0.0, '80-89': 0.1, '90-99': 89.1, 'old': 0.01, 'new': 89.1, 'harmonic': 0.02}
2026-02-07 00:40:55,203 [trainer.py] => CNN top1 curve: [82.02, 16.53, 13.76, 11.7, 10.29, 8.92]
2026-02-07 00:40:55,203 [trainer.py] => CNN top5 curve: [97.14, 47.78, 31.2, 24.41, 19.23, 15.8]
2026-02-07 00:40:55,203 [trainer.py] => Average Accuracy (CNN): 23.87

========================================
Finished cifar224_init50_inc10
Backbone: OpenCLIP_LAION400M
Average Accuracy (Top1): 23.87
Last Accuracy: 8.92
========================================

2026-02-07 00:40:57,778 [trainer.py] => config: ./configs/finetune/finetune_cars_B0_Inc10.json
2026-02-07 00:40:57,778 [trainer.py] => prefix: -
2026-02-07 00:40:57,778 [trainer.py] => dataset: cars
2026-02-07 00:40:57,778 [trainer.py] => memory_size: 0
2026-02-07 00:40:57,778 [trainer.py] => memory_per_class: 0
2026-02-07 00:40:57,778 [trainer.py] => fixed_memory: False
2026-02-07 00:40:57,778 [trainer.py] => shuffle: True
2026-02-07 00:40:57,778 [trainer.py] => init_cls: 10
2026-02-07 00:40:57,778 [trainer.py] => increment: 10
2026-02-07 00:40:57,778 [trainer.py] => model_name: finetune
2026-02-07 00:40:57,778 [trainer.py] => backbone_type: clip
2026-02-07 00:40:57,778 [trainer.py] => device: [device(type='cuda', index=7)]
2026-02-07 00:40:57,778 [trainer.py] => seed: 1993
2026-02-07 00:40:57,778 [trainer.py] => init_epoch: 10
2026-02-07 00:40:57,778 [trainer.py] => init_lr: 0.001
2026-02-07 00:40:57,778 [trainer.py] => init_milestones: [60, 120, 170]
2026-02-07 00:40:57,778 [trainer.py] => init_lr_decay: 0.1
2026-02-07 00:40:57,778 [trainer.py] => init_weight_decay: 0.0005
2026-02-07 00:40:57,778 [trainer.py] => epochs: 10
2026-02-07 00:40:57,778 [trainer.py] => lrate: 0.001
2026-02-07 00:40:57,778 [trainer.py] => milestones: [40, 70]
2026-02-07 00:40:57,778 [trainer.py] => lrate_decay: 0.1
2026-02-07 00:40:57,779 [trainer.py] => batch_size: 128
2026-02-07 00:40:57,779 [trainer.py] => weight_decay: 0.0002
2026-02-07 00:40:57,779 [trainer.py] => total_class_num: 196
['AM General Hummer SUV 2000', 'Acura Integra Type R 2001', 'Acura RL Sedan 2012', 'Acura TL Sedan 2012', 'Acura TL Type-S 2008', 'Acura TSX Sedan 2012', 'Acura ZDX Hatchback 2012', 'Aston Martin V8 Vantage Convertible 2012', 'Aston Martin V8 Vantage Coupe 2012', 'Aston Martin Virage Convertible 2012', 'Aston Martin Virage Coupe 2012', 'Audi 100 Sedan 1994', 'Audi 100 Wagon 1994', 'Audi A5 Coupe 2012', 'Audi R8 Coupe 2012', 'Audi RS 4 Convertible 2008', 'Audi S4 Sedan 2007', 'Audi S4 Sedan 2012', 'Audi S5 Convertible 2012', 'Audi S5 Coupe 2012', 'Audi S6 Sedan 2011', 'Audi TTS Coupe 2012', 'Audi TT Hatchback 2011', 'Audi TT RS Coupe 2012', 'Audi V8 Sedan 1994', 'BMW 1 Series Convertible 2012', 'BMW 1 Series Coupe 2012', 'BMW 3 Series Sedan 2012', 'BMW 3 Series Wagon 2012', 'BMW 6 Series Convertible 2007', 'BMW ActiveHybrid 5 Sedan 2012', 'BMW M3 Coupe 2012', 'BMW M5 Sedan 2010', 'BMW M6 Convertible 2010', 'BMW X3 SUV 2012', 'BMW X5 SUV 2007', 'BMW X6 SUV 2012', 'BMW Z4 Convertible 2012', 'Bentley Arnage Sedan 2009', 'Bentley Continental Flying Spur Sedan 2007', 'Bentley Continental GT Coupe 2007', 'Bentley Continental GT Coupe 2012', 'Bentley Continental Supersports Conv. Convertible 2012', 'Bentley Mulsanne Sedan 2011', 'Bugatti Veyron 16.4 Convertible 2009', 'Bugatti Veyron 16.4 Coupe 2009', 'Buick Enclave SUV 2012', 'Buick Rainier SUV 2007', 'Buick Regal GS 2012', 'Buick Verano Sedan 2012', 'Cadillac CTS-V Sedan 2012', 'Cadillac Escalade EXT Crew Cab 2007', 'Cadillac SRX SUV 2012', 'Chevrolet Avalanche Crew Cab 2012', 'Chevrolet Camaro Convertible 2012', 'Chevrolet Cobalt SS 2010', 'Chevrolet Corvette Convertible 2012', 'Chevrolet Corvette Ron Fellows Edition Z06 2007', 'Chevrolet Corvette ZR1 2012', 'Chevrolet Express Cargo Van 2007', 'Chevrolet Express Van 2007', 'Chevrolet HHR SS 2010', 'Chevrolet Impala Sedan 2007', 'Chevrolet Malibu Hybrid Sedan 2010', 'Chevrolet Malibu Sedan 2007', 'Chevrolet Monte Carlo Coupe 2007', 'Chevrolet Silverado 1500 Classic Extended Cab 2007', 'Chevrolet Silverado 1500 Extended Cab 2012', 'Chevrolet Silverado 1500 Hybrid Crew Cab 2012', 'Chevrolet Silverado 1500 Regular Cab 2012', 'Chevrolet Silverado 2500HD Regular Cab 2012', 'Chevrolet Sonic Sedan 2012', 'Chevrolet Tahoe Hybrid SUV 2012', 'Chevrolet TrailBlazer SS 2009', 'Chevrolet Traverse SUV 2012', 'Chrysler 300 SRT-8 2010', 'Chrysler Aspen SUV 2009', 'Chrysler Crossfire Convertible 2008', 'Chrysler PT Cruiser Convertible 2008', 'Chrysler Sebring Convertible 2010', 'Chrysler Town and Country Minivan 2012', 'Daewoo Nubira Wagon 2002', 'Dodge Caliber Wagon 2007', 'Dodge Caliber Wagon 2012', 'Dodge Caravan Minivan 1997', 'Dodge Challenger SRT8 2011', 'Dodge Charger SRT-8 2009', 'Dodge Charger Sedan 2012', 'Dodge Dakota Club Cab 2007', 'Dodge Dakota Crew Cab 2010', 'Dodge Durango SUV 2007', 'Dodge Durango SUV 2012', 'Dodge Journey SUV 2012', 'Dodge Magnum Wagon 2008', 'Dodge Ram Pickup 3500 Crew Cab 2010', 'Dodge Ram Pickup 3500 Quad Cab 2009', 'Dodge Sprinter Cargo Van 2009', 'Eagle Talon Hatchback 1998', 'FIAT 500 Abarth 2012', 'FIAT 500 Convertible 2012', 'Ferrari 458 Italia Convertible 2012', 'Ferrari 458 Italia Coupe 2012']
['a photo of a {}.', 'a photo of the {}.', 'a photo of my {}.', 'i love my {}!', 'a photo of my dirty {}.', 'a photo of my clean {}.', 'a photo of my new {}.', 'a photo of my old {}.']
{'AM_General_Hummer_SUV_2000': 0, 'Acura_Integra_Type_R_2001': 1, 'Acura_RL_Sedan_2012': 2, 'Acura_TL_Sedan_2012': 3, 'Acura_TL_Type-S_2008': 4, 'Acura_TSX_Sedan_2012': 5, 'Acura_ZDX_Hatchback_2012': 6, 'Aston_Martin_V8_Vantage_Convertible_2012': 7, 'Aston_Martin_V8_Vantage_Coupe_2012': 8, 'Aston_Martin_Virage_Convertible_2012': 9, 'Aston_Martin_Virage_Coupe_2012': 10, 'Audi_100_Sedan_1994': 11, 'Audi_100_Wagon_1994': 12, 'Audi_A5_Coupe_2012': 13, 'Audi_R8_Coupe_2012': 14, 'Audi_RS_4_Convertible_2008': 15, 'Audi_S4_Sedan_2007': 16, 'Audi_S4_Sedan_2012': 17, 'Audi_S5_Convertible_2012': 18, 'Audi_S5_Coupe_2012': 19, 'Audi_S6_Sedan_2011': 20, 'Audi_TTS_Coupe_2012': 21, 'Audi_TT_Hatchback_2011': 22, 'Audi_TT_RS_Coupe_2012': 23, 'Audi_V8_Sedan_1994': 24, 'BMW_1_Series_Convertible_2012': 25, 'BMW_1_Series_Coupe_2012': 26, 'BMW_3_Series_Sedan_2012': 27, 'BMW_3_Series_Wagon_2012': 28, 'BMW_6_Series_Convertible_2007': 29, 'BMW_ActiveHybrid_5_Sedan_2012': 30, 'BMW_M3_Coupe_2012': 31, 'BMW_M5_Sedan_2010': 32, 'BMW_M6_Convertible_2010': 33, 'BMW_X3_SUV_2012': 34, 'BMW_X5_SUV_2007': 35, 'BMW_X6_SUV_2012': 36, 'BMW_Z4_Convertible_2012': 37, 'Bentley_Arnage_Sedan_2009': 38, 'Bentley_Continental_Flying_Spur_Sedan_2007': 39, 'Bentley_Continental_GT_Coupe_2007': 40, 'Bentley_Continental_GT_Coupe_2012': 41, 'Bentley_Continental_Supersports_Conv._Convertible_2012': 42, 'Bentley_Mulsanne_Sedan_2011': 43, 'Bugatti_Veyron_16.4_Convertible_2009': 44, 'Bugatti_Veyron_16.4_Coupe_2009': 45, 'Buick_Enclave_SUV_2012': 46, 'Buick_Rainier_SUV_2007': 47, 'Buick_Regal_GS_2012': 48, 'Buick_Verano_Sedan_2012': 49, 'Cadillac_CTS-V_Sedan_2012': 50, 'Cadillac_Escalade_EXT_Crew_Cab_2007': 51, 'Cadillac_SRX_SUV_2012': 52, 'Chevrolet_Avalanche_Crew_Cab_2012': 53, 'Chevrolet_Camaro_Convertible_2012': 54, 'Chevrolet_Cobalt_SS_2010': 55, 'Chevrolet_Corvette_Convertible_2012': 56, 'Chevrolet_Corvette_Ron_Fellows_Edition_Z06_2007': 57, 'Chevrolet_Corvette_ZR1_2012': 58, 'Chevrolet_Express_Cargo_Van_2007': 59, 'Chevrolet_Express_Van_2007': 60, 'Chevrolet_HHR_SS_2010': 61, 'Chevrolet_Impala_Sedan_2007': 62, 'Chevrolet_Malibu_Hybrid_Sedan_2010': 63, 'Chevrolet_Malibu_Sedan_2007': 64, 'Chevrolet_Monte_Carlo_Coupe_2007': 65, 'Chevrolet_Silverado_1500_Classic_Extended_Cab_2007': 66, 'Chevrolet_Silverado_1500_Extended_Cab_2012': 67, 'Chevrolet_Silverado_1500_Hybrid_Crew_Cab_2012': 68, 'Chevrolet_Silverado_1500_Regular_Cab_2012': 69, 'Chevrolet_Silverado_2500HD_Regular_Cab_2012': 70, 'Chevrolet_Sonic_Sedan_2012': 71, 'Chevrolet_Tahoe_Hybrid_SUV_2012': 72, 'Chevrolet_TrailBlazer_SS_2009': 73, 'Chevrolet_Traverse_SUV_2012': 74, 'Chrysler_300_SRT-8_2010': 75, 'Chrysler_Aspen_SUV_2009': 76, 'Chrysler_Crossfire_Convertible_2008': 77, 'Chrysler_PT_Cruiser_Convertible_2008': 78, 'Chrysler_Sebring_Convertible_2010': 79, 'Chrysler_Town_and_Country_Minivan_2012': 80, 'Daewoo_Nubira_Wagon_2002': 81, 'Dodge_Caliber_Wagon_2007': 82, 'Dodge_Caliber_Wagon_2012': 83, 'Dodge_Caravan_Minivan_1997': 84, 'Dodge_Challenger_SRT8_2011': 85, 'Dodge_Charger_SRT-8_2009': 86, 'Dodge_Charger_Sedan_2012': 87, 'Dodge_Dakota_Club_Cab_2007': 88, 'Dodge_Dakota_Crew_Cab_2010': 89, 'Dodge_Durango_SUV_2007': 90, 'Dodge_Durango_SUV_2012': 91, 'Dodge_Journey_SUV_2012': 92, 'Dodge_Magnum_Wagon_2008': 93, 'Dodge_Ram_Pickup_3500_Crew_Cab_2010': 94, 'Dodge_Ram_Pickup_3500_Quad_Cab_2009': 95, 'Dodge_Sprinter_Cargo_Van_2009': 96, 'Eagle_Talon_Hatchback_1998': 97, 'Ferrari_458_Italia_Convertible_2012': 98, 'Ferrari_458_Italia_Coupe_2012': 99}
2026-02-07 00:40:57,871 [data_manager.py] => [68, 56, 78, 8, 23, 84, 90, 65, 74, 76, 40, 89, 3, 92, 55, 9, 26, 80, 43, 38, 58, 70, 77, 1, 85, 19, 17, 50, 28, 53, 13, 81, 45, 82, 6, 59, 83, 16, 15, 44, 91, 41, 72, 60, 79, 52, 20, 10, 31, 54, 37, 95, 14, 71, 96, 98, 97, 2, 64, 66, 42, 22, 35, 86, 24, 34, 87, 21, 99, 0, 88, 27, 18, 94, 11, 12, 47, 25, 30, 46, 62, 69, 36, 61, 7, 63, 75, 5, 32, 4, 51, 48, 73, 93, 39, 67, 29, 49, 57, 33]
After shuffle, class_to_label is:  ['Chevrolet Silverado 1500 Hybrid Crew Cab 2012', 'Chevrolet Corvette Convertible 2012', 'Chrysler PT Cruiser Convertible 2008', 'Aston Martin V8 Vantage Coupe 2012', 'Audi TT RS Coupe 2012', 'Dodge Caravan Minivan 1997', 'Dodge Durango SUV 2007', 'Chevrolet Monte Carlo Coupe 2007', 'Chevrolet Traverse SUV 2012', 'Chrysler Aspen SUV 2009', 'Bentley Continental GT Coupe 2007', 'Dodge Dakota Crew Cab 2010', 'Acura TL Sedan 2012', 'Dodge Journey SUV 2012', 'Chevrolet Cobalt SS 2010', 'Aston Martin Virage Convertible 2012', 'BMW 1 Series Coupe 2012', 'Chrysler Town and Country Minivan 2012', 'Bentley Mulsanne Sedan 2011', 'Bentley Arnage Sedan 2009', 'Chevrolet Corvette ZR1 2012', 'Chevrolet Silverado 2500HD Regular Cab 2012', 'Chrysler Crossfire Convertible 2008', 'Acura Integra Type R 2001', 'Dodge Challenger SRT8 2011', 'Audi S5 Coupe 2012', 'Audi S4 Sedan 2012', 'Cadillac CTS-V Sedan 2012', 'BMW 3 Series Wagon 2012', 'Chevrolet Avalanche Crew Cab 2012', 'Audi A5 Coupe 2012', 'Daewoo Nubira Wagon 2002', 'Bugatti Veyron 16.4 Coupe 2009', 'Dodge Caliber Wagon 2007', 'Acura ZDX Hatchback 2012', 'Chevrolet Express Cargo Van 2007', 'Dodge Caliber Wagon 2012', 'Audi S4 Sedan 2007', 'Audi RS 4 Convertible 2008', 'Bugatti Veyron 16.4 Convertible 2009', 'Dodge Durango SUV 2012', 'Bentley Continental GT Coupe 2012', 'Chevrolet Tahoe Hybrid SUV 2012', 'Chevrolet Express Van 2007', 'Chrysler Sebring Convertible 2010', 'Cadillac SRX SUV 2012', 'Audi S6 Sedan 2011', 'Aston Martin Virage Coupe 2012', 'BMW M3 Coupe 2012', 'Chevrolet Camaro Convertible 2012', 'BMW Z4 Convertible 2012', 'Dodge Ram Pickup 3500 Quad Cab 2009', 'Audi R8 Coupe 2012', 'Chevrolet Sonic Sedan 2012', 'Dodge Sprinter Cargo Van 2009', 'FIAT 500 Abarth 2012', 'Eagle Talon Hatchback 1998', 'Acura RL Sedan 2012', 'Chevrolet Malibu Sedan 2007', 'Chevrolet Silverado 1500 Classic Extended Cab 2007', 'Bentley Continental Supersports Conv. Convertible 2012', 'Audi TT Hatchback 2011', 'BMW X5 SUV 2007', 'Dodge Charger SRT-8 2009', 'Audi V8 Sedan 1994', 'BMW X3 SUV 2012', 'Dodge Charger Sedan 2012', 'Audi TTS Coupe 2012', 'FIAT 500 Convertible 2012', 'AM General Hummer SUV 2000', 'Dodge Dakota Club Cab 2007', 'BMW 3 Series Sedan 2012', 'Audi S5 Convertible 2012', 'Dodge Ram Pickup 3500 Crew Cab 2010', 'Audi 100 Sedan 1994', 'Audi 100 Wagon 1994', 'Buick Rainier SUV 2007', 'BMW 1 Series Convertible 2012', 'BMW ActiveHybrid 5 Sedan 2012', 'Buick Enclave SUV 2012', 'Chevrolet Impala Sedan 2007', 'Chevrolet Silverado 1500 Regular Cab 2012', 'BMW X6 SUV 2012', 'Chevrolet HHR SS 2010', 'Aston Martin V8 Vantage Convertible 2012', 'Chevrolet Malibu Hybrid Sedan 2010', 'Chrysler 300 SRT-8 2010', 'Acura TSX Sedan 2012', 'BMW M5 Sedan 2010', 'Acura TL Type-S 2008', 'Cadillac Escalade EXT Crew Cab 2007', 'Buick Regal GS 2012', 'Chevrolet TrailBlazer SS 2009', 'Dodge Magnum Wagon 2008', 'Bentley Continental Flying Spur Sedan 2007', 'Chevrolet Silverado 1500 Extended Cab 2012', 'BMW 6 Series Convertible 2007', 'Buick Verano Sedan 2012', 'Chevrolet Corvette Ron Fellows Edition Z06 2007', 'BMW M6 Convertible 2010']
Training class stages: [10, 10, 10, 10, 10, 10, 10, 10, 10, 10]
Using CLIP model as the backbone
2026-02-07 00:40:58,999 [instantiator.py] => Created a temporary directory at /tmp/tmpy5de_yac
2026-02-07 00:40:59,000 [instantiator.py] => Writing /tmp/tmpy5de_yac/_remote_module_non_scriptable.py
2026-02-07 00:40:59,135 [factory.py] => Loaded ViT-B-16 model config.
2026-02-07 00:41:00,526 [factory.py] => Loading pretrained ViT-B-16 weights (/home/team/zhaohongwei/pretrained_models/open_clip_pytorch_model_laion400m_e32.bin).
/home/team/zhaohongwei/anaconda3/envs/mmcl/lib/python3.10/site-packages/torch/_utils.py:776: UserWarning: TypedStorage is deprecated. It will be removed in the future and UntypedStorage will be the only storage class. This should only matter to you if you are using storages directly.  To access UntypedStorage directly, use tensor.untyped_storage() instead of tensor.storage()
  return self.fget.__get__(instance, owner)()
Using CLIP model as the backbone
2026-02-07 00:41:00,958 [factory.py] => Loaded ViT-B-16 model config.
2026-02-07 00:41:02,274 [factory.py] => Loading pretrained ViT-B-16 weights (/home/team/zhaohongwei/pretrained_models/open_clip_pytorch_model_laion400m_e32.bin).
2026-02-07 00:41:02,724 [finetune.py] => Learning on 0-10

  0%|          | 0/10 [00:00<?, ?it/s]
Task 0, Epoch 1/10 => Loss 2.290, Train_accy 15.38, Test_accy 22.64:   0%|          | 0/10 [00:07<?, ?it/s]
Task 0, Epoch 1/10 => Loss 2.290, Train_accy 15.38, Test_accy 22.64:  10%|█         | 1/10 [00:07<01:11,  7.93s/it]
Task 0, Epoch 2/10 => Loss 2.279, Train_accy 23.08:  10%|█         | 1/10 [00:12<01:11,  7.93s/it]                 
Task 0, Epoch 2/10 => Loss 2.279, Train_accy 23.08:  20%|██        | 2/10 [00:12<00:49,  6.19s/it]
Task 0, Epoch 3/10 => Loss 2.257, Train_accy 38.00:  20%|██        | 2/10 [00:17<00:49,  6.19s/it]
Task 0, Epoch 3/10 => Loss 2.257, Train_accy 38.00:  30%|███       | 3/10 [00:17<00:39,  5.64s/it]
Task 0, Epoch 4/10 => Loss 2.237, Train_accy 55.48:  30%|███       | 3/10 [00:22<00:39,  5.64s/it]
Task 0, Epoch 4/10 => Loss 2.237, Train_accy 55.48:  40%|████      | 4/10 [00:22<00:31,  5.25s/it]
Task 0, Epoch 5/10 => Loss 2.212, Train_accy 70.63:  40%|████      | 4/10 [00:27<00:31,  5.25s/it]
Task 0, Epoch 5/10 => Loss 2.212, Train_accy 70.63:  50%|█████     | 5/10 [00:27<00:25,  5.19s/it]
Task 0, Epoch 6/10 => Loss 2.182, Train_accy 78.32, Test_accy 81.37:  50%|█████     | 5/10 [00:34<00:25,  5.19s/it]
Task 0, Epoch 6/10 => Loss 2.182, Train_accy 78.32, Test_accy 81.37:  60%|██████    | 6/10 [00:34<00:23,  5.89s/it]
Task 0, Epoch 7/10 => Loss 2.152, Train_accy 88.11:  60%|██████    | 6/10 [00:40<00:23,  5.89s/it]                 
Task 0, Epoch 7/10 => Loss 2.152, Train_accy 88.11:  70%|███████   | 7/10 [00:40<00:17,  5.72s/it]
Task 0, Epoch 8/10 => Loss 2.121, Train_accy 92.07:  70%|███████   | 7/10 [00:45<00:17,  5.72s/it]
Task 0, Epoch 8/10 => Loss 2.121, Train_accy 92.07:  80%|████████  | 8/10 [00:45<00:11,  5.50s/it]
Task 0, Epoch 9/10 => Loss 2.198, Train_accy 62.24:  80%|████████  | 8/10 [00:50<00:11,  5.50s/it]
Task 0, Epoch 9/10 => Loss 2.198, Train_accy 62.24:  90%|█████████ | 9/10 [00:50<00:05,  5.29s/it]
Task 0, Epoch 10/10 => Loss 2.295, Train_accy 13.29:  90%|█████████ | 9/10 [00:55<00:05,  5.29s/it]
Task 0, Epoch 10/10 => Loss 2.295, Train_accy 13.29: 100%|██████████| 10/10 [00:55<00:00,  5.18s/it]
Task 0, Epoch 10/10 => Loss 2.295, Train_accy 13.29: 100%|██████████| 10/10 [00:55<00:00,  5.50s/it]
2026-02-07 00:41:58,324 [finetune.py] => Task 0, Epoch 10/10 => Loss 2.295, Train_accy 13.29
2026-02-07 00:42:00,830 [trainer.py] => CNN: {'total': 9.67, '00-09': 9.67, 'old': 0, 'new': 9.67, 'harmonic': 0.0}
2026-02-07 00:42:00,830 [trainer.py] => CNN top1 curve: [9.67]
2026-02-07 00:42:00,830 [trainer.py] => CNN top5 curve: [48.58]
2026-02-07 00:42:00,831 [trainer.py] => Average Accuracy (CNN): 9.67
2026-02-07 00:42:00,832 [finetune.py] => Learning on 10-20

  0%|          | 0/10 [00:00<?, ?it/s]
Task 1, Epoch 1/10 => Loss 2.301, Train_accy 7.44, Test_accy 5.10:   0%|          | 0/10 [00:08<?, ?it/s]
Task 1, Epoch 1/10 => Loss 2.301, Train_accy 7.44, Test_accy 5.10:  10%|█         | 1/10 [00:08<01:15,  8.36s/it]
Task 1, Epoch 2/10 => Loss 2.302, Train_accy 7.69, Test_accy 5.46:  10%|█         | 1/10 [00:16<01:15,  8.36s/it]
Task 1, Epoch 2/10 => Loss 2.302, Train_accy 7.69, Test_accy 5.46:  20%|██        | 2/10 [00:16<01:06,  8.36s/it]
Task 1, Epoch 3/10 => Loss 2.303, Train_accy 7.69, Test_accy 5.46:  20%|██        | 2/10 [00:25<01:06,  8.36s/it]
Task 1, Epoch 3/10 => Loss 2.303, Train_accy 7.69, Test_accy 5.46:  30%|███       | 3/10 [00:25<00:58,  8.39s/it]
Task 1, Epoch 4/10 => Loss 2.299, Train_accy 9.93, Test_accy 5.83:  30%|███       | 3/10 [00:33<00:58,  8.39s/it]
Task 1, Epoch 4/10 => Loss 2.299, Train_accy 9.93, Test_accy 5.83:  40%|████      | 4/10 [00:33<00:50,  8.40s/it]
Task 1, Epoch 5/10 => Loss 2.293, Train_accy 9.93, Test_accy 6.67:  40%|████      | 4/10 [00:41<00:50,  8.40s/it]
Task 1, Epoch 5/10 => Loss 2.293, Train_accy 9.93, Test_accy 6.67:  50%|█████     | 5/10 [00:41<00:41,  8.32s/it]
Task 1, Epoch 6/10 => Loss 2.286, Train_accy 10.67, Test_accy 5.95:  50%|█████     | 5/10 [00:50<00:41,  8.32s/it]
Task 1, Epoch 6/10 => Loss 2.286, Train_accy 10.67, Test_accy 5.95:  60%|██████    | 6/10 [00:50<00:33,  8.36s/it]
Task 1, Epoch 7/10 => Loss 2.283, Train_accy 15.63, Test_accy 5.95:  60%|██████    | 6/10 [00:58<00:33,  8.36s/it]
Task 1, Epoch 7/10 => Loss 2.283, Train_accy 15.63, Test_accy 5.95:  70%|███████   | 7/10 [00:58<00:25,  8.46s/it]
Task 1, Epoch 8/10 => Loss 2.278, Train_accy 15.88, Test_accy 5.70:  70%|███████   | 7/10 [01:07<00:25,  8.46s/it]
Task 1, Epoch 8/10 => Loss 2.278, Train_accy 15.88, Test_accy 5.70:  80%|████████  | 8/10 [01:07<00:16,  8.49s/it]
Task 1, Epoch 9/10 => Loss 2.277, Train_accy 16.38, Test_accy 6.19:  80%|████████  | 8/10 [01:15<00:16,  8.49s/it]
Task 1, Epoch 9/10 => Loss 2.277, Train_accy 16.38, Test_accy 6.19:  90%|█████████ | 9/10 [01:15<00:08,  8.44s/it]
Task 1, Epoch 10/10 => Loss 2.265, Train_accy 16.87, Test_accy 6.31:  90%|█████████ | 9/10 [01:24<00:08,  8.44s/it]
Task 1, Epoch 10/10 => Loss 2.265, Train_accy 16.87, Test_accy 6.31: 100%|██████████| 10/10 [01:24<00:00,  8.45s/it]
Task 1, Epoch 10/10 => Loss 2.265, Train_accy 16.87, Test_accy 6.31: 100%|██████████| 10/10 [01:24<00:00,  8.42s/it]
2026-02-07 00:43:25,044 [finetune.py] => Task 1, Epoch 10/10 => Loss 2.265, Train_accy 16.87, Test_accy 6.31
2026-02-07 00:43:28,564 [trainer.py] => CNN: {'total': 6.31, '00-09': 0.47, '10-19': 12.5, 'old': 0.47, 'new': 12.5, 'harmonic': 0.91}
2026-02-07 00:43:28,564 [trainer.py] => CNN top1 curve: [9.67, 6.31]
2026-02-07 00:43:28,564 [trainer.py] => CNN top5 curve: [48.58, 30.58]
2026-02-07 00:43:28,564 [trainer.py] => Average Accuracy (CNN): 7.99
2026-02-07 00:43:28,566 [finetune.py] => Learning on 20-30

  0%|          | 0/10 [00:00<?, ?it/s]
Task 2, Epoch 1/10 => Loss 2.306, Train_accy 0.00, Test_accy 3.94:   0%|          | 0/10 [00:09<?, ?it/s]
Task 2, Epoch 1/10 => Loss 2.306, Train_accy 0.00, Test_accy 3.94:  10%|█         | 1/10 [00:09<01:23,  9.32s/it]
Task 2, Epoch 2/10 => Loss 2.298, Train_accy 0.00, Test_accy 3.70:  10%|█         | 1/10 [00:18<01:23,  9.32s/it]
Task 2, Epoch 2/10 => Loss 2.298, Train_accy 0.00, Test_accy 3.70:  20%|██        | 2/10 [00:18<01:15,  9.43s/it]
Task 2, Epoch 3/10 => Loss 2.290, Train_accy 0.94, Test_accy 4.02:  20%|██        | 2/10 [00:28<01:15,  9.43s/it]
Task 2, Epoch 3/10 => Loss 2.290, Train_accy 0.94, Test_accy 4.02:  30%|███       | 3/10 [00:28<01:06,  9.48s/it]
Task 2, Epoch 4/10 => Loss 2.280, Train_accy 5.41, Test_accy 5.14:  30%|███       | 3/10 [00:37<01:06,  9.48s/it]
Task 2, Epoch 4/10 => Loss 2.280, Train_accy 5.41, Test_accy 5.14:  40%|████      | 4/10 [00:37<00:56,  9.45s/it]
Task 2, Epoch 5/10 => Loss 2.270, Train_accy 9.88, Test_accy 5.39:  40%|████      | 4/10 [00:47<00:56,  9.45s/it]
Task 2, Epoch 5/10 => Loss 2.270, Train_accy 9.88, Test_accy 5.39:  50%|█████     | 5/10 [00:47<00:47,  9.56s/it]
Task 2, Epoch 6/10 => Loss 2.263, Train_accy 16.71, Test_accy 5.39:  50%|█████     | 5/10 [00:56<00:47,  9.56s/it]
Task 2, Epoch 6/10 => Loss 2.263, Train_accy 16.71, Test_accy 5.39:  60%|██████    | 6/10 [00:56<00:37,  9.49s/it]
Task 2, Epoch 7/10 => Loss 2.245, Train_accy 23.06, Test_accy 5.63:  60%|██████    | 6/10 [01:06<00:37,  9.49s/it]
Task 2, Epoch 7/10 => Loss 2.245, Train_accy 23.06, Test_accy 5.63:  70%|███████   | 7/10 [01:06<00:28,  9.55s/it]
Task 2, Epoch 8/10 => Loss 2.228, Train_accy 27.76, Test_accy 5.63:  70%|███████   | 7/10 [01:15<00:28,  9.55s/it]
Task 2, Epoch 8/10 => Loss 2.228, Train_accy 27.76, Test_accy 5.63:  80%|████████  | 8/10 [01:15<00:18,  9.49s/it]
Task 2, Epoch 9/10 => Loss 2.213, Train_accy 34.35, Test_accy 5.63:  80%|████████  | 8/10 [01:25<00:18,  9.49s/it]
Task 2, Epoch 9/10 => Loss 2.213, Train_accy 34.35, Test_accy 5.63:  90%|█████████ | 9/10 [01:25<00:09,  9.45s/it]
Task 2, Epoch 10/10 => Loss 2.200, Train_accy 37.18, Test_accy 5.95:  90%|█████████ | 9/10 [01:34<00:09,  9.45s/it]
Task 2, Epoch 10/10 => Loss 2.200, Train_accy 37.18, Test_accy 5.95: 100%|██████████| 10/10 [01:34<00:00,  9.50s/it]
Task 2, Epoch 10/10 => Loss 2.200, Train_accy 37.18, Test_accy 5.95: 100%|██████████| 10/10 [01:34<00:00,  9.49s/it]
2026-02-07 00:45:03,454 [finetune.py] => Task 2, Epoch 10/10 => Loss 2.200, Train_accy 37.18, Test_accy 5.95
2026-02-07 00:45:07,983 [trainer.py] => CNN: {'total': 5.95, '00-09': 0.0, '10-19': 0.25, '20-29': 17.38, 'old': 0.12, 'new': 17.38, 'harmonic': 0.24}
2026-02-07 00:45:07,984 [trainer.py] => CNN top1 curve: [9.67, 6.31, 5.95]
2026-02-07 00:45:07,984 [trainer.py] => CNN top5 curve: [48.58, 30.58, 23.07]
2026-02-07 00:45:07,984 [trainer.py] => Average Accuracy (CNN): 7.31
2026-02-07 00:45:07,986 [finetune.py] => Learning on 30-40

  0%|          | 0/10 [00:00<?, ?it/s]
Task 3, Epoch 1/10 => Loss 2.304, Train_accy 0.25, Test_accy 4.40:   0%|          | 0/10 [00:10<?, ?it/s]
Task 3, Epoch 1/10 => Loss 2.304, Train_accy 0.25, Test_accy 4.40:  10%|█         | 1/10 [00:10<01:31, 10.16s/it]
Task 3, Epoch 2/10 => Loss 2.287, Train_accy 0.50, Test_accy 4.28:  10%|█         | 1/10 [00:20<01:31, 10.16s/it]
Task 3, Epoch 2/10 => Loss 2.287, Train_accy 0.50, Test_accy 4.28:  20%|██        | 2/10 [00:20<01:21, 10.14s/it]
Task 3, Epoch 3/10 => Loss 2.274, Train_accy 3.02, Test_accy 4.40:  20%|██        | 2/10 [00:30<01:21, 10.14s/it]
Task 3, Epoch 3/10 => Loss 2.274, Train_accy 3.02, Test_accy 4.40:  30%|███       | 3/10 [00:30<01:11, 10.15s/it]
Task 3, Epoch 4/10 => Loss 2.262, Train_accy 10.08, Test_accy 3.67:  30%|███       | 3/10 [00:40<01:11, 10.15s/it]
Task 3, Epoch 4/10 => Loss 2.262, Train_accy 10.08, Test_accy 3.67:  40%|████      | 4/10 [00:40<01:00, 10.15s/it]
Task 3, Epoch 5/10 => Loss 2.254, Train_accy 15.37, Test_accy 4.03:  40%|████      | 4/10 [00:50<01:00, 10.15s/it]
Task 3, Epoch 5/10 => Loss 2.254, Train_accy 15.37, Test_accy 4.03:  50%|█████     | 5/10 [00:50<00:50, 10.15s/it]
Task 3, Epoch 6/10 => Loss 2.231, Train_accy 23.68, Test_accy 4.65:  50%|█████     | 5/10 [01:00<00:50, 10.15s/it]
Task 3, Epoch 6/10 => Loss 2.231, Train_accy 23.68, Test_accy 4.65:  60%|██████    | 6/10 [01:00<00:40, 10.17s/it]
Task 3, Epoch 7/10 => Loss 2.209, Train_accy 35.52, Test_accy 5.68:  60%|██████    | 6/10 [01:11<00:40, 10.17s/it]
Task 3, Epoch 7/10 => Loss 2.209, Train_accy 35.52, Test_accy 5.68:  70%|███████   | 7/10 [01:11<00:30, 10.15s/it]
Task 3, Epoch 8/10 => Loss 2.194, Train_accy 39.80, Test_accy 5.81:  70%|███████   | 7/10 [01:21<00:30, 10.15s/it]
Task 3, Epoch 8/10 => Loss 2.194, Train_accy 39.80, Test_accy 5.81:  80%|████████  | 8/10 [01:21<00:20, 10.15s/it]
Task 3, Epoch 9/10 => Loss 2.183, Train_accy 43.58, Test_accy 6.78:  80%|████████  | 8/10 [01:31<00:20, 10.15s/it]
Task 3, Epoch 9/10 => Loss 2.183, Train_accy 43.58, Test_accy 6.78:  90%|█████████ | 9/10 [01:31<00:10, 10.16s/it]
Task 3, Epoch 10/10 => Loss 2.151, Train_accy 49.62, Test_accy 5.99:  90%|█████████ | 9/10 [01:41<00:10, 10.16s/it]
Task 3, Epoch 10/10 => Loss 2.151, Train_accy 49.62, Test_accy 5.99: 100%|██████████| 10/10 [01:41<00:00, 10.11s/it]
Task 3, Epoch 10/10 => Loss 2.151, Train_accy 49.62, Test_accy 5.99: 100%|██████████| 10/10 [01:41<00:00, 10.14s/it]
2026-02-07 00:46:49,387 [finetune.py] => Task 3, Epoch 10/10 => Loss 2.151, Train_accy 49.62, Test_accy 5.99
2026-02-07 00:46:54,887 [trainer.py] => CNN: {'total': 5.99, '00-09': 0.0, '10-19': 0.0, '20-29': 0.71, '30-39': 24.23, 'old': 0.24, 'new': 24.23, 'harmonic': 0.48}
2026-02-07 00:46:54,888 [trainer.py] => CNN top1 curve: [9.67, 6.31, 5.95, 5.99]
2026-02-07 00:46:54,888 [trainer.py] => CNN top5 curve: [48.58, 30.58, 23.07, 20.72]
2026-02-07 00:46:54,888 [trainer.py] => Average Accuracy (CNN): 6.98
2026-02-07 00:46:54,890 [finetune.py] => Learning on 40-50

  0%|          | 0/10 [00:00<?, ?it/s]
Task 4, Epoch 1/10 => Loss 2.305, Train_accy 0.00, Test_accy 4.96:   0%|          | 0/10 [00:11<?, ?it/s]
Task 4, Epoch 1/10 => Loss 2.305, Train_accy 0.00, Test_accy 4.96:  10%|█         | 1/10 [00:11<01:42, 11.41s/it]
Task 4, Epoch 2/10 => Loss 2.286, Train_accy 0.00, Test_accy 4.86:  10%|█         | 1/10 [00:22<01:42, 11.41s/it]
Task 4, Epoch 2/10 => Loss 2.286, Train_accy 0.00, Test_accy 4.86:  20%|██        | 2/10 [00:22<01:31, 11.39s/it]
Task 4, Epoch 3/10 => Loss 2.266, Train_accy 2.70, Test_accy 4.32:  20%|██        | 2/10 [00:33<01:31, 11.39s/it]
Task 4, Epoch 3/10 => Loss 2.266, Train_accy 2.70, Test_accy 4.32:  30%|███       | 3/10 [00:33<01:19, 11.29s/it]
Task 4, Epoch 4/10 => Loss 2.246, Train_accy 11.30, Test_accy 4.91:  30%|███       | 3/10 [00:45<01:19, 11.29s/it]
Task 4, Epoch 4/10 => Loss 2.246, Train_accy 11.30, Test_accy 4.91:  40%|████      | 4/10 [00:45<01:08, 11.39s/it]
Task 4, Epoch 5/10 => Loss 2.238, Train_accy 17.94, Test_accy 4.51:  40%|████      | 4/10 [00:56<01:08, 11.39s/it]
Task 4, Epoch 5/10 => Loss 2.238, Train_accy 17.94, Test_accy 4.51:  50%|█████     | 5/10 [00:56<00:56, 11.34s/it]
Task 4, Epoch 6/10 => Loss 2.214, Train_accy 23.10, Test_accy 5.64:  50%|█████     | 5/10 [01:07<00:56, 11.34s/it]
Task 4, Epoch 6/10 => Loss 2.214, Train_accy 23.10, Test_accy 5.64:  60%|██████    | 6/10 [01:08<00:45, 11.31s/it]
Task 4, Epoch 7/10 => Loss 2.208, Train_accy 30.96, Test_accy 5.35:  60%|██████    | 6/10 [01:19<00:45, 11.31s/it]
Task 4, Epoch 7/10 => Loss 2.208, Train_accy 30.96, Test_accy 5.35:  70%|███████   | 7/10 [01:19<00:34, 11.38s/it]
Task 4, Epoch 8/10 => Loss 2.183, Train_accy 36.86, Test_accy 5.05:  70%|███████   | 7/10 [01:31<00:34, 11.38s/it]
Task 4, Epoch 8/10 => Loss 2.183, Train_accy 36.86, Test_accy 5.05:  80%|████████  | 8/10 [01:31<00:22, 11.42s/it]
Task 4, Epoch 9/10 => Loss 2.155, Train_accy 42.26, Test_accy 5.25:  80%|████████  | 8/10 [01:42<00:22, 11.42s/it]
Task 4, Epoch 9/10 => Loss 2.155, Train_accy 42.26, Test_accy 5.25:  90%|█████████ | 9/10 [01:42<00:11, 11.35s/it]
Task 4, Epoch 10/10 => Loss 2.133, Train_accy 47.91, Test_accy 4.71:  90%|█████████ | 9/10 [01:53<00:11, 11.35s/it]
Task 4, Epoch 10/10 => Loss 2.133, Train_accy 47.91, Test_accy 4.71: 100%|██████████| 10/10 [01:53<00:00, 11.32s/it]
Task 4, Epoch 10/10 => Loss 2.133, Train_accy 47.91, Test_accy 4.71: 100%|██████████| 10/10 [01:53<00:00, 11.35s/it]
2026-02-07 00:48:48,365 [finetune.py] => Task 4, Epoch 10/10 => Loss 2.133, Train_accy 47.91, Test_accy 4.71
2026-02-07 00:48:54,909 [trainer.py] => CNN: {'total': 4.71, '00-09': 0.0, '10-19': 0.0, '20-29': 0.24, '30-39': 1.28, '40-49': 22.39, 'old': 0.37, 'new': 22.39, 'harmonic': 0.73}
2026-02-07 00:48:54,909 [trainer.py] => CNN top1 curve: [9.67, 6.31, 5.95, 5.99, 4.71]
2026-02-07 00:48:54,909 [trainer.py] => CNN top5 curve: [48.58, 30.58, 23.07, 20.72, 18.06]
2026-02-07 00:48:54,909 [trainer.py] => Average Accuracy (CNN): 6.526000000000001
2026-02-07 00:48:54,911 [finetune.py] => Learning on 50-60

  0%|          | 0/10 [00:00<?, ?it/s]
Task 5, Epoch 1/10 => Loss 2.298, Train_accy 0.00, Test_accy 4.00:   0%|          | 0/10 [00:12<?, ?it/s]
Task 5, Epoch 1/10 => Loss 2.298, Train_accy 0.00, Test_accy 4.00:  10%|█         | 1/10 [00:12<01:54, 12.69s/it]
Task 5, Epoch 2/10 => Loss 2.273, Train_accy 0.72, Test_accy 4.24:  10%|█         | 1/10 [00:25<01:54, 12.69s/it]
Task 5, Epoch 2/10 => Loss 2.273, Train_accy 0.72, Test_accy 4.24:  20%|██        | 2/10 [00:25<01:41, 12.65s/it]
Task 5, Epoch 3/10 => Loss 2.249, Train_accy 8.13, Test_accy 5.14:  20%|██        | 2/10 [00:37<01:41, 12.65s/it]
Task 5, Epoch 3/10 => Loss 2.249, Train_accy 8.13, Test_accy 5.14:  30%|███       | 3/10 [00:37<01:28, 12.65s/it]
Task 5, Epoch 4/10 => Loss 2.226, Train_accy 20.57, Test_accy 4.86:  30%|███       | 3/10 [00:50<01:28, 12.65s/it]
Task 5, Epoch 4/10 => Loss 2.226, Train_accy 20.57, Test_accy 4.86:  40%|████      | 4/10 [00:50<01:15, 12.63s/it]
Task 5, Epoch 5/10 => Loss 2.202, Train_accy 29.43, Test_accy 4.90:  40%|████      | 4/10 [01:03<01:15, 12.63s/it]
Task 5, Epoch 5/10 => Loss 2.202, Train_accy 29.43, Test_accy 4.90:  50%|█████     | 5/10 [01:03<01:03, 12.63s/it]
Task 5, Epoch 6/10 => Loss 2.187, Train_accy 34.93, Test_accy 5.06:  50%|█████     | 5/10 [01:15<01:03, 12.63s/it]
Task 5, Epoch 6/10 => Loss 2.187, Train_accy 34.93, Test_accy 5.06:  60%|██████    | 6/10 [01:15<00:50, 12.52s/it]
Task 5, Epoch 7/10 => Loss 2.159, Train_accy 41.39, Test_accy 5.26:  60%|██████    | 6/10 [01:27<00:50, 12.52s/it]
Task 5, Epoch 7/10 => Loss 2.159, Train_accy 41.39, Test_accy 5.26:  70%|███████   | 7/10 [01:27<00:37, 12.42s/it]
Task 5, Epoch 8/10 => Loss 2.131, Train_accy 50.00, Test_accy 4.81:  70%|███████   | 7/10 [01:40<00:37, 12.42s/it]
Task 5, Epoch 8/10 => Loss 2.131, Train_accy 50.00, Test_accy 4.81:  80%|████████  | 8/10 [01:40<00:24, 12.43s/it]
Task 5, Epoch 9/10 => Loss 2.106, Train_accy 52.39, Test_accy 4.94:  80%|████████  | 8/10 [01:52<00:24, 12.43s/it]
Task 5, Epoch 9/10 => Loss 2.106, Train_accy 52.39, Test_accy 4.94:  90%|█████████ | 9/10 [01:52<00:12, 12.42s/it]
Task 5, Epoch 10/10 => Loss 2.083, Train_accy 55.50, Test_accy 5.06:  90%|█████████ | 9/10 [02:05<00:12, 12.42s/it]
Task 5, Epoch 10/10 => Loss 2.083, Train_accy 55.50, Test_accy 5.06: 100%|██████████| 10/10 [02:05<00:00, 12.51s/it]
Task 5, Epoch 10/10 => Loss 2.083, Train_accy 55.50, Test_accy 5.06: 100%|██████████| 10/10 [02:05<00:00, 12.53s/it]
2026-02-07 00:51:00,184 [finetune.py] => Task 5, Epoch 10/10 => Loss 2.083, Train_accy 55.50, Test_accy 5.06
2026-02-07 00:51:07,770 [trainer.py] => CNN: {'total': 5.06, '00-09': 0.0, '10-19': 0.0, '20-29': 0.0, '30-39': 0.26, '40-49': 1.0, '50-59': 28.81, 'old': 0.25, 'new': 28.81, 'harmonic': 0.5}
2026-02-07 00:51:07,771 [trainer.py] => CNN top1 curve: [9.67, 6.31, 5.95, 5.99, 4.71, 5.06]
2026-02-07 00:51:07,771 [trainer.py] => CNN top5 curve: [48.58, 30.58, 23.07, 20.72, 18.06, 17.5]
2026-02-07 00:51:07,771 [trainer.py] => Average Accuracy (CNN): 6.281666666666667
2026-02-07 00:51:07,774 [finetune.py] => Learning on 60-70

  0%|          | 0/10 [00:00<?, ?it/s]
Task 6, Epoch 1/10 => Loss 2.297, Train_accy 0.00, Test_accy 4.30:   0%|          | 0/10 [00:13<?, ?it/s]
Task 6, Epoch 1/10 => Loss 2.297, Train_accy 0.00, Test_accy 4.30:  10%|█         | 1/10 [00:13<01:59, 13.24s/it]
Task 6, Epoch 2/10 => Loss 2.274, Train_accy 0.00, Test_accy 4.41:  10%|█         | 1/10 [00:26<01:59, 13.24s/it]
Task 6, Epoch 2/10 => Loss 2.274, Train_accy 0.00, Test_accy 4.41:  20%|██        | 2/10 [00:26<01:47, 13.47s/it]
Task 6, Epoch 3/10 => Loss 2.242, Train_accy 3.84, Test_accy 4.48:  20%|██        | 2/10 [00:40<01:47, 13.47s/it]
Task 6, Epoch 3/10 => Loss 2.242, Train_accy 3.84, Test_accy 4.48:  30%|███       | 3/10 [00:40<01:34, 13.43s/it]
Task 6, Epoch 4/10 => Loss 2.218, Train_accy 15.83, Test_accy 4.41:  30%|███       | 3/10 [00:54<01:34, 13.43s/it]
Task 6, Epoch 4/10 => Loss 2.218, Train_accy 15.83, Test_accy 4.41:  40%|████      | 4/10 [00:54<01:21, 13.63s/it]
Task 6, Epoch 5/10 => Loss 2.195, Train_accy 27.58, Test_accy 4.72:  40%|████      | 4/10 [01:07<01:21, 13.63s/it]
Task 6, Epoch 5/10 => Loss 2.195, Train_accy 27.58, Test_accy 4.72:  50%|█████     | 5/10 [01:07<01:07, 13.56s/it]
Task 6, Epoch 6/10 => Loss 2.169, Train_accy 36.45, Test_accy 4.30:  50%|█████     | 5/10 [01:21<01:07, 13.56s/it]
Task 6, Epoch 6/10 => Loss 2.169, Train_accy 36.45, Test_accy 4.30:  60%|██████    | 6/10 [01:21<00:54, 13.53s/it]
Task 6, Epoch 7/10 => Loss 2.134, Train_accy 42.45, Test_accy 4.41:  60%|██████    | 6/10 [01:34<00:54, 13.53s/it]
Task 6, Epoch 7/10 => Loss 2.134, Train_accy 42.45, Test_accy 4.41:  70%|███████   | 7/10 [01:34<00:40, 13.57s/it]
Task 6, Epoch 8/10 => Loss 2.113, Train_accy 47.48, Test_accy 4.30:  70%|███████   | 7/10 [01:48<00:40, 13.57s/it]
Task 6, Epoch 8/10 => Loss 2.113, Train_accy 47.48, Test_accy 4.30:  80%|████████  | 8/10 [01:48<00:27, 13.51s/it]
Task 6, Epoch 9/10 => Loss 2.091, Train_accy 54.92, Test_accy 4.30:  80%|████████  | 8/10 [02:01<00:27, 13.51s/it]
Task 6, Epoch 9/10 => Loss 2.091, Train_accy 54.92, Test_accy 4.30:  90%|█████████ | 9/10 [02:01<00:13, 13.51s/it]
Task 6, Epoch 10/10 => Loss 2.063, Train_accy 59.47, Test_accy 4.44:  90%|█████████ | 9/10 [02:15<00:13, 13.51s/it]
Task 6, Epoch 10/10 => Loss 2.063, Train_accy 59.47, Test_accy 4.44: 100%|██████████| 10/10 [02:15<00:00, 13.50s/it]
Task 6, Epoch 10/10 => Loss 2.063, Train_accy 59.47, Test_accy 4.44: 100%|██████████| 10/10 [02:15<00:00, 13.51s/it]
2026-02-07 00:53:22,910 [finetune.py] => Task 6, Epoch 10/10 => Loss 2.063, Train_accy 59.47, Test_accy 4.44
2026-02-07 00:53:31,531 [trainer.py] => CNN: {'total': 4.44, '00-09': 0.0, '10-19': 0.0, '20-29': 0.24, '30-39': 0.51, '40-49': 0.0, '50-59': 2.18, '60-69': 28.12, 'old': 0.49, 'new': 28.12, 'harmonic': 0.96}
2026-02-07 00:53:31,532 [trainer.py] => CNN top1 curve: [9.67, 6.31, 5.95, 5.99, 4.71, 5.06, 4.44]
2026-02-07 00:53:31,532 [trainer.py] => CNN top5 curve: [48.58, 30.58, 23.07, 20.72, 18.06, 17.5, 15.38]
2026-02-07 00:53:31,532 [trainer.py] => Average Accuracy (CNN): 6.018571428571429
2026-02-07 00:53:31,533 [finetune.py] => Learning on 70-80

  0%|          | 0/10 [00:00<?, ?it/s]
Task 7, Epoch 1/10 => Loss 2.305, Train_accy 0.00, Test_accy 3.53:   0%|          | 0/10 [00:14<?, ?it/s]
Task 7, Epoch 1/10 => Loss 2.305, Train_accy 0.00, Test_accy 3.53:  10%|█         | 1/10 [00:14<02:08, 14.26s/it]
Task 7, Epoch 2/10 => Loss 2.284, Train_accy 0.00, Test_accy 3.50:  10%|█         | 1/10 [00:28<02:08, 14.26s/it]
Task 7, Epoch 2/10 => Loss 2.284, Train_accy 0.00, Test_accy 3.50:  20%|██        | 2/10 [00:28<01:53, 14.22s/it]
Task 7, Epoch 3/10 => Loss 2.262, Train_accy 2.22, Test_accy 3.71:  20%|██        | 2/10 [00:42<01:53, 14.22s/it]
Task 7, Epoch 3/10 => Loss 2.262, Train_accy 2.22, Test_accy 3.71:  30%|███       | 3/10 [00:42<01:40, 14.29s/it]
Task 7, Epoch 4/10 => Loss 2.238, Train_accy 7.88, Test_accy 3.65:  30%|███       | 3/10 [00:57<01:40, 14.29s/it]
Task 7, Epoch 4/10 => Loss 2.238, Train_accy 7.88, Test_accy 3.65:  40%|████      | 4/10 [00:57<01:26, 14.34s/it]
Task 7, Epoch 5/10 => Loss 2.214, Train_accy 11.58, Test_accy 3.50:  40%|████      | 4/10 [01:11<01:26, 14.34s/it]
Task 7, Epoch 5/10 => Loss 2.214, Train_accy 11.58, Test_accy 3.50:  50%|█████     | 5/10 [01:11<01:11, 14.30s/it]
Task 7, Epoch 6/10 => Loss 2.189, Train_accy 25.86, Test_accy 4.39:  50%|█████     | 5/10 [01:25<01:11, 14.30s/it]
Task 7, Epoch 6/10 => Loss 2.189, Train_accy 25.86, Test_accy 4.39:  60%|██████    | 6/10 [01:25<00:57, 14.28s/it]
Task 7, Epoch 7/10 => Loss 2.164, Train_accy 38.42, Test_accy 3.96:  60%|██████    | 6/10 [01:39<00:57, 14.28s/it]
Task 7, Epoch 7/10 => Loss 2.164, Train_accy 38.42, Test_accy 3.96:  70%|███████   | 7/10 [01:39<00:42, 14.26s/it]
Task 7, Epoch 8/10 => Loss 2.140, Train_accy 45.07, Test_accy 3.59:  70%|███████   | 7/10 [01:54<00:42, 14.26s/it]
Task 7, Epoch 8/10 => Loss 2.140, Train_accy 45.07, Test_accy 3.59:  80%|████████  | 8/10 [01:54<00:28, 14.33s/it]
Task 7, Epoch 9/10 => Loss 2.116, Train_accy 53.20, Test_accy 3.84:  80%|████████  | 8/10 [02:08<00:28, 14.33s/it]
Task 7, Epoch 9/10 => Loss 2.116, Train_accy 53.20, Test_accy 3.84:  90%|█████████ | 9/10 [02:08<00:14, 14.27s/it]
Task 7, Epoch 10/10 => Loss 2.095, Train_accy 59.11, Test_accy 4.02:  90%|█████████ | 9/10 [02:22<00:14, 14.27s/it]
Task 7, Epoch 10/10 => Loss 2.095, Train_accy 59.11, Test_accy 4.02: 100%|██████████| 10/10 [02:22<00:00, 14.28s/it]
Task 7, Epoch 10/10 => Loss 2.095, Train_accy 59.11, Test_accy 4.02: 100%|██████████| 10/10 [02:22<00:00, 14.29s/it]
2026-02-07 00:55:54,412 [finetune.py] => Task 7, Epoch 10/10 => Loss 2.095, Train_accy 59.11, Test_accy 4.02
2026-02-07 00:56:04,074 [trainer.py] => CNN: {'total': 4.02, '00-09': 0.0, '10-19': 0.0, '20-29': 0.0, '30-39': 0.0, '40-49': 0.25, '50-59': 0.48, '60-69': 5.13, '70-79': 26.82, 'old': 0.84, 'new': 26.82, 'harmonic': 1.63}
2026-02-07 00:56:04,075 [trainer.py] => CNN top1 curve: [9.67, 6.31, 5.95, 5.99, 4.71, 5.06, 4.44, 4.02]
2026-02-07 00:56:04,075 [trainer.py] => CNN top5 curve: [48.58, 30.58, 23.07, 20.72, 18.06, 17.5, 15.38, 13.96]
2026-02-07 00:56:04,075 [trainer.py] => Average Accuracy (CNN): 5.768750000000001
2026-02-07 00:56:04,077 [finetune.py] => Learning on 80-90

  0%|          | 0/10 [00:00<?, ?it/s]
Task 8, Epoch 1/10 => Loss 2.303, Train_accy 0.24, Test_accy 3.64:   0%|          | 0/10 [00:15<?, ?it/s]
Task 8, Epoch 1/10 => Loss 2.303, Train_accy 0.24, Test_accy 3.64:  10%|█         | 1/10 [00:15<02:21, 15.69s/it]
Task 8, Epoch 2/10 => Loss 2.277, Train_accy 0.47, Test_accy 3.53:  10%|█         | 1/10 [00:31<02:21, 15.69s/it]
Task 8, Epoch 2/10 => Loss 2.277, Train_accy 0.47, Test_accy 3.53:  20%|██        | 2/10 [00:31<02:04, 15.62s/it]
Task 8, Epoch 3/10 => Loss 2.250, Train_accy 4.26, Test_accy 3.62:  20%|██        | 2/10 [00:46<02:04, 15.62s/it]
Task 8, Epoch 3/10 => Loss 2.250, Train_accy 4.26, Test_accy 3.62:  30%|███       | 3/10 [00:46<01:49, 15.64s/it]
Task 8, Epoch 4/10 => Loss 2.229, Train_accy 10.17, Test_accy 3.62:  30%|███       | 3/10 [01:02<01:49, 15.64s/it]
Task 8, Epoch 4/10 => Loss 2.229, Train_accy 10.17, Test_accy 3.62:  40%|████      | 4/10 [01:02<01:33, 15.65s/it]
Task 8, Epoch 5/10 => Loss 2.201, Train_accy 22.22, Test_accy 4.27:  40%|████      | 4/10 [01:18<01:33, 15.65s/it]
Task 8, Epoch 5/10 => Loss 2.201, Train_accy 22.22, Test_accy 4.27:  50%|█████     | 5/10 [01:18<01:18, 15.71s/it]
Task 8, Epoch 6/10 => Loss 2.177, Train_accy 37.35, Test_accy 3.86:  50%|█████     | 5/10 [01:33<01:18, 15.71s/it]
Task 8, Epoch 6/10 => Loss 2.177, Train_accy 37.35, Test_accy 3.86:  60%|██████    | 6/10 [01:33<01:02, 15.66s/it]
Task 8, Epoch 7/10 => Loss 2.148, Train_accy 46.81, Test_accy 3.72:  60%|██████    | 6/10 [01:49<01:02, 15.66s/it]
Task 8, Epoch 7/10 => Loss 2.148, Train_accy 46.81, Test_accy 3.72:  70%|███████   | 7/10 [01:49<00:47, 15.77s/it]
Task 8, Epoch 8/10 => Loss 2.121, Train_accy 54.61, Test_accy 3.89:  70%|███████   | 7/10 [02:05<00:47, 15.77s/it]
Task 8, Epoch 8/10 => Loss 2.121, Train_accy 54.61, Test_accy 3.89:  80%|████████  | 8/10 [02:05<00:31, 15.73s/it]
Task 8, Epoch 9/10 => Loss 2.101, Train_accy 62.17, Test_accy 3.67:  80%|████████  | 8/10 [02:21<00:31, 15.73s/it]
Task 8, Epoch 9/10 => Loss 2.101, Train_accy 62.17, Test_accy 3.67:  90%|█████████ | 9/10 [02:21<00:15, 15.78s/it]
Task 8, Epoch 10/10 => Loss 2.074, Train_accy 67.14, Test_accy 3.56:  90%|█████████ | 9/10 [02:37<00:15, 15.78s/it]
Task 8, Epoch 10/10 => Loss 2.074, Train_accy 67.14, Test_accy 3.56: 100%|██████████| 10/10 [02:37<00:00, 15.83s/it]
Task 8, Epoch 10/10 => Loss 2.074, Train_accy 67.14, Test_accy 3.56: 100%|██████████| 10/10 [02:37<00:00, 15.74s/it]
2026-02-07 00:58:41,530 [finetune.py] => Task 8, Epoch 10/10 => Loss 2.074, Train_accy 67.14, Test_accy 3.56
2026-02-07 00:58:52,245 [trainer.py] => CNN: {'total': 3.56, '00-09': 0.24, '10-19': 0.0, '20-29': 0.0, '30-39': 0.0, '40-49': 0.0, '50-59': 0.0, '60-69': 1.71, '70-79': 3.76, '80-89': 25.78, 'old': 0.71, 'new': 25.78, 'harmonic': 1.38}
2026-02-07 00:58:52,245 [trainer.py] => CNN top1 curve: [9.67, 6.31, 5.95, 5.99, 4.71, 5.06, 4.44, 4.02, 3.56]
2026-02-07 00:58:52,245 [trainer.py] => CNN top5 curve: [48.58, 30.58, 23.07, 20.72, 18.06, 17.5, 15.38, 13.96, 12.59]
2026-02-07 00:58:52,245 [trainer.py] => Average Accuracy (CNN): 5.523333333333334
2026-02-07 00:58:52,247 [finetune.py] => Learning on 90-100

  0%|          | 0/10 [00:00<?, ?it/s]
Task 9, Epoch 1/10 => Loss 2.296, Train_accy 0.00, Test_accy 3.38:   0%|          | 0/10 [00:16<?, ?it/s]
Task 9, Epoch 1/10 => Loss 2.296, Train_accy 0.00, Test_accy 3.38:  10%|█         | 1/10 [00:16<02:26, 16.29s/it]
Task 9, Epoch 2/10 => Loss 2.270, Train_accy 0.73, Test_accy 3.60:  10%|█         | 1/10 [00:32<02:26, 16.29s/it]
Task 9, Epoch 2/10 => Loss 2.270, Train_accy 0.73, Test_accy 3.60:  20%|██        | 2/10 [00:32<02:11, 16.42s/it]
Task 9, Epoch 3/10 => Loss 2.243, Train_accy 4.88, Test_accy 3.50:  20%|██        | 2/10 [00:49<02:11, 16.42s/it]
Task 9, Epoch 3/10 => Loss 2.243, Train_accy 4.88, Test_accy 3.50:  30%|███       | 3/10 [00:49<01:54, 16.38s/it]
Task 9, Epoch 4/10 => Loss 2.218, Train_accy 16.10, Test_accy 3.94:  30%|███       | 3/10 [01:05<01:54, 16.38s/it]
Task 9, Epoch 4/10 => Loss 2.218, Train_accy 16.10, Test_accy 3.94:  40%|████      | 4/10 [01:05<01:38, 16.45s/it]
Task 9, Epoch 5/10 => Loss 2.191, Train_accy 27.56, Test_accy 4.09:  40%|████      | 4/10 [01:21<01:38, 16.45s/it]
Task 9, Epoch 5/10 => Loss 2.191, Train_accy 27.56, Test_accy 4.09:  50%|█████     | 5/10 [01:21<01:21, 16.39s/it]
Task 9, Epoch 6/10 => Loss 2.161, Train_accy 42.68, Test_accy 3.70:  50%|█████     | 5/10 [01:38<01:21, 16.39s/it]
Task 9, Epoch 6/10 => Loss 2.161, Train_accy 42.68, Test_accy 3.70:  60%|██████    | 6/10 [01:38<01:05, 16.45s/it]
Task 9, Epoch 7/10 => Loss 2.122, Train_accy 56.83, Test_accy 4.34:  60%|██████    | 6/10 [01:54<01:05, 16.45s/it]
Task 9, Epoch 7/10 => Loss 2.122, Train_accy 56.83, Test_accy 4.34:  70%|███████   | 7/10 [01:54<00:49, 16.38s/it]
Task 9, Epoch 8/10 => Loss 2.100, Train_accy 64.39, Test_accy 3.75:  70%|███████   | 7/10 [02:11<00:49, 16.38s/it]
Task 9, Epoch 8/10 => Loss 2.100, Train_accy 64.39, Test_accy 3.75:  80%|████████  | 8/10 [02:11<00:32, 16.42s/it]
Task 9, Epoch 9/10 => Loss 2.072, Train_accy 72.20, Test_accy 3.48:  80%|████████  | 8/10 [02:27<00:32, 16.42s/it]
Task 9, Epoch 9/10 => Loss 2.072, Train_accy 72.20, Test_accy 3.48:  90%|█████████ | 9/10 [02:27<00:16, 16.43s/it]
Task 9, Epoch 10/10 => Loss 2.045, Train_accy 75.12, Test_accy 3.89:  90%|█████████ | 9/10 [02:44<00:16, 16.43s/it]
Task 9, Epoch 10/10 => Loss 2.045, Train_accy 75.12, Test_accy 3.89: 100%|██████████| 10/10 [02:44<00:00, 16.41s/it]
Task 9, Epoch 10/10 => Loss 2.045, Train_accy 75.12, Test_accy 3.89: 100%|██████████| 10/10 [02:44<00:00, 16.41s/it]
2026-02-07 01:01:36,372 [finetune.py] => Task 9, Epoch 10/10 => Loss 2.045, Train_accy 75.12, Test_accy 3.89
2026-02-07 01:01:48,131 [trainer.py] => CNN: {'total': 3.89, '00-09': 0.0, '10-19': 0.0, '20-29': 0.0, '30-39': 0.26, '40-49': 0.0, '50-59': 0.0, '60-69': 0.73, '70-79': 1.75, '80-89': 2.15, '90-99': 34.32, 'old': 0.54, 'new': 34.32, 'harmonic': 1.06}
2026-02-07 01:01:48,131 [trainer.py] => CNN top1 curve: [9.67, 6.31, 5.95, 5.99, 4.71, 5.06, 4.44, 4.02, 3.56, 3.89]
2026-02-07 01:01:48,131 [trainer.py] => CNN top5 curve: [48.58, 30.58, 23.07, 20.72, 18.06, 17.5, 15.38, 13.96, 12.59, 12.05]
2026-02-07 01:01:48,131 [trainer.py] => Average Accuracy (CNN): 5.360000000000001

========================================
Finished cars_init10_inc10
Backbone: OpenCLIP_LAION400M
Average Accuracy (Top1): 5.36
Last Accuracy: 3.89
========================================

2026-02-08 16:26:41,425 [trainer.py] => config: ./configs/finetune/finetune_cars_B50_Inc10.json
2026-02-08 16:26:41,425 [trainer.py] => prefix: -
2026-02-08 16:26:41,426 [trainer.py] => dataset: cars
2026-02-08 16:26:41,426 [trainer.py] => memory_size: 0
2026-02-08 16:26:41,426 [trainer.py] => memory_per_class: 0
2026-02-08 16:26:41,426 [trainer.py] => fixed_memory: False
2026-02-08 16:26:41,426 [trainer.py] => shuffle: True
2026-02-08 16:26:41,426 [trainer.py] => init_cls: 50
2026-02-08 16:26:41,426 [trainer.py] => increment: 10
2026-02-08 16:26:41,426 [trainer.py] => model_name: finetune
2026-02-08 16:26:41,426 [trainer.py] => backbone_type: clip
2026-02-08 16:26:41,426 [trainer.py] => device: [device(type='cuda', index=7)]
2026-02-08 16:26:41,426 [trainer.py] => seed: 1993
2026-02-08 16:26:41,426 [trainer.py] => init_epoch: 10
2026-02-08 16:26:41,426 [trainer.py] => init_lr: 0.001
2026-02-08 16:26:41,426 [trainer.py] => init_milestones: [60, 120, 170]
2026-02-08 16:26:41,426 [trainer.py] => init_lr_decay: 0.1
2026-02-08 16:26:41,426 [trainer.py] => init_weight_decay: 0.0005
2026-02-08 16:26:41,426 [trainer.py] => epochs: 10
2026-02-08 16:26:41,426 [trainer.py] => lrate: 0.001
2026-02-08 16:26:41,426 [trainer.py] => milestones: [40, 70]
2026-02-08 16:26:41,426 [trainer.py] => lrate_decay: 0.1
2026-02-08 16:26:41,426 [trainer.py] => batch_size: 128
2026-02-08 16:26:41,426 [trainer.py] => weight_decay: 0.0002
2026-02-08 16:26:41,426 [trainer.py] => total_class_num: 100
['AM General Hummer SUV 2000', 'Acura Integra Type R 2001', 'Acura RL Sedan 2012', 'Acura TL Sedan 2012', 'Acura TL Type-S 2008', 'Acura TSX Sedan 2012', 'Acura ZDX Hatchback 2012', 'Aston Martin V8 Vantage Convertible 2012', 'Aston Martin V8 Vantage Coupe 2012', 'Aston Martin Virage Convertible 2012', 'Aston Martin Virage Coupe 2012', 'Audi 100 Sedan 1994', 'Audi 100 Wagon 1994', 'Audi A5 Coupe 2012', 'Audi R8 Coupe 2012', 'Audi RS 4 Convertible 2008', 'Audi S4 Sedan 2007', 'Audi S4 Sedan 2012', 'Audi S5 Convertible 2012', 'Audi S5 Coupe 2012', 'Audi S6 Sedan 2011', 'Audi TTS Coupe 2012', 'Audi TT Hatchback 2011', 'Audi TT RS Coupe 2012', 'Audi V8 Sedan 1994', 'BMW 1 Series Convertible 2012', 'BMW 1 Series Coupe 2012', 'BMW 3 Series Sedan 2012', 'BMW 3 Series Wagon 2012', 'BMW 6 Series Convertible 2007', 'BMW ActiveHybrid 5 Sedan 2012', 'BMW M3 Coupe 2012', 'BMW M5 Sedan 2010', 'BMW M6 Convertible 2010', 'BMW X3 SUV 2012', 'BMW X5 SUV 2007', 'BMW X6 SUV 2012', 'BMW Z4 Convertible 2012', 'Bentley Arnage Sedan 2009', 'Bentley Continental Flying Spur Sedan 2007', 'Bentley Continental GT Coupe 2007', 'Bentley Continental GT Coupe 2012', 'Bentley Continental Supersports Conv. Convertible 2012', 'Bentley Mulsanne Sedan 2011', 'Bugatti Veyron 16.4 Convertible 2009', 'Bugatti Veyron 16.4 Coupe 2009', 'Buick Enclave SUV 2012', 'Buick Rainier SUV 2007', 'Buick Regal GS 2012', 'Buick Verano Sedan 2012', 'Cadillac CTS-V Sedan 2012', 'Cadillac Escalade EXT Crew Cab 2007', 'Cadillac SRX SUV 2012', 'Chevrolet Avalanche Crew Cab 2012', 'Chevrolet Camaro Convertible 2012', 'Chevrolet Cobalt SS 2010', 'Chevrolet Corvette Convertible 2012', 'Chevrolet Corvette Ron Fellows Edition Z06 2007', 'Chevrolet Corvette ZR1 2012', 'Chevrolet Express Cargo Van 2007', 'Chevrolet Express Van 2007', 'Chevrolet HHR SS 2010', 'Chevrolet Impala Sedan 2007', 'Chevrolet Malibu Hybrid Sedan 2010', 'Chevrolet Malibu Sedan 2007', 'Chevrolet Monte Carlo Coupe 2007', 'Chevrolet Silverado 1500 Classic Extended Cab 2007', 'Chevrolet Silverado 1500 Extended Cab 2012', 'Chevrolet Silverado 1500 Hybrid Crew Cab 2012', 'Chevrolet Silverado 1500 Regular Cab 2012', 'Chevrolet Silverado 2500HD Regular Cab 2012', 'Chevrolet Sonic Sedan 2012', 'Chevrolet Tahoe Hybrid SUV 2012', 'Chevrolet TrailBlazer SS 2009', 'Chevrolet Traverse SUV 2012', 'Chrysler 300 SRT-8 2010', 'Chrysler Aspen SUV 2009', 'Chrysler Crossfire Convertible 2008', 'Chrysler PT Cruiser Convertible 2008', 'Chrysler Sebring Convertible 2010', 'Chrysler Town and Country Minivan 2012', 'Daewoo Nubira Wagon 2002', 'Dodge Caliber Wagon 2007', 'Dodge Caliber Wagon 2012', 'Dodge Caravan Minivan 1997', 'Dodge Challenger SRT8 2011', 'Dodge Charger SRT-8 2009', 'Dodge Charger Sedan 2012', 'Dodge Dakota Club Cab 2007', 'Dodge Dakota Crew Cab 2010', 'Dodge Durango SUV 2007', 'Dodge Durango SUV 2012', 'Dodge Journey SUV 2012', 'Dodge Magnum Wagon 2008', 'Dodge Ram Pickup 3500 Crew Cab 2010', 'Dodge Ram Pickup 3500 Quad Cab 2009', 'Dodge Sprinter Cargo Van 2009', 'Eagle Talon Hatchback 1998', 'FIAT 500 Abarth 2012', 'FIAT 500 Convertible 2012', 'Ferrari 458 Italia Convertible 2012', 'Ferrari 458 Italia Coupe 2012']
['a photo of a {}.', 'a photo of the {}.', 'a photo of my {}.', 'i love my {}!', 'a photo of my dirty {}.', 'a photo of my clean {}.', 'a photo of my new {}.', 'a photo of my old {}.']
{'AM_General_Hummer_SUV_2000': 0, 'Acura_Integra_Type_R_2001': 1, 'Acura_RL_Sedan_2012': 2, 'Acura_TL_Sedan_2012': 3, 'Acura_TL_Type-S_2008': 4, 'Acura_TSX_Sedan_2012': 5, 'Acura_ZDX_Hatchback_2012': 6, 'Aston_Martin_V8_Vantage_Convertible_2012': 7, 'Aston_Martin_V8_Vantage_Coupe_2012': 8, 'Aston_Martin_Virage_Convertible_2012': 9, 'Aston_Martin_Virage_Coupe_2012': 10, 'Audi_100_Sedan_1994': 11, 'Audi_100_Wagon_1994': 12, 'Audi_A5_Coupe_2012': 13, 'Audi_R8_Coupe_2012': 14, 'Audi_RS_4_Convertible_2008': 15, 'Audi_S4_Sedan_2007': 16, 'Audi_S4_Sedan_2012': 17, 'Audi_S5_Convertible_2012': 18, 'Audi_S5_Coupe_2012': 19, 'Audi_S6_Sedan_2011': 20, 'Audi_TTS_Coupe_2012': 21, 'Audi_TT_Hatchback_2011': 22, 'Audi_TT_RS_Coupe_2012': 23, 'Audi_V8_Sedan_1994': 24, 'BMW_1_Series_Convertible_2012': 25, 'BMW_1_Series_Coupe_2012': 26, 'BMW_3_Series_Sedan_2012': 27, 'BMW_3_Series_Wagon_2012': 28, 'BMW_6_Series_Convertible_2007': 29, 'BMW_ActiveHybrid_5_Sedan_2012': 30, 'BMW_M3_Coupe_2012': 31, 'BMW_M5_Sedan_2010': 32, 'BMW_M6_Convertible_2010': 33, 'BMW_X3_SUV_2012': 34, 'BMW_X5_SUV_2007': 35, 'BMW_X6_SUV_2012': 36, 'BMW_Z4_Convertible_2012': 37, 'Bentley_Arnage_Sedan_2009': 38, 'Bentley_Continental_Flying_Spur_Sedan_2007': 39, 'Bentley_Continental_GT_Coupe_2007': 40, 'Bentley_Continental_GT_Coupe_2012': 41, 'Bentley_Continental_Supersports_Conv._Convertible_2012': 42, 'Bentley_Mulsanne_Sedan_2011': 43, 'Bugatti_Veyron_16.4_Convertible_2009': 44, 'Bugatti_Veyron_16.4_Coupe_2009': 45, 'Buick_Enclave_SUV_2012': 46, 'Buick_Rainier_SUV_2007': 47, 'Buick_Regal_GS_2012': 48, 'Buick_Verano_Sedan_2012': 49, 'Cadillac_CTS-V_Sedan_2012': 50, 'Cadillac_Escalade_EXT_Crew_Cab_2007': 51, 'Cadillac_SRX_SUV_2012': 52, 'Chevrolet_Avalanche_Crew_Cab_2012': 53, 'Chevrolet_Camaro_Convertible_2012': 54, 'Chevrolet_Cobalt_SS_2010': 55, 'Chevrolet_Corvette_Convertible_2012': 56, 'Chevrolet_Corvette_Ron_Fellows_Edition_Z06_2007': 57, 'Chevrolet_Corvette_ZR1_2012': 58, 'Chevrolet_Express_Cargo_Van_2007': 59, 'Chevrolet_Express_Van_2007': 60, 'Chevrolet_HHR_SS_2010': 61, 'Chevrolet_Impala_Sedan_2007': 62, 'Chevrolet_Malibu_Hybrid_Sedan_2010': 63, 'Chevrolet_Malibu_Sedan_2007': 64, 'Chevrolet_Monte_Carlo_Coupe_2007': 65, 'Chevrolet_Silverado_1500_Classic_Extended_Cab_2007': 66, 'Chevrolet_Silverado_1500_Extended_Cab_2012': 67, 'Chevrolet_Silverado_1500_Hybrid_Crew_Cab_2012': 68, 'Chevrolet_Silverado_1500_Regular_Cab_2012': 69, 'Chevrolet_Silverado_2500HD_Regular_Cab_2012': 70, 'Chevrolet_Sonic_Sedan_2012': 71, 'Chevrolet_Tahoe_Hybrid_SUV_2012': 72, 'Chevrolet_TrailBlazer_SS_2009': 73, 'Chevrolet_Traverse_SUV_2012': 74, 'Chrysler_300_SRT-8_2010': 75, 'Chrysler_Aspen_SUV_2009': 76, 'Chrysler_Crossfire_Convertible_2008': 77, 'Chrysler_PT_Cruiser_Convertible_2008': 78, 'Chrysler_Sebring_Convertible_2010': 79, 'Chrysler_Town_and_Country_Minivan_2012': 80, 'Daewoo_Nubira_Wagon_2002': 81, 'Dodge_Caliber_Wagon_2007': 82, 'Dodge_Caliber_Wagon_2012': 83, 'Dodge_Caravan_Minivan_1997': 84, 'Dodge_Challenger_SRT8_2011': 85, 'Dodge_Charger_SRT-8_2009': 86, 'Dodge_Charger_Sedan_2012': 87, 'Dodge_Dakota_Club_Cab_2007': 88, 'Dodge_Dakota_Crew_Cab_2010': 89, 'Dodge_Durango_SUV_2007': 90, 'Dodge_Durango_SUV_2012': 91, 'Dodge_Journey_SUV_2012': 92, 'Dodge_Magnum_Wagon_2008': 93, 'Dodge_Ram_Pickup_3500_Crew_Cab_2010': 94, 'Dodge_Ram_Pickup_3500_Quad_Cab_2009': 95, 'Dodge_Sprinter_Cargo_Van_2009': 96, 'Eagle_Talon_Hatchback_1998': 97, 'Ferrari_458_Italia_Convertible_2012': 98, 'Ferrari_458_Italia_Coupe_2012': 99}
2026-02-08 16:26:41,512 [data_manager.py] => [68, 56, 78, 8, 23, 84, 90, 65, 74, 76, 40, 89, 3, 92, 55, 9, 26, 80, 43, 38, 58, 70, 77, 1, 85, 19, 17, 50, 28, 53, 13, 81, 45, 82, 6, 59, 83, 16, 15, 44, 91, 41, 72, 60, 79, 52, 20, 10, 31, 54, 37, 95, 14, 71, 96, 98, 97, 2, 64, 66, 42, 22, 35, 86, 24, 34, 87, 21, 99, 0, 88, 27, 18, 94, 11, 12, 47, 25, 30, 46, 62, 69, 36, 61, 7, 63, 75, 5, 32, 4, 51, 48, 73, 93, 39, 67, 29, 49, 57, 33]
After shuffle, class_to_label is:  ['Chevrolet Silverado 1500 Hybrid Crew Cab 2012', 'Chevrolet Corvette Convertible 2012', 'Chrysler PT Cruiser Convertible 2008', 'Aston Martin V8 Vantage Coupe 2012', 'Audi TT RS Coupe 2012', 'Dodge Caravan Minivan 1997', 'Dodge Durango SUV 2007', 'Chevrolet Monte Carlo Coupe 2007', 'Chevrolet Traverse SUV 2012', 'Chrysler Aspen SUV 2009', 'Bentley Continental GT Coupe 2007', 'Dodge Dakota Crew Cab 2010', 'Acura TL Sedan 2012', 'Dodge Journey SUV 2012', 'Chevrolet Cobalt SS 2010', 'Aston Martin Virage Convertible 2012', 'BMW 1 Series Coupe 2012', 'Chrysler Town and Country Minivan 2012', 'Bentley Mulsanne Sedan 2011', 'Bentley Arnage Sedan 2009', 'Chevrolet Corvette ZR1 2012', 'Chevrolet Silverado 2500HD Regular Cab 2012', 'Chrysler Crossfire Convertible 2008', 'Acura Integra Type R 2001', 'Dodge Challenger SRT8 2011', 'Audi S5 Coupe 2012', 'Audi S4 Sedan 2012', 'Cadillac CTS-V Sedan 2012', 'BMW 3 Series Wagon 2012', 'Chevrolet Avalanche Crew Cab 2012', 'Audi A5 Coupe 2012', 'Daewoo Nubira Wagon 2002', 'Bugatti Veyron 16.4 Coupe 2009', 'Dodge Caliber Wagon 2007', 'Acura ZDX Hatchback 2012', 'Chevrolet Express Cargo Van 2007', 'Dodge Caliber Wagon 2012', 'Audi S4 Sedan 2007', 'Audi RS 4 Convertible 2008', 'Bugatti Veyron 16.4 Convertible 2009', 'Dodge Durango SUV 2012', 'Bentley Continental GT Coupe 2012', 'Chevrolet Tahoe Hybrid SUV 2012', 'Chevrolet Express Van 2007', 'Chrysler Sebring Convertible 2010', 'Cadillac SRX SUV 2012', 'Audi S6 Sedan 2011', 'Aston Martin Virage Coupe 2012', 'BMW M3 Coupe 2012', 'Chevrolet Camaro Convertible 2012', 'BMW Z4 Convertible 2012', 'Dodge Ram Pickup 3500 Quad Cab 2009', 'Audi R8 Coupe 2012', 'Chevrolet Sonic Sedan 2012', 'Dodge Sprinter Cargo Van 2009', 'FIAT 500 Abarth 2012', 'Eagle Talon Hatchback 1998', 'Acura RL Sedan 2012', 'Chevrolet Malibu Sedan 2007', 'Chevrolet Silverado 1500 Classic Extended Cab 2007', 'Bentley Continental Supersports Conv. Convertible 2012', 'Audi TT Hatchback 2011', 'BMW X5 SUV 2007', 'Dodge Charger SRT-8 2009', 'Audi V8 Sedan 1994', 'BMW X3 SUV 2012', 'Dodge Charger Sedan 2012', 'Audi TTS Coupe 2012', 'FIAT 500 Convertible 2012', 'AM General Hummer SUV 2000', 'Dodge Dakota Club Cab 2007', 'BMW 3 Series Sedan 2012', 'Audi S5 Convertible 2012', 'Dodge Ram Pickup 3500 Crew Cab 2010', 'Audi 100 Sedan 1994', 'Audi 100 Wagon 1994', 'Buick Rainier SUV 2007', 'BMW 1 Series Convertible 2012', 'BMW ActiveHybrid 5 Sedan 2012', 'Buick Enclave SUV 2012', 'Chevrolet Impala Sedan 2007', 'Chevrolet Silverado 1500 Regular Cab 2012', 'BMW X6 SUV 2012', 'Chevrolet HHR SS 2010', 'Aston Martin V8 Vantage Convertible 2012', 'Chevrolet Malibu Hybrid Sedan 2010', 'Chrysler 300 SRT-8 2010', 'Acura TSX Sedan 2012', 'BMW M5 Sedan 2010', 'Acura TL Type-S 2008', 'Cadillac Escalade EXT Crew Cab 2007', 'Buick Regal GS 2012', 'Chevrolet TrailBlazer SS 2009', 'Dodge Magnum Wagon 2008', 'Bentley Continental Flying Spur Sedan 2007', 'Chevrolet Silverado 1500 Extended Cab 2012', 'BMW 6 Series Convertible 2007', 'Buick Verano Sedan 2012', 'Chevrolet Corvette Ron Fellows Edition Z06 2007', 'BMW M6 Convertible 2010']
Training class stages: [50, 10, 10, 10, 10, 10]
Using CLIP model as the backbone
2026-02-08 16:26:42,646 [instantiator.py] => Created a temporary directory at /tmp/tmpb44c5sxq
2026-02-08 16:26:42,646 [instantiator.py] => Writing /tmp/tmpb44c5sxq/_remote_module_non_scriptable.py
2026-02-08 16:26:42,778 [factory.py] => Loaded ViT-B-16 model config.
2026-02-08 16:26:44,180 [factory.py] => Loading pretrained ViT-B-16 weights (/home/team/zhaohongwei/pretrained_models/open_clip_pytorch_model_laion400m_e32.bin).
/home/team/zhaohongwei/anaconda3/envs/mmcl/lib/python3.10/site-packages/torch/_utils.py:776: UserWarning: TypedStorage is deprecated. It will be removed in the future and UntypedStorage will be the only storage class. This should only matter to you if you are using storages directly.  To access UntypedStorage directly, use tensor.untyped_storage() instead of tensor.storage()
  return self.fget.__get__(instance, owner)()
Using CLIP model as the backbone
2026-02-08 16:26:44,614 [factory.py] => Loaded ViT-B-16 model config.
2026-02-08 16:26:45,912 [factory.py] => Loading pretrained ViT-B-16 weights (/home/team/zhaohongwei/pretrained_models/open_clip_pytorch_model_laion400m_e32.bin).
2026-02-08 16:26:46,351 [finetune.py] => Learning on 0-50

  0%|          | 0/10 [00:00<?, ?it/s]
Task 0, Epoch 1/10 => Loss 3.908, Train_accy 3.35, Test_accy 5.00:   0%|          | 0/10 [00:24<?, ?it/s]
Task 0, Epoch 1/10 => Loss 3.908, Train_accy 3.35, Test_accy 5.00:  10%|█         | 1/10 [00:24<03:41, 24.64s/it]
Task 0, Epoch 2/10 => Loss 3.886, Train_accy 6.45:  10%|█         | 1/10 [00:42<03:41, 24.64s/it]                
Task 0, Epoch 2/10 => Loss 3.886, Train_accy 6.45:  20%|██        | 2/10 [00:42<02:46, 20.77s/it]
Task 0, Epoch 3/10 => Loss 3.858, Train_accy 15.43:  20%|██        | 2/10 [01:00<02:46, 20.77s/it]
Task 0, Epoch 3/10 => Loss 3.858, Train_accy 15.43:  30%|███       | 3/10 [01:00<02:17, 19.61s/it]
Task 0, Epoch 4/10 => Loss 3.824, Train_accy 28.68:  30%|███       | 3/10 [01:19<02:17, 19.61s/it]
Task 0, Epoch 4/10 => Loss 3.824, Train_accy 28.68:  40%|████      | 4/10 [01:19<01:54, 19.03s/it]
Task 0, Epoch 5/10 => Loss 3.786, Train_accy 40.66:  40%|████      | 4/10 [01:37<01:54, 19.03s/it]
Task 0, Epoch 5/10 => Loss 3.786, Train_accy 40.66:  50%|█████     | 5/10 [01:37<01:33, 18.68s/it]
Task 0, Epoch 6/10 => Loss 3.833, Train_accy 25.33, Test_accy 2.55:  50%|█████     | 5/10 [02:01<01:33, 18.68s/it]
Task 0, Epoch 6/10 => Loss 3.833, Train_accy 25.33, Test_accy 2.55:  60%|██████    | 6/10 [02:01<01:22, 20.73s/it]
Task 0, Epoch 7/10 => Loss 3.910, Train_accy 2.23:  60%|██████    | 6/10 [02:20<01:22, 20.73s/it]                 
Task 0, Epoch 7/10 => Loss 3.910, Train_accy 2.23:  70%|███████   | 7/10 [02:20<00:59, 19.93s/it]
Task 0, Epoch 8/10 => Loss 3.907, Train_accy 2.33:  70%|███████   | 7/10 [02:38<00:59, 19.93s/it]
Task 0, Epoch 8/10 => Loss 3.907, Train_accy 2.33:  80%|████████  | 8/10 [02:38<00:38, 19.30s/it]
Task 0, Epoch 9/10 => Loss 3.902, Train_accy 3.20:  80%|████████  | 8/10 [02:56<00:38, 19.30s/it]
Task 0, Epoch 9/10 => Loss 3.902, Train_accy 3.20:  90%|█████████ | 9/10 [02:56<00:19, 19.07s/it]
Task 0, Epoch 10/10 => Loss 3.896, Train_accy 3.20:  90%|█████████ | 9/10 [03:14<00:19, 19.07s/it]
Task 0, Epoch 10/10 => Loss 3.896, Train_accy 3.20: 100%|██████████| 10/10 [03:14<00:00, 18.79s/it]
Task 0, Epoch 10/10 => Loss 3.896, Train_accy 3.20: 100%|██████████| 10/10 [03:14<00:00, 19.48s/it]
2026-02-08 16:30:01,700 [finetune.py] => Task 0, Epoch 10/10 => Loss 3.896, Train_accy 3.20
2026-02-08 16:30:08,350 [trainer.py] => CNN: {'total': 2.75, '00-09': 9.67, '10-19': 0.25, '20-29': 2.14, '30-39': 1.02, '40-49': 0.25, 'old': 0, 'new': 2.75, 'harmonic': 0.0}
2026-02-08 16:30:08,350 [trainer.py] => CNN top1 curve: [2.75]
2026-02-08 16:30:08,350 [trainer.py] => CNN top5 curve: [13.94]
2026-02-08 16:30:08,350 [trainer.py] => Average Accuracy (CNN): 2.75
2026-02-08 16:30:08,352 [finetune.py] => Learning on 50-60

  0%|          | 0/10 [00:00<?, ?it/s]
Task 1, Epoch 1/10 => Loss 2.301, Train_accy 0.00, Test_accy 2.28:   0%|          | 0/10 [00:12<?, ?it/s]
Task 1, Epoch 1/10 => Loss 2.301, Train_accy 0.00, Test_accy 2.28:  10%|█         | 1/10 [00:12<01:53, 12.66s/it]
Task 1, Epoch 2/10 => Loss 2.294, Train_accy 0.00, Test_accy 2.45:  10%|█         | 1/10 [00:24<01:53, 12.66s/it]
Task 1, Epoch 2/10 => Loss 2.294, Train_accy 0.00, Test_accy 2.45:  20%|██        | 2/10 [00:24<01:39, 12.43s/it]
Task 1, Epoch 3/10 => Loss 2.285, Train_accy 0.00, Test_accy 2.41:  20%|██        | 2/10 [00:37<01:39, 12.43s/it]
Task 1, Epoch 3/10 => Loss 2.285, Train_accy 0.00, Test_accy 2.41:  30%|███       | 3/10 [00:37<01:27, 12.55s/it]
Task 1, Epoch 4/10 => Loss 2.269, Train_accy 0.24, Test_accy 2.16:  30%|███       | 3/10 [00:49<01:27, 12.55s/it]
Task 1, Epoch 4/10 => Loss 2.269, Train_accy 0.24, Test_accy 2.16:  40%|████      | 4/10 [00:49<01:14, 12.45s/it]
Task 1, Epoch 5/10 => Loss 2.261, Train_accy 5.98, Test_accy 2.20:  40%|████      | 4/10 [01:02<01:14, 12.45s/it]
Task 1, Epoch 5/10 => Loss 2.261, Train_accy 5.98, Test_accy 2.20:  50%|█████     | 5/10 [01:02<01:02, 12.52s/it]
Task 1, Epoch 6/10 => Loss 2.244, Train_accy 17.70, Test_accy 2.69:  50%|█████     | 5/10 [01:15<01:02, 12.52s/it]
Task 1, Epoch 6/10 => Loss 2.244, Train_accy 17.70, Test_accy 2.69:  60%|██████    | 6/10 [01:15<00:50, 12.63s/it]
Task 1, Epoch 7/10 => Loss 2.234, Train_accy 26.79, Test_accy 3.22:  60%|██████    | 6/10 [01:27<00:50, 12.63s/it]
Task 1, Epoch 7/10 => Loss 2.234, Train_accy 26.79, Test_accy 3.22:  70%|███████   | 7/10 [01:27<00:37, 12.50s/it]
Task 1, Epoch 8/10 => Loss 2.225, Train_accy 29.67, Test_accy 3.79:  70%|███████   | 7/10 [01:39<00:37, 12.50s/it]
Task 1, Epoch 8/10 => Loss 2.225, Train_accy 29.67, Test_accy 3.79:  80%|████████  | 8/10 [01:39<00:24, 12.39s/it]
Task 1, Epoch 9/10 => Loss 2.202, Train_accy 35.89, Test_accy 3.63:  80%|████████  | 8/10 [01:52<00:24, 12.39s/it]
Task 1, Epoch 9/10 => Loss 2.202, Train_accy 35.89, Test_accy 3.63:  90%|█████████ | 9/10 [01:52<00:12, 12.47s/it]
Task 1, Epoch 10/10 => Loss 2.180, Train_accy 39.71, Test_accy 3.47:  90%|█████████ | 9/10 [02:04<00:12, 12.47s/it]
Task 1, Epoch 10/10 => Loss 2.180, Train_accy 39.71, Test_accy 3.47: 100%|██████████| 10/10 [02:04<00:00, 12.45s/it]
Task 1, Epoch 10/10 => Loss 2.180, Train_accy 39.71, Test_accy 3.47: 100%|██████████| 10/10 [02:04<00:00, 12.48s/it]
2026-02-08 16:32:13,209 [finetune.py] => Task 1, Epoch 10/10 => Loss 2.180, Train_accy 39.71, Test_accy 3.47
2026-02-08 16:32:20,767 [trainer.py] => CNN: {'total': 3.47, '00-09': 0.71, '10-19': 0.75, '20-29': 0.24, '30-39': 0.51, '40-49': 0.25, '50-59': 18.16, 'old': 0.49, 'new': 18.16, 'harmonic': 0.95}
2026-02-08 16:32:20,768 [trainer.py] => CNN top1 curve: [2.75, 3.47]
2026-02-08 16:32:20,768 [trainer.py] => CNN top5 curve: [13.94, 14.69]
2026-02-08 16:32:20,768 [trainer.py] => Average Accuracy (CNN): 3.1100000000000003
2026-02-08 16:32:20,771 [finetune.py] => Learning on 60-70

  0%|          | 0/10 [00:00<?, ?it/s]
Task 2, Epoch 1/10 => Loss 2.305, Train_accy 0.00, Test_accy 3.01:   0%|          | 0/10 [00:13<?, ?it/s]
Task 2, Epoch 1/10 => Loss 2.305, Train_accy 0.00, Test_accy 3.01:  10%|█         | 1/10 [00:13<02:01, 13.53s/it]
Task 2, Epoch 2/10 => Loss 2.293, Train_accy 0.72, Test_accy 3.22:  10%|█         | 1/10 [00:27<02:01, 13.53s/it]
Task 2, Epoch 2/10 => Loss 2.293, Train_accy 0.72, Test_accy 3.22:  20%|██        | 2/10 [00:27<01:48, 13.54s/it]
Task 2, Epoch 3/10 => Loss 2.272, Train_accy 2.64, Test_accy 3.64:  20%|██        | 2/10 [00:40<01:48, 13.54s/it]
Task 2, Epoch 3/10 => Loss 2.272, Train_accy 2.64, Test_accy 3.64:  30%|███       | 3/10 [00:40<01:34, 13.50s/it]
Task 2, Epoch 4/10 => Loss 2.256, Train_accy 15.35, Test_accy 3.74:  30%|███       | 3/10 [00:53<01:34, 13.50s/it]
Task 2, Epoch 4/10 => Loss 2.256, Train_accy 15.35, Test_accy 3.74:  40%|████      | 4/10 [00:53<01:20, 13.43s/it]
Task 2, Epoch 5/10 => Loss 2.232, Train_accy 22.06, Test_accy 3.92:  40%|████      | 4/10 [01:07<01:20, 13.43s/it]
Task 2, Epoch 5/10 => Loss 2.232, Train_accy 22.06, Test_accy 3.92:  50%|█████     | 5/10 [01:07<01:07, 13.48s/it]
Task 2, Epoch 6/10 => Loss 2.213, Train_accy 30.22, Test_accy 3.81:  50%|█████     | 5/10 [01:21<01:07, 13.48s/it]
Task 2, Epoch 6/10 => Loss 2.213, Train_accy 30.22, Test_accy 3.81:  60%|██████    | 6/10 [01:21<00:54, 13.52s/it]
Task 2, Epoch 7/10 => Loss 2.193, Train_accy 37.65, Test_accy 3.81:  60%|██████    | 6/10 [01:34<00:54, 13.52s/it]
Task 2, Epoch 7/10 => Loss 2.193, Train_accy 37.65, Test_accy 3.81:  70%|███████   | 7/10 [01:34<00:40, 13.43s/it]
Task 2, Epoch 8/10 => Loss 2.170, Train_accy 46.04, Test_accy 3.74:  70%|███████   | 7/10 [01:47<00:40, 13.43s/it]
Task 2, Epoch 8/10 => Loss 2.170, Train_accy 46.04, Test_accy 3.74:  80%|████████  | 8/10 [01:47<00:26, 13.44s/it]
Task 2, Epoch 9/10 => Loss 2.147, Train_accy 49.40, Test_accy 4.09:  80%|████████  | 8/10 [02:00<00:26, 13.44s/it]
Task 2, Epoch 9/10 => Loss 2.147, Train_accy 49.40, Test_accy 4.09:  90%|█████████ | 9/10 [02:00<00:13, 13.39s/it]
Task 2, Epoch 10/10 => Loss 2.123, Train_accy 53.48, Test_accy 3.85:  90%|█████████ | 9/10 [02:14<00:13, 13.39s/it]
Task 2, Epoch 10/10 => Loss 2.123, Train_accy 53.48, Test_accy 3.85: 100%|██████████| 10/10 [02:14<00:00, 13.40s/it]
Task 2, Epoch 10/10 => Loss 2.123, Train_accy 53.48, Test_accy 3.85: 100%|██████████| 10/10 [02:14<00:00, 13.44s/it]
2026-02-08 16:34:35,201 [finetune.py] => Task 2, Epoch 10/10 => Loss 2.123, Train_accy 53.48, Test_accy 3.85
2026-02-08 16:34:43,741 [trainer.py] => CNN: {'total': 3.85, '00-09': 0.0, '10-19': 0.0, '20-29': 0.0, '30-39': 0.26, '40-49': 0.0, '50-59': 0.48, '60-69': 26.16, 'old': 0.12, 'new': 26.16, 'harmonic': 0.24}
2026-02-08 16:34:43,741 [trainer.py] => CNN top1 curve: [2.75, 3.47, 3.85]
2026-02-08 16:34:43,742 [trainer.py] => CNN top5 curve: [13.94, 14.69, 13.57]
2026-02-08 16:34:43,742 [trainer.py] => Average Accuracy (CNN): 3.356666666666667
2026-02-08 16:34:43,743 [finetune.py] => Learning on 70-80

  0%|          | 0/10 [00:00<?, ?it/s]
Task 3, Epoch 1/10 => Loss 2.307, Train_accy 0.00, Test_accy 3.16:   0%|          | 0/10 [00:14<?, ?it/s]
Task 3, Epoch 1/10 => Loss 2.307, Train_accy 0.00, Test_accy 3.16:  10%|█         | 1/10 [00:14<02:07, 14.17s/it]
Task 3, Epoch 2/10 => Loss 2.292, Train_accy 0.00, Test_accy 3.38:  10%|█         | 1/10 [00:28<02:07, 14.17s/it]
Task 3, Epoch 2/10 => Loss 2.292, Train_accy 0.00, Test_accy 3.38:  20%|██        | 2/10 [00:28<01:53, 14.16s/it]
Task 3, Epoch 3/10 => Loss 2.272, Train_accy 2.71, Test_accy 2.82:  20%|██        | 2/10 [00:42<01:53, 14.16s/it]
Task 3, Epoch 3/10 => Loss 2.272, Train_accy 2.71, Test_accy 2.82:  30%|███       | 3/10 [00:42<01:39, 14.15s/it]
Task 3, Epoch 4/10 => Loss 2.267, Train_accy 2.96, Test_accy 3.34:  30%|███       | 3/10 [00:56<01:39, 14.15s/it]
Task 3, Epoch 4/10 => Loss 2.267, Train_accy 2.96, Test_accy 3.34:  40%|████      | 4/10 [00:56<01:25, 14.26s/it]
Task 3, Epoch 5/10 => Loss 2.240, Train_accy 9.85, Test_accy 2.76:  40%|████      | 4/10 [01:11<01:25, 14.26s/it]
Task 3, Epoch 5/10 => Loss 2.240, Train_accy 9.85, Test_accy 2.76:  50%|█████     | 5/10 [01:11<01:11, 14.23s/it]
Task 3, Epoch 6/10 => Loss 2.223, Train_accy 15.52, Test_accy 3.01:  50%|█████     | 5/10 [01:25<01:11, 14.23s/it]
Task 3, Epoch 6/10 => Loss 2.223, Train_accy 15.52, Test_accy 3.01:  60%|██████    | 6/10 [01:25<00:57, 14.33s/it]
Task 3, Epoch 7/10 => Loss 2.197, Train_accy 24.88, Test_accy 3.10:  60%|██████    | 6/10 [01:46<00:57, 14.33s/it]
Task 3, Epoch 7/10 => Loss 2.197, Train_accy 24.88, Test_accy 3.10:  70%|███████   | 7/10 [01:46<00:49, 16.42s/it]
Task 3, Epoch 8/10 => Loss 2.175, Train_accy 37.44, Test_accy 3.44:  70%|███████   | 7/10 [02:10<00:49, 16.42s/it]
Task 3, Epoch 8/10 => Loss 2.175, Train_accy 37.44, Test_accy 3.44:  80%|████████  | 8/10 [02:10<00:37, 18.89s/it]
Task 3, Epoch 9/10 => Loss 2.152, Train_accy 44.09, Test_accy 3.90:  80%|████████  | 8/10 [02:35<00:37, 18.89s/it]
Task 3, Epoch 9/10 => Loss 2.152, Train_accy 44.09, Test_accy 3.90:  90%|█████████ | 9/10 [02:35<00:20, 20.70s/it]
Task 3, Epoch 10/10 => Loss 2.130, Train_accy 57.14, Test_accy 3.34:  90%|█████████ | 9/10 [03:01<00:20, 20.70s/it]
Task 3, Epoch 10/10 => Loss 2.130, Train_accy 57.14, Test_accy 3.34: 100%|██████████| 10/10 [03:01<00:00, 22.40s/it]
Task 3, Epoch 10/10 => Loss 2.130, Train_accy 57.14, Test_accy 3.34: 100%|██████████| 10/10 [03:01<00:00, 18.14s/it]
2026-02-08 16:37:45,114 [finetune.py] => Task 3, Epoch 10/10 => Loss 2.130, Train_accy 57.14, Test_accy 3.34
2026-02-08 16:38:00,847 [trainer.py] => CNN: {'total': 3.34, '00-09': 0.47, '10-19': 0.0, '20-29': 0.0, '30-39': 0.0, '40-49': 0.0, '50-59': 0.0, '60-69': 6.85, '70-79': 19.8, 'old': 1.05, 'new': 19.8, 'harmonic': 1.99}
2026-02-08 16:38:00,848 [trainer.py] => CNN top1 curve: [2.75, 3.47, 3.85, 3.34]
2026-02-08 16:38:00,848 [trainer.py] => CNN top5 curve: [13.94, 14.69, 13.57, 12.18]
2026-02-08 16:38:00,848 [trainer.py] => Average Accuracy (CNN): 3.3525
2026-02-08 16:38:00,852 [finetune.py] => Learning on 80-90

  0%|          | 0/10 [00:00<?, ?it/s]
Task 4, Epoch 1/10 => Loss 2.301, Train_accy 0.24, Test_accy 2.58:   0%|          | 0/10 [00:28<?, ?it/s]
Task 4, Epoch 1/10 => Loss 2.301, Train_accy 0.24, Test_accy 2.58:  10%|█         | 1/10 [00:28<04:20, 28.93s/it]
Task 4, Epoch 2/10 => Loss 2.283, Train_accy 0.71, Test_accy 3.37:  10%|█         | 1/10 [00:56<04:20, 28.93s/it]
Task 4, Epoch 2/10 => Loss 2.283, Train_accy 0.71, Test_accy 3.37:  20%|██        | 2/10 [00:56<03:43, 27.89s/it]
Task 4, Epoch 3/10 => Loss 2.259, Train_accy 4.26, Test_accy 3.34:  20%|██        | 2/10 [01:24<03:43, 27.89s/it]
Task 4, Epoch 3/10 => Loss 2.259, Train_accy 4.26, Test_accy 3.34:  30%|███       | 3/10 [01:24<03:18, 28.35s/it]
Task 4, Epoch 4/10 => Loss 2.243, Train_accy 10.87, Test_accy 3.40:  30%|███       | 3/10 [01:51<03:18, 28.35s/it]
Task 4, Epoch 4/10 => Loss 2.243, Train_accy 10.87, Test_accy 3.40:  40%|████      | 4/10 [01:51<02:46, 27.76s/it]
Task 4, Epoch 5/10 => Loss 2.219, Train_accy 13.00, Test_accy 3.15:  40%|████      | 4/10 [02:20<02:46, 27.76s/it]
Task 4, Epoch 5/10 => Loss 2.219, Train_accy 13.00, Test_accy 3.15:  50%|█████     | 5/10 [02:20<02:20, 28.07s/it]
Task 4, Epoch 6/10 => Loss 2.199, Train_accy 23.64, Test_accy 2.96:  50%|█████     | 5/10 [02:46<02:20, 28.07s/it]
Task 4, Epoch 6/10 => Loss 2.199, Train_accy 23.64, Test_accy 2.96:  60%|██████    | 6/10 [02:46<01:49, 27.46s/it]
Task 4, Epoch 7/10 => Loss 2.177, Train_accy 36.17, Test_accy 3.29:  60%|██████    | 6/10 [03:15<01:49, 27.46s/it]
Task 4, Epoch 7/10 => Loss 2.177, Train_accy 36.17, Test_accy 3.29:  70%|███████   | 7/10 [03:15<01:23, 27.98s/it]
Task 4, Epoch 8/10 => Loss 2.155, Train_accy 51.77, Test_accy 3.18:  70%|███████   | 7/10 [03:44<01:23, 27.98s/it]
Task 4, Epoch 8/10 => Loss 2.155, Train_accy 51.77, Test_accy 3.18:  80%|████████  | 8/10 [03:44<00:56, 28.24s/it]
Task 4, Epoch 9/10 => Loss 2.128, Train_accy 63.12, Test_accy 3.26:  80%|████████  | 8/10 [04:11<00:56, 28.24s/it]
Task 4, Epoch 9/10 => Loss 2.128, Train_accy 63.12, Test_accy 3.26:  90%|█████████ | 9/10 [04:11<00:27, 27.94s/it]
Task 4, Epoch 10/10 => Loss 2.096, Train_accy 67.38, Test_accy 3.07:  90%|█████████ | 9/10 [04:41<00:27, 27.94s/it]
Task 4, Epoch 10/10 => Loss 2.096, Train_accy 67.38, Test_accy 3.07: 100%|██████████| 10/10 [04:41<00:00, 28.31s/it]
Task 4, Epoch 10/10 => Loss 2.096, Train_accy 67.38, Test_accy 3.07: 100%|██████████| 10/10 [04:41<00:00, 28.10s/it]
2026-02-08 16:42:41,876 [finetune.py] => Task 4, Epoch 10/10 => Loss 2.096, Train_accy 67.38, Test_accy 3.07
2026-02-08 16:43:01,946 [trainer.py] => CNN: {'total': 3.07, '00-09': 0.0, '10-19': 0.0, '20-29': 0.0, '30-39': 0.0, '40-49': 0.5, '50-59': 0.97, '60-69': 1.96, '70-79': 4.51, '80-89': 19.33, 'old': 0.98, 'new': 19.33, 'harmonic': 1.87}
2026-02-08 16:43:01,947 [trainer.py] => CNN top1 curve: [2.75, 3.47, 3.85, 3.34, 3.07]
2026-02-08 16:43:01,947 [trainer.py] => CNN top5 curve: [13.94, 14.69, 13.57, 12.18, 11.72]
2026-02-08 16:43:01,947 [trainer.py] => Average Accuracy (CNN): 3.2960000000000003
2026-02-08 16:43:01,949 [finetune.py] => Learning on 90-100

  0%|          | 0/10 [00:00<?, ?it/s]
Task 5, Epoch 1/10 => Loss 2.298, Train_accy 0.00, Test_accy 2.62:   0%|          | 0/10 [00:28<?, ?it/s]
Task 5, Epoch 1/10 => Loss 2.298, Train_accy 0.00, Test_accy 2.62:  10%|█         | 1/10 [00:28<04:12, 28.02s/it]
Task 5, Epoch 2/10 => Loss 2.275, Train_accy 1.71, Test_accy 2.62:  10%|█         | 1/10 [00:58<04:12, 28.02s/it]
Task 5, Epoch 2/10 => Loss 2.275, Train_accy 1.71, Test_accy 2.62:  20%|██        | 2/10 [00:58<03:56, 29.55s/it]
Task 5, Epoch 3/10 => Loss 2.260, Train_accy 10.49, Test_accy 2.77:  20%|██        | 2/10 [01:29<03:56, 29.55s/it]
Task 5, Epoch 3/10 => Loss 2.260, Train_accy 10.49, Test_accy 2.77:  30%|███       | 3/10 [01:29<03:29, 29.98s/it]
Task 5, Epoch 4/10 => Loss 2.242, Train_accy 16.83, Test_accy 2.72:  30%|███       | 3/10 [01:49<03:29, 29.98s/it]
Task 5, Epoch 4/10 => Loss 2.242, Train_accy 16.83, Test_accy 2.72:  40%|████      | 4/10 [01:49<02:37, 26.20s/it]
Task 5, Epoch 5/10 => Loss 2.220, Train_accy 18.29, Test_accy 2.91:  40%|████      | 4/10 [02:18<02:37, 26.20s/it]
Task 5, Epoch 5/10 => Loss 2.220, Train_accy 18.29, Test_accy 2.91:  50%|█████     | 5/10 [02:18<02:16, 27.35s/it]
Task 5, Epoch 6/10 => Loss 2.198, Train_accy 25.85, Test_accy 2.67:  50%|█████     | 5/10 [02:47<02:16, 27.35s/it]
Task 5, Epoch 6/10 => Loss 2.198, Train_accy 25.85, Test_accy 2.67:  60%|██████    | 6/10 [02:47<01:50, 27.73s/it]
Task 5, Epoch 7/10 => Loss 2.172, Train_accy 33.41, Test_accy 3.45:  60%|██████    | 6/10 [03:17<01:50, 27.73s/it]
Task 5, Epoch 7/10 => Loss 2.172, Train_accy 33.41, Test_accy 3.45:  70%|███████   | 7/10 [03:17<01:25, 28.64s/it]
Task 5, Epoch 8/10 => Loss 2.144, Train_accy 46.83, Test_accy 2.89:  70%|███████   | 7/10 [03:46<01:25, 28.64s/it]
Task 5, Epoch 8/10 => Loss 2.144, Train_accy 46.83, Test_accy 2.89:  80%|████████  | 8/10 [03:46<00:57, 28.60s/it]
Task 5, Epoch 9/10 => Loss 2.116, Train_accy 50.00, Test_accy 3.06:  80%|████████  | 8/10 [04:17<00:57, 28.60s/it]
Task 5, Epoch 9/10 => Loss 2.116, Train_accy 50.00, Test_accy 3.06:  90%|█████████ | 9/10 [04:17<00:29, 29.27s/it]
Task 5, Epoch 10/10 => Loss 2.086, Train_accy 63.90, Test_accy 2.42:  90%|█████████ | 9/10 [04:45<00:29, 29.27s/it]
Task 5, Epoch 10/10 => Loss 2.086, Train_accy 63.90, Test_accy 2.42: 100%|██████████| 10/10 [04:45<00:00, 29.05s/it]
Task 5, Epoch 10/10 => Loss 2.086, Train_accy 63.90, Test_accy 2.42: 100%|██████████| 10/10 [04:45<00:00, 28.57s/it]
2026-02-08 16:47:47,689 [finetune.py] => Task 5, Epoch 10/10 => Loss 2.086, Train_accy 63.90, Test_accy 2.42
2026-02-08 16:48:09,770 [trainer.py] => CNN: {'total': 2.42, '00-09': 0.0, '10-19': 0.0, '20-29': 0.0, '30-39': 0.0, '40-49': 0.25, '50-59': 0.0, '60-69': 1.47, '70-79': 1.75, '80-89': 0.24, '90-99': 20.74, 'old': 0.41, 'new': 20.74, 'harmonic': 0.8}
2026-02-08 16:48:09,770 [trainer.py] => CNN top1 curve: [2.75, 3.47, 3.85, 3.34, 3.07, 2.42]
2026-02-08 16:48:09,770 [trainer.py] => CNN top5 curve: [13.94, 14.69, 13.57, 12.18, 11.72, 10.63]
2026-02-08 16:48:09,770 [trainer.py] => Average Accuracy (CNN): 3.15

========================================
Finished cars_init50_inc10
Backbone: OpenCLIP_LAION400M
Average Accuracy (Top1): 3.15
Last Accuracy: 2.42
========================================

2026-02-07 01:08:27,388 [trainer.py] => config: ./configs/finetune/finetune_inr_B0_Inc20.json
2026-02-07 01:08:27,388 [trainer.py] => prefix: -
2026-02-07 01:08:27,388 [trainer.py] => dataset: imagenetr
2026-02-07 01:08:27,388 [trainer.py] => memory_size: 0
2026-02-07 01:08:27,388 [trainer.py] => memory_per_class: 0
2026-02-07 01:08:27,388 [trainer.py] => fixed_memory: False
2026-02-07 01:08:27,388 [trainer.py] => shuffle: True
2026-02-07 01:08:27,388 [trainer.py] => init_cls: 20
2026-02-07 01:08:27,388 [trainer.py] => increment: 20
2026-02-07 01:08:27,388 [trainer.py] => model_name: finetune
2026-02-07 01:08:27,388 [trainer.py] => backbone_type: clip
2026-02-07 01:08:27,388 [trainer.py] => device: [device(type='cuda', index=7)]
2026-02-07 01:08:27,388 [trainer.py] => seed: 1993
2026-02-07 01:08:27,388 [trainer.py] => init_epoch: 10
2026-02-07 01:08:27,388 [trainer.py] => init_lr: 0.001
2026-02-07 01:08:27,388 [trainer.py] => init_milestones: [60, 120, 170]
2026-02-07 01:08:27,388 [trainer.py] => init_lr_decay: 0.1
2026-02-07 01:08:27,388 [trainer.py] => init_weight_decay: 0.0005
2026-02-07 01:08:27,388 [trainer.py] => epochs: 10
2026-02-07 01:08:27,388 [trainer.py] => lrate: 0.001
2026-02-07 01:08:27,388 [trainer.py] => milestones: [40, 70]
2026-02-07 01:08:27,388 [trainer.py] => lrate_decay: 0.1
2026-02-07 01:08:27,388 [trainer.py] => batch_size: 128
2026-02-07 01:08:27,388 [trainer.py] => weight_decay: 0.0002
2026-02-07 01:08:27,388 [trainer.py] => total_class_num: 200
['goldfish', 'great_white_shark', 'hammerhead', 'stingray', 'hen', 'ostrich', 'goldfinch', 'junco', 'bald_eagle', 'vulture', 'newt', 'axolotl', 'tree_frog', 'iguana', 'African_chameleon', 'cobra', 'scorpion', 'tarantula', 'centipede', 'peacock', 'lorikeet', 'hummingbird', 'toucan', 'duck', 'goose', 'black_swan', 'koala', 'jellyfish', 'snail', 'lobster', 'hermit_crab', 'flamingo', 'american_egret', 'pelican', 'king_penguin', 'grey_whale', 'killer_whale', 'sea_lion', 'chihuahua', 'shih_tzu', 'afghan_hound', 'basset_hound', 'beagle', 'bloodhound', 'italian_greyhound', 'whippet', 'weimaraner', 'yorkshire_terrier', 'boston_terrier', 'scottish_terrier', 'west_highland_white_terrier', 'golden_retriever', 'labrador_retriever', 'cocker_spaniels', 'collie', 'border_collie', 'rottweiler', 'german_shepherd_dog', 'boxer', 'french_bulldog', 'saint_bernard', 'husky', 'dalmatian', 'pug', 'pomeranian', 'chow_chow', 'pembroke_welsh_corgi', 'toy_poodle', 'standard_poodle', 'timber_wolf', 'hyena', 'red_fox', 'tabby_cat', 'leopard', 'snow_leopard', 'lion', 'tiger', 'cheetah', 'polar_bear', 'meerkat', 'ladybug', 'fly', 'bee', 'ant', 'grasshopper', 'cockroach', 'mantis', 'dragonfly', 'monarch_butterfly', 'starfish', 'wood_rabbit', 'porcupine', 'fox_squirrel', 'beaver', 'guinea_pig', 'zebra', 'pig', 'hippopotamus', 'bison', 'gazelle', 'llama', 'skunk', 'badger', 'orangutan', 'gorilla', 'chimpanzee', 'gibbon', 'baboon', 'panda', 'eel', 'clown_fish', 'puffer_fish', 'accordion', 'ambulance', 'assault_rifle', 'backpack', 'barn', 'wheelbarrow', 'basketball', 'bathtub', 'lighthouse', 'beer_glass', 'binoculars', 'birdhouse', 'bow_tie', 'broom', 'bucket', 'cauldron', 'candle', 'cannon', 'canoe', 'carousel', 'castle', 'mobile_phone', 'cowboy_hat', 'electric_guitar', 'fire_engine', 'flute', 'gasmask', 'grand_piano', 'guillotine', 'hammer', 'harmonica', 'harp', 'hatchet', 'jeep', 'joystick', 'lab_coat', 'lawn_mower', 'lipstick', 'mailbox', 'missile', 'mitten', 'parachute', 'pickup_truck', 'pirate_ship', 'revolver', 'rugby_ball', 'sandal', 'saxophone', 'school_bus', 'schooner', 'shield', 'soccer_ball', 'space_shuttle', 'spider_web', 'steam_locomotive', 'scarf', 'submarine', 'tank', 'tennis_ball', 'tractor', 'trombone', 'vase', 'violin', 'military_aircraft', 'wine_bottle', 'ice_cream', 'bagel', 'pretzel', 'cheeseburger', 'hotdog', 'cabbage', 'broccoli', 'cucumber', 'bell_pepper', 'mushroom', 'Granny_Smith', 'strawberry', 'lemon', 'pineapple', 'banana', 'pomegranate', 'pizza', 'burrito', 'espresso', 'volcano', 'baseball_player', 'scuba_diver', 'acorn']
['itap of a {}.', 'a bad photo of the {}.', 'a origami {}.', 'a photo of the large {}.', 'a {} in a video game.', 'art of the {}.', 'a photo of the small {}.']
{'n01443537': 0, 'n01484850': 1, 'n01494475': 2, 'n01498041': 3, 'n01514859': 4, 'n01518878': 5, 'n01531178': 6, 'n01534433': 7, 'n01614925': 8, 'n01616318': 9, 'n01630670': 10, 'n01632777': 11, 'n01644373': 12, 'n01677366': 13, 'n01694178': 14, 'n01748264': 15, 'n01770393': 16, 'n01774750': 17, 'n01784675': 18, 'n01806143': 19, 'n01820546': 20, 'n01833805': 21, 'n01843383': 22, 'n01847000': 23, 'n01855672': 24, 'n01860187': 25, 'n01882714': 26, 'n01910747': 27, 'n01944390': 28, 'n01983481': 29, 'n01986214': 30, 'n02007558': 31, 'n02009912': 32, 'n02051845': 33, 'n02056570': 34, 'n02066245': 35, 'n02071294': 36, 'n02077923': 37, 'n02085620': 38, 'n02086240': 39, 'n02088094': 40, 'n02088238': 41, 'n02088364': 42, 'n02088466': 43, 'n02091032': 44, 'n02091134': 45, 'n02092339': 46, 'n02094433': 47, 'n02096585': 48, 'n02097298': 49, 'n02098286': 50, 'n02099601': 51, 'n02099712': 52, 'n02102318': 53, 'n02106030': 54, 'n02106166': 55, 'n02106550': 56, 'n02106662': 57, 'n02108089': 58, 'n02108915': 59, 'n02109525': 60, 'n02110185': 61, 'n02110341': 62, 'n02110958': 63, 'n02112018': 64, 'n02112137': 65, 'n02113023': 66, 'n02113624': 67, 'n02113799': 68, 'n02114367': 69, 'n02117135': 70, 'n02119022': 71, 'n02123045': 72, 'n02128385': 73, 'n02128757': 74, 'n02129165': 75, 'n02129604': 76, 'n02130308': 77, 'n02134084': 78, 'n02138441': 79, 'n02165456': 80, 'n02190166': 81, 'n02206856': 82, 'n02219486': 83, 'n02226429': 84, 'n02233338': 85, 'n02236044': 86, 'n02268443': 87, 'n02279972': 88, 'n02317335': 89, 'n02325366': 90, 'n02346627': 91, 'n02356798': 92, 'n02363005': 93, 'n02364673': 94, 'n02391049': 95, 'n02395406': 96, 'n02398521': 97, 'n02410509': 98, 'n02423022': 99, 'n02437616': 100, 'n02445715': 101, 'n02447366': 102, 'n02480495': 103, 'n02480855': 104, 'n02481823': 105, 'n02483362': 106, 'n02486410': 107, 'n02510455': 108, 'n02526121': 109, 'n02607072': 110, 'n02655020': 111, 'n02672831': 112, 'n02701002': 113, 'n02749479': 114, 'n02769748': 115, 'n02793495': 116, 'n02797295': 117, 'n02802426': 118, 'n02808440': 119, 'n02814860': 120, 'n02823750': 121, 'n02841315': 122, 'n02843684': 123, 'n02883205': 124, 'n02906734': 125, 'n02909870': 126, 'n02939185': 127, 'n02948072': 128, 'n02950826': 129, 'n02951358': 130, 'n02966193': 131, 'n02980441': 132, 'n02992529': 133, 'n03124170': 134, 'n03272010': 135, 'n03345487': 136, 'n03372029': 137, 'n03424325': 138, 'n03452741': 139, 'n03467068': 140, 'n03481172': 141, 'n03494278': 142, 'n03495258': 143, 'n03498962': 144, 'n03594945': 145, 'n03602883': 146, 'n03630383': 147, 'n03649909': 148, 'n03676483': 149, 'n03710193': 150, 'n03773504': 151, 'n03775071': 152, 'n03888257': 153, 'n03930630': 154, 'n03947888': 155, 'n04086273': 156, 'n04118538': 157, 'n04133789': 158, 'n04141076': 159, 'n04146614': 160, 'n04147183': 161, 'n04192698': 162, 'n04254680': 163, 'n04266014': 164, 'n04275548': 165, 'n04310018': 166, 'n04325704': 167, 'n04347754': 168, 'n04389033': 169, 'n04409515': 170, 'n04465501': 171, 'n04487394': 172, 'n04522168': 173, 'n04536866': 174, 'n04552348': 175, 'n04591713': 176, 'n07614500': 177, 'n07693725': 178, 'n07695742': 179, 'n07697313': 180, 'n07697537': 181, 'n07714571': 182, 'n07714990': 183, 'n07718472': 184, 'n07720875': 185, 'n07734744': 186, 'n07742313': 187, 'n07745940': 188, 'n07749582': 189, 'n07753275': 190, 'n07753592': 191, 'n07768694': 192, 'n07873807': 193, 'n07880968': 194, 'n07920052': 195, 'n09472597': 196, 'n09835506': 197, 'n10565667': 198, 'n12267677': 199}
2026-02-07 01:08:27,545 [data_manager.py] => [168, 136, 51, 9, 183, 101, 171, 99, 42, 159, 191, 70, 16, 188, 27, 10, 175, 26, 68, 187, 98, 6, 85, 35, 112, 43, 100, 0, 103, 181, 88, 59, 4, 2, 116, 174, 94, 80, 106, 1, 147, 17, 141, 131, 72, 23, 173, 54, 197, 118, 87, 32, 79, 104, 91, 19, 135, 107, 178, 36, 11, 199, 142, 8, 122, 3, 28, 57, 153, 172, 190, 56, 49, 44, 97, 62, 151, 169, 194, 55, 192, 12, 189, 78, 66, 180, 15, 137, 109, 134, 92, 119, 126, 52, 170, 40, 148, 65, 144, 64, 138, 45, 77, 89, 154, 90, 71, 193, 74, 30, 113, 143, 96, 84, 67, 50, 186, 156, 69, 21, 18, 111, 108, 58, 125, 157, 150, 110, 182, 129, 166, 83, 81, 60, 13, 165, 14, 176, 63, 117, 5, 22, 145, 121, 38, 41, 82, 127, 114, 20, 31, 53, 37, 163, 196, 130, 152, 162, 86, 76, 24, 34, 184, 149, 33, 128, 198, 155, 146, 167, 139, 120, 140, 102, 47, 25, 158, 123, 46, 164, 61, 7, 115, 75, 133, 160, 105, 132, 179, 124, 48, 73, 93, 39, 95, 195, 29, 177, 185, 161]
After shuffle, class_to_label is:  ['submarine', 'fire_engine', 'golden_retriever', 'vulture', 'broccoli', 'skunk', 'tractor', 'gazelle', 'beagle', 'saxophone', 'banana', 'hyena', 'scorpion', 'strawberry', 'jellyfish', 'newt', 'military_aircraft', 'koala', 'standard_poodle', 'Granny_Smith', 'bison', 'goldfinch', 'cockroach', 'grey_whale', 'accordion', 'bloodhound', 'llama', 'goldfish', 'orangutan', 'hotdog', 'monarch_butterfly', 'french_bulldog', 'hen', 'hammerhead', 'barn', 'violin', 'guinea_pig', 'ladybug', 'gibbon', 'great_white_shark', 'lab_coat', 'tarantula', 'hammer', 'carousel', 'tabby_cat', 'duck', 'vase', 'collie', 'baseball_player', 'basketball', 'dragonfly', 'american_egret', 'meerkat', 'gorilla', 'porcupine', 'peacock', 'electric_guitar', 'baboon', 'bagel', 'killer_whale', 'axolotl', 'acorn', 'harmonica', 'bald_eagle', 'binoculars', 'stingray', 'snail', 'german_shepherd_dog', 'parachute', 'trombone', 'pineapple', 'rottweiler', 'scottish_terrier', 'italian_greyhound', 'hippopotamus', 'dalmatian', 'missile', 'tank', 'burrito', 'border_collie', 'pomegranate', 'tree_frog', 'lemon', 'polar_bear', 'pembroke_welsh_corgi', 'cheeseburger', 'cobra', 'flute', 'eel', 'cowboy_hat', 'fox_squirrel', 'bathtub', 'bucket', 'labrador_retriever', 'tennis_ball', 'afghan_hound', 'lawn_mower', 'chow_chow', 'hatchet', 'pomeranian', 'gasmask', 'whippet', 'cheetah', 'starfish', 'pickup_truck', 'wood_rabbit', 'red_fox', 'pizza', 'snow_leopard', 'hermit_crab', 'ambulance', 'harp', 'pig', 'grasshopper', 'toy_poodle', 'west_highland_white_terrier', 'mushroom', 'revolver', 'timber_wolf', 'hummingbird', 'centipede', 'puffer_fish', 'panda', 'boxer', 'broom', 'rugby_ball', 'mailbox', 'clown_fish', 'cabbage', 'cannon', 'steam_locomotive', 'ant', 'fly', 'saint_bernard', 'iguana', 'spider_web', 'African_chameleon', 'wine_bottle', 'pug', 'wheelbarrow', 'ostrich', 'toucan', 'jeep', 'beer_glass', 'chihuahua', 'basset_hound', 'bee', 'cauldron', 'assault_rifle', 'lorikeet', 'flamingo', 'cocker_spaniels', 'sea_lion', 'soccer_ball', 'volcano', 'canoe', 'mitten', 'shield', 'mantis', 'tiger', 'goose', 'king_penguin', 'cucumber', 'lipstick', 'pelican', 'candle', 'scuba_diver', 'pirate_ship', 'joystick', 'scarf', 'grand_piano', 'lighthouse', 'guillotine', 'badger', 'yorkshire_terrier', 'black_swan', 'sandal', 'birdhouse', 'weimaraner', 'space_shuttle', 'husky', 'junco', 'backpack', 'lion', 'mobile_phone', 'school_bus', 'chimpanzee', 'castle', 'pretzel', 'bow_tie', 'boston_terrier', 'leopard', 'beaver', 'shih_tzu', 'zebra', 'espresso', 'lobster', 'ice_cream', 'bell_pepper', 'schooner']
Training class stages: [20, 20, 20, 20, 20, 20, 20, 20, 20, 20]
Using CLIP model as the backbone
2026-02-07 01:08:28,776 [instantiator.py] => Created a temporary directory at /tmp/tmpg2c6vu1z
2026-02-07 01:08:28,776 [instantiator.py] => Writing /tmp/tmpg2c6vu1z/_remote_module_non_scriptable.py
2026-02-07 01:08:28,921 [factory.py] => Loaded ViT-B-16 model config.
2026-02-07 01:08:30,400 [factory.py] => Loading pretrained ViT-B-16 weights (/home/team/zhaohongwei/pretrained_models/open_clip_pytorch_model_laion400m_e32.bin).
/home/team/zhaohongwei/anaconda3/envs/mmcl/lib/python3.10/site-packages/torch/_utils.py:776: UserWarning: TypedStorage is deprecated. It will be removed in the future and UntypedStorage will be the only storage class. This should only matter to you if you are using storages directly.  To access UntypedStorage directly, use tensor.untyped_storage() instead of tensor.storage()
  return self.fget.__get__(instance, owner)()
Using CLIP model as the backbone
2026-02-07 01:08:30,885 [factory.py] => Loaded ViT-B-16 model config.
2026-02-07 01:08:32,219 [factory.py] => Loading pretrained ViT-B-16 weights (/home/team/zhaohongwei/pretrained_models/open_clip_pytorch_model_laion400m_e32.bin).
2026-02-07 01:08:32,700 [finetune.py] => Learning on 0-20

  0%|          | 0/10 [00:00<?, ?it/s]
Task 0, Epoch 1/10 => Loss 2.984, Train_accy 10.49, Test_accy 19.30:   0%|          | 0/10 [00:26<?, ?it/s]
Task 0, Epoch 1/10 => Loss 2.984, Train_accy 10.49, Test_accy 19.30:  10%|█         | 1/10 [00:26<04:02, 26.98s/it]
Task 0, Epoch 2/10 => Loss 2.936, Train_accy 28.03:  10%|█         | 1/10 [00:50<04:02, 26.98s/it]                 
Task 0, Epoch 2/10 => Loss 2.936, Train_accy 28.03:  20%|██        | 2/10 [00:50<03:21, 25.18s/it]
Task 0, Epoch 3/10 => Loss 2.887, Train_accy 36.59:  20%|██        | 2/10 [01:14<03:21, 25.18s/it]
Task 0, Epoch 3/10 => Loss 2.887, Train_accy 36.59:  30%|███       | 3/10 [01:14<02:52, 24.62s/it]
Task 0, Epoch 4/10 => Loss 2.816, Train_accy 49.64:  30%|███       | 3/10 [01:39<02:52, 24.62s/it]
Task 0, Epoch 4/10 => Loss 2.816, Train_accy 49.64:  40%|████      | 4/10 [01:39<02:26, 24.44s/it]
Task 0, Epoch 5/10 => Loss 2.726, Train_accy 61.09:  40%|████      | 4/10 [02:02<02:26, 24.44s/it]
Task 0, Epoch 5/10 => Loss 2.726, Train_accy 61.09:  50%|█████     | 5/10 [02:02<02:01, 24.26s/it]
Task 0, Epoch 6/10 => Loss 2.628, Train_accy 67.55, Test_accy 67.92:  50%|█████     | 5/10 [02:29<02:01, 24.26s/it]
Task 0, Epoch 6/10 => Loss 2.628, Train_accy 67.55, Test_accy 67.92:  60%|██████    | 6/10 [02:29<01:40, 25.18s/it]
Task 0, Epoch 7/10 => Loss 2.530, Train_accy 73.40:  60%|██████    | 6/10 [02:53<01:40, 25.18s/it]                 
Task 0, Epoch 7/10 => Loss 2.530, Train_accy 73.40:  70%|███████   | 7/10 [02:53<01:14, 24.78s/it]
Task 0, Epoch 8/10 => Loss 2.449, Train_accy 77.64:  70%|███████   | 7/10 [03:17<01:14, 24.78s/it]
Task 0, Epoch 8/10 => Loss 2.449, Train_accy 77.64:  80%|████████  | 8/10 [03:17<00:49, 24.56s/it]
Task 0, Epoch 9/10 => Loss 2.668, Train_accy 45.29:  80%|████████  | 8/10 [03:41<00:49, 24.56s/it]
Task 0, Epoch 9/10 => Loss 2.668, Train_accy 45.29:  90%|█████████ | 9/10 [03:41<00:24, 24.37s/it]
Task 0, Epoch 10/10 => Loss 2.490, Train_accy 63.16:  90%|█████████ | 9/10 [04:05<00:24, 24.37s/it]
Task 0, Epoch 10/10 => Loss 2.490, Train_accy 63.16: 100%|██████████| 10/10 [04:05<00:00, 24.26s/it]
Task 0, Epoch 10/10 => Loss 2.490, Train_accy 63.16: 100%|██████████| 10/10 [04:05<00:00, 24.59s/it]
2026-02-07 01:12:39,332 [finetune.py] => Task 0, Epoch 10/10 => Loss 2.490, Train_accy 63.16
2026-02-07 01:12:42,150 [trainer.py] => CNN: {'total': 75.76, '00-09': 64.35, '10-19': 85.48, 'old': 0, 'new': 75.76, 'harmonic': 0.0}
2026-02-07 01:12:42,150 [trainer.py] => CNN top1 curve: [75.76]
2026-02-07 01:12:42,150 [trainer.py] => CNN top5 curve: [96.08]
2026-02-07 01:12:42,150 [trainer.py] => Average Accuracy (CNN): 75.76
2026-02-07 01:12:42,152 [finetune.py] => Learning on 20-40

  0%|          | 0/10 [00:00<?, ?it/s]
Task 1, Epoch 1/10 => Loss 2.979, Train_accy 0.04, Test_accy 38.46:   0%|          | 0/10 [00:26<?, ?it/s]
Task 1, Epoch 1/10 => Loss 2.979, Train_accy 0.04, Test_accy 38.46:  10%|█         | 1/10 [00:26<04:00, 26.69s/it]
Task 1, Epoch 2/10 => Loss 2.889, Train_accy 5.58, Test_accy 41.71:  10%|█         | 1/10 [00:53<04:00, 26.69s/it]
Task 1, Epoch 2/10 => Loss 2.889, Train_accy 5.58, Test_accy 41.71:  20%|██        | 2/10 [00:53<03:32, 26.57s/it]
Task 1, Epoch 3/10 => Loss 2.807, Train_accy 15.18, Test_accy 43.53:  20%|██        | 2/10 [01:19<03:32, 26.57s/it]
Task 1, Epoch 3/10 => Loss 2.807, Train_accy 15.18, Test_accy 43.53:  30%|███       | 3/10 [01:19<03:05, 26.49s/it]
Task 1, Epoch 4/10 => Loss 2.714, Train_accy 33.96, Test_accy 52.91:  30%|███       | 3/10 [01:45<03:05, 26.49s/it]
Task 1, Epoch 4/10 => Loss 2.714, Train_accy 33.96, Test_accy 52.91:  40%|████      | 4/10 [01:45<02:38, 26.44s/it]
Task 1, Epoch 5/10 => Loss 2.649, Train_accy 50.31, Test_accy 50.26:  40%|████      | 4/10 [02:12<02:38, 26.44s/it]
Task 1, Epoch 5/10 => Loss 2.649, Train_accy 50.31, Test_accy 50.26:  50%|█████     | 5/10 [02:12<02:12, 26.44s/it]
Task 1, Epoch 6/10 => Loss 2.571, Train_accy 64.01, Test_accy 52.38:  50%|█████     | 5/10 [02:38<02:12, 26.44s/it]
Task 1, Epoch 6/10 => Loss 2.571, Train_accy 64.01, Test_accy 52.38:  60%|██████    | 6/10 [02:38<01:45, 26.42s/it]
Task 1, Epoch 7/10 => Loss 2.507, Train_accy 67.68, Test_accy 48.75:  60%|██████    | 6/10 [03:05<01:45, 26.42s/it]
Task 1, Epoch 7/10 => Loss 2.507, Train_accy 67.68, Test_accy 48.75:  70%|███████   | 7/10 [03:05<01:19, 26.46s/it]
Task 1, Epoch 8/10 => Loss 2.420, Train_accy 75.53, Test_accy 49.05:  70%|███████   | 7/10 [03:32<01:19, 26.46s/it]
Task 1, Epoch 8/10 => Loss 2.420, Train_accy 75.53, Test_accy 49.05:  80%|████████  | 8/10 [03:32<00:53, 26.54s/it]
Task 1, Epoch 9/10 => Loss 2.368, Train_accy 80.91, Test_accy 49.43:  80%|████████  | 8/10 [03:58<00:53, 26.54s/it]
Task 1, Epoch 9/10 => Loss 2.368, Train_accy 80.91, Test_accy 49.43:  90%|█████████ | 9/10 [03:58<00:26, 26.67s/it]
Task 1, Epoch 10/10 => Loss 2.296, Train_accy 86.38, Test_accy 47.54:  90%|█████████ | 9/10 [04:25<00:26, 26.67s/it]
Task 1, Epoch 10/10 => Loss 2.296, Train_accy 86.38, Test_accy 47.54: 100%|██████████| 10/10 [04:25<00:00, 26.62s/it]
Task 1, Epoch 10/10 => Loss 2.296, Train_accy 86.38, Test_accy 47.54: 100%|██████████| 10/10 [04:25<00:00, 26.55s/it]
2026-02-07 01:17:07,628 [finetune.py] => Task 1, Epoch 10/10 => Loss 2.296, Train_accy 86.38, Test_accy 47.54
2026-02-07 01:17:12,012 [trainer.py] => CNN: {'total': 47.54, '00-09': 14.2, '10-19': 24.73, '20-29': 79.67, '30-39': 75.9, 'old': 19.88, 'new': 77.69, 'harmonic': 31.66}
2026-02-07 01:17:12,013 [trainer.py] => CNN top1 curve: [75.76, 47.54]
2026-02-07 01:17:12,013 [trainer.py] => CNN top5 curve: [96.08, 82.44]
2026-02-07 01:17:12,013 [trainer.py] => Average Accuracy (CNN): 61.650000000000006
2026-02-07 01:17:12,015 [finetune.py] => Learning on 40-60

  0%|          | 0/10 [00:00<?, ?it/s]
Task 2, Epoch 1/10 => Loss 2.953, Train_accy 0.17, Test_accy 32.02:   0%|          | 0/10 [00:26<?, ?it/s]
Task 2, Epoch 1/10 => Loss 2.953, Train_accy 0.17, Test_accy 32.02:  10%|█         | 1/10 [00:26<03:55, 26.21s/it]
Task 2, Epoch 2/10 => Loss 2.839, Train_accy 9.39, Test_accy 32.75:  10%|█         | 1/10 [00:52<03:55, 26.21s/it]
Task 2, Epoch 2/10 => Loss 2.839, Train_accy 9.39, Test_accy 32.75:  20%|██        | 2/10 [00:52<03:29, 26.17s/it]
Task 2, Epoch 3/10 => Loss 2.725, Train_accy 24.24, Test_accy 33.73:  20%|██        | 2/10 [01:18<03:29, 26.17s/it]
Task 2, Epoch 3/10 => Loss 2.725, Train_accy 24.24, Test_accy 33.73:  30%|███       | 3/10 [01:18<03:03, 26.16s/it]
Task 2, Epoch 4/10 => Loss 2.625, Train_accy 43.45, Test_accy 37.10:  30%|███       | 3/10 [01:44<03:03, 26.16s/it]
Task 2, Epoch 4/10 => Loss 2.625, Train_accy 43.45, Test_accy 37.10:  40%|████      | 4/10 [01:44<02:36, 26.12s/it]
Task 2, Epoch 5/10 => Loss 2.540, Train_accy 65.00, Test_accy 34.20:  40%|████      | 4/10 [02:10<02:36, 26.12s/it]
Task 2, Epoch 5/10 => Loss 2.540, Train_accy 65.00, Test_accy 34.20:  50%|█████     | 5/10 [02:10<02:10, 26.14s/it]
Task 2, Epoch 6/10 => Loss 2.469, Train_accy 74.56, Test_accy 32.33:  50%|█████     | 5/10 [02:36<02:10, 26.14s/it]
Task 2, Epoch 6/10 => Loss 2.469, Train_accy 74.56, Test_accy 32.33:  60%|██████    | 6/10 [02:36<01:44, 26.16s/it]
Task 2, Epoch 7/10 => Loss 2.412, Train_accy 79.47, Test_accy 30.41:  60%|██████    | 6/10 [03:03<01:44, 26.16s/it]
Task 2, Epoch 7/10 => Loss 2.412, Train_accy 79.47, Test_accy 30.41:  70%|███████   | 7/10 [03:03<01:19, 26.36s/it]
Task 2, Epoch 8/10 => Loss 2.364, Train_accy 82.71, Test_accy 29.94:  70%|███████   | 7/10 [03:29<01:19, 26.36s/it]
Task 2, Epoch 8/10 => Loss 2.364, Train_accy 82.71, Test_accy 29.94:  80%|████████  | 8/10 [03:29<00:52, 26.29s/it]
Task 2, Epoch 9/10 => Loss 2.318, Train_accy 85.53, Test_accy 30.20:  80%|████████  | 8/10 [03:56<00:52, 26.29s/it]
Task 2, Epoch 9/10 => Loss 2.318, Train_accy 85.53, Test_accy 30.20:  90%|█████████ | 9/10 [03:56<00:26, 26.45s/it]
Task 2, Epoch 10/10 => Loss 2.273, Train_accy 88.01, Test_accy 29.99:  90%|█████████ | 9/10 [04:22<00:26, 26.45s/it]
Task 2, Epoch 10/10 => Loss 2.273, Train_accy 88.01, Test_accy 29.99: 100%|██████████| 10/10 [04:22<00:00, 26.40s/it]
Task 2, Epoch 10/10 => Loss 2.273, Train_accy 88.01, Test_accy 29.99: 100%|██████████| 10/10 [04:22<00:00, 26.29s/it]
2026-02-07 01:21:34,973 [finetune.py] => Task 2, Epoch 10/10 => Loss 2.273, Train_accy 88.01, Test_accy 29.99
2026-02-07 01:21:40,865 [trainer.py] => CNN: {'total': 29.99, '00-09': 13.25, '10-19': 3.76, '20-29': 7.33, '30-39': 11.45, '40-49': 76.82, '50-59': 75.66, 'old': 8.78, 'new': 76.24, 'harmonic': 15.75}
2026-02-07 01:21:40,866 [trainer.py] => CNN top1 curve: [75.76, 47.54, 29.99]
2026-02-07 01:21:40,866 [trainer.py] => CNN top5 curve: [96.08, 82.44, 64.19]
2026-02-07 01:21:40,866 [trainer.py] => Average Accuracy (CNN): 51.09666666666667
2026-02-07 01:21:40,869 [finetune.py] => Learning on 60-80

  0%|          | 0/10 [00:00<?, ?it/s]
Task 3, Epoch 1/10 => Loss 2.925, Train_accy 1.92, Test_accy 22.26:   0%|          | 0/10 [00:27<?, ?it/s]
Task 3, Epoch 1/10 => Loss 2.925, Train_accy 1.92, Test_accy 22.26:  10%|█         | 1/10 [00:27<04:05, 27.24s/it]
Task 3, Epoch 2/10 => Loss 2.793, Train_accy 23.59, Test_accy 21.94:  10%|█         | 1/10 [00:54<04:05, 27.24s/it]
Task 3, Epoch 2/10 => Loss 2.793, Train_accy 23.59, Test_accy 21.94:  20%|██        | 2/10 [00:54<03:38, 27.27s/it]
Task 3, Epoch 3/10 => Loss 2.684, Train_accy 43.26, Test_accy 20.46:  20%|██        | 2/10 [01:21<03:38, 27.27s/it]
Task 3, Epoch 3/10 => Loss 2.684, Train_accy 43.26, Test_accy 20.46:  30%|███       | 3/10 [01:21<03:10, 27.24s/it]
Task 3, Epoch 4/10 => Loss 2.596, Train_accy 54.86, Test_accy 20.18:  30%|███       | 3/10 [01:49<03:10, 27.24s/it]
Task 3, Epoch 4/10 => Loss 2.596, Train_accy 54.86, Test_accy 20.18:  40%|████      | 4/10 [01:49<02:44, 27.35s/it]
Task 3, Epoch 5/10 => Loss 2.524, Train_accy 60.53, Test_accy 19.62:  40%|████      | 4/10 [02:16<02:44, 27.35s/it]
Task 3, Epoch 5/10 => Loss 2.524, Train_accy 60.53, Test_accy 19.62:  50%|█████     | 5/10 [02:16<02:16, 27.38s/it]
Task 3, Epoch 6/10 => Loss 2.451, Train_accy 69.17, Test_accy 19.34:  50%|█████     | 5/10 [02:43<02:16, 27.38s/it]
Task 3, Epoch 6/10 => Loss 2.451, Train_accy 69.17, Test_accy 19.34:  60%|██████    | 6/10 [02:43<01:49, 27.32s/it]
Task 3, Epoch 7/10 => Loss 2.389, Train_accy 74.97, Test_accy 18.90:  60%|██████    | 6/10 [03:11<01:49, 27.32s/it]
Task 3, Epoch 7/10 => Loss 2.389, Train_accy 74.97, Test_accy 18.90:  70%|███████   | 7/10 [03:11<01:21, 27.31s/it]
Task 3, Epoch 8/10 => Loss 2.334, Train_accy 81.03, Test_accy 18.78:  70%|███████   | 7/10 [03:38<01:21, 27.31s/it]
Task 3, Epoch 8/10 => Loss 2.334, Train_accy 81.03, Test_accy 18.78:  80%|████████  | 8/10 [03:38<00:54, 27.32s/it]
Task 3, Epoch 9/10 => Loss 2.287, Train_accy 84.21, Test_accy 18.09:  80%|████████  | 8/10 [04:05<00:54, 27.32s/it]
Task 3, Epoch 9/10 => Loss 2.287, Train_accy 84.21, Test_accy 18.09:  90%|█████████ | 9/10 [04:05<00:27, 27.27s/it]
Task 3, Epoch 10/10 => Loss 2.252, Train_accy 87.53, Test_accy 18.61:  90%|█████████ | 9/10 [04:33<00:27, 27.27s/it]
Task 3, Epoch 10/10 => Loss 2.252, Train_accy 87.53, Test_accy 18.61: 100%|██████████| 10/10 [04:33<00:00, 27.29s/it]
Task 3, Epoch 10/10 => Loss 2.252, Train_accy 87.53, Test_accy 18.61: 100%|██████████| 10/10 [04:33<00:00, 27.30s/it]
2026-02-07 01:26:13,910 [finetune.py] => Task 3, Epoch 10/10 => Loss 2.252, Train_accy 87.53, Test_accy 18.61
2026-02-07 01:26:21,395 [trainer.py] => CNN: {'total': 18.61, '00-09': 0.0, '10-19': 0.0, '20-29': 0.0, '30-39': 0.0, '40-49': 0.99, '50-59': 6.91, '60-69': 78.86, '70-79': 75.46, 'old': 1.25, 'new': 77.23, 'harmonic': 2.46}
2026-02-07 01:26:21,395 [trainer.py] => CNN top1 curve: [75.76, 47.54, 29.99, 18.61]
2026-02-07 01:26:21,396 [trainer.py] => CNN top5 curve: [96.08, 82.44, 64.19, 42.79]
2026-02-07 01:26:21,396 [trainer.py] => Average Accuracy (CNN): 42.97500000000001
2026-02-07 01:26:21,398 [finetune.py] => Learning on 80-100

  0%|          | 0/10 [00:00<?, ?it/s]
Task 4, Epoch 1/10 => Loss 2.917, Train_accy 5.10, Test_accy 14.61:   0%|          | 0/10 [00:27<?, ?it/s]
Task 4, Epoch 1/10 => Loss 2.917, Train_accy 5.10, Test_accy 14.61:  10%|█         | 1/10 [00:27<04:07, 27.50s/it]
Task 4, Epoch 2/10 => Loss 2.788, Train_accy 25.56, Test_accy 13.74:  10%|█         | 1/10 [00:54<04:07, 27.50s/it]
Task 4, Epoch 2/10 => Loss 2.788, Train_accy 25.56, Test_accy 13.74:  20%|██        | 2/10 [00:54<03:39, 27.49s/it]
Task 4, Epoch 3/10 => Loss 2.696, Train_accy 34.34, Test_accy 12.56:  20%|██        | 2/10 [01:22<03:39, 27.49s/it]
Task 4, Epoch 3/10 => Loss 2.696, Train_accy 34.34, Test_accy 12.56:  30%|███       | 3/10 [01:22<03:12, 27.54s/it]
Task 4, Epoch 4/10 => Loss 2.616, Train_accy 42.57, Test_accy 12.63:  30%|███       | 3/10 [01:50<03:12, 27.54s/it]
Task 4, Epoch 4/10 => Loss 2.616, Train_accy 42.57, Test_accy 12.63:  40%|████      | 4/10 [01:50<02:45, 27.58s/it]
Task 4, Epoch 5/10 => Loss 2.543, Train_accy 50.44, Test_accy 12.29:  40%|████      | 4/10 [02:18<02:45, 27.58s/it]
Task 4, Epoch 5/10 => Loss 2.543, Train_accy 50.44, Test_accy 12.29:  50%|█████     | 5/10 [02:18<02:18, 27.66s/it]
Task 4, Epoch 6/10 => Loss 2.483, Train_accy 55.77, Test_accy 12.36:  50%|█████     | 5/10 [02:45<02:18, 27.66s/it]
Task 4, Epoch 6/10 => Loss 2.483, Train_accy 55.77, Test_accy 12.36:  60%|██████    | 6/10 [02:45<01:50, 27.64s/it]
Task 4, Epoch 7/10 => Loss 2.425, Train_accy 62.99, Test_accy 12.60:  60%|██████    | 6/10 [03:13<01:50, 27.64s/it]
Task 4, Epoch 7/10 => Loss 2.425, Train_accy 62.99, Test_accy 12.60:  70%|███████   | 7/10 [03:13<01:22, 27.61s/it]
Task 4, Epoch 8/10 => Loss 2.365, Train_accy 71.40, Test_accy 13.27:  70%|███████   | 7/10 [03:40<01:22, 27.61s/it]
Task 4, Epoch 8/10 => Loss 2.365, Train_accy 71.40, Test_accy 13.27:  80%|████████  | 8/10 [03:40<00:55, 27.64s/it]
Task 4, Epoch 9/10 => Loss 2.313, Train_accy 78.67, Test_accy 12.93:  80%|████████  | 8/10 [04:08<00:55, 27.64s/it]
Task 4, Epoch 9/10 => Loss 2.313, Train_accy 78.67, Test_accy 12.93:  90%|█████████ | 9/10 [04:08<00:27, 27.59s/it]
Task 4, Epoch 10/10 => Loss 2.268, Train_accy 83.59, Test_accy 12.43:  90%|█████████ | 9/10 [04:36<00:27, 27.59s/it]
Task 4, Epoch 10/10 => Loss 2.268, Train_accy 83.59, Test_accy 12.43: 100%|██████████| 10/10 [04:36<00:00, 27.63s/it]
Task 4, Epoch 10/10 => Loss 2.268, Train_accy 83.59, Test_accy 12.43: 100%|██████████| 10/10 [04:36<00:00, 27.61s/it]
2026-02-07 01:30:57,501 [finetune.py] => Task 4, Epoch 10/10 => Loss 2.268, Train_accy 83.59, Test_accy 12.43
2026-02-07 01:31:06,109 [trainer.py] => CNN: {'total': 12.43, '00-09': 0.0, '10-19': 0.0, '20-29': 0.0, '30-39': 0.0, '40-49': 0.0, '50-59': 1.32, '60-69': 8.72, '70-79': 2.2, '80-89': 81.29, '90-99': 46.89, 'old': 1.44, 'new': 68.79, 'harmonic': 2.82}
2026-02-07 01:31:06,110 [trainer.py] => CNN top1 curve: [75.76, 47.54, 29.99, 18.61, 12.43]
2026-02-07 01:31:06,110 [trainer.py] => CNN top5 curve: [96.08, 82.44, 64.19, 42.79, 32.46]
2026-02-07 01:31:06,110 [trainer.py] => Average Accuracy (CNN): 36.86600000000001
2026-02-07 01:31:06,113 [finetune.py] => Learning on 100-120

  0%|          | 0/10 [00:00<?, ?it/s]
Task 5, Epoch 1/10 => Loss 2.885, Train_accy 8.67, Test_accy 10.21:   0%|          | 0/10 [00:33<?, ?it/s]
Task 5, Epoch 1/10 => Loss 2.885, Train_accy 8.67, Test_accy 10.21:  10%|█         | 1/10 [00:33<04:58, 33.19s/it]
Task 5, Epoch 2/10 => Loss 2.719, Train_accy 32.38, Test_accy 12.13:  10%|█         | 1/10 [01:06<04:58, 33.19s/it]
Task 5, Epoch 2/10 => Loss 2.719, Train_accy 32.38, Test_accy 12.13:  20%|██        | 2/10 [01:06<04:26, 33.27s/it]
Task 5, Epoch 3/10 => Loss 2.604, Train_accy 47.50, Test_accy 11.50:  20%|██        | 2/10 [01:39<04:26, 33.27s/it]
Task 5, Epoch 3/10 => Loss 2.604, Train_accy 47.50, Test_accy 11.50:  30%|███       | 3/10 [01:39<03:52, 33.26s/it]
Task 5, Epoch 4/10 => Loss 2.507, Train_accy 58.12, Test_accy 11.71:  30%|███       | 3/10 [02:13<03:52, 33.26s/it]
Task 5, Epoch 4/10 => Loss 2.507, Train_accy 58.12, Test_accy 11.71:  40%|████      | 4/10 [02:13<03:19, 33.27s/it]
Task 5, Epoch 5/10 => Loss 2.423, Train_accy 68.78, Test_accy 11.93:  40%|████      | 4/10 [02:46<03:19, 33.27s/it]
Task 5, Epoch 5/10 => Loss 2.423, Train_accy 68.78, Test_accy 11.93:  50%|█████     | 5/10 [02:46<02:46, 33.25s/it]
Task 5, Epoch 6/10 => Loss 2.349, Train_accy 77.56, Test_accy 12.78:  50%|█████     | 5/10 [03:19<02:46, 33.25s/it]
Task 5, Epoch 6/10 => Loss 2.349, Train_accy 77.56, Test_accy 12.78:  60%|██████    | 6/10 [03:19<02:13, 33.28s/it]
Task 5, Epoch 7/10 => Loss 2.283, Train_accy 83.90, Test_accy 12.92:  60%|██████    | 6/10 [03:52<02:13, 33.28s/it]
Task 5, Epoch 7/10 => Loss 2.283, Train_accy 83.90, Test_accy 12.92:  70%|███████   | 7/10 [03:52<01:39, 33.25s/it]
Task 5, Epoch 8/10 => Loss 2.234, Train_accy 86.60, Test_accy 13.50:  70%|███████   | 7/10 [04:25<01:39, 33.25s/it]
Task 5, Epoch 8/10 => Loss 2.234, Train_accy 86.60, Test_accy 13.50:  80%|████████  | 8/10 [04:25<01:06, 33.21s/it]
Task 5, Epoch 9/10 => Loss 2.192, Train_accy 88.29, Test_accy 13.39:  80%|████████  | 8/10 [04:59<01:06, 33.21s/it]
Task 5, Epoch 9/10 => Loss 2.192, Train_accy 88.29, Test_accy 13.39:  90%|█████████ | 9/10 [04:59<00:33, 33.19s/it]
Task 5, Epoch 10/10 => Loss 2.152, Train_accy 89.87, Test_accy 13.77:  90%|█████████ | 9/10 [05:32<00:33, 33.19s/it]
Task 5, Epoch 10/10 => Loss 2.152, Train_accy 89.87, Test_accy 13.77: 100%|██████████| 10/10 [05:32<00:00, 33.18s/it]
Task 5, Epoch 10/10 => Loss 2.152, Train_accy 89.87, Test_accy 13.77: 100%|██████████| 10/10 [05:32<00:00, 33.22s/it]
2026-02-07 01:36:38,362 [finetune.py] => Task 5, Epoch 10/10 => Loss 2.152, Train_accy 89.87, Test_accy 13.77
2026-02-07 01:36:48,660 [trainer.py] => CNN: {'total': 13.77, '00-09': 0.0, '10-19': 0.0, '20-29': 0.0, '30-39': 0.0, '40-49': 0.0, '50-59': 0.0, '60-69': 0.0, '70-79': 0.0, '80-89': 0.0, '90-99': 0.0, '100-109': 72.89, '110-119': 78.46, 'old': 0.0, 'new': 76.06, 'harmonic': 0.0}
2026-02-07 01:36:48,660 [trainer.py] => CNN top1 curve: [75.76, 47.54, 29.99, 18.61, 12.43, 13.77]
2026-02-07 01:36:48,661 [trainer.py] => CNN top5 curve: [96.08, 82.44, 64.19, 42.79, 32.46, 29.16]
2026-02-07 01:36:48,661 [trainer.py] => Average Accuracy (CNN): 33.01666666666667
2026-02-07 01:36:48,663 [finetune.py] => Learning on 120-140

  0%|          | 0/10 [00:00<?, ?it/s]
Task 6, Epoch 1/10 => Loss 2.919, Train_accy 4.33, Test_accy 10.54:   0%|          | 0/10 [00:30<?, ?it/s]
Task 6, Epoch 1/10 => Loss 2.919, Train_accy 4.33, Test_accy 10.54:  10%|█         | 1/10 [00:30<04:33, 30.39s/it]
Task 6, Epoch 2/10 => Loss 2.773, Train_accy 20.20, Test_accy 10.28:  10%|█         | 1/10 [01:00<04:33, 30.39s/it]
Task 6, Epoch 2/10 => Loss 2.773, Train_accy 20.20, Test_accy 10.28:  20%|██        | 2/10 [01:00<04:02, 30.26s/it]
Task 6, Epoch 3/10 => Loss 2.666, Train_accy 31.83, Test_accy 11.44:  20%|██        | 2/10 [01:30<04:02, 30.26s/it]
Task 6, Epoch 3/10 => Loss 2.666, Train_accy 31.83, Test_accy 11.44:  30%|███       | 3/10 [01:30<03:31, 30.19s/it]
Task 6, Epoch 4/10 => Loss 2.581, Train_accy 52.68, Test_accy 11.39:  30%|███       | 3/10 [02:00<03:31, 30.19s/it]
Task 6, Epoch 4/10 => Loss 2.581, Train_accy 52.68, Test_accy 11.39:  40%|████      | 4/10 [02:00<03:00, 30.16s/it]
Task 6, Epoch 5/10 => Loss 2.505, Train_accy 61.30, Test_accy 11.27:  40%|████      | 4/10 [02:31<03:00, 30.16s/it]
Task 6, Epoch 5/10 => Loss 2.505, Train_accy 61.30, Test_accy 11.27:  50%|█████     | 5/10 [02:31<02:31, 30.20s/it]
Task 6, Epoch 6/10 => Loss 2.440, Train_accy 67.75, Test_accy 10.96:  50%|█████     | 5/10 [03:01<02:31, 30.20s/it]
Task 6, Epoch 6/10 => Loss 2.440, Train_accy 67.75, Test_accy 10.96:  60%|██████    | 6/10 [03:01<02:00, 30.23s/it]
Task 6, Epoch 7/10 => Loss 2.380, Train_accy 71.85, Test_accy 11.13:  60%|██████    | 6/10 [03:31<02:00, 30.23s/it]
Task 6, Epoch 7/10 => Loss 2.380, Train_accy 71.85, Test_accy 11.13:  70%|███████   | 7/10 [03:31<01:30, 30.18s/it]
Task 6, Epoch 8/10 => Loss 2.327, Train_accy 74.81, Test_accy 10.89:  70%|███████   | 7/10 [04:01<01:30, 30.18s/it]
Task 6, Epoch 8/10 => Loss 2.327, Train_accy 74.81, Test_accy 10.89:  80%|████████  | 8/10 [04:01<01:00, 30.21s/it]
Task 6, Epoch 9/10 => Loss 2.281, Train_accy 78.77, Test_accy 11.22:  80%|████████  | 8/10 [04:31<01:00, 30.21s/it]
Task 6, Epoch 9/10 => Loss 2.281, Train_accy 78.77, Test_accy 11.22:  90%|█████████ | 9/10 [04:31<00:30, 30.17s/it]
Task 6, Epoch 10/10 => Loss 2.234, Train_accy 84.18, Test_accy 10.94:  90%|█████████ | 9/10 [05:02<00:30, 30.17s/it]
Task 6, Epoch 10/10 => Loss 2.234, Train_accy 84.18, Test_accy 10.94: 100%|██████████| 10/10 [05:02<00:00, 30.20s/it]
Task 6, Epoch 10/10 => Loss 2.234, Train_accy 84.18, Test_accy 10.94: 100%|██████████| 10/10 [05:02<00:00, 30.20s/it]
2026-02-07 01:41:50,728 [finetune.py] => Task 6, Epoch 10/10 => Loss 2.234, Train_accy 84.18, Test_accy 10.94
2026-02-07 01:42:02,448 [trainer.py] => CNN: {'total': 10.94, '00-09': 0.0, '10-19': 0.0, '20-29': 0.0, '30-39': 0.0, '40-49': 0.0, '50-59': 0.0, '60-69': 0.0, '70-79': 0.0, '80-89': 0.0, '90-99': 0.0, '100-109': 4.93, '110-119': 12.77, '120-129': 70.11, '130-139': 70.13, 'old': 1.7, 'new': 70.12, 'harmonic': 3.32}
2026-02-07 01:42:02,449 [trainer.py] => CNN top1 curve: [75.76, 47.54, 29.99, 18.61, 12.43, 13.77, 10.94]
2026-02-07 01:42:02,449 [trainer.py] => CNN top5 curve: [96.08, 82.44, 64.19, 42.79, 32.46, 29.16, 21.93]
2026-02-07 01:42:02,449 [trainer.py] => Average Accuracy (CNN): 29.86285714285715
2026-02-07 01:42:02,450 [finetune.py] => Learning on 140-160

  0%|          | 0/10 [00:00<?, ?it/s]
Task 7, Epoch 1/10 => Loss 2.898, Train_accy 6.11, Test_accy 7.93:   0%|          | 0/10 [00:38<?, ?it/s]
Task 7, Epoch 1/10 => Loss 2.898, Train_accy 6.11, Test_accy 7.93:  10%|█         | 1/10 [00:38<05:43, 38.18s/it]
Task 7, Epoch 2/10 => Loss 2.739, Train_accy 24.11, Test_accy 9.51:  10%|█         | 1/10 [01:15<05:43, 38.18s/it]
Task 7, Epoch 2/10 => Loss 2.739, Train_accy 24.11, Test_accy 9.51:  20%|██        | 2/10 [01:15<05:03, 37.92s/it]
Task 7, Epoch 3/10 => Loss 2.614, Train_accy 46.70, Test_accy 9.71:  20%|██        | 2/10 [01:53<05:03, 37.92s/it]
Task 7, Epoch 3/10 => Loss 2.614, Train_accy 46.70, Test_accy 9.71:  30%|███       | 3/10 [01:53<04:25, 37.88s/it]
Task 7, Epoch 4/10 => Loss 2.513, Train_accy 59.13, Test_accy 9.59:  30%|███       | 3/10 [02:31<04:25, 37.88s/it]
Task 7, Epoch 4/10 => Loss 2.513, Train_accy 59.13, Test_accy 9.59:  40%|████      | 4/10 [02:31<03:47, 37.88s/it]
Task 7, Epoch 5/10 => Loss 2.423, Train_accy 69.96, Test_accy 9.85:  40%|████      | 4/10 [03:09<03:47, 37.88s/it]
Task 7, Epoch 5/10 => Loss 2.423, Train_accy 69.96, Test_accy 9.85:  50%|█████     | 5/10 [03:09<03:09, 37.84s/it]
Task 7, Epoch 6/10 => Loss 2.348, Train_accy 78.91, Test_accy 10.52:  50%|█████     | 5/10 [03:46<03:09, 37.84s/it]
Task 7, Epoch 6/10 => Loss 2.348, Train_accy 78.91, Test_accy 10.52:  60%|██████    | 6/10 [03:46<02:30, 37.72s/it]
Task 7, Epoch 7/10 => Loss 2.281, Train_accy 84.27, Test_accy 10.70:  60%|██████    | 6/10 [04:24<02:30, 37.72s/it]
Task 7, Epoch 7/10 => Loss 2.281, Train_accy 84.27, Test_accy 10.70:  70%|███████   | 7/10 [04:24<01:52, 37.67s/it]
Task 7, Epoch 8/10 => Loss 2.224, Train_accy 88.96, Test_accy 11.11:  70%|███████   | 7/10 [05:01<01:52, 37.67s/it]
Task 7, Epoch 8/10 => Loss 2.224, Train_accy 88.96, Test_accy 11.11:  80%|████████  | 8/10 [05:01<01:15, 37.62s/it]
Task 7, Epoch 9/10 => Loss 2.177, Train_accy 91.55, Test_accy 11.37:  80%|████████  | 8/10 [05:39<01:15, 37.62s/it]
Task 7, Epoch 9/10 => Loss 2.177, Train_accy 91.55, Test_accy 11.37:  90%|█████████ | 9/10 [05:39<00:37, 37.61s/it]
Task 7, Epoch 10/10 => Loss 2.135, Train_accy 93.96, Test_accy 11.49:  90%|█████████ | 9/10 [06:17<00:37, 37.61s/it]
Task 7, Epoch 10/10 => Loss 2.135, Train_accy 93.96, Test_accy 11.49: 100%|██████████| 10/10 [06:17<00:00, 37.61s/it]
Task 7, Epoch 10/10 => Loss 2.135, Train_accy 93.96, Test_accy 11.49: 100%|██████████| 10/10 [06:17<00:00, 37.72s/it]
2026-02-07 01:48:19,636 [finetune.py] => Task 7, Epoch 10/10 => Loss 2.135, Train_accy 93.96, Test_accy 11.49
2026-02-07 01:48:33,161 [trainer.py] => CNN: {'total': 11.49, '00-09': 0.32, '10-19': 0.0, '20-29': 0.0, '30-39': 0.0, '40-49': 0.0, '50-59': 0.0, '60-69': 0.0, '70-79': 0.0, '80-89': 0.0, '90-99': 0.0, '100-109': 0.0, '110-119': 0.0, '120-129': 0.0, '130-139': 0.67, '140-149': 79.56, '150-159': 75.41, 'old': 0.07, 'new': 77.5, 'harmonic': 0.14}
2026-02-07 01:48:33,161 [trainer.py] => CNN top1 curve: [75.76, 47.54, 29.99, 18.61, 12.43, 13.77, 10.94, 11.49]
2026-02-07 01:48:33,161 [trainer.py] => CNN top5 curve: [96.08, 82.44, 64.19, 42.79, 32.46, 29.16, 21.93, 21.69]
2026-02-07 01:48:33,161 [trainer.py] => Average Accuracy (CNN): 27.566250000000007
2026-02-07 01:48:33,164 [finetune.py] => Learning on 160-180

  0%|          | 0/10 [00:00<?, ?it/s]
Task 8, Epoch 1/10 => Loss 2.933, Train_accy 2.93, Test_accy 9.24:   0%|          | 0/10 [00:31<?, ?it/s]
Task 8, Epoch 1/10 => Loss 2.933, Train_accy 2.93, Test_accy 9.24:  10%|█         | 1/10 [00:31<04:47, 31.94s/it]
Task 8, Epoch 2/10 => Loss 2.818, Train_accy 19.56, Test_accy 9.20:  10%|█         | 1/10 [01:03<04:47, 31.94s/it]
Task 8, Epoch 2/10 => Loss 2.818, Train_accy 19.56, Test_accy 9.20:  20%|██        | 2/10 [01:03<04:14, 31.83s/it]
Task 8, Epoch 3/10 => Loss 2.726, Train_accy 32.55, Test_accy 8.69:  20%|██        | 2/10 [01:35<04:14, 31.83s/it]
Task 8, Epoch 3/10 => Loss 2.726, Train_accy 32.55, Test_accy 8.69:  30%|███       | 3/10 [01:35<03:43, 31.93s/it]
Task 8, Epoch 4/10 => Loss 2.639, Train_accy 44.15, Test_accy 8.08:  30%|███       | 3/10 [02:07<03:43, 31.93s/it]
Task 8, Epoch 4/10 => Loss 2.639, Train_accy 44.15, Test_accy 8.08:  40%|████      | 4/10 [02:07<03:11, 31.92s/it]
Task 8, Epoch 5/10 => Loss 2.571, Train_accy 50.62, Test_accy 7.40:  40%|████      | 4/10 [02:39<03:11, 31.92s/it]
Task 8, Epoch 5/10 => Loss 2.571, Train_accy 50.62, Test_accy 7.40:  50%|█████     | 5/10 [02:39<02:39, 31.94s/it]
Task 8, Epoch 6/10 => Loss 2.498, Train_accy 59.14, Test_accy 7.38:  50%|█████     | 5/10 [03:11<02:39, 31.94s/it]
Task 8, Epoch 6/10 => Loss 2.498, Train_accy 59.14, Test_accy 7.38:  60%|██████    | 6/10 [03:11<02:07, 31.86s/it]
Task 8, Epoch 7/10 => Loss 2.433, Train_accy 67.97, Test_accy 7.32:  60%|██████    | 6/10 [03:42<02:07, 31.86s/it]
Task 8, Epoch 7/10 => Loss 2.433, Train_accy 67.97, Test_accy 7.32:  70%|███████   | 7/10 [03:42<01:35, 31.74s/it]
Task 8, Epoch 8/10 => Loss 2.376, Train_accy 74.08, Test_accy 7.16:  70%|███████   | 7/10 [04:14<01:35, 31.74s/it]
Task 8, Epoch 8/10 => Loss 2.376, Train_accy 74.08, Test_accy 7.16:  80%|████████  | 8/10 [04:14<01:03, 31.82s/it]
Task 8, Epoch 9/10 => Loss 2.327, Train_accy 79.31, Test_accy 7.36:  80%|████████  | 8/10 [04:47<01:03, 31.82s/it]
Task 8, Epoch 9/10 => Loss 2.327, Train_accy 79.31, Test_accy 7.36:  90%|█████████ | 9/10 [04:47<00:31, 31.97s/it]
Task 8, Epoch 10/10 => Loss 2.274, Train_accy 84.91, Test_accy 7.45:  90%|█████████ | 9/10 [05:19<00:31, 31.97s/it]
Task 8, Epoch 10/10 => Loss 2.274, Train_accy 84.91, Test_accy 7.45: 100%|██████████| 10/10 [05:19<00:00, 31.98s/it]
Task 8, Epoch 10/10 => Loss 2.274, Train_accy 84.91, Test_accy 7.45: 100%|██████████| 10/10 [05:19<00:00, 31.91s/it]
2026-02-07 01:53:52,304 [finetune.py] => Task 8, Epoch 10/10 => Loss 2.274, Train_accy 84.91, Test_accy 7.45
2026-02-07 01:54:07,137 [trainer.py] => CNN: {'total': 7.45, '00-09': 0.0, '10-19': 0.0, '20-29': 0.0, '30-39': 0.0, '40-49': 0.0, '50-59': 0.0, '60-69': 0.0, '70-79': 0.0, '80-89': 0.0, '90-99': 0.0, '100-109': 0.0, '110-119': 0.27, '120-129': 0.0, '130-139': 0.0, '140-149': 14.17, '150-159': 9.12, '160-169': 57.83, '170-179': 74.6, 'old': 1.74, 'new': 66.53, 'harmonic': 3.39}
2026-02-07 01:54:07,138 [trainer.py] => CNN top1 curve: [75.76, 47.54, 29.99, 18.61, 12.43, 13.77, 10.94, 11.49, 7.45]
2026-02-07 01:54:07,138 [trainer.py] => CNN top5 curve: [96.08, 82.44, 64.19, 42.79, 32.46, 29.16, 21.93, 21.69, 16.55]
2026-02-07 01:54:07,138 [trainer.py] => Average Accuracy (CNN): 25.331111111111117
2026-02-07 01:54:07,141 [finetune.py] => Learning on 180-200

  0%|          | 0/10 [00:00<?, ?it/s]
Task 9, Epoch 1/10 => Loss 2.902, Train_accy 5.59, Test_accy 6.78:   0%|          | 0/10 [00:35<?, ?it/s]
Task 9, Epoch 1/10 => Loss 2.902, Train_accy 5.59, Test_accy 6.78:  10%|█         | 1/10 [00:35<05:22, 35.88s/it]
Task 9, Epoch 2/10 => Loss 2.749, Train_accy 27.80, Test_accy 6.20:  10%|█         | 1/10 [01:11<05:22, 35.88s/it]
Task 9, Epoch 2/10 => Loss 2.749, Train_accy 27.80, Test_accy 6.20:  20%|██        | 2/10 [01:11<04:46, 35.87s/it]
Task 9, Epoch 3/10 => Loss 2.632, Train_accy 40.18, Test_accy 6.58:  20%|██        | 2/10 [01:47<04:46, 35.87s/it]
Task 9, Epoch 3/10 => Loss 2.632, Train_accy 40.18, Test_accy 6.58:  30%|███       | 3/10 [01:47<04:11, 35.93s/it]
Task 9, Epoch 4/10 => Loss 2.533, Train_accy 53.30, Test_accy 7.32:  30%|███       | 3/10 [02:23<04:11, 35.93s/it]
Task 9, Epoch 4/10 => Loss 2.533, Train_accy 53.30, Test_accy 7.32:  40%|████      | 4/10 [02:23<03:35, 35.85s/it]
Task 9, Epoch 5/10 => Loss 2.447, Train_accy 69.30, Test_accy 7.92:  40%|████      | 4/10 [02:59<03:35, 35.85s/it]
Task 9, Epoch 5/10 => Loss 2.447, Train_accy 69.30, Test_accy 7.92:  50%|█████     | 5/10 [02:59<02:59, 35.84s/it]
Task 9, Epoch 6/10 => Loss 2.376, Train_accy 78.59, Test_accy 7.78:  50%|█████     | 5/10 [03:35<02:59, 35.84s/it]
Task 9, Epoch 6/10 => Loss 2.376, Train_accy 78.59, Test_accy 7.78:  60%|██████    | 6/10 [03:35<02:23, 35.82s/it]
Task 9, Epoch 7/10 => Loss 2.313, Train_accy 84.98, Test_accy 7.88:  60%|██████    | 6/10 [04:11<02:23, 35.82s/it]
Task 9, Epoch 7/10 => Loss 2.313, Train_accy 84.98, Test_accy 7.88:  70%|███████   | 7/10 [04:11<01:47, 35.86s/it]
Task 9, Epoch 8/10 => Loss 2.252, Train_accy 89.60, Test_accy 7.97:  70%|███████   | 7/10 [04:46<01:47, 35.86s/it]
Task 9, Epoch 8/10 => Loss 2.252, Train_accy 89.60, Test_accy 7.97:  80%|████████  | 8/10 [04:46<01:11, 35.80s/it]
Task 9, Epoch 9/10 => Loss 2.200, Train_accy 93.39, Test_accy 7.80:  80%|████████  | 8/10 [05:22<01:11, 35.80s/it]
Task 9, Epoch 9/10 => Loss 2.200, Train_accy 93.39, Test_accy 7.80:  90%|█████████ | 9/10 [05:22<00:35, 35.87s/it]
Task 9, Epoch 10/10 => Loss 2.152, Train_accy 95.95, Test_accy 7.83:  90%|█████████ | 9/10 [05:58<00:35, 35.87s/it]
Task 9, Epoch 10/10 => Loss 2.152, Train_accy 95.95, Test_accy 7.83: 100%|██████████| 10/10 [05:58<00:00, 35.96s/it]
Task 9, Epoch 10/10 => Loss 2.152, Train_accy 95.95, Test_accy 7.83: 100%|██████████| 10/10 [05:58<00:00, 35.89s/it]
2026-02-07 02:00:06,029 [finetune.py] => Task 9, Epoch 10/10 => Loss 2.152, Train_accy 95.95, Test_accy 7.83
2026-02-07 02:00:22,214 [trainer.py] => CNN: {'total': 7.83, '00-09': 0.0, '10-19': 0.0, '20-29': 0.0, '30-39': 0.0, '40-49': 0.0, '50-59': 0.0, '60-69': 0.0, '70-79': 0.0, '80-89': 0.0, '90-99': 0.0, '100-109': 0.0, '110-119': 0.0, '120-129': 0.0, '130-139': 0.0, '140-149': 1.36, '150-159': 1.66, '160-169': 0.0, '170-179': 5.24, '180-189': 77.6, '190-199': 76.38, 'old': 0.44, 'new': 77.03, 'harmonic': 0.88}
2026-02-07 02:00:22,214 [trainer.py] => CNN top1 curve: [75.76, 47.54, 29.99, 18.61, 12.43, 13.77, 10.94, 11.49, 7.45, 7.83]
2026-02-07 02:00:22,214 [trainer.py] => CNN top5 curve: [96.08, 82.44, 64.19, 42.79, 32.46, 29.16, 21.93, 21.69, 16.55, 15.73]
2026-02-07 02:00:22,214 [trainer.py] => Average Accuracy (CNN): 23.581000000000007

========================================
Finished imagenetr_init20_inc20
Backbone: OpenCLIP_LAION400M
Average Accuracy (Top1): 23.58
Last Accuracy: 7.83
========================================

2026-02-07 02:00:24,782 [trainer.py] => config: ./configs/finetune/finetune_inr_B100_Inc20.json
2026-02-07 02:00:24,782 [trainer.py] => prefix: -
2026-02-07 02:00:24,782 [trainer.py] => dataset: imagenetr
2026-02-07 02:00:24,782 [trainer.py] => memory_size: 0
2026-02-07 02:00:24,782 [trainer.py] => memory_per_class: 0
2026-02-07 02:00:24,783 [trainer.py] => fixed_memory: False
2026-02-07 02:00:24,783 [trainer.py] => shuffle: True
2026-02-07 02:00:24,783 [trainer.py] => init_cls: 100
2026-02-07 02:00:24,783 [trainer.py] => increment: 20
2026-02-07 02:00:24,783 [trainer.py] => model_name: finetune
2026-02-07 02:00:24,783 [trainer.py] => backbone_type: clip
2026-02-07 02:00:24,783 [trainer.py] => device: [device(type='cuda', index=7)]
2026-02-07 02:00:24,783 [trainer.py] => seed: 1993
2026-02-07 02:00:24,783 [trainer.py] => init_epoch: 10
2026-02-07 02:00:24,783 [trainer.py] => init_lr: 0.001
2026-02-07 02:00:24,783 [trainer.py] => init_milestones: [60, 120, 170]
2026-02-07 02:00:24,783 [trainer.py] => init_lr_decay: 0.1
2026-02-07 02:00:24,783 [trainer.py] => init_weight_decay: 0.0005
2026-02-07 02:00:24,783 [trainer.py] => epochs: 10
2026-02-07 02:00:24,783 [trainer.py] => lrate: 0.001
2026-02-07 02:00:24,783 [trainer.py] => milestones: [40, 70]
2026-02-07 02:00:24,783 [trainer.py] => lrate_decay: 0.1
2026-02-07 02:00:24,783 [trainer.py] => batch_size: 128
2026-02-07 02:00:24,783 [trainer.py] => weight_decay: 0.0002
2026-02-07 02:00:24,783 [trainer.py] => total_class_num: 200
['goldfish', 'great_white_shark', 'hammerhead', 'stingray', 'hen', 'ostrich', 'goldfinch', 'junco', 'bald_eagle', 'vulture', 'newt', 'axolotl', 'tree_frog', 'iguana', 'African_chameleon', 'cobra', 'scorpion', 'tarantula', 'centipede', 'peacock', 'lorikeet', 'hummingbird', 'toucan', 'duck', 'goose', 'black_swan', 'koala', 'jellyfish', 'snail', 'lobster', 'hermit_crab', 'flamingo', 'american_egret', 'pelican', 'king_penguin', 'grey_whale', 'killer_whale', 'sea_lion', 'chihuahua', 'shih_tzu', 'afghan_hound', 'basset_hound', 'beagle', 'bloodhound', 'italian_greyhound', 'whippet', 'weimaraner', 'yorkshire_terrier', 'boston_terrier', 'scottish_terrier', 'west_highland_white_terrier', 'golden_retriever', 'labrador_retriever', 'cocker_spaniels', 'collie', 'border_collie', 'rottweiler', 'german_shepherd_dog', 'boxer', 'french_bulldog', 'saint_bernard', 'husky', 'dalmatian', 'pug', 'pomeranian', 'chow_chow', 'pembroke_welsh_corgi', 'toy_poodle', 'standard_poodle', 'timber_wolf', 'hyena', 'red_fox', 'tabby_cat', 'leopard', 'snow_leopard', 'lion', 'tiger', 'cheetah', 'polar_bear', 'meerkat', 'ladybug', 'fly', 'bee', 'ant', 'grasshopper', 'cockroach', 'mantis', 'dragonfly', 'monarch_butterfly', 'starfish', 'wood_rabbit', 'porcupine', 'fox_squirrel', 'beaver', 'guinea_pig', 'zebra', 'pig', 'hippopotamus', 'bison', 'gazelle', 'llama', 'skunk', 'badger', 'orangutan', 'gorilla', 'chimpanzee', 'gibbon', 'baboon', 'panda', 'eel', 'clown_fish', 'puffer_fish', 'accordion', 'ambulance', 'assault_rifle', 'backpack', 'barn', 'wheelbarrow', 'basketball', 'bathtub', 'lighthouse', 'beer_glass', 'binoculars', 'birdhouse', 'bow_tie', 'broom', 'bucket', 'cauldron', 'candle', 'cannon', 'canoe', 'carousel', 'castle', 'mobile_phone', 'cowboy_hat', 'electric_guitar', 'fire_engine', 'flute', 'gasmask', 'grand_piano', 'guillotine', 'hammer', 'harmonica', 'harp', 'hatchet', 'jeep', 'joystick', 'lab_coat', 'lawn_mower', 'lipstick', 'mailbox', 'missile', 'mitten', 'parachute', 'pickup_truck', 'pirate_ship', 'revolver', 'rugby_ball', 'sandal', 'saxophone', 'school_bus', 'schooner', 'shield', 'soccer_ball', 'space_shuttle', 'spider_web', 'steam_locomotive', 'scarf', 'submarine', 'tank', 'tennis_ball', 'tractor', 'trombone', 'vase', 'violin', 'military_aircraft', 'wine_bottle', 'ice_cream', 'bagel', 'pretzel', 'cheeseburger', 'hotdog', 'cabbage', 'broccoli', 'cucumber', 'bell_pepper', 'mushroom', 'Granny_Smith', 'strawberry', 'lemon', 'pineapple', 'banana', 'pomegranate', 'pizza', 'burrito', 'espresso', 'volcano', 'baseball_player', 'scuba_diver', 'acorn']
['itap of a {}.', 'a bad photo of the {}.', 'a origami {}.', 'a photo of the large {}.', 'a {} in a video game.', 'art of the {}.', 'a photo of the small {}.']
{'n01443537': 0, 'n01484850': 1, 'n01494475': 2, 'n01498041': 3, 'n01514859': 4, 'n01518878': 5, 'n01531178': 6, 'n01534433': 7, 'n01614925': 8, 'n01616318': 9, 'n01630670': 10, 'n01632777': 11, 'n01644373': 12, 'n01677366': 13, 'n01694178': 14, 'n01748264': 15, 'n01770393': 16, 'n01774750': 17, 'n01784675': 18, 'n01806143': 19, 'n01820546': 20, 'n01833805': 21, 'n01843383': 22, 'n01847000': 23, 'n01855672': 24, 'n01860187': 25, 'n01882714': 26, 'n01910747': 27, 'n01944390': 28, 'n01983481': 29, 'n01986214': 30, 'n02007558': 31, 'n02009912': 32, 'n02051845': 33, 'n02056570': 34, 'n02066245': 35, 'n02071294': 36, 'n02077923': 37, 'n02085620': 38, 'n02086240': 39, 'n02088094': 40, 'n02088238': 41, 'n02088364': 42, 'n02088466': 43, 'n02091032': 44, 'n02091134': 45, 'n02092339': 46, 'n02094433': 47, 'n02096585': 48, 'n02097298': 49, 'n02098286': 50, 'n02099601': 51, 'n02099712': 52, 'n02102318': 53, 'n02106030': 54, 'n02106166': 55, 'n02106550': 56, 'n02106662': 57, 'n02108089': 58, 'n02108915': 59, 'n02109525': 60, 'n02110185': 61, 'n02110341': 62, 'n02110958': 63, 'n02112018': 64, 'n02112137': 65, 'n02113023': 66, 'n02113624': 67, 'n02113799': 68, 'n02114367': 69, 'n02117135': 70, 'n02119022': 71, 'n02123045': 72, 'n02128385': 73, 'n02128757': 74, 'n02129165': 75, 'n02129604': 76, 'n02130308': 77, 'n02134084': 78, 'n02138441': 79, 'n02165456': 80, 'n02190166': 81, 'n02206856': 82, 'n02219486': 83, 'n02226429': 84, 'n02233338': 85, 'n02236044': 86, 'n02268443': 87, 'n02279972': 88, 'n02317335': 89, 'n02325366': 90, 'n02346627': 91, 'n02356798': 92, 'n02363005': 93, 'n02364673': 94, 'n02391049': 95, 'n02395406': 96, 'n02398521': 97, 'n02410509': 98, 'n02423022': 99, 'n02437616': 100, 'n02445715': 101, 'n02447366': 102, 'n02480495': 103, 'n02480855': 104, 'n02481823': 105, 'n02483362': 106, 'n02486410': 107, 'n02510455': 108, 'n02526121': 109, 'n02607072': 110, 'n02655020': 111, 'n02672831': 112, 'n02701002': 113, 'n02749479': 114, 'n02769748': 115, 'n02793495': 116, 'n02797295': 117, 'n02802426': 118, 'n02808440': 119, 'n02814860': 120, 'n02823750': 121, 'n02841315': 122, 'n02843684': 123, 'n02883205': 124, 'n02906734': 125, 'n02909870': 126, 'n02939185': 127, 'n02948072': 128, 'n02950826': 129, 'n02951358': 130, 'n02966193': 131, 'n02980441': 132, 'n02992529': 133, 'n03124170': 134, 'n03272010': 135, 'n03345487': 136, 'n03372029': 137, 'n03424325': 138, 'n03452741': 139, 'n03467068': 140, 'n03481172': 141, 'n03494278': 142, 'n03495258': 143, 'n03498962': 144, 'n03594945': 145, 'n03602883': 146, 'n03630383': 147, 'n03649909': 148, 'n03676483': 149, 'n03710193': 150, 'n03773504': 151, 'n03775071': 152, 'n03888257': 153, 'n03930630': 154, 'n03947888': 155, 'n04086273': 156, 'n04118538': 157, 'n04133789': 158, 'n04141076': 159, 'n04146614': 160, 'n04147183': 161, 'n04192698': 162, 'n04254680': 163, 'n04266014': 164, 'n04275548': 165, 'n04310018': 166, 'n04325704': 167, 'n04347754': 168, 'n04389033': 169, 'n04409515': 170, 'n04465501': 171, 'n04487394': 172, 'n04522168': 173, 'n04536866': 174, 'n04552348': 175, 'n04591713': 176, 'n07614500': 177, 'n07693725': 178, 'n07695742': 179, 'n07697313': 180, 'n07697537': 181, 'n07714571': 182, 'n07714990': 183, 'n07718472': 184, 'n07720875': 185, 'n07734744': 186, 'n07742313': 187, 'n07745940': 188, 'n07749582': 189, 'n07753275': 190, 'n07753592': 191, 'n07768694': 192, 'n07873807': 193, 'n07880968': 194, 'n07920052': 195, 'n09472597': 196, 'n09835506': 197, 'n10565667': 198, 'n12267677': 199}
2026-02-07 02:00:24,927 [data_manager.py] => [168, 136, 51, 9, 183, 101, 171, 99, 42, 159, 191, 70, 16, 188, 27, 10, 175, 26, 68, 187, 98, 6, 85, 35, 112, 43, 100, 0, 103, 181, 88, 59, 4, 2, 116, 174, 94, 80, 106, 1, 147, 17, 141, 131, 72, 23, 173, 54, 197, 118, 87, 32, 79, 104, 91, 19, 135, 107, 178, 36, 11, 199, 142, 8, 122, 3, 28, 57, 153, 172, 190, 56, 49, 44, 97, 62, 151, 169, 194, 55, 192, 12, 189, 78, 66, 180, 15, 137, 109, 134, 92, 119, 126, 52, 170, 40, 148, 65, 144, 64, 138, 45, 77, 89, 154, 90, 71, 193, 74, 30, 113, 143, 96, 84, 67, 50, 186, 156, 69, 21, 18, 111, 108, 58, 125, 157, 150, 110, 182, 129, 166, 83, 81, 60, 13, 165, 14, 176, 63, 117, 5, 22, 145, 121, 38, 41, 82, 127, 114, 20, 31, 53, 37, 163, 196, 130, 152, 162, 86, 76, 24, 34, 184, 149, 33, 128, 198, 155, 146, 167, 139, 120, 140, 102, 47, 25, 158, 123, 46, 164, 61, 7, 115, 75, 133, 160, 105, 132, 179, 124, 48, 73, 93, 39, 95, 195, 29, 177, 185, 161]
After shuffle, class_to_label is:  ['submarine', 'fire_engine', 'golden_retriever', 'vulture', 'broccoli', 'skunk', 'tractor', 'gazelle', 'beagle', 'saxophone', 'banana', 'hyena', 'scorpion', 'strawberry', 'jellyfish', 'newt', 'military_aircraft', 'koala', 'standard_poodle', 'Granny_Smith', 'bison', 'goldfinch', 'cockroach', 'grey_whale', 'accordion', 'bloodhound', 'llama', 'goldfish', 'orangutan', 'hotdog', 'monarch_butterfly', 'french_bulldog', 'hen', 'hammerhead', 'barn', 'violin', 'guinea_pig', 'ladybug', 'gibbon', 'great_white_shark', 'lab_coat', 'tarantula', 'hammer', 'carousel', 'tabby_cat', 'duck', 'vase', 'collie', 'baseball_player', 'basketball', 'dragonfly', 'american_egret', 'meerkat', 'gorilla', 'porcupine', 'peacock', 'electric_guitar', 'baboon', 'bagel', 'killer_whale', 'axolotl', 'acorn', 'harmonica', 'bald_eagle', 'binoculars', 'stingray', 'snail', 'german_shepherd_dog', 'parachute', 'trombone', 'pineapple', 'rottweiler', 'scottish_terrier', 'italian_greyhound', 'hippopotamus', 'dalmatian', 'missile', 'tank', 'burrito', 'border_collie', 'pomegranate', 'tree_frog', 'lemon', 'polar_bear', 'pembroke_welsh_corgi', 'cheeseburger', 'cobra', 'flute', 'eel', 'cowboy_hat', 'fox_squirrel', 'bathtub', 'bucket', 'labrador_retriever', 'tennis_ball', 'afghan_hound', 'lawn_mower', 'chow_chow', 'hatchet', 'pomeranian', 'gasmask', 'whippet', 'cheetah', 'starfish', 'pickup_truck', 'wood_rabbit', 'red_fox', 'pizza', 'snow_leopard', 'hermit_crab', 'ambulance', 'harp', 'pig', 'grasshopper', 'toy_poodle', 'west_highland_white_terrier', 'mushroom', 'revolver', 'timber_wolf', 'hummingbird', 'centipede', 'puffer_fish', 'panda', 'boxer', 'broom', 'rugby_ball', 'mailbox', 'clown_fish', 'cabbage', 'cannon', 'steam_locomotive', 'ant', 'fly', 'saint_bernard', 'iguana', 'spider_web', 'African_chameleon', 'wine_bottle', 'pug', 'wheelbarrow', 'ostrich', 'toucan', 'jeep', 'beer_glass', 'chihuahua', 'basset_hound', 'bee', 'cauldron', 'assault_rifle', 'lorikeet', 'flamingo', 'cocker_spaniels', 'sea_lion', 'soccer_ball', 'volcano', 'canoe', 'mitten', 'shield', 'mantis', 'tiger', 'goose', 'king_penguin', 'cucumber', 'lipstick', 'pelican', 'candle', 'scuba_diver', 'pirate_ship', 'joystick', 'scarf', 'grand_piano', 'lighthouse', 'guillotine', 'badger', 'yorkshire_terrier', 'black_swan', 'sandal', 'birdhouse', 'weimaraner', 'space_shuttle', 'husky', 'junco', 'backpack', 'lion', 'mobile_phone', 'school_bus', 'chimpanzee', 'castle', 'pretzel', 'bow_tie', 'boston_terrier', 'leopard', 'beaver', 'shih_tzu', 'zebra', 'espresso', 'lobster', 'ice_cream', 'bell_pepper', 'schooner']
Training class stages: [100, 20, 20, 20, 20, 20]
Using CLIP model as the backbone
2026-02-07 02:00:26,205 [instantiator.py] => Created a temporary directory at /tmp/tmpc2okskuf
2026-02-07 02:00:26,205 [instantiator.py] => Writing /tmp/tmpc2okskuf/_remote_module_non_scriptable.py
2026-02-07 02:00:26,340 [factory.py] => Loaded ViT-B-16 model config.
2026-02-07 02:00:27,767 [factory.py] => Loading pretrained ViT-B-16 weights (/home/team/zhaohongwei/pretrained_models/open_clip_pytorch_model_laion400m_e32.bin).
/home/team/zhaohongwei/anaconda3/envs/mmcl/lib/python3.10/site-packages/torch/_utils.py:776: UserWarning: TypedStorage is deprecated. It will be removed in the future and UntypedStorage will be the only storage class. This should only matter to you if you are using storages directly.  To access UntypedStorage directly, use tensor.untyped_storage() instead of tensor.storage()
  return self.fget.__get__(instance, owner)()
Using CLIP model as the backbone
2026-02-07 02:00:28,228 [factory.py] => Loaded ViT-B-16 model config.
2026-02-07 02:00:29,558 [factory.py] => Loading pretrained ViT-B-16 weights (/home/team/zhaohongwei/pretrained_models/open_clip_pytorch_model_laion400m_e32.bin).
2026-02-07 02:00:30,000 [finetune.py] => Learning on 0-100

  0%|          | 0/10 [00:00<?, ?it/s]
Task 0, Epoch 1/10 => Loss 4.596, Train_accy 2.16, Test_accy 4.49:   0%|          | 0/10 [01:49<?, ?it/s]
Task 0, Epoch 1/10 => Loss 4.596, Train_accy 2.16, Test_accy 4.49:  10%|█         | 1/10 [01:49<16:22, 109.13s/it]
Task 0, Epoch 2/10 => Loss 4.559, Train_accy 7.14:  10%|█         | 1/10 [03:29<16:22, 109.13s/it]                
Task 0, Epoch 2/10 => Loss 4.559, Train_accy 7.14:  20%|██        | 2/10 [03:29<13:52, 104.06s/it]
Task 0, Epoch 3/10 => Loss 4.503, Train_accy 19.38:  20%|██        | 2/10 [05:10<13:52, 104.06s/it]
Task 0, Epoch 3/10 => Loss 4.503, Train_accy 19.38:  30%|███       | 3/10 [05:10<11:57, 102.54s/it]
Task 0, Epoch 4/10 => Loss 4.420, Train_accy 34.24:  30%|███       | 3/10 [06:50<11:57, 102.54s/it]
Task 0, Epoch 4/10 => Loss 4.420, Train_accy 34.24:  40%|████      | 4/10 [06:50<10:10, 101.76s/it]
Task 0, Epoch 5/10 => Loss 4.327, Train_accy 46.42:  40%|████      | 4/10 [08:31<10:10, 101.76s/it]
Task 0, Epoch 5/10 => Loss 4.327, Train_accy 46.42:  50%|█████     | 5/10 [08:31<08:27, 101.42s/it]
Task 0, Epoch 6/10 => Loss 4.243, Train_accy 52.91, Test_accy 51.12:  50%|█████     | 5/10 [10:20<08:27, 101.42s/it]
Task 0, Epoch 6/10 => Loss 4.243, Train_accy 52.91, Test_accy 51.12:  60%|██████    | 6/10 [10:20<06:56, 104.07s/it]
Task 0, Epoch 7/10 => Loss 4.167, Train_accy 58.87:  60%|██████    | 6/10 [12:01<06:56, 104.07s/it]                 
Task 0, Epoch 7/10 => Loss 4.167, Train_accy 58.87:  70%|███████   | 7/10 [12:01<05:08, 102.95s/it]
Task 0, Epoch 8/10 => Loss 4.137, Train_accy 58.60:  70%|███████   | 7/10 [13:41<05:08, 102.95s/it]
Task 0, Epoch 8/10 => Loss 4.137, Train_accy 58.60:  80%|████████  | 8/10 [13:41<03:24, 102.03s/it]
Task 0, Epoch 9/10 => Loss 4.043, Train_accy 67.95:  80%|████████  | 8/10 [15:21<03:24, 102.03s/it]
Task 0, Epoch 9/10 => Loss 4.043, Train_accy 67.95:  90%|█████████ | 9/10 [15:21<01:41, 101.49s/it]
Task 0, Epoch 10/10 => Loss 3.986, Train_accy 72.62:  90%|█████████ | 9/10 [17:02<01:41, 101.49s/it]
Task 0, Epoch 10/10 => Loss 3.986, Train_accy 72.62: 100%|██████████| 10/10 [17:02<00:00, 101.17s/it]
Task 0, Epoch 10/10 => Loss 3.986, Train_accy 72.62: 100%|██████████| 10/10 [17:02<00:00, 102.24s/it]
2026-02-07 02:17:33,054 [finetune.py] => Task 0, Epoch 10/10 => Loss 3.986, Train_accy 72.62
2026-02-07 02:17:41,685 [trainer.py] => CNN: {'total': 66.57, '00-09': 71.29, '10-19': 83.33, '20-29': 64.33, '30-39': 74.7, '40-49': 67.22, '50-59': 67.11, '60-69': 62.75, '70-79': 59.34, '80-89': 68.39, '90-99': 23.73, 'old': 0, 'new': 66.57, 'harmonic': 0.0}
2026-02-07 02:17:41,685 [trainer.py] => CNN top1 curve: [66.57]
2026-02-07 02:17:41,685 [trainer.py] => CNN top5 curve: [89.15]
2026-02-07 02:17:41,686 [trainer.py] => Average Accuracy (CNN): 66.57
2026-02-07 02:17:41,689 [finetune.py] => Learning on 100-120

  0%|          | 0/10 [00:00<?, ?it/s]
Task 1, Epoch 1/10 => Loss 2.910, Train_accy 6.08, Test_accy 41.51:   0%|          | 0/10 [00:33<?, ?it/s]
Task 1, Epoch 1/10 => Loss 2.910, Train_accy 6.08, Test_accy 41.51:  10%|█         | 1/10 [00:33<05:00, 33.35s/it]
Task 1, Epoch 2/10 => Loss 2.724, Train_accy 30.17, Test_accy 32.84:  10%|█         | 1/10 [01:06<05:00, 33.35s/it]
Task 1, Epoch 2/10 => Loss 2.724, Train_accy 30.17, Test_accy 32.84:  20%|██        | 2/10 [01:06<04:26, 33.27s/it]
Task 1, Epoch 3/10 => Loss 2.596, Train_accy 49.04, Test_accy 27.65:  20%|██        | 2/10 [01:39<04:26, 33.27s/it]
Task 1, Epoch 3/10 => Loss 2.596, Train_accy 49.04, Test_accy 27.65:  30%|███       | 3/10 [01:39<03:52, 33.18s/it]
Task 1, Epoch 4/10 => Loss 2.498, Train_accy 62.78, Test_accy 24.91:  30%|███       | 3/10 [02:12<03:52, 33.18s/it]
Task 1, Epoch 4/10 => Loss 2.498, Train_accy 62.78, Test_accy 24.91:  40%|████      | 4/10 [02:12<03:18, 33.15s/it]
Task 1, Epoch 5/10 => Loss 2.417, Train_accy 72.50, Test_accy 20.25:  40%|████      | 4/10 [02:46<03:18, 33.15s/it]
Task 1, Epoch 5/10 => Loss 2.417, Train_accy 72.50, Test_accy 20.25:  50%|█████     | 5/10 [02:46<02:45, 33.20s/it]
Task 1, Epoch 6/10 => Loss 2.348, Train_accy 80.49, Test_accy 20.25:  50%|█████     | 5/10 [03:19<02:45, 33.20s/it]
Task 1, Epoch 6/10 => Loss 2.348, Train_accy 80.49, Test_accy 20.25:  60%|██████    | 6/10 [03:19<02:12, 33.16s/it]
Task 1, Epoch 7/10 => Loss 2.285, Train_accy 85.70, Test_accy 20.00:  60%|██████    | 6/10 [03:52<02:12, 33.16s/it]
Task 1, Epoch 7/10 => Loss 2.285, Train_accy 85.70, Test_accy 20.00:  70%|███████   | 7/10 [03:52<01:39, 33.18s/it]
Task 1, Epoch 8/10 => Loss 2.229, Train_accy 90.69, Test_accy 19.23:  70%|███████   | 7/10 [04:25<01:39, 33.18s/it]
Task 1, Epoch 8/10 => Loss 2.229, Train_accy 90.69, Test_accy 19.23:  80%|████████  | 8/10 [04:25<01:06, 33.18s/it]
Task 1, Epoch 9/10 => Loss 2.191, Train_accy 92.80, Test_accy 17.67:  80%|████████  | 8/10 [04:58<01:06, 33.18s/it]
Task 1, Epoch 9/10 => Loss 2.191, Train_accy 92.80, Test_accy 17.67:  90%|█████████ | 9/10 [04:58<00:33, 33.17s/it]
Task 1, Epoch 10/10 => Loss 2.143, Train_accy 95.72, Test_accy 17.04:  90%|█████████ | 9/10 [05:31<00:33, 33.17s/it]
Task 1, Epoch 10/10 => Loss 2.143, Train_accy 95.72, Test_accy 17.04: 100%|██████████| 10/10 [05:31<00:00, 33.19s/it]
Task 1, Epoch 10/10 => Loss 2.143, Train_accy 95.72, Test_accy 17.04: 100%|██████████| 10/10 [05:31<00:00, 33.19s/it]
2026-02-07 02:23:13,588 [finetune.py] => Task 1, Epoch 10/10 => Loss 2.143, Train_accy 95.72, Test_accy 17.04
2026-02-07 02:23:23,945 [trainer.py] => CNN: {'total': 17.04, '00-09': 1.26, '10-19': 2.69, '20-29': 1.67, '30-39': 1.51, '40-49': 0.66, '50-59': 1.64, '60-69': 0.34, '70-79': 10.26, '80-89': 2.9, '90-99': 0.0, '100-109': 83.45, '110-119': 83.78, 'old': 2.31, 'new': 83.64, 'harmonic': 4.5}
2026-02-07 02:23:23,945 [trainer.py] => CNN top1 curve: [66.57, 17.04]
2026-02-07 02:23:23,945 [trainer.py] => CNN top5 curve: [89.15, 46.86]
2026-02-07 02:23:23,945 [trainer.py] => Average Accuracy (CNN): 41.80499999999999
2026-02-07 02:23:23,948 [finetune.py] => Learning on 120-140

  0%|          | 0/10 [00:00<?, ?it/s]
Task 2, Epoch 1/10 => Loss 2.912, Train_accy 5.84, Test_accy 12.98:   0%|          | 0/10 [00:30<?, ?it/s]
Task 2, Epoch 1/10 => Loss 2.912, Train_accy 5.84, Test_accy 12.98:  10%|█         | 1/10 [00:30<04:32, 30.30s/it]
Task 2, Epoch 2/10 => Loss 2.771, Train_accy 19.87, Test_accy 13.57:  10%|█         | 1/10 [01:00<04:32, 30.30s/it]
Task 2, Epoch 2/10 => Loss 2.771, Train_accy 19.87, Test_accy 13.57:  20%|██        | 2/10 [01:00<04:01, 30.23s/it]
Task 2, Epoch 3/10 => Loss 2.663, Train_accy 32.20, Test_accy 15.76:  20%|██        | 2/10 [01:30<04:01, 30.23s/it]
Task 2, Epoch 3/10 => Loss 2.663, Train_accy 32.20, Test_accy 15.76:  30%|███       | 3/10 [01:30<03:31, 30.26s/it]
Task 2, Epoch 4/10 => Loss 2.577, Train_accy 53.53, Test_accy 15.85:  30%|███       | 3/10 [02:01<03:31, 30.26s/it]
Task 2, Epoch 4/10 => Loss 2.577, Train_accy 53.53, Test_accy 15.85:  40%|████      | 4/10 [02:01<03:01, 30.32s/it]
Task 2, Epoch 5/10 => Loss 2.505, Train_accy 64.55, Test_accy 15.16:  40%|████      | 4/10 [02:31<03:01, 30.32s/it]
Task 2, Epoch 5/10 => Loss 2.505, Train_accy 64.55, Test_accy 15.16:  50%|█████     | 5/10 [02:31<02:31, 30.30s/it]
Task 2, Epoch 6/10 => Loss 2.441, Train_accy 69.35, Test_accy 14.17:  50%|█████     | 5/10 [03:01<02:31, 30.30s/it]
Task 2, Epoch 6/10 => Loss 2.441, Train_accy 69.35, Test_accy 14.17:  60%|██████    | 6/10 [03:01<02:01, 30.33s/it]
Task 2, Epoch 7/10 => Loss 2.383, Train_accy 74.01, Test_accy 13.93:  60%|██████    | 6/10 [03:31<02:01, 30.33s/it]
Task 2, Epoch 7/10 => Loss 2.383, Train_accy 74.01, Test_accy 13.93:  70%|███████   | 7/10 [03:31<01:30, 30.26s/it]
Task 2, Epoch 8/10 => Loss 2.328, Train_accy 80.23, Test_accy 13.15:  70%|███████   | 7/10 [04:02<01:30, 30.26s/it]
Task 2, Epoch 8/10 => Loss 2.328, Train_accy 80.23, Test_accy 13.15:  80%|████████  | 8/10 [04:02<01:00, 30.24s/it]
Task 2, Epoch 9/10 => Loss 2.278, Train_accy 84.60, Test_accy 12.29:  80%|████████  | 8/10 [04:32<01:00, 30.24s/it]
Task 2, Epoch 9/10 => Loss 2.278, Train_accy 84.60, Test_accy 12.29:  90%|█████████ | 9/10 [04:32<00:30, 30.25s/it]
Task 2, Epoch 10/10 => Loss 2.234, Train_accy 86.53, Test_accy 11.89:  90%|█████████ | 9/10 [05:02<00:30, 30.25s/it]
Task 2, Epoch 10/10 => Loss 2.234, Train_accy 86.53, Test_accy 11.89: 100%|██████████| 10/10 [05:02<00:00, 30.22s/it]
Task 2, Epoch 10/10 => Loss 2.234, Train_accy 86.53, Test_accy 11.89: 100%|██████████| 10/10 [05:02<00:00, 30.26s/it]
2026-02-07 02:28:26,549 [finetune.py] => Task 2, Epoch 10/10 => Loss 2.234, Train_accy 86.53, Test_accy 11.89
2026-02-07 02:28:38,188 [trainer.py] => CNN: {'total': 11.89, '00-09': 0.32, '10-19': 1.08, '20-29': 0.0, '30-39': 0.3, '40-49': 0.0, '50-59': 0.0, '60-69': 0.0, '70-79': 4.03, '80-89': 3.55, '90-99': 0.0, '100-109': 4.58, '110-119': 14.1, '120-129': 71.59, '130-139': 71.48, 'old': 2.58, 'new': 71.53, 'harmonic': 4.98}
2026-02-07 02:28:38,189 [trainer.py] => CNN top1 curve: [66.57, 17.04, 11.89]
2026-02-07 02:28:38,189 [trainer.py] => CNN top5 curve: [89.15, 46.86, 30.09]
2026-02-07 02:28:38,189 [trainer.py] => Average Accuracy (CNN): 31.83333333333333
2026-02-07 02:28:38,191 [finetune.py] => Learning on 140-160

  0%|          | 0/10 [00:00<?, ?it/s]
Task 3, Epoch 1/10 => Loss 2.887, Train_accy 9.09, Test_accy 10.64:   0%|          | 0/10 [00:37<?, ?it/s]
Task 3, Epoch 1/10 => Loss 2.887, Train_accy 9.09, Test_accy 10.64:  10%|█         | 1/10 [00:37<05:39, 37.68s/it]
Task 3, Epoch 2/10 => Loss 2.716, Train_accy 31.64, Test_accy 10.80:  10%|█         | 1/10 [01:15<05:39, 37.68s/it]
Task 3, Epoch 2/10 => Loss 2.716, Train_accy 31.64, Test_accy 10.80:  20%|██        | 2/10 [01:15<05:01, 37.75s/it]
Task 3, Epoch 3/10 => Loss 2.585, Train_accy 55.72, Test_accy 10.72:  20%|██        | 2/10 [01:53<05:01, 37.75s/it]
Task 3, Epoch 3/10 => Loss 2.585, Train_accy 55.72, Test_accy 10.72:  30%|███       | 3/10 [01:53<04:24, 37.76s/it]
Task 3, Epoch 4/10 => Loss 2.480, Train_accy 67.58, Test_accy 10.50:  30%|███       | 3/10 [02:31<04:24, 37.76s/it]
Task 3, Epoch 4/10 => Loss 2.480, Train_accy 67.58, Test_accy 10.50:  40%|████      | 4/10 [02:31<03:46, 37.77s/it]
Task 3, Epoch 5/10 => Loss 2.391, Train_accy 73.83, Test_accy 10.46:  40%|████      | 4/10 [03:08<03:46, 37.77s/it]
Task 3, Epoch 5/10 => Loss 2.391, Train_accy 73.83, Test_accy 10.46:  50%|█████     | 5/10 [03:08<03:08, 37.78s/it]
Task 3, Epoch 6/10 => Loss 2.324, Train_accy 77.66, Test_accy 11.17:  50%|█████     | 5/10 [03:46<03:08, 37.78s/it]
Task 3, Epoch 6/10 => Loss 2.324, Train_accy 77.66, Test_accy 11.17:  60%|██████    | 6/10 [03:46<02:31, 37.77s/it]
Task 3, Epoch 7/10 => Loss 2.262, Train_accy 82.17, Test_accy 10.86:  60%|██████    | 6/10 [04:24<02:31, 37.77s/it]
Task 3, Epoch 7/10 => Loss 2.262, Train_accy 82.17, Test_accy 10.86:  70%|███████   | 7/10 [04:24<01:53, 37.83s/it]
Task 3, Epoch 8/10 => Loss 2.210, Train_accy 87.57, Test_accy 11.71:  70%|███████   | 7/10 [05:02<01:53, 37.83s/it]
Task 3, Epoch 8/10 => Loss 2.210, Train_accy 87.57, Test_accy 11.71:  80%|████████  | 8/10 [05:02<01:15, 37.79s/it]
Task 3, Epoch 9/10 => Loss 2.162, Train_accy 91.41, Test_accy 11.51:  80%|████████  | 8/10 [05:40<01:15, 37.79s/it]
Task 3, Epoch 9/10 => Loss 2.162, Train_accy 91.41, Test_accy 11.51:  90%|█████████ | 9/10 [05:40<00:37, 37.79s/it]
Task 3, Epoch 10/10 => Loss 2.120, Train_accy 93.86, Test_accy 11.92:  90%|█████████ | 9/10 [06:17<00:37, 37.79s/it]
Task 3, Epoch 10/10 => Loss 2.120, Train_accy 93.86, Test_accy 11.92: 100%|██████████| 10/10 [06:17<00:00, 37.72s/it]
Task 3, Epoch 10/10 => Loss 2.120, Train_accy 93.86, Test_accy 11.92: 100%|██████████| 10/10 [06:17<00:00, 37.76s/it]
2026-02-07 02:34:55,808 [finetune.py] => Task 3, Epoch 10/10 => Loss 2.120, Train_accy 93.86, Test_accy 11.92
2026-02-07 02:35:09,289 [trainer.py] => CNN: {'total': 11.92, '00-09': 0.63, '10-19': 0.0, '20-29': 0.0, '30-39': 0.3, '40-49': 0.0, '50-59': 0.33, '60-69': 0.0, '70-79': 0.0, '80-89': 0.32, '90-99': 0.0, '100-109': 0.0, '110-119': 0.0, '120-129': 0.0, '130-139': 0.0, '140-149': 83.38, '150-159': 76.8, 'old': 0.12, 'new': 80.11, 'harmonic': 0.24}
2026-02-07 02:35:09,289 [trainer.py] => CNN top1 curve: [66.57, 17.04, 11.89, 11.92]
2026-02-07 02:35:09,290 [trainer.py] => CNN top5 curve: [89.15, 46.86, 30.09, 23.41]
2026-02-07 02:35:09,290 [trainer.py] => Average Accuracy (CNN): 26.854999999999997
2026-02-07 02:35:09,292 [finetune.py] => Learning on 160-180

  0%|          | 0/10 [00:00<?, ?it/s]
Task 4, Epoch 1/10 => Loss 2.938, Train_accy 2.52, Test_accy 9.67:   0%|          | 0/10 [00:31<?, ?it/s]
Task 4, Epoch 1/10 => Loss 2.938, Train_accy 2.52, Test_accy 9.67:  10%|█         | 1/10 [00:31<04:45, 31.75s/it]
Task 4, Epoch 2/10 => Loss 2.831, Train_accy 17.30, Test_accy 9.67:  10%|█         | 1/10 [01:04<04:45, 31.75s/it]
Task 4, Epoch 2/10 => Loss 2.831, Train_accy 17.30, Test_accy 9.67:  20%|██        | 2/10 [01:04<04:18, 32.30s/it]
Task 4, Epoch 3/10 => Loss 2.755, Train_accy 25.15, Test_accy 9.80:  20%|██        | 2/10 [01:36<04:18, 32.30s/it]
Task 4, Epoch 3/10 => Loss 2.755, Train_accy 25.15, Test_accy 9.80:  30%|███       | 3/10 [01:36<03:45, 32.16s/it]
Task 4, Epoch 4/10 => Loss 2.684, Train_accy 39.01, Test_accy 8.82:  30%|███       | 3/10 [02:08<03:45, 32.16s/it]
Task 4, Epoch 4/10 => Loss 2.684, Train_accy 39.01, Test_accy 8.82:  40%|████      | 4/10 [02:08<03:11, 31.96s/it]
Task 4, Epoch 5/10 => Loss 2.622, Train_accy 45.02, Test_accy 9.00:  40%|████      | 4/10 [02:39<03:11, 31.96s/it]
Task 4, Epoch 5/10 => Loss 2.622, Train_accy 45.02, Test_accy 9.00:  50%|█████     | 5/10 [02:39<02:39, 31.91s/it]
Task 4, Epoch 6/10 => Loss 2.550, Train_accy 56.37, Test_accy 8.93:  50%|█████     | 5/10 [03:11<02:39, 31.91s/it]
Task 4, Epoch 6/10 => Loss 2.550, Train_accy 56.37, Test_accy 8.93:  60%|██████    | 6/10 [03:11<02:07, 31.94s/it]
Task 4, Epoch 7/10 => Loss 2.487, Train_accy 64.27, Test_accy 8.08:  60%|██████    | 6/10 [03:43<02:07, 31.94s/it]
Task 4, Epoch 7/10 => Loss 2.487, Train_accy 64.27, Test_accy 8.08:  70%|███████   | 7/10 [03:43<01:35, 31.95s/it]
Task 4, Epoch 8/10 => Loss 2.426, Train_accy 74.18, Test_accy 7.19:  70%|███████   | 7/10 [04:15<01:35, 31.95s/it]
Task 4, Epoch 8/10 => Loss 2.426, Train_accy 74.18, Test_accy 7.19:  80%|████████  | 8/10 [04:15<01:03, 31.93s/it]
Task 4, Epoch 9/10 => Loss 2.375, Train_accy 79.98, Test_accy 7.10:  80%|████████  | 8/10 [04:47<01:03, 31.93s/it]
Task 4, Epoch 9/10 => Loss 2.375, Train_accy 79.98, Test_accy 7.10:  90%|█████████ | 9/10 [04:47<00:31, 31.91s/it]
Task 4, Epoch 10/10 => Loss 2.320, Train_accy 85.16, Test_accy 7.36:  90%|█████████ | 9/10 [05:20<00:31, 31.91s/it]
Task 4, Epoch 10/10 => Loss 2.320, Train_accy 85.16, Test_accy 7.36: 100%|██████████| 10/10 [05:20<00:00, 32.12s/it]
Task 4, Epoch 10/10 => Loss 2.320, Train_accy 85.16, Test_accy 7.36: 100%|██████████| 10/10 [05:20<00:00, 32.02s/it]
2026-02-07 02:40:29,520 [finetune.py] => Task 4, Epoch 10/10 => Loss 2.320, Train_accy 85.16, Test_accy 7.36
2026-02-07 02:40:44,193 [trainer.py] => CNN: {'total': 7.36, '00-09': 0.32, '10-19': 0.0, '20-29': 0.0, '30-39': 0.0, '40-49': 0.0, '50-59': 0.0, '60-69': 0.0, '70-79': 0.0, '80-89': 0.0, '90-99': 0.0, '100-109': 0.0, '110-119': 0.0, '120-129': 0.74, '130-139': 0.0, '140-149': 8.17, '150-159': 8.84, '160-169': 63.48, '170-179': 75.81, 'old': 1.31, 'new': 69.87, 'harmonic': 2.57}
2026-02-07 02:40:44,193 [trainer.py] => CNN top1 curve: [66.57, 17.04, 11.89, 11.92, 7.36]
2026-02-07 02:40:44,193 [trainer.py] => CNN top5 curve: [89.15, 46.86, 30.09, 23.41, 18.48]
2026-02-07 02:40:44,193 [trainer.py] => Average Accuracy (CNN): 22.955999999999996
2026-02-07 02:40:44,196 [finetune.py] => Learning on 180-200

  0%|          | 0/10 [00:00<?, ?it/s]
Task 5, Epoch 1/10 => Loss 2.919, Train_accy 3.74, Test_accy 6.93:   0%|          | 0/10 [00:36<?, ?it/s]
Task 5, Epoch 1/10 => Loss 2.919, Train_accy 3.74, Test_accy 6.93:  10%|█         | 1/10 [00:36<05:24, 36.05s/it]
Task 5, Epoch 2/10 => Loss 2.769, Train_accy 27.44, Test_accy 6.48:  10%|█         | 1/10 [01:11<05:24, 36.05s/it]
Task 5, Epoch 2/10 => Loss 2.769, Train_accy 27.44, Test_accy 6.48:  20%|██        | 2/10 [01:11<04:46, 35.86s/it]
Task 5, Epoch 3/10 => Loss 2.660, Train_accy 38.41, Test_accy 6.13:  20%|██        | 2/10 [01:47<04:46, 35.86s/it]
Task 5, Epoch 3/10 => Loss 2.660, Train_accy 38.41, Test_accy 6.13:  30%|███       | 3/10 [01:47<04:11, 35.91s/it]
Task 5, Epoch 4/10 => Loss 2.572, Train_accy 49.96, Test_accy 6.98:  30%|███       | 3/10 [02:23<04:11, 35.91s/it]
Task 5, Epoch 4/10 => Loss 2.572, Train_accy 49.96, Test_accy 6.98:  40%|████      | 4/10 [02:23<03:35, 35.85s/it]
Task 5, Epoch 5/10 => Loss 2.496, Train_accy 61.54, Test_accy 7.22:  40%|████      | 4/10 [02:59<03:35, 35.85s/it]
Task 5, Epoch 5/10 => Loss 2.496, Train_accy 61.54, Test_accy 7.22:  50%|█████     | 5/10 [02:59<02:59, 35.86s/it]
Task 5, Epoch 6/10 => Loss 2.421, Train_accy 73.08, Test_accy 7.17:  50%|█████     | 5/10 [03:35<02:59, 35.86s/it]
Task 5, Epoch 6/10 => Loss 2.421, Train_accy 73.08, Test_accy 7.17:  60%|██████    | 6/10 [03:35<02:23, 35.90s/it]
Task 5, Epoch 7/10 => Loss 2.356, Train_accy 80.66, Test_accy 7.08:  60%|██████    | 6/10 [04:11<02:23, 35.90s/it]
Task 5, Epoch 7/10 => Loss 2.356, Train_accy 80.66, Test_accy 7.08:  70%|███████   | 7/10 [04:11<01:47, 35.94s/it]
Task 5, Epoch 8/10 => Loss 2.295, Train_accy 85.64, Test_accy 7.50:  70%|███████   | 7/10 [04:47<01:47, 35.94s/it]
Task 5, Epoch 8/10 => Loss 2.295, Train_accy 85.64, Test_accy 7.50:  80%|████████  | 8/10 [04:47<01:12, 36.07s/it]
Task 5, Epoch 9/10 => Loss 2.244, Train_accy 90.00, Test_accy 7.53:  80%|████████  | 8/10 [05:23<01:12, 36.07s/it]
Task 5, Epoch 9/10 => Loss 2.244, Train_accy 90.00, Test_accy 7.53:  90%|█████████ | 9/10 [05:23<00:36, 36.06s/it]
Task 5, Epoch 10/10 => Loss 2.192, Train_accy 93.61, Test_accy 7.42:  90%|█████████ | 9/10 [05:59<00:36, 36.06s/it]
Task 5, Epoch 10/10 => Loss 2.192, Train_accy 93.61, Test_accy 7.42: 100%|██████████| 10/10 [05:59<00:00, 36.03s/it]
Task 5, Epoch 10/10 => Loss 2.192, Train_accy 93.61, Test_accy 7.42: 100%|██████████| 10/10 [05:59<00:00, 35.97s/it]
2026-02-07 02:46:43,943 [finetune.py] => Task 5, Epoch 10/10 => Loss 2.192, Train_accy 93.61, Test_accy 7.42
2026-02-07 02:47:00,329 [trainer.py] => CNN: {'total': 7.42, '00-09': 0.32, '10-19': 0.0, '20-29': 0.0, '30-39': 0.0, '40-49': 0.0, '50-59': 0.0, '60-69': 0.0, '70-79': 0.0, '80-89': 0.0, '90-99': 0.0, '100-109': 0.0, '110-119': 0.0, '120-129': 0.0, '130-139': 0.0, '140-149': 0.0, '150-159': 0.0, '160-169': 0.0, '170-179': 2.42, '180-189': 73.38, '190-199': 78.23, 'old': 0.13, 'new': 75.65, 'harmonic': 0.26}
2026-02-07 02:47:00,329 [trainer.py] => CNN top1 curve: [66.57, 17.04, 11.89, 11.92, 7.36, 7.42]
2026-02-07 02:47:00,329 [trainer.py] => CNN top5 curve: [89.15, 46.86, 30.09, 23.41, 18.48, 16.95]
2026-02-07 02:47:00,329 [trainer.py] => Average Accuracy (CNN): 20.366666666666664

========================================
Finished imagenetr_init100_inc20
Backbone: OpenCLIP_LAION400M
Average Accuracy (Top1): 20.37
Last Accuracy: 7.42
========================================

2026-02-07 02:47:03,151 [trainer.py] => config: ./configs/finetune/finetune_cub_B0_Inc20.json
2026-02-07 02:47:03,152 [trainer.py] => prefix: -
2026-02-07 02:47:03,152 [trainer.py] => dataset: cub
2026-02-07 02:47:03,152 [trainer.py] => memory_size: 0
2026-02-07 02:47:03,152 [trainer.py] => memory_per_class: 0
2026-02-07 02:47:03,152 [trainer.py] => fixed_memory: False
2026-02-07 02:47:03,152 [trainer.py] => shuffle: True
2026-02-07 02:47:03,152 [trainer.py] => init_cls: 20
2026-02-07 02:47:03,152 [trainer.py] => increment: 20
2026-02-07 02:47:03,152 [trainer.py] => model_name: finetune
2026-02-07 02:47:03,152 [trainer.py] => backbone_type: clip
2026-02-07 02:47:03,152 [trainer.py] => device: [device(type='cuda', index=7)]
2026-02-07 02:47:03,152 [trainer.py] => seed: 1993
2026-02-07 02:47:03,152 [trainer.py] => init_epoch: 10
2026-02-07 02:47:03,152 [trainer.py] => init_lr: 0.001
2026-02-07 02:47:03,152 [trainer.py] => init_milestones: [60, 120, 170]
2026-02-07 02:47:03,152 [trainer.py] => init_lr_decay: 0.1
2026-02-07 02:47:03,152 [trainer.py] => init_weight_decay: 0.0005
2026-02-07 02:47:03,152 [trainer.py] => epochs: 10
2026-02-07 02:47:03,152 [trainer.py] => lrate: 0.001
2026-02-07 02:47:03,152 [trainer.py] => milestones: [40, 70]
2026-02-07 02:47:03,152 [trainer.py] => lrate_decay: 0.1
2026-02-07 02:47:03,152 [trainer.py] => batch_size: 128
2026-02-07 02:47:03,152 [trainer.py] => weight_decay: 0.0002
2026-02-07 02:47:03,152 [trainer.py] => total_class_num: 200
['Black footed Albatross', 'Laysan Albatross', 'Sooty Albatross', 'Groove billed Ani', 'Crested Auklet', 'Least Auklet', 'Parakeet Auklet', 'Rhinoceros Auklet', 'Brewer Blackbird', 'Red winged Blackbird', 'Rusty Blackbird', 'Yellow headed Blackbird', 'Bobolink', 'Indigo Bunting', 'Lazuli Bunting', 'Painted Bunting', 'Cardinal', 'Spotted Catbird', 'Gray Catbird', 'Yellow breasted Chat', 'Eastern Towhee', 'Chuck will Widow', 'Brandt Cormorant', 'Red faced Cormorant', 'Pelagic Cormorant', 'Bronzed Cowbird', 'Shiny Cowbird', 'Brown Creeper', 'American Crow', 'Fish Crow', 'Black billed Cuckoo', 'Mangrove Cuckoo', 'Yellow billed Cuckoo', 'Gray crowned Rosy Finch', 'Purple Finch', 'Northern Flicker', 'Acadian Flycatcher', 'Great Crested Flycatcher', 'Least Flycatcher', 'Olive sided Flycatcher', 'Scissor tailed Flycatcher', 'Vermilion Flycatcher', 'Yellow bellied Flycatcher', 'Frigatebird', 'Northern Fulmar', 'Gadwall', 'American Goldfinch', 'European Goldfinch', 'Boat tailed Grackle', 'Eared Grebe', 'Horned Grebe', 'Pied billed Grebe', 'Western Grebe', 'Blue Grosbeak', 'Evening Grosbeak', 'Pine Grosbeak', 'Rose breasted Grosbeak', 'Pigeon Guillemot', 'California Gull', 'Glaucous winged Gull', 'Heermann Gull', 'Herring Gull', 'Ivory Gull', 'Ring billed Gull', 'Slaty backed Gull', 'Western Gull', 'Anna Hummingbird', 'Ruby throated Hummingbird', 'Rufous Hummingbird', 'Green Violetear', 'Long tailed Jaeger', 'Pomarine Jaeger', 'Blue Jay', 'Florida Jay', 'Green Jay', 'Dark eyed Junco', 'Tropical Kingbird', 'Gray Kingbird', 'Belted Kingfisher', 'Green Kingfisher', 'Pied Kingfisher', 'Ringed Kingfisher', 'White breasted Kingfisher', 'Red legged Kittiwake', 'Horned Lark', 'Pacific Loon', 'Mallard', 'Western Meadowlark', 'Hooded Merganser', 'Red breasted Merganser', 'Mockingbird', 'Nighthawk', 'Clark Nutcracker', 'White breasted Nuthatch', 'Baltimore Oriole', 'Hooded Oriole', 'Orchard Oriole', 'Scott Oriole', 'Ovenbird', 'Brown Pelican', 'White Pelican', 'Western Wood Pewee', 'Sayornis', 'American Pipit', 'Whip poor Will', 'Horned Puffin', 'Common Raven', 'White necked Raven', 'American Redstart', 'Geococcyx', 'Loggerhead Shrike', 'Great Grey Shrike', 'Baird Sparrow', 'Black throated Sparrow', 'Brewer Sparrow', 'Chipping Sparrow', 'Clay colored Sparrow', 'House Sparrow', 'Field Sparrow', 'Fox Sparrow', 'Grasshopper Sparrow', 'Harris Sparrow', 'Henslow Sparrow', 'Le Conte Sparrow', 'Lincoln Sparrow', 'Nelson Sharp tailed Sparrow', 'Savannah Sparrow', 'Seaside Sparrow', 'Song Sparrow', 'Tree Sparrow', 'Vesper Sparrow', 'White crowned Sparrow', 'White throated Sparrow', 'Cape Glossy Starling', 'Bank Swallow', 'Barn Swallow', 'Cliff Swallow', 'Tree Swallow', 'Scarlet Tanager', 'Summer Tanager', 'Artic Tern', 'Black Tern', 'Caspian Tern', 'Common Tern', 'Elegant Tern', 'Forsters Tern', 'Least Tern', 'Green tailed Towhee', 'Brown Thrasher', 'Sage Thrasher', 'Black capped Vireo', 'Blue headed Vireo', 'Philadelphia Vireo', 'Red eyed Vireo', 'Warbling Vireo', 'White eyed Vireo', 'Yellow throated Vireo', 'Bay breasted Warbler', 'Black and white Warbler', 'Black throated Blue Warbler', 'Blue winged Warbler', 'Canada Warbler', 'Cape May Warbler', 'Cerulean Warbler', 'Chestnut sided Warbler', 'Golden winged Warbler', 'Hooded Warbler', 'Kentucky Warbler', 'Magnolia Warbler', 'Mourning Warbler', 'Myrtle Warbler', 'Nashville Warbler', 'Orange crowned Warbler', 'Palm Warbler', 'Pine Warbler', 'Prairie Warbler', 'Prothonotary Warbler', 'Swainson Warbler', 'Tennessee Warbler', 'Wilson Warbler', 'Worm eating Warbler', 'Yellow Warbler', 'Northern Waterthrush', 'Louisiana Waterthrush', 'Bohemian Waxwing', 'Cedar Waxwing', 'American Three toed Woodpecker', 'Pileated Woodpecker', 'Red bellied Woodpecker', 'Red cockaded Woodpecker', 'Red headed Woodpecker', 'Downy Woodpecker', 'Bewick Wren', 'Cactus Wren', 'Carolina Wren', 'House Wren', 'Marsh Wren', 'Rock Wren', 'Winter Wren', 'Common Yellowthroat']
['a photo of a {}, a type of bird.']
{'001.Black_footed_Albatross': 0, '002.Laysan_Albatross': 1, '003.Sooty_Albatross': 2, '004.Groove_billed_Ani': 3, '005.Crested_Auklet': 4, '006.Least_Auklet': 5, '007.Parakeet_Auklet': 6, '008.Rhinoceros_Auklet': 7, '009.Brewer_Blackbird': 8, '010.Red_winged_Blackbird': 9, '011.Rusty_Blackbird': 10, '012.Yellow_headed_Blackbird': 11, '013.Bobolink': 12, '014.Indigo_Bunting': 13, '015.Lazuli_Bunting': 14, '016.Painted_Bunting': 15, '017.Cardinal': 16, '018.Spotted_Catbird': 17, '019.Gray_Catbird': 18, '020.Yellow_breasted_Chat': 19, '021.Eastern_Towhee': 20, '022.Chuck_will_Widow': 21, '023.Brandt_Cormorant': 22, '024.Red_faced_Cormorant': 23, '025.Pelagic_Cormorant': 24, '026.Bronzed_Cowbird': 25, '027.Shiny_Cowbird': 26, '028.Brown_Creeper': 27, '029.American_Crow': 28, '030.Fish_Crow': 29, '031.Black_billed_Cuckoo': 30, '032.Mangrove_Cuckoo': 31, '033.Yellow_billed_Cuckoo': 32, '034.Gray_crowned_Rosy_Finch': 33, '035.Purple_Finch': 34, '036.Northern_Flicker': 35, '037.Acadian_Flycatcher': 36, '038.Great_Crested_Flycatcher': 37, '039.Least_Flycatcher': 38, '040.Olive_sided_Flycatcher': 39, '041.Scissor_tailed_Flycatcher': 40, '042.Vermilion_Flycatcher': 41, '043.Yellow_bellied_Flycatcher': 42, '044.Frigatebird': 43, '045.Northern_Fulmar': 44, '046.Gadwall': 45, '047.American_Goldfinch': 46, '048.European_Goldfinch': 47, '049.Boat_tailed_Grackle': 48, '050.Eared_Grebe': 49, '051.Horned_Grebe': 50, '052.Pied_billed_Grebe': 51, '053.Western_Grebe': 52, '054.Blue_Grosbeak': 53, '055.Evening_Grosbeak': 54, '056.Pine_Grosbeak': 55, '057.Rose_breasted_Grosbeak': 56, '058.Pigeon_Guillemot': 57, '059.California_Gull': 58, '060.Glaucous_winged_Gull': 59, '061.Heermann_Gull': 60, '062.Herring_Gull': 61, '063.Ivory_Gull': 62, '064.Ring_billed_Gull': 63, '065.Slaty_backed_Gull': 64, '066.Western_Gull': 65, '067.Anna_Hummingbird': 66, '068.Ruby_throated_Hummingbird': 67, '069.Rufous_Hummingbird': 68, '070.Green_Violetear': 69, '071.Long_tailed_Jaeger': 70, '072.Pomarine_Jaeger': 71, '073.Blue_Jay': 72, '074.Florida_Jay': 73, '075.Green_Jay': 74, '076.Dark_eyed_Junco': 75, '077.Tropical_Kingbird': 76, '078.Gray_Kingbird': 77, '079.Belted_Kingfisher': 78, '080.Green_Kingfisher': 79, '081.Pied_Kingfisher': 80, '082.Ringed_Kingfisher': 81, '083.White_breasted_Kingfisher': 82, '084.Red_legged_Kittiwake': 83, '085.Horned_Lark': 84, '086.Pacific_Loon': 85, '087.Mallard': 86, '088.Western_Meadowlark': 87, '089.Hooded_Merganser': 88, '090.Red_breasted_Merganser': 89, '091.Mockingbird': 90, '092.Nighthawk': 91, '093.Clark_Nutcracker': 92, '094.White_breasted_Nuthatch': 93, '095.Baltimore_Oriole': 94, '096.Hooded_Oriole': 95, '097.Orchard_Oriole': 96, '098.Scott_Oriole': 97, '099.Ovenbird': 98, '100.Brown_Pelican': 99, '101.White_Pelican': 100, '102.Western_Wood_Pewee': 101, '103.Sayornis': 102, '104.American_Pipit': 103, '105.Whip_poor_Will': 104, '106.Horned_Puffin': 105, '107.Common_Raven': 106, '108.White_necked_Raven': 107, '109.American_Redstart': 108, '110.Geococcyx': 109, '111.Loggerhead_Shrike': 110, '112.Great_Grey_Shrike': 111, '113.Baird_Sparrow': 112, '114.Black_throated_Sparrow': 113, '115.Brewer_Sparrow': 114, '116.Chipping_Sparrow': 115, '117.Clay_colored_Sparrow': 116, '118.House_Sparrow': 117, '119.Field_Sparrow': 118, '120.Fox_Sparrow': 119, '121.Grasshopper_Sparrow': 120, '122.Harris_Sparrow': 121, '123.Henslow_Sparrow': 122, '124.Le_Conte_Sparrow': 123, '125.Lincoln_Sparrow': 124, '126.Nelson_Sharp_tailed_Sparrow': 125, '127.Savannah_Sparrow': 126, '128.Seaside_Sparrow': 127, '129.Song_Sparrow': 128, '130.Tree_Sparrow': 129, '131.Vesper_Sparrow': 130, '132.White_crowned_Sparrow': 131, '133.White_throated_Sparrow': 132, '134.Cape_Glossy_Starling': 133, '135.Bank_Swallow': 134, '136.Barn_Swallow': 135, '137.Cliff_Swallow': 136, '138.Tree_Swallow': 137, '139.Scarlet_Tanager': 138, '140.Summer_Tanager': 139, '141.Artic_Tern': 140, '142.Black_Tern': 141, '143.Caspian_Tern': 142, '144.Common_Tern': 143, '145.Elegant_Tern': 144, '146.Forsters_Tern': 145, '147.Least_Tern': 146, '148.Green_tailed_Towhee': 147, '149.Brown_Thrasher': 148, '150.Sage_Thrasher': 149, '151.Black_capped_Vireo': 150, '152.Blue_headed_Vireo': 151, '153.Philadelphia_Vireo': 152, '154.Red_eyed_Vireo': 153, '155.Warbling_Vireo': 154, '156.White_eyed_Vireo': 155, '157.Yellow_throated_Vireo': 156, '158.Bay_breasted_Warbler': 157, '159.Black_and_white_Warbler': 158, '160.Black_throated_Blue_Warbler': 159, '161.Blue_winged_Warbler': 160, '162.Canada_Warbler': 161, '163.Cape_May_Warbler': 162, '164.Cerulean_Warbler': 163, '165.Chestnut_sided_Warbler': 164, '166.Golden_winged_Warbler': 165, '167.Hooded_Warbler': 166, '168.Kentucky_Warbler': 167, '169.Magnolia_Warbler': 168, '170.Mourning_Warbler': 169, '171.Myrtle_Warbler': 170, '172.Nashville_Warbler': 171, '173.Orange_crowned_Warbler': 172, '174.Palm_Warbler': 173, '175.Pine_Warbler': 174, '176.Prairie_Warbler': 175, '177.Prothonotary_Warbler': 176, '178.Swainson_Warbler': 177, '179.Tennessee_Warbler': 178, '180.Wilson_Warbler': 179, '181.Worm_eating_Warbler': 180, '182.Yellow_Warbler': 181, '183.Northern_Waterthrush': 182, '184.Louisiana_Waterthrush': 183, '185.Bohemian_Waxwing': 184, '186.Cedar_Waxwing': 185, '187.American_Three_toed_Woodpecker': 186, '188.Pileated_Woodpecker': 187, '189.Red_bellied_Woodpecker': 188, '190.Red_cockaded_Woodpecker': 189, '191.Red_headed_Woodpecker': 190, '192.Downy_Woodpecker': 191, '193.Bewick_Wren': 192, '194.Cactus_Wren': 193, '195.Carolina_Wren': 194, '196.House_Wren': 195, '197.Marsh_Wren': 196, '198.Rock_Wren': 197, '199.Winter_Wren': 198, '200.Common_Yellowthroat': 199}
2026-02-07 02:47:03,259 [data_manager.py] => [168, 136, 51, 9, 183, 101, 171, 99, 42, 159, 191, 70, 16, 188, 27, 10, 175, 26, 68, 187, 98, 6, 85, 35, 112, 43, 100, 0, 103, 181, 88, 59, 4, 2, 116, 174, 94, 80, 106, 1, 147, 17, 141, 131, 72, 23, 173, 54, 197, 118, 87, 32, 79, 104, 91, 19, 135, 107, 178, 36, 11, 199, 142, 8, 122, 3, 28, 57, 153, 172, 190, 56, 49, 44, 97, 62, 151, 169, 194, 55, 192, 12, 189, 78, 66, 180, 15, 137, 109, 134, 92, 119, 126, 52, 170, 40, 148, 65, 144, 64, 138, 45, 77, 89, 154, 90, 71, 193, 74, 30, 113, 143, 96, 84, 67, 50, 186, 156, 69, 21, 18, 111, 108, 58, 125, 157, 150, 110, 182, 129, 166, 83, 81, 60, 13, 165, 14, 176, 63, 117, 5, 22, 145, 121, 38, 41, 82, 127, 114, 20, 31, 53, 37, 163, 196, 130, 152, 162, 86, 76, 24, 34, 184, 149, 33, 128, 198, 155, 146, 167, 139, 120, 140, 102, 47, 25, 158, 123, 46, 164, 61, 7, 115, 75, 133, 160, 105, 132, 179, 124, 48, 73, 93, 39, 95, 195, 29, 177, 185, 161]
After shuffle, class_to_label is:  ['Magnolia Warbler', 'Cliff Swallow', 'Pied billed Grebe', 'Red winged Blackbird', 'Louisiana Waterthrush', 'Western Wood Pewee', 'Nashville Warbler', 'Brown Pelican', 'Yellow bellied Flycatcher', 'Black throated Blue Warbler', 'Downy Woodpecker', 'Long tailed Jaeger', 'Cardinal', 'Red bellied Woodpecker', 'Brown Creeper', 'Rusty Blackbird', 'Prairie Warbler', 'Shiny Cowbird', 'Rufous Hummingbird', 'Pileated Woodpecker', 'Ovenbird', 'Parakeet Auklet', 'Pacific Loon', 'Northern Flicker', 'Baird Sparrow', 'Frigatebird', 'White Pelican', 'Black footed Albatross', 'American Pipit', 'Yellow Warbler', 'Hooded Merganser', 'Glaucous winged Gull', 'Crested Auklet', 'Sooty Albatross', 'Clay colored Sparrow', 'Pine Warbler', 'Baltimore Oriole', 'Pied Kingfisher', 'Common Raven', 'Laysan Albatross', 'Green tailed Towhee', 'Spotted Catbird', 'Black Tern', 'White crowned Sparrow', 'Blue Jay', 'Red faced Cormorant', 'Palm Warbler', 'Evening Grosbeak', 'Rock Wren', 'Field Sparrow', 'Western Meadowlark', 'Yellow billed Cuckoo', 'Green Kingfisher', 'Whip poor Will', 'Nighthawk', 'Yellow breasted Chat', 'Barn Swallow', 'White necked Raven', 'Tennessee Warbler', 'Acadian Flycatcher', 'Yellow headed Blackbird', 'Common Yellowthroat', 'Caspian Tern', 'Brewer Blackbird', 'Henslow Sparrow', 'Groove billed Ani', 'American Crow', 'Pigeon Guillemot', 'Red eyed Vireo', 'Orange crowned Warbler', 'Red headed Woodpecker', 'Rose breasted Grosbeak', 'Eared Grebe', 'Northern Fulmar', 'Scott Oriole', 'Ivory Gull', 'Blue headed Vireo', 'Mourning Warbler', 'Carolina Wren', 'Pine Grosbeak', 'Bewick Wren', 'Bobolink', 'Red cockaded Woodpecker', 'Belted Kingfisher', 'Anna Hummingbird', 'Worm eating Warbler', 'Painted Bunting', 'Tree Swallow', 'Geococcyx', 'Bank Swallow', 'Clark Nutcracker', 'Fox Sparrow', 'Savannah Sparrow', 'Western Grebe', 'Myrtle Warbler', 'Scissor tailed Flycatcher', 'Brown Thrasher', 'Western Gull', 'Elegant Tern', 'Slaty backed Gull', 'Scarlet Tanager', 'Gadwall', 'Gray Kingbird', 'Red breasted Merganser', 'Warbling Vireo', 'Mockingbird', 'Pomarine Jaeger', 'Cactus Wren', 'Green Jay', 'Black billed Cuckoo', 'Black throated Sparrow', 'Common Tern', 'Orchard Oriole', 'Horned Lark', 'Ruby throated Hummingbird', 'Horned Grebe', 'American Three toed Woodpecker', 'Yellow throated Vireo', 'Green Violetear', 'Chuck will Widow', 'Gray Catbird', 'Great Grey Shrike', 'American Redstart', 'California Gull', 'Nelson Sharp tailed Sparrow', 'Bay breasted Warbler', 'Black capped Vireo', 'Loggerhead Shrike', 'Northern Waterthrush', 'Tree Sparrow', 'Hooded Warbler', 'Red legged Kittiwake', 'Ringed Kingfisher', 'Heermann Gull', 'Indigo Bunting', 'Golden winged Warbler', 'Lazuli Bunting', 'Prothonotary Warbler', 'Ring billed Gull', 'House Sparrow', 'Least Auklet', 'Brandt Cormorant', 'Forsters Tern', 'Harris Sparrow', 'Least Flycatcher', 'Vermilion Flycatcher', 'White breasted Kingfisher', 'Seaside Sparrow', 'Brewer Sparrow', 'Eastern Towhee', 'Mangrove Cuckoo', 'Blue Grosbeak', 'Great Crested Flycatcher', 'Cerulean Warbler', 'Marsh Wren', 'Vesper Sparrow', 'Philadelphia Vireo', 'Cape May Warbler', 'Mallard', 'Tropical Kingbird', 'Pelagic Cormorant', 'Purple Finch', 'Bohemian Waxwing', 'Sage Thrasher', 'Gray crowned Rosy Finch', 'Song Sparrow', 'Winter Wren', 'White eyed Vireo', 'Least Tern', 'Kentucky Warbler', 'Summer Tanager', 'Grasshopper Sparrow', 'Artic Tern', 'Sayornis', 'European Goldfinch', 'Bronzed Cowbird', 'Black and white Warbler', 'Le Conte Sparrow', 'American Goldfinch', 'Chestnut sided Warbler', 'Herring Gull', 'Rhinoceros Auklet', 'Chipping Sparrow', 'Dark eyed Junco', 'Cape Glossy Starling', 'Blue winged Warbler', 'Horned Puffin', 'White throated Sparrow', 'Wilson Warbler', 'Lincoln Sparrow', 'Boat tailed Grackle', 'Florida Jay', 'White breasted Nuthatch', 'Olive sided Flycatcher', 'Hooded Oriole', 'House Wren', 'Fish Crow', 'Swainson Warbler', 'Cedar Waxwing', 'Canada Warbler']
Training class stages: [20, 20, 20, 20, 20, 20, 20, 20, 20, 20]
Using CLIP model as the backbone
2026-02-07 02:47:04,393 [instantiator.py] => Created a temporary directory at /tmp/tmpow0vldwr
2026-02-07 02:47:04,393 [instantiator.py] => Writing /tmp/tmpow0vldwr/_remote_module_non_scriptable.py
2026-02-07 02:47:04,523 [factory.py] => Loaded ViT-B-16 model config.
2026-02-07 02:47:05,915 [factory.py] => Loading pretrained ViT-B-16 weights (/home/team/zhaohongwei/pretrained_models/open_clip_pytorch_model_laion400m_e32.bin).
/home/team/zhaohongwei/anaconda3/envs/mmcl/lib/python3.10/site-packages/torch/_utils.py:776: UserWarning: TypedStorage is deprecated. It will be removed in the future and UntypedStorage will be the only storage class. This should only matter to you if you are using storages directly.  To access UntypedStorage directly, use tensor.untyped_storage() instead of tensor.storage()
  return self.fget.__get__(instance, owner)()
Using CLIP model as the backbone
2026-02-07 02:47:06,350 [factory.py] => Loaded ViT-B-16 model config.
2026-02-07 02:47:07,663 [factory.py] => Loading pretrained ViT-B-16 weights (/home/team/zhaohongwei/pretrained_models/open_clip_pytorch_model_laion400m_e32.bin).
2026-02-07 02:47:08,117 [finetune.py] => Learning on 0-20

  0%|          | 0/10 [00:00<?, ?it/s]
Task 0, Epoch 1/10 => Loss 2.990, Train_accy 4.33, Test_accy 6.48:   0%|          | 0/10 [00:10<?, ?it/s]
Task 0, Epoch 1/10 => Loss 2.990, Train_accy 4.33, Test_accy 6.48:  10%|█         | 1/10 [00:10<01:35, 10.65s/it]
Task 0, Epoch 2/10 => Loss 2.976, Train_accy 6.98:  10%|█         | 1/10 [00:19<01:35, 10.65s/it]                
Task 0, Epoch 2/10 => Loss 2.976, Train_accy 6.98:  20%|██        | 2/10 [00:19<01:16,  9.51s/it]
Task 0, Epoch 3/10 => Loss 2.957, Train_accy 13.42:  20%|██        | 2/10 [00:28<01:16,  9.51s/it]
Task 0, Epoch 3/10 => Loss 2.957, Train_accy 13.42:  30%|███       | 3/10 [00:28<01:04,  9.17s/it]
Task 0, Epoch 4/10 => Loss 2.934, Train_accy 27.59:  30%|███       | 3/10 [00:36<01:04,  9.17s/it]
Task 0, Epoch 4/10 => Loss 2.934, Train_accy 27.59:  40%|████      | 4/10 [00:36<00:54,  9.03s/it]
Task 0, Epoch 5/10 => Loss 2.903, Train_accy 45.45:  40%|████      | 4/10 [00:45<00:54,  9.03s/it]
Task 0, Epoch 5/10 => Loss 2.903, Train_accy 45.45:  50%|█████     | 5/10 [00:45<00:44,  8.93s/it]
Task 0, Epoch 6/10 => Loss 2.867, Train_accy 66.38, Test_accy 57.89:  50%|█████     | 5/10 [00:56<00:44,  8.93s/it]
Task 0, Epoch 6/10 => Loss 2.867, Train_accy 66.38, Test_accy 57.89:  60%|██████    | 6/10 [00:56<00:37,  9.48s/it]
Task 0, Epoch 7/10 => Loss 2.829, Train_accy 75.48:  60%|██████    | 6/10 [01:04<00:37,  9.48s/it]                 
Task 0, Epoch 7/10 => Loss 2.829, Train_accy 75.48:  70%|███████   | 7/10 [01:04<00:27,  9.23s/it]
Task 0, Epoch 8/10 => Loss 2.788, Train_accy 81.82:  70%|███████   | 7/10 [01:13<00:27,  9.23s/it]
Task 0, Epoch 8/10 => Loss 2.788, Train_accy 81.82:  80%|████████  | 8/10 [01:13<00:18,  9.10s/it]
Task 0, Epoch 9/10 => Loss 2.743, Train_accy 86.15:  80%|████████  | 8/10 [01:22<00:18,  9.10s/it]
Task 0, Epoch 9/10 => Loss 2.743, Train_accy 86.15:  90%|█████████ | 9/10 [01:22<00:09,  9.00s/it]
Task 0, Epoch 10/10 => Loss 2.698, Train_accy 89.75:  90%|█████████ | 9/10 [01:31<00:09,  9.00s/it]
Task 0, Epoch 10/10 => Loss 2.698, Train_accy 89.75: 100%|██████████| 10/10 [01:31<00:00,  8.94s/it]
Task 0, Epoch 10/10 => Loss 2.698, Train_accy 89.75: 100%|██████████| 10/10 [01:31<00:00,  9.14s/it]
2026-02-07 02:48:40,108 [finetune.py] => Task 0, Epoch 10/10 => Loss 2.698, Train_accy 89.75
2026-02-07 02:48:41,802 [trainer.py] => CNN: {'total': 85.43, '00-09': 86.44, '10-19': 84.5, 'old': 0, 'new': 85.43, 'harmonic': 0.0}
2026-02-07 02:48:41,803 [trainer.py] => CNN top1 curve: [85.43]
2026-02-07 02:48:41,803 [trainer.py] => CNN top5 curve: [100.0]
2026-02-07 02:48:41,803 [trainer.py] => Average Accuracy (CNN): 85.43
2026-02-07 02:48:41,804 [finetune.py] => Learning on 20-40

  0%|          | 0/10 [00:00<?, ?it/s]
Task 1, Epoch 1/10 => Loss 2.974, Train_accy 0.11, Test_accy 44.93:   0%|          | 0/10 [00:11<?, ?it/s]
Task 1, Epoch 1/10 => Loss 2.974, Train_accy 0.11, Test_accy 44.93:  10%|█         | 1/10 [00:11<01:39, 11.08s/it]
Task 1, Epoch 2/10 => Loss 2.933, Train_accy 0.85, Test_accy 43.39:  10%|█         | 1/10 [00:22<01:39, 11.08s/it]
Task 1, Epoch 2/10 => Loss 2.933, Train_accy 0.85, Test_accy 43.39:  20%|██        | 2/10 [00:22<01:28, 11.02s/it]
Task 1, Epoch 3/10 => Loss 2.880, Train_accy 9.10, Test_accy 47.36:  20%|██        | 2/10 [00:33<01:28, 11.02s/it]
Task 1, Epoch 3/10 => Loss 2.880, Train_accy 9.10, Test_accy 47.36:  30%|███       | 3/10 [00:33<01:17, 11.11s/it]
Task 1, Epoch 4/10 => Loss 2.829, Train_accy 28.04, Test_accy 50.00:  30%|███       | 3/10 [00:44<01:17, 11.11s/it]
Task 1, Epoch 4/10 => Loss 2.829, Train_accy 28.04, Test_accy 50.00:  40%|████      | 4/10 [00:44<01:06, 11.07s/it]
Task 1, Epoch 5/10 => Loss 2.781, Train_accy 45.40, Test_accy 51.32:  40%|████      | 4/10 [00:55<01:06, 11.07s/it]
Task 1, Epoch 5/10 => Loss 2.781, Train_accy 45.40, Test_accy 51.32:  50%|█████     | 5/10 [00:55<00:55, 11.06s/it]
Task 1, Epoch 6/10 => Loss 2.735, Train_accy 60.11, Test_accy 40.31:  50%|█████     | 5/10 [01:06<00:55, 11.06s/it]
Task 1, Epoch 6/10 => Loss 2.735, Train_accy 60.11, Test_accy 40.31:  60%|██████    | 6/10 [01:06<00:44, 11.04s/it]
Task 1, Epoch 7/10 => Loss 2.762, Train_accy 57.04, Test_accy 38.11:  60%|██████    | 6/10 [01:17<00:44, 11.04s/it]
Task 1, Epoch 7/10 => Loss 2.762, Train_accy 57.04, Test_accy 38.11:  70%|███████   | 7/10 [01:17<00:33, 11.04s/it]
Task 1, Epoch 8/10 => Loss 2.669, Train_accy 76.93, Test_accy 39.21:  70%|███████   | 7/10 [01:28<00:33, 11.04s/it]
Task 1, Epoch 8/10 => Loss 2.669, Train_accy 76.93, Test_accy 39.21:  80%|████████  | 8/10 [01:28<00:22, 11.01s/it]
Task 1, Epoch 9/10 => Loss 2.626, Train_accy 81.90, Test_accy 40.53:  80%|████████  | 8/10 [01:39<00:22, 11.01s/it]
Task 1, Epoch 9/10 => Loss 2.626, Train_accy 81.90, Test_accy 40.53:  90%|█████████ | 9/10 [01:39<00:11, 11.03s/it]
Task 1, Epoch 10/10 => Loss 2.586, Train_accy 84.44, Test_accy 39.43:  90%|█████████ | 9/10 [01:50<00:11, 11.03s/it]
Task 1, Epoch 10/10 => Loss 2.586, Train_accy 84.44, Test_accy 39.43: 100%|██████████| 10/10 [01:50<00:00, 11.03s/it]
Task 1, Epoch 10/10 => Loss 2.586, Train_accy 84.44, Test_accy 39.43: 100%|██████████| 10/10 [01:50<00:00, 11.04s/it]
2026-02-07 02:50:32,243 [finetune.py] => Task 1, Epoch 10/10 => Loss 2.586, Train_accy 84.44, Test_accy 39.43
2026-02-07 02:50:34,595 [trainer.py] => CNN: {'total': 39.43, '00-09': 6.78, '10-19': 15.5, '20-29': 78.35, '30-39': 68.18, 'old': 11.34, 'new': 72.95, 'harmonic': 19.63}
2026-02-07 02:50:34,595 [trainer.py] => CNN top1 curve: [85.43, 39.43]
2026-02-07 02:50:34,595 [trainer.py] => CNN top5 curve: [100.0, 83.26]
2026-02-07 02:50:34,595 [trainer.py] => Average Accuracy (CNN): 62.43000000000001
2026-02-07 02:50:34,596 [finetune.py] => Learning on 40-60

  0%|          | 0/10 [00:00<?, ?it/s]
Task 2, Epoch 1/10 => Loss 2.987, Train_accy 0.00, Test_accy 27.38:   0%|          | 0/10 [00:11<?, ?it/s]
Task 2, Epoch 1/10 => Loss 2.987, Train_accy 0.00, Test_accy 27.38:  10%|█         | 1/10 [00:11<01:43, 11.48s/it]
Task 2, Epoch 2/10 => Loss 2.929, Train_accy 0.64, Test_accy 28.57:  10%|█         | 1/10 [00:23<01:43, 11.48s/it]
Task 2, Epoch 2/10 => Loss 2.929, Train_accy 0.64, Test_accy 28.57:  20%|██        | 2/10 [00:23<01:32, 11.57s/it]
Task 2, Epoch 3/10 => Loss 2.866, Train_accy 11.88, Test_accy 29.76:  20%|██        | 2/10 [00:34<01:32, 11.57s/it]
Task 2, Epoch 3/10 => Loss 2.866, Train_accy 11.88, Test_accy 29.76:  30%|███       | 3/10 [00:34<01:21, 11.60s/it]
Task 2, Epoch 4/10 => Loss 2.800, Train_accy 37.01, Test_accy 35.71:  30%|███       | 3/10 [00:46<01:21, 11.60s/it]
Task 2, Epoch 4/10 => Loss 2.800, Train_accy 37.01, Test_accy 35.71:  40%|████      | 4/10 [00:46<01:09, 11.56s/it]
Task 2, Epoch 5/10 => Loss 2.737, Train_accy 62.88, Test_accy 41.82:  40%|████      | 4/10 [00:57<01:09, 11.56s/it]
Task 2, Epoch 5/10 => Loss 2.737, Train_accy 62.88, Test_accy 41.82:  50%|█████     | 5/10 [00:57<00:58, 11.60s/it]
Task 2, Epoch 6/10 => Loss 2.679, Train_accy 85.90, Test_accy 40.03:  50%|█████     | 5/10 [01:09<00:58, 11.60s/it]
Task 2, Epoch 6/10 => Loss 2.679, Train_accy 85.90, Test_accy 40.03:  60%|██████    | 6/10 [01:09<00:46, 11.61s/it]
Task 2, Epoch 7/10 => Loss 2.626, Train_accy 91.94, Test_accy 35.42:  60%|██████    | 6/10 [01:21<00:46, 11.61s/it]
Task 2, Epoch 7/10 => Loss 2.626, Train_accy 91.94, Test_accy 35.42:  70%|███████   | 7/10 [01:21<00:34, 11.61s/it]
Task 2, Epoch 8/10 => Loss 2.577, Train_accy 93.00, Test_accy 34.82:  70%|███████   | 7/10 [01:32<00:34, 11.61s/it]
Task 2, Epoch 8/10 => Loss 2.577, Train_accy 93.00, Test_accy 34.82:  80%|████████  | 8/10 [01:32<00:23, 11.59s/it]
Task 2, Epoch 9/10 => Loss 2.529, Train_accy 96.18, Test_accy 32.44:  80%|████████  | 8/10 [01:44<00:23, 11.59s/it]
Task 2, Epoch 9/10 => Loss 2.529, Train_accy 96.18, Test_accy 32.44:  90%|█████████ | 9/10 [01:44<00:11, 11.63s/it]
Task 2, Epoch 10/10 => Loss 2.486, Train_accy 97.14, Test_accy 31.70:  90%|█████████ | 9/10 [01:55<00:11, 11.63s/it]
Task 2, Epoch 10/10 => Loss 2.486, Train_accy 97.14, Test_accy 31.70: 100%|██████████| 10/10 [01:55<00:00, 11.60s/it]
Task 2, Epoch 10/10 => Loss 2.486, Train_accy 97.14, Test_accy 31.70: 100%|██████████| 10/10 [01:55<00:00, 11.60s/it]
2026-02-07 02:52:30,569 [finetune.py] => Task 2, Epoch 10/10 => Loss 2.486, Train_accy 97.14, Test_accy 31.70
2026-02-07 02:52:33,369 [trainer.py] => CNN: {'total': 31.7, '00-09': 0.85, '10-19': 1.55, '20-29': 15.46, '30-39': 4.55, '40-49': 83.18, '50-59': 90.99, 'old': 5.07, 'new': 87.16, 'harmonic': 9.58}
2026-02-07 02:52:33,369 [trainer.py] => CNN top1 curve: [85.43, 39.43, 31.7]
2026-02-07 02:52:33,369 [trainer.py] => CNN top5 curve: [100.0, 83.26, 59.67]
2026-02-07 02:52:33,369 [trainer.py] => Average Accuracy (CNN): 52.18666666666667
2026-02-07 02:52:33,372 [finetune.py] => Learning on 60-80

  0%|          | 0/10 [00:00<?, ?it/s]
Task 3, Epoch 1/10 => Loss 2.971, Train_accy 0.11, Test_accy 21.00:   0%|          | 0/10 [00:12<?, ?it/s]
Task 3, Epoch 1/10 => Loss 2.971, Train_accy 0.11, Test_accy 21.00:  10%|█         | 1/10 [00:12<01:49, 12.22s/it]
Task 3, Epoch 2/10 => Loss 2.887, Train_accy 5.60, Test_accy 24.70:  10%|█         | 1/10 [00:24<01:49, 12.22s/it]
Task 3, Epoch 2/10 => Loss 2.887, Train_accy 5.60, Test_accy 24.70:  20%|██        | 2/10 [00:24<01:37, 12.23s/it]
Task 3, Epoch 3/10 => Loss 2.801, Train_accy 19.66, Test_accy 25.90:  20%|██        | 2/10 [00:36<01:37, 12.23s/it]
Task 3, Epoch 3/10 => Loss 2.801, Train_accy 19.66, Test_accy 25.90:  30%|███       | 3/10 [00:36<01:25, 12.19s/it]
Task 3, Epoch 4/10 => Loss 2.722, Train_accy 51.27, Test_accy 32.21:  30%|███       | 3/10 [00:48<01:25, 12.19s/it]
Task 3, Epoch 4/10 => Loss 2.722, Train_accy 51.27, Test_accy 32.21:  40%|████      | 4/10 [00:48<01:13, 12.19s/it]
Task 3, Epoch 5/10 => Loss 2.651, Train_accy 80.44, Test_accy 30.25:  40%|████      | 4/10 [01:01<01:13, 12.19s/it]
Task 3, Epoch 5/10 => Loss 2.651, Train_accy 80.44, Test_accy 30.25:  50%|█████     | 5/10 [01:01<01:01, 12.21s/it]
Task 3, Epoch 6/10 => Loss 2.592, Train_accy 87.74, Test_accy 28.07:  50%|█████     | 5/10 [01:13<01:01, 12.21s/it]
Task 3, Epoch 6/10 => Loss 2.592, Train_accy 87.74, Test_accy 28.07:  60%|██████    | 6/10 [01:13<00:48, 12.22s/it]
Task 3, Epoch 7/10 => Loss 2.539, Train_accy 90.38, Test_accy 26.44:  60%|██████    | 6/10 [01:25<00:48, 12.22s/it]
Task 3, Epoch 7/10 => Loss 2.539, Train_accy 90.38, Test_accy 26.44:  70%|███████   | 7/10 [01:25<00:36, 12.27s/it]
Task 3, Epoch 8/10 => Loss 2.492, Train_accy 94.19, Test_accy 25.79:  70%|███████   | 7/10 [01:37<00:36, 12.27s/it]
Task 3, Epoch 8/10 => Loss 2.492, Train_accy 94.19, Test_accy 25.79:  80%|████████  | 8/10 [01:37<00:24, 12.26s/it]
Task 3, Epoch 9/10 => Loss 2.453, Train_accy 94.82, Test_accy 25.79:  80%|████████  | 8/10 [01:50<00:24, 12.26s/it]
Task 3, Epoch 9/10 => Loss 2.453, Train_accy 94.82, Test_accy 25.79:  90%|█████████ | 9/10 [01:50<00:12, 12.23s/it]
Task 3, Epoch 10/10 => Loss 2.419, Train_accy 96.83, Test_accy 24.27:  90%|█████████ | 9/10 [02:02<00:12, 12.23s/it]
Task 3, Epoch 10/10 => Loss 2.419, Train_accy 96.83, Test_accy 24.27: 100%|██████████| 10/10 [02:02<00:00, 12.20s/it]
Task 3, Epoch 10/10 => Loss 2.419, Train_accy 96.83, Test_accy 24.27: 100%|██████████| 10/10 [02:02<00:00, 12.22s/it]
2026-02-07 02:54:35,579 [finetune.py] => Task 3, Epoch 10/10 => Loss 2.419, Train_accy 96.83, Test_accy 24.27
2026-02-07 02:54:39,038 [trainer.py] => CNN: {'total': 24.27, '00-09': 0.0, '10-19': 0.0, '20-29': 0.0, '30-39': 0.0, '40-49': 4.67, '50-59': 5.41, '60-69': 87.74, '70-79': 84.4, 'old': 1.64, 'new': 85.83, 'harmonic': 3.22}
2026-02-07 02:54:39,039 [trainer.py] => CNN top1 curve: [85.43, 39.43, 31.7, 24.27]
2026-02-07 02:54:39,039 [trainer.py] => CNN top5 curve: [100.0, 83.26, 59.67, 45.48]
2026-02-07 02:54:39,039 [trainer.py] => Average Accuracy (CNN): 45.2075
2026-02-07 02:54:39,043 [finetune.py] => Learning on 80-100

  0%|          | 0/10 [00:00<?, ?it/s]
Task 4, Epoch 1/10 => Loss 2.970, Train_accy 0.00, Test_accy 17.51:   0%|          | 0/10 [00:12<?, ?it/s]
Task 4, Epoch 1/10 => Loss 2.970, Train_accy 0.00, Test_accy 17.51:  10%|█         | 1/10 [00:12<01:53, 12.57s/it]
Task 4, Epoch 2/10 => Loss 2.885, Train_accy 0.98, Test_accy 20.37:  10%|█         | 1/10 [00:25<01:53, 12.57s/it]
Task 4, Epoch 2/10 => Loss 2.885, Train_accy 0.98, Test_accy 20.37:  20%|██        | 2/10 [00:25<01:41, 12.63s/it]
Task 4, Epoch 3/10 => Loss 2.807, Train_accy 17.72, Test_accy 24.41:  20%|██        | 2/10 [00:37<01:41, 12.63s/it]
Task 4, Epoch 3/10 => Loss 2.807, Train_accy 17.72, Test_accy 24.41:  30%|███       | 3/10 [00:37<01:28, 12.62s/it]
Task 4, Epoch 4/10 => Loss 2.737, Train_accy 48.25, Test_accy 30.89:  30%|███       | 3/10 [00:50<01:28, 12.62s/it]
Task 4, Epoch 4/10 => Loss 2.737, Train_accy 48.25, Test_accy 30.89:  40%|████      | 4/10 [00:50<01:15, 12.63s/it]
Task 4, Epoch 5/10 => Loss 2.675, Train_accy 74.29, Test_accy 31.23:  40%|████      | 4/10 [01:03<01:15, 12.63s/it]
Task 4, Epoch 5/10 => Loss 2.675, Train_accy 74.29, Test_accy 31.23:  50%|█████     | 5/10 [01:03<01:03, 12.69s/it]
Task 4, Epoch 6/10 => Loss 2.627, Train_accy 83.59, Test_accy 25.34:  50%|█████     | 5/10 [01:16<01:03, 12.69s/it]
Task 4, Epoch 6/10 => Loss 2.627, Train_accy 83.59, Test_accy 25.34:  60%|██████    | 6/10 [01:16<00:50, 12.71s/it]
Task 4, Epoch 7/10 => Loss 2.579, Train_accy 89.39, Test_accy 23.15:  60%|██████    | 6/10 [01:28<00:50, 12.71s/it]
Task 4, Epoch 7/10 => Loss 2.579, Train_accy 89.39, Test_accy 23.15:  70%|███████   | 7/10 [01:28<00:38, 12.69s/it]
Task 4, Epoch 8/10 => Loss 2.546, Train_accy 89.39, Test_accy 24.07:  70%|███████   | 7/10 [01:41<00:38, 12.69s/it]
Task 4, Epoch 8/10 => Loss 2.546, Train_accy 89.39, Test_accy 24.07:  80%|████████  | 8/10 [01:41<00:25, 12.70s/it]
Task 4, Epoch 9/10 => Loss 2.490, Train_accy 92.56, Test_accy 23.40:  80%|████████  | 8/10 [01:54<00:25, 12.70s/it]
Task 4, Epoch 9/10 => Loss 2.490, Train_accy 92.56, Test_accy 23.40:  90%|█████████ | 9/10 [01:54<00:12, 12.68s/it]
Task 4, Epoch 10/10 => Loss 2.447, Train_accy 94.31, Test_accy 23.48:  90%|█████████ | 9/10 [02:06<00:12, 12.68s/it]
Task 4, Epoch 10/10 => Loss 2.447, Train_accy 94.31, Test_accy 23.48: 100%|██████████| 10/10 [02:06<00:00, 12.70s/it]
Task 4, Epoch 10/10 => Loss 2.447, Train_accy 94.31, Test_accy 23.48: 100%|██████████| 10/10 [02:06<00:00, 12.68s/it]
2026-02-07 02:56:45,837 [finetune.py] => Task 4, Epoch 10/10 => Loss 2.447, Train_accy 94.31, Test_accy 23.48
2026-02-07 02:56:49,943 [trainer.py] => CNN: {'total': 23.48, '00-09': 0.0, '10-19': 0.0, '20-29': 0.0, '30-39': 0.0, '40-49': 0.0, '50-59': 0.9, '60-69': 10.38, '70-79': 21.28, '80-89': 92.48, '90-99': 83.82, 'old': 4.57, 'new': 88.1, 'harmonic': 8.69}
2026-02-07 02:56:49,943 [trainer.py] => CNN top1 curve: [85.43, 39.43, 31.7, 24.27, 23.48]
2026-02-07 02:56:49,943 [trainer.py] => CNN top5 curve: [100.0, 83.26, 59.67, 45.48, 43.94]
2026-02-07 02:56:49,943 [trainer.py] => Average Accuracy (CNN): 40.862
2026-02-07 02:56:49,945 [finetune.py] => Learning on 100-120

  0%|          | 0/10 [00:00<?, ?it/s]
Task 5, Epoch 1/10 => Loss 2.960, Train_accy 0.11, Test_accy 18.22:   0%|          | 0/10 [00:13<?, ?it/s]
Task 5, Epoch 1/10 => Loss 2.960, Train_accy 0.11, Test_accy 18.22:  10%|█         | 1/10 [00:13<02:01, 13.51s/it]
Task 5, Epoch 2/10 => Loss 2.863, Train_accy 3.26, Test_accy 20.62:  10%|█         | 1/10 [00:26<02:01, 13.51s/it]
Task 5, Epoch 2/10 => Loss 2.863, Train_accy 3.26, Test_accy 20.62:  20%|██        | 2/10 [00:26<01:47, 13.47s/it]
Task 5, Epoch 3/10 => Loss 2.768, Train_accy 28.26, Test_accy 26.13:  20%|██        | 2/10 [00:40<01:47, 13.47s/it]
Task 5, Epoch 3/10 => Loss 2.768, Train_accy 28.26, Test_accy 26.13:  30%|███       | 3/10 [00:40<01:34, 13.48s/it]
Task 5, Epoch 4/10 => Loss 2.684, Train_accy 68.17, Test_accy 23.23:  30%|███       | 3/10 [00:53<01:34, 13.48s/it]
Task 5, Epoch 4/10 => Loss 2.684, Train_accy 68.17, Test_accy 23.23:  40%|████      | 4/10 [00:53<01:20, 13.46s/it]
Task 5, Epoch 5/10 => Loss 2.613, Train_accy 84.03, Test_accy 19.63:  40%|████      | 4/10 [01:07<01:20, 13.46s/it]
Task 5, Epoch 5/10 => Loss 2.613, Train_accy 84.03, Test_accy 19.63:  50%|█████     | 5/10 [01:07<01:07, 13.50s/it]
Task 5, Epoch 6/10 => Loss 2.552, Train_accy 89.50, Test_accy 17.80:  50%|█████     | 5/10 [01:20<01:07, 13.50s/it]
Task 5, Epoch 6/10 => Loss 2.552, Train_accy 89.50, Test_accy 17.80:  60%|██████    | 6/10 [01:20<00:54, 13.50s/it]
Task 5, Epoch 7/10 => Loss 2.500, Train_accy 92.86, Test_accy 16.60:  60%|██████    | 6/10 [01:34<00:54, 13.50s/it]
Task 5, Epoch 7/10 => Loss 2.500, Train_accy 92.86, Test_accy 16.60:  70%|███████   | 7/10 [01:34<00:40, 13.49s/it]
Task 5, Epoch 8/10 => Loss 2.455, Train_accy 93.70, Test_accy 14.83:  70%|███████   | 7/10 [01:47<00:40, 13.49s/it]
Task 5, Epoch 8/10 => Loss 2.455, Train_accy 93.70, Test_accy 14.83:  80%|████████  | 8/10 [01:47<00:27, 13.50s/it]
Task 5, Epoch 9/10 => Loss 2.411, Train_accy 95.59, Test_accy 14.90:  80%|████████  | 8/10 [02:01<00:27, 13.50s/it]
Task 5, Epoch 9/10 => Loss 2.411, Train_accy 95.59, Test_accy 14.90:  90%|█████████ | 9/10 [02:01<00:13, 13.51s/it]
Task 5, Epoch 10/10 => Loss 2.375, Train_accy 96.64, Test_accy 14.76:  90%|█████████ | 9/10 [02:15<00:13, 13.51s/it]
Task 5, Epoch 10/10 => Loss 2.375, Train_accy 96.64, Test_accy 14.76: 100%|██████████| 10/10 [02:15<00:00, 13.59s/it]
Task 5, Epoch 10/10 => Loss 2.375, Train_accy 96.64, Test_accy 14.76: 100%|██████████| 10/10 [02:15<00:00, 13.52s/it]
2026-02-07 02:59:05,195 [finetune.py] => Task 5, Epoch 10/10 => Loss 2.375, Train_accy 96.64, Test_accy 14.76
2026-02-07 02:59:09,856 [trainer.py] => CNN: {'total': 14.76, '00-09': 0.0, '10-19': 0.0, '20-29': 0.0, '30-39': 0.0, '40-49': 0.0, '50-59': 0.0, '60-69': 1.89, '70-79': 1.42, '80-89': 3.01, '90-99': 0.0, '100-109': 89.57, '110-119': 86.73, 'old': 0.67, 'new': 88.16, 'harmonic': 1.33}
2026-02-07 02:59:09,857 [trainer.py] => CNN top1 curve: [85.43, 39.43, 31.7, 24.27, 23.48, 14.76]
2026-02-07 02:59:09,857 [trainer.py] => CNN top5 curve: [100.0, 83.26, 59.67, 45.48, 43.94, 38.42]
2026-02-07 02:59:09,857 [trainer.py] => Average Accuracy (CNN): 36.51166666666666
2026-02-07 02:59:09,861 [finetune.py] => Learning on 120-140

  0%|          | 0/10 [00:00<?, ?it/s]
Task 6, Epoch 1/10 => Loss 2.976, Train_accy 0.00, Test_accy 11.76:   0%|          | 0/10 [00:14<?, ?it/s]
Task 6, Epoch 1/10 => Loss 2.976, Train_accy 0.00, Test_accy 11.76:  10%|█         | 1/10 [00:14<02:06, 14.05s/it]
Task 6, Epoch 2/10 => Loss 2.877, Train_accy 1.47, Test_accy 13.28:  10%|█         | 1/10 [00:28<02:06, 14.05s/it]
Task 6, Epoch 2/10 => Loss 2.877, Train_accy 1.47, Test_accy 13.28:  20%|██        | 2/10 [00:28<01:52, 14.09s/it]
Task 6, Epoch 3/10 => Loss 2.781, Train_accy 27.15, Test_accy 17.79:  20%|██        | 2/10 [00:42<01:52, 14.09s/it]
Task 6, Epoch 3/10 => Loss 2.781, Train_accy 27.15, Test_accy 17.79:  30%|███       | 3/10 [00:42<01:38, 14.08s/it]
Task 6, Epoch 4/10 => Loss 2.694, Train_accy 63.10, Test_accy 17.92:  30%|███       | 3/10 [00:56<01:38, 14.08s/it]
Task 6, Epoch 4/10 => Loss 2.694, Train_accy 63.10, Test_accy 17.92:  40%|████      | 4/10 [00:56<01:24, 14.13s/it]
Task 6, Epoch 5/10 => Loss 2.625, Train_accy 81.13, Test_accy 17.55:  40%|████      | 4/10 [01:10<01:24, 14.13s/it]
Task 6, Epoch 5/10 => Loss 2.625, Train_accy 81.13, Test_accy 17.55:  50%|█████     | 5/10 [01:10<01:10, 14.16s/it]
Task 6, Epoch 6/10 => Loss 2.567, Train_accy 85.32, Test_accy 15.54:  50%|█████     | 5/10 [01:24<01:10, 14.16s/it]
Task 6, Epoch 6/10 => Loss 2.567, Train_accy 85.32, Test_accy 15.54:  60%|██████    | 6/10 [01:24<00:56, 14.17s/it]
Task 6, Epoch 7/10 => Loss 2.517, Train_accy 89.41, Test_accy 15.05:  60%|██████    | 6/10 [01:39<00:56, 14.17s/it]
Task 6, Epoch 7/10 => Loss 2.517, Train_accy 89.41, Test_accy 15.05:  70%|███████   | 7/10 [01:39<00:42, 14.20s/it]
Task 6, Epoch 8/10 => Loss 2.469, Train_accy 90.25, Test_accy 13.95:  70%|███████   | 7/10 [01:53<00:42, 14.20s/it]
Task 6, Epoch 8/10 => Loss 2.469, Train_accy 90.25, Test_accy 13.95:  80%|████████  | 8/10 [01:53<00:28, 14.18s/it]
Task 6, Epoch 9/10 => Loss 2.427, Train_accy 92.45, Test_accy 13.47:  80%|████████  | 8/10 [02:07<00:28, 14.18s/it]
Task 6, Epoch 9/10 => Loss 2.427, Train_accy 92.45, Test_accy 13.47:  90%|█████████ | 9/10 [02:07<00:14, 14.18s/it]
Task 6, Epoch 10/10 => Loss 2.390, Train_accy 94.65, Test_accy 12.92:  90%|█████████ | 9/10 [02:21<00:14, 14.18s/it]
Task 6, Epoch 10/10 => Loss 2.390, Train_accy 94.65, Test_accy 12.92: 100%|██████████| 10/10 [02:21<00:00, 14.16s/it]
Task 6, Epoch 10/10 => Loss 2.390, Train_accy 94.65, Test_accy 12.92: 100%|██████████| 10/10 [02:21<00:00, 14.15s/it]
2026-02-07 03:01:31,413 [finetune.py] => Task 6, Epoch 10/10 => Loss 2.390, Train_accy 94.65, Test_accy 12.92
2026-02-07 03:01:36,619 [trainer.py] => CNN: {'total': 12.92, '00-09': 0.0, '10-19': 0.0, '20-29': 0.0, '30-39': 0.0, '40-49': 0.0, '50-59': 0.0, '60-69': 0.0, '70-79': 0.0, '80-89': 0.0, '90-99': 0.0, '100-109': 12.17, '110-119': 7.08, '120-129': 85.05, '130-139': 83.9, 'old': 1.55, 'new': 84.44, 'harmonic': 3.04}
2026-02-07 03:01:36,620 [trainer.py] => CNN top1 curve: [85.43, 39.43, 31.7, 24.27, 23.48, 14.76, 12.92]
2026-02-07 03:01:36,620 [trainer.py] => CNN top5 curve: [100.0, 83.26, 59.67, 45.48, 43.94, 38.42, 29.31]
2026-02-07 03:01:36,620 [trainer.py] => Average Accuracy (CNN): 33.14142857142857
2026-02-07 03:01:36,623 [finetune.py] => Learning on 140-160

  0%|          | 0/10 [00:00<?, ?it/s]
Task 7, Epoch 1/10 => Loss 2.965, Train_accy 0.00, Test_accy 11.11:   0%|          | 0/10 [00:14<?, ?it/s]
Task 7, Epoch 1/10 => Loss 2.965, Train_accy 0.00, Test_accy 11.11:  10%|█         | 1/10 [00:14<02:09, 14.43s/it]
Task 7, Epoch 2/10 => Loss 2.863, Train_accy 6.30, Test_accy 12.69:  10%|█         | 1/10 [00:28<02:09, 14.43s/it]
Task 7, Epoch 2/10 => Loss 2.863, Train_accy 6.30, Test_accy 12.69:  20%|██        | 2/10 [00:28<01:55, 14.47s/it]
Task 7, Epoch 3/10 => Loss 2.771, Train_accy 26.41, Test_accy 14.17:  20%|██        | 2/10 [00:43<01:55, 14.47s/it]
Task 7, Epoch 3/10 => Loss 2.771, Train_accy 26.41, Test_accy 14.17:  30%|███       | 3/10 [00:43<01:41, 14.56s/it]
Task 7, Epoch 4/10 => Loss 2.697, Train_accy 63.48, Test_accy 12.90:  30%|███       | 3/10 [00:58<01:41, 14.56s/it]
Task 7, Epoch 4/10 => Loss 2.697, Train_accy 63.48, Test_accy 12.90:  40%|████      | 4/10 [00:58<01:27, 14.52s/it]
Task 7, Epoch 5/10 => Loss 2.631, Train_accy 77.28, Test_accy 12.11:  40%|████      | 4/10 [01:12<01:27, 14.52s/it]
Task 7, Epoch 5/10 => Loss 2.631, Train_accy 77.28, Test_accy 12.11:  50%|█████     | 5/10 [01:12<01:12, 14.51s/it]
Task 7, Epoch 6/10 => Loss 2.574, Train_accy 86.41, Test_accy 11.90:  50%|█████     | 5/10 [01:27<01:12, 14.51s/it]
Task 7, Epoch 6/10 => Loss 2.574, Train_accy 86.41, Test_accy 11.90:  60%|██████    | 6/10 [01:27<00:57, 14.50s/it]
Task 7, Epoch 7/10 => Loss 2.522, Train_accy 88.15, Test_accy 11.37:  60%|██████    | 6/10 [01:41<00:57, 14.50s/it]
Task 7, Epoch 7/10 => Loss 2.522, Train_accy 88.15, Test_accy 11.37:  70%|███████   | 7/10 [01:41<00:43, 14.50s/it]
Task 7, Epoch 8/10 => Loss 2.475, Train_accy 92.61, Test_accy 11.53:  70%|███████   | 7/10 [01:56<00:43, 14.50s/it]
Task 7, Epoch 8/10 => Loss 2.475, Train_accy 92.61, Test_accy 11.53:  80%|████████  | 8/10 [01:56<00:29, 14.52s/it]
Task 7, Epoch 9/10 => Loss 2.438, Train_accy 95.33, Test_accy 11.58:  80%|████████  | 8/10 [02:10<00:29, 14.52s/it]
Task 7, Epoch 9/10 => Loss 2.438, Train_accy 95.33, Test_accy 11.58:  90%|█████████ | 9/10 [02:10<00:14, 14.50s/it]
Task 7, Epoch 10/10 => Loss 2.401, Train_accy 96.20, Test_accy 11.37:  90%|█████████ | 9/10 [02:25<00:14, 14.50s/it]
Task 7, Epoch 10/10 => Loss 2.401, Train_accy 96.20, Test_accy 11.37: 100%|██████████| 10/10 [02:25<00:00, 14.52s/it]
Task 7, Epoch 10/10 => Loss 2.401, Train_accy 96.20, Test_accy 11.37: 100%|██████████| 10/10 [02:25<00:00, 14.51s/it]
2026-02-07 03:04:01,750 [finetune.py] => Task 7, Epoch 10/10 => Loss 2.401, Train_accy 96.20, Test_accy 11.37
2026-02-07 03:04:07,554 [trainer.py] => CNN: {'total': 11.37, '00-09': 0.0, '10-19': 0.0, '20-29': 0.0, '30-39': 0.0, '40-49': 0.0, '50-59': 0.0, '60-69': 0.0, '70-79': 0.0, '80-89': 0.0, '90-99': 0.0, '100-109': 0.0, '110-119': 0.0, '120-129': 0.0, '130-139': 1.69, '140-149': 85.71, '150-159': 84.68, 'old': 0.12, 'new': 85.2, 'harmonic': 0.24}
2026-02-07 03:04:07,555 [trainer.py] => CNN top1 curve: [85.43, 39.43, 31.7, 24.27, 23.48, 14.76, 12.92, 11.37]
2026-02-07 03:04:07,555 [trainer.py] => CNN top5 curve: [100.0, 83.26, 59.67, 45.48, 43.94, 38.42, 29.31, 23.9]
2026-02-07 03:04:07,555 [trainer.py] => Average Accuracy (CNN): 30.419999999999998
2026-02-07 03:04:07,557 [finetune.py] => Learning on 160-180

  0%|          | 0/10 [00:00<?, ?it/s]
Task 8, Epoch 1/10 => Loss 2.954, Train_accy 0.00, Test_accy 9.21:   0%|          | 0/10 [00:15<?, ?it/s]
Task 8, Epoch 1/10 => Loss 2.954, Train_accy 0.00, Test_accy 9.21:  10%|█         | 1/10 [00:15<02:19, 15.50s/it]
Task 8, Epoch 2/10 => Loss 2.834, Train_accy 5.85, Test_accy 10.71:  10%|█         | 1/10 [00:30<02:19, 15.50s/it]
Task 8, Epoch 2/10 => Loss 2.834, Train_accy 5.85, Test_accy 10.71:  20%|██        | 2/10 [00:30<02:03, 15.42s/it]
Task 8, Epoch 3/10 => Loss 2.732, Train_accy 37.47, Test_accy 12.12:  20%|██        | 2/10 [00:46<02:03, 15.42s/it]
Task 8, Epoch 3/10 => Loss 2.732, Train_accy 37.47, Test_accy 12.12:  30%|███       | 3/10 [00:46<01:47, 15.38s/it]
Task 8, Epoch 4/10 => Loss 2.651, Train_accy 68.37, Test_accy 10.57:  30%|███       | 3/10 [01:01<01:47, 15.38s/it]
Task 8, Epoch 4/10 => Loss 2.651, Train_accy 68.37, Test_accy 10.57:  40%|████      | 4/10 [01:01<01:32, 15.39s/it]
Task 8, Epoch 5/10 => Loss 2.584, Train_accy 82.05, Test_accy 9.77:  40%|████      | 4/10 [01:16<01:32, 15.39s/it] 
Task 8, Epoch 5/10 => Loss 2.584, Train_accy 82.05, Test_accy 9.77:  50%|█████     | 5/10 [01:16<01:16, 15.37s/it]
Task 8, Epoch 6/10 => Loss 2.525, Train_accy 89.14, Test_accy 10.57:  50%|█████     | 5/10 [01:32<01:16, 15.37s/it]
Task 8, Epoch 6/10 => Loss 2.525, Train_accy 89.14, Test_accy 10.57:  60%|██████    | 6/10 [01:32<01:01, 15.37s/it]
Task 8, Epoch 7/10 => Loss 2.476, Train_accy 93.32, Test_accy 10.34:  60%|██████    | 6/10 [01:47<01:01, 15.37s/it]
Task 8, Epoch 7/10 => Loss 2.476, Train_accy 93.32, Test_accy 10.34:  70%|███████   | 7/10 [01:47<00:46, 15.35s/it]
Task 8, Epoch 8/10 => Loss 2.433, Train_accy 95.82, Test_accy 10.20:  70%|███████   | 7/10 [02:03<00:46, 15.35s/it]
Task 8, Epoch 8/10 => Loss 2.433, Train_accy 95.82, Test_accy 10.20:  80%|████████  | 8/10 [02:03<00:30, 15.37s/it]
Task 8, Epoch 9/10 => Loss 2.392, Train_accy 97.08, Test_accy 10.01:  80%|████████  | 8/10 [02:18<00:30, 15.37s/it]
Task 8, Epoch 9/10 => Loss 2.392, Train_accy 97.08, Test_accy 10.01:  90%|█████████ | 9/10 [02:18<00:15, 15.42s/it]
Task 8, Epoch 10/10 => Loss 2.352, Train_accy 98.12, Test_accy 10.10:  90%|█████████ | 9/10 [02:33<00:15, 15.42s/it]
Task 8, Epoch 10/10 => Loss 2.352, Train_accy 98.12, Test_accy 10.10: 100%|██████████| 10/10 [02:33<00:00, 15.39s/it]
Task 8, Epoch 10/10 => Loss 2.352, Train_accy 98.12, Test_accy 10.10: 100%|██████████| 10/10 [02:33<00:00, 15.39s/it]
2026-02-07 03:06:41,454 [finetune.py] => Task 8, Epoch 10/10 => Loss 2.352, Train_accy 98.12, Test_accy 10.10
2026-02-07 03:06:47,958 [trainer.py] => CNN: {'total': 10.1, '00-09': 0.0, '10-19': 0.0, '20-29': 0.0, '30-39': 0.0, '40-49': 0.0, '50-59': 0.0, '60-69': 0.0, '70-79': 0.0, '80-89': 0.0, '90-99': 0.0, '100-109': 0.0, '110-119': 0.0, '120-129': 0.0, '130-139': 0.0, '140-149': 0.0, '150-159': 4.84, '160-169': 89.55, '170-179': 86.41, 'old': 0.32, 'new': 88.19, 'harmonic': 0.64}
2026-02-07 03:06:47,959 [trainer.py] => CNN top1 curve: [85.43, 39.43, 31.7, 24.27, 23.48, 14.76, 12.92, 11.37, 10.1]
2026-02-07 03:06:47,959 [trainer.py] => CNN top5 curve: [100.0, 83.26, 59.67, 45.48, 43.94, 38.42, 29.31, 23.9, 20.44]
2026-02-07 03:06:47,959 [trainer.py] => Average Accuracy (CNN): 28.16222222222222
2026-02-07 03:06:47,962 [finetune.py] => Learning on 180-200

  0%|          | 0/10 [00:00<?, ?it/s]
Task 9, Epoch 1/10 => Loss 2.969, Train_accy 0.00, Test_accy 8.44:   0%|          | 0/10 [00:15<?, ?it/s]
Task 9, Epoch 1/10 => Loss 2.969, Train_accy 0.00, Test_accy 8.44:  10%|█         | 1/10 [00:15<02:23, 15.92s/it]
Task 9, Epoch 2/10 => Loss 2.848, Train_accy 3.89, Test_accy 8.65:  10%|█         | 1/10 [00:31<02:23, 15.92s/it]
Task 9, Epoch 2/10 => Loss 2.848, Train_accy 3.89, Test_accy 8.65:  20%|██        | 2/10 [00:31<02:07, 15.96s/it]
Task 9, Epoch 3/10 => Loss 2.749, Train_accy 38.76, Test_accy 10.22:  20%|██        | 2/10 [00:47<02:07, 15.96s/it]
Task 9, Epoch 3/10 => Loss 2.749, Train_accy 38.76, Test_accy 10.22:  30%|███       | 3/10 [00:47<01:52, 16.00s/it]
Task 9, Epoch 4/10 => Loss 2.668, Train_accy 75.74, Test_accy 9.25:  30%|███       | 3/10 [01:03<01:52, 16.00s/it] 
Task 9, Epoch 4/10 => Loss 2.668, Train_accy 75.74, Test_accy 9.25:  40%|████      | 4/10 [01:03<01:35, 15.93s/it]
Task 9, Epoch 5/10 => Loss 2.600, Train_accy 82.56, Test_accy 8.78:  40%|████      | 4/10 [01:19<01:35, 15.93s/it]
Task 9, Epoch 5/10 => Loss 2.600, Train_accy 82.56, Test_accy 8.78:  50%|█████     | 5/10 [01:19<01:19, 15.92s/it]
Task 9, Epoch 6/10 => Loss 2.542, Train_accy 85.50, Test_accy 8.65:  50%|█████     | 5/10 [01:35<01:19, 15.92s/it]
Task 9, Epoch 6/10 => Loss 2.542, Train_accy 85.50, Test_accy 8.65:  60%|██████    | 6/10 [01:35<01:03, 15.92s/it]
Task 9, Epoch 7/10 => Loss 2.488, Train_accy 87.61, Test_accy 8.02:  60%|██████    | 6/10 [01:51<01:03, 15.92s/it]
Task 9, Epoch 7/10 => Loss 2.488, Train_accy 87.61, Test_accy 8.02:  70%|███████   | 7/10 [01:51<00:47, 15.92s/it]
Task 9, Epoch 8/10 => Loss 2.443, Train_accy 89.08, Test_accy 7.93:  70%|███████   | 7/10 [02:07<00:47, 15.92s/it]
Task 9, Epoch 8/10 => Loss 2.443, Train_accy 89.08, Test_accy 7.93:  80%|████████  | 8/10 [02:07<00:31, 15.92s/it]
Task 9, Epoch 9/10 => Loss 2.404, Train_accy 92.33, Test_accy 7.93:  80%|████████  | 8/10 [02:23<00:31, 15.92s/it]
Task 9, Epoch 9/10 => Loss 2.404, Train_accy 92.33, Test_accy 7.93:  90%|█████████ | 9/10 [02:23<00:15, 15.92s/it]
Task 9, Epoch 10/10 => Loss 2.364, Train_accy 94.75, Test_accy 7.72:  90%|█████████ | 9/10 [02:39<00:15, 15.92s/it]
Task 9, Epoch 10/10 => Loss 2.364, Train_accy 94.75, Test_accy 7.72: 100%|██████████| 10/10 [02:39<00:00, 15.91s/it]
Task 9, Epoch 10/10 => Loss 2.364, Train_accy 94.75, Test_accy 7.72: 100%|██████████| 10/10 [02:39<00:00, 15.93s/it]
2026-02-07 03:09:27,232 [finetune.py] => Task 9, Epoch 10/10 => Loss 2.364, Train_accy 94.75, Test_accy 7.72
2026-02-07 03:09:34,246 [trainer.py] => CNN: {'total': 7.72, '00-09': 0.0, '10-19': 0.0, '20-29': 0.0, '30-39': 0.0, '40-49': 0.0, '50-59': 0.0, '60-69': 0.0, '70-79': 0.0, '80-89': 0.0, '90-99': 0.0, '100-109': 0.0, '110-119': 0.0, '120-129': 0.0, '130-139': 0.0, '140-149': 0.0, '150-159': 0.0, '160-169': 3.73, '170-179': 5.83, '180-189': 75.0, '190-199': 73.47, 'old': 0.52, 'new': 74.35, 'harmonic': 1.03}
2026-02-07 03:09:34,246 [trainer.py] => CNN top1 curve: [85.43, 39.43, 31.7, 24.27, 23.48, 14.76, 12.92, 11.37, 10.1, 7.72]
2026-02-07 03:09:34,246 [trainer.py] => CNN top5 curve: [100.0, 83.26, 59.67, 45.48, 43.94, 38.42, 29.31, 23.9, 20.44, 17.9]
2026-02-07 03:09:34,247 [trainer.py] => Average Accuracy (CNN): 26.118000000000002

========================================
Finished cub_init20_inc20
Backbone: OpenCLIP_LAION400M
Average Accuracy (Top1): 26.12
Last Accuracy: 7.72
========================================

2026-02-07 03:09:36,911 [trainer.py] => config: ./configs/finetune/finetune_cub_B100_Inc20.json
2026-02-07 03:09:36,912 [trainer.py] => prefix: -
2026-02-07 03:09:36,912 [trainer.py] => dataset: cub
2026-02-07 03:09:36,912 [trainer.py] => memory_size: 0
2026-02-07 03:09:36,912 [trainer.py] => memory_per_class: 0
2026-02-07 03:09:36,912 [trainer.py] => fixed_memory: False
2026-02-07 03:09:36,912 [trainer.py] => shuffle: True
2026-02-07 03:09:36,912 [trainer.py] => init_cls: 100
2026-02-07 03:09:36,912 [trainer.py] => increment: 20
2026-02-07 03:09:36,912 [trainer.py] => model_name: finetune
2026-02-07 03:09:36,912 [trainer.py] => backbone_type: clip
2026-02-07 03:09:36,912 [trainer.py] => device: [device(type='cuda', index=7)]
2026-02-07 03:09:36,912 [trainer.py] => seed: 1993
2026-02-07 03:09:36,912 [trainer.py] => init_epoch: 10
2026-02-07 03:09:36,912 [trainer.py] => init_lr: 0.001
2026-02-07 03:09:36,912 [trainer.py] => init_milestones: [60, 120, 170]
2026-02-07 03:09:36,912 [trainer.py] => init_lr_decay: 0.1
2026-02-07 03:09:36,912 [trainer.py] => init_weight_decay: 0.0005
2026-02-07 03:09:36,912 [trainer.py] => epochs: 10
2026-02-07 03:09:36,912 [trainer.py] => lrate: 0.001
2026-02-07 03:09:36,912 [trainer.py] => milestones: [40, 70]
2026-02-07 03:09:36,912 [trainer.py] => lrate_decay: 0.1
2026-02-07 03:09:36,912 [trainer.py] => batch_size: 128
2026-02-07 03:09:36,912 [trainer.py] => weight_decay: 0.0002
2026-02-07 03:09:36,912 [trainer.py] => total_class_num: 200
['Black footed Albatross', 'Laysan Albatross', 'Sooty Albatross', 'Groove billed Ani', 'Crested Auklet', 'Least Auklet', 'Parakeet Auklet', 'Rhinoceros Auklet', 'Brewer Blackbird', 'Red winged Blackbird', 'Rusty Blackbird', 'Yellow headed Blackbird', 'Bobolink', 'Indigo Bunting', 'Lazuli Bunting', 'Painted Bunting', 'Cardinal', 'Spotted Catbird', 'Gray Catbird', 'Yellow breasted Chat', 'Eastern Towhee', 'Chuck will Widow', 'Brandt Cormorant', 'Red faced Cormorant', 'Pelagic Cormorant', 'Bronzed Cowbird', 'Shiny Cowbird', 'Brown Creeper', 'American Crow', 'Fish Crow', 'Black billed Cuckoo', 'Mangrove Cuckoo', 'Yellow billed Cuckoo', 'Gray crowned Rosy Finch', 'Purple Finch', 'Northern Flicker', 'Acadian Flycatcher', 'Great Crested Flycatcher', 'Least Flycatcher', 'Olive sided Flycatcher', 'Scissor tailed Flycatcher', 'Vermilion Flycatcher', 'Yellow bellied Flycatcher', 'Frigatebird', 'Northern Fulmar', 'Gadwall', 'American Goldfinch', 'European Goldfinch', 'Boat tailed Grackle', 'Eared Grebe', 'Horned Grebe', 'Pied billed Grebe', 'Western Grebe', 'Blue Grosbeak', 'Evening Grosbeak', 'Pine Grosbeak', 'Rose breasted Grosbeak', 'Pigeon Guillemot', 'California Gull', 'Glaucous winged Gull', 'Heermann Gull', 'Herring Gull', 'Ivory Gull', 'Ring billed Gull', 'Slaty backed Gull', 'Western Gull', 'Anna Hummingbird', 'Ruby throated Hummingbird', 'Rufous Hummingbird', 'Green Violetear', 'Long tailed Jaeger', 'Pomarine Jaeger', 'Blue Jay', 'Florida Jay', 'Green Jay', 'Dark eyed Junco', 'Tropical Kingbird', 'Gray Kingbird', 'Belted Kingfisher', 'Green Kingfisher', 'Pied Kingfisher', 'Ringed Kingfisher', 'White breasted Kingfisher', 'Red legged Kittiwake', 'Horned Lark', 'Pacific Loon', 'Mallard', 'Western Meadowlark', 'Hooded Merganser', 'Red breasted Merganser', 'Mockingbird', 'Nighthawk', 'Clark Nutcracker', 'White breasted Nuthatch', 'Baltimore Oriole', 'Hooded Oriole', 'Orchard Oriole', 'Scott Oriole', 'Ovenbird', 'Brown Pelican', 'White Pelican', 'Western Wood Pewee', 'Sayornis', 'American Pipit', 'Whip poor Will', 'Horned Puffin', 'Common Raven', 'White necked Raven', 'American Redstart', 'Geococcyx', 'Loggerhead Shrike', 'Great Grey Shrike', 'Baird Sparrow', 'Black throated Sparrow', 'Brewer Sparrow', 'Chipping Sparrow', 'Clay colored Sparrow', 'House Sparrow', 'Field Sparrow', 'Fox Sparrow', 'Grasshopper Sparrow', 'Harris Sparrow', 'Henslow Sparrow', 'Le Conte Sparrow', 'Lincoln Sparrow', 'Nelson Sharp tailed Sparrow', 'Savannah Sparrow', 'Seaside Sparrow', 'Song Sparrow', 'Tree Sparrow', 'Vesper Sparrow', 'White crowned Sparrow', 'White throated Sparrow', 'Cape Glossy Starling', 'Bank Swallow', 'Barn Swallow', 'Cliff Swallow', 'Tree Swallow', 'Scarlet Tanager', 'Summer Tanager', 'Artic Tern', 'Black Tern', 'Caspian Tern', 'Common Tern', 'Elegant Tern', 'Forsters Tern', 'Least Tern', 'Green tailed Towhee', 'Brown Thrasher', 'Sage Thrasher', 'Black capped Vireo', 'Blue headed Vireo', 'Philadelphia Vireo', 'Red eyed Vireo', 'Warbling Vireo', 'White eyed Vireo', 'Yellow throated Vireo', 'Bay breasted Warbler', 'Black and white Warbler', 'Black throated Blue Warbler', 'Blue winged Warbler', 'Canada Warbler', 'Cape May Warbler', 'Cerulean Warbler', 'Chestnut sided Warbler', 'Golden winged Warbler', 'Hooded Warbler', 'Kentucky Warbler', 'Magnolia Warbler', 'Mourning Warbler', 'Myrtle Warbler', 'Nashville Warbler', 'Orange crowned Warbler', 'Palm Warbler', 'Pine Warbler', 'Prairie Warbler', 'Prothonotary Warbler', 'Swainson Warbler', 'Tennessee Warbler', 'Wilson Warbler', 'Worm eating Warbler', 'Yellow Warbler', 'Northern Waterthrush', 'Louisiana Waterthrush', 'Bohemian Waxwing', 'Cedar Waxwing', 'American Three toed Woodpecker', 'Pileated Woodpecker', 'Red bellied Woodpecker', 'Red cockaded Woodpecker', 'Red headed Woodpecker', 'Downy Woodpecker', 'Bewick Wren', 'Cactus Wren', 'Carolina Wren', 'House Wren', 'Marsh Wren', 'Rock Wren', 'Winter Wren', 'Common Yellowthroat']
['a photo of a {}, a type of bird.']
{'001.Black_footed_Albatross': 0, '002.Laysan_Albatross': 1, '003.Sooty_Albatross': 2, '004.Groove_billed_Ani': 3, '005.Crested_Auklet': 4, '006.Least_Auklet': 5, '007.Parakeet_Auklet': 6, '008.Rhinoceros_Auklet': 7, '009.Brewer_Blackbird': 8, '010.Red_winged_Blackbird': 9, '011.Rusty_Blackbird': 10, '012.Yellow_headed_Blackbird': 11, '013.Bobolink': 12, '014.Indigo_Bunting': 13, '015.Lazuli_Bunting': 14, '016.Painted_Bunting': 15, '017.Cardinal': 16, '018.Spotted_Catbird': 17, '019.Gray_Catbird': 18, '020.Yellow_breasted_Chat': 19, '021.Eastern_Towhee': 20, '022.Chuck_will_Widow': 21, '023.Brandt_Cormorant': 22, '024.Red_faced_Cormorant': 23, '025.Pelagic_Cormorant': 24, '026.Bronzed_Cowbird': 25, '027.Shiny_Cowbird': 26, '028.Brown_Creeper': 27, '029.American_Crow': 28, '030.Fish_Crow': 29, '031.Black_billed_Cuckoo': 30, '032.Mangrove_Cuckoo': 31, '033.Yellow_billed_Cuckoo': 32, '034.Gray_crowned_Rosy_Finch': 33, '035.Purple_Finch': 34, '036.Northern_Flicker': 35, '037.Acadian_Flycatcher': 36, '038.Great_Crested_Flycatcher': 37, '039.Least_Flycatcher': 38, '040.Olive_sided_Flycatcher': 39, '041.Scissor_tailed_Flycatcher': 40, '042.Vermilion_Flycatcher': 41, '043.Yellow_bellied_Flycatcher': 42, '044.Frigatebird': 43, '045.Northern_Fulmar': 44, '046.Gadwall': 45, '047.American_Goldfinch': 46, '048.European_Goldfinch': 47, '049.Boat_tailed_Grackle': 48, '050.Eared_Grebe': 49, '051.Horned_Grebe': 50, '052.Pied_billed_Grebe': 51, '053.Western_Grebe': 52, '054.Blue_Grosbeak': 53, '055.Evening_Grosbeak': 54, '056.Pine_Grosbeak': 55, '057.Rose_breasted_Grosbeak': 56, '058.Pigeon_Guillemot': 57, '059.California_Gull': 58, '060.Glaucous_winged_Gull': 59, '061.Heermann_Gull': 60, '062.Herring_Gull': 61, '063.Ivory_Gull': 62, '064.Ring_billed_Gull': 63, '065.Slaty_backed_Gull': 64, '066.Western_Gull': 65, '067.Anna_Hummingbird': 66, '068.Ruby_throated_Hummingbird': 67, '069.Rufous_Hummingbird': 68, '070.Green_Violetear': 69, '071.Long_tailed_Jaeger': 70, '072.Pomarine_Jaeger': 71, '073.Blue_Jay': 72, '074.Florida_Jay': 73, '075.Green_Jay': 74, '076.Dark_eyed_Junco': 75, '077.Tropical_Kingbird': 76, '078.Gray_Kingbird': 77, '079.Belted_Kingfisher': 78, '080.Green_Kingfisher': 79, '081.Pied_Kingfisher': 80, '082.Ringed_Kingfisher': 81, '083.White_breasted_Kingfisher': 82, '084.Red_legged_Kittiwake': 83, '085.Horned_Lark': 84, '086.Pacific_Loon': 85, '087.Mallard': 86, '088.Western_Meadowlark': 87, '089.Hooded_Merganser': 88, '090.Red_breasted_Merganser': 89, '091.Mockingbird': 90, '092.Nighthawk': 91, '093.Clark_Nutcracker': 92, '094.White_breasted_Nuthatch': 93, '095.Baltimore_Oriole': 94, '096.Hooded_Oriole': 95, '097.Orchard_Oriole': 96, '098.Scott_Oriole': 97, '099.Ovenbird': 98, '100.Brown_Pelican': 99, '101.White_Pelican': 100, '102.Western_Wood_Pewee': 101, '103.Sayornis': 102, '104.American_Pipit': 103, '105.Whip_poor_Will': 104, '106.Horned_Puffin': 105, '107.Common_Raven': 106, '108.White_necked_Raven': 107, '109.American_Redstart': 108, '110.Geococcyx': 109, '111.Loggerhead_Shrike': 110, '112.Great_Grey_Shrike': 111, '113.Baird_Sparrow': 112, '114.Black_throated_Sparrow': 113, '115.Brewer_Sparrow': 114, '116.Chipping_Sparrow': 115, '117.Clay_colored_Sparrow': 116, '118.House_Sparrow': 117, '119.Field_Sparrow': 118, '120.Fox_Sparrow': 119, '121.Grasshopper_Sparrow': 120, '122.Harris_Sparrow': 121, '123.Henslow_Sparrow': 122, '124.Le_Conte_Sparrow': 123, '125.Lincoln_Sparrow': 124, '126.Nelson_Sharp_tailed_Sparrow': 125, '127.Savannah_Sparrow': 126, '128.Seaside_Sparrow': 127, '129.Song_Sparrow': 128, '130.Tree_Sparrow': 129, '131.Vesper_Sparrow': 130, '132.White_crowned_Sparrow': 131, '133.White_throated_Sparrow': 132, '134.Cape_Glossy_Starling': 133, '135.Bank_Swallow': 134, '136.Barn_Swallow': 135, '137.Cliff_Swallow': 136, '138.Tree_Swallow': 137, '139.Scarlet_Tanager': 138, '140.Summer_Tanager': 139, '141.Artic_Tern': 140, '142.Black_Tern': 141, '143.Caspian_Tern': 142, '144.Common_Tern': 143, '145.Elegant_Tern': 144, '146.Forsters_Tern': 145, '147.Least_Tern': 146, '148.Green_tailed_Towhee': 147, '149.Brown_Thrasher': 148, '150.Sage_Thrasher': 149, '151.Black_capped_Vireo': 150, '152.Blue_headed_Vireo': 151, '153.Philadelphia_Vireo': 152, '154.Red_eyed_Vireo': 153, '155.Warbling_Vireo': 154, '156.White_eyed_Vireo': 155, '157.Yellow_throated_Vireo': 156, '158.Bay_breasted_Warbler': 157, '159.Black_and_white_Warbler': 158, '160.Black_throated_Blue_Warbler': 159, '161.Blue_winged_Warbler': 160, '162.Canada_Warbler': 161, '163.Cape_May_Warbler': 162, '164.Cerulean_Warbler': 163, '165.Chestnut_sided_Warbler': 164, '166.Golden_winged_Warbler': 165, '167.Hooded_Warbler': 166, '168.Kentucky_Warbler': 167, '169.Magnolia_Warbler': 168, '170.Mourning_Warbler': 169, '171.Myrtle_Warbler': 170, '172.Nashville_Warbler': 171, '173.Orange_crowned_Warbler': 172, '174.Palm_Warbler': 173, '175.Pine_Warbler': 174, '176.Prairie_Warbler': 175, '177.Prothonotary_Warbler': 176, '178.Swainson_Warbler': 177, '179.Tennessee_Warbler': 178, '180.Wilson_Warbler': 179, '181.Worm_eating_Warbler': 180, '182.Yellow_Warbler': 181, '183.Northern_Waterthrush': 182, '184.Louisiana_Waterthrush': 183, '185.Bohemian_Waxwing': 184, '186.Cedar_Waxwing': 185, '187.American_Three_toed_Woodpecker': 186, '188.Pileated_Woodpecker': 187, '189.Red_bellied_Woodpecker': 188, '190.Red_cockaded_Woodpecker': 189, '191.Red_headed_Woodpecker': 190, '192.Downy_Woodpecker': 191, '193.Bewick_Wren': 192, '194.Cactus_Wren': 193, '195.Carolina_Wren': 194, '196.House_Wren': 195, '197.Marsh_Wren': 196, '198.Rock_Wren': 197, '199.Winter_Wren': 198, '200.Common_Yellowthroat': 199}
2026-02-07 03:09:37,014 [data_manager.py] => [168, 136, 51, 9, 183, 101, 171, 99, 42, 159, 191, 70, 16, 188, 27, 10, 175, 26, 68, 187, 98, 6, 85, 35, 112, 43, 100, 0, 103, 181, 88, 59, 4, 2, 116, 174, 94, 80, 106, 1, 147, 17, 141, 131, 72, 23, 173, 54, 197, 118, 87, 32, 79, 104, 91, 19, 135, 107, 178, 36, 11, 199, 142, 8, 122, 3, 28, 57, 153, 172, 190, 56, 49, 44, 97, 62, 151, 169, 194, 55, 192, 12, 189, 78, 66, 180, 15, 137, 109, 134, 92, 119, 126, 52, 170, 40, 148, 65, 144, 64, 138, 45, 77, 89, 154, 90, 71, 193, 74, 30, 113, 143, 96, 84, 67, 50, 186, 156, 69, 21, 18, 111, 108, 58, 125, 157, 150, 110, 182, 129, 166, 83, 81, 60, 13, 165, 14, 176, 63, 117, 5, 22, 145, 121, 38, 41, 82, 127, 114, 20, 31, 53, 37, 163, 196, 130, 152, 162, 86, 76, 24, 34, 184, 149, 33, 128, 198, 155, 146, 167, 139, 120, 140, 102, 47, 25, 158, 123, 46, 164, 61, 7, 115, 75, 133, 160, 105, 132, 179, 124, 48, 73, 93, 39, 95, 195, 29, 177, 185, 161]
After shuffle, class_to_label is:  ['Magnolia Warbler', 'Cliff Swallow', 'Pied billed Grebe', 'Red winged Blackbird', 'Louisiana Waterthrush', 'Western Wood Pewee', 'Nashville Warbler', 'Brown Pelican', 'Yellow bellied Flycatcher', 'Black throated Blue Warbler', 'Downy Woodpecker', 'Long tailed Jaeger', 'Cardinal', 'Red bellied Woodpecker', 'Brown Creeper', 'Rusty Blackbird', 'Prairie Warbler', 'Shiny Cowbird', 'Rufous Hummingbird', 'Pileated Woodpecker', 'Ovenbird', 'Parakeet Auklet', 'Pacific Loon', 'Northern Flicker', 'Baird Sparrow', 'Frigatebird', 'White Pelican', 'Black footed Albatross', 'American Pipit', 'Yellow Warbler', 'Hooded Merganser', 'Glaucous winged Gull', 'Crested Auklet', 'Sooty Albatross', 'Clay colored Sparrow', 'Pine Warbler', 'Baltimore Oriole', 'Pied Kingfisher', 'Common Raven', 'Laysan Albatross', 'Green tailed Towhee', 'Spotted Catbird', 'Black Tern', 'White crowned Sparrow', 'Blue Jay', 'Red faced Cormorant', 'Palm Warbler', 'Evening Grosbeak', 'Rock Wren', 'Field Sparrow', 'Western Meadowlark', 'Yellow billed Cuckoo', 'Green Kingfisher', 'Whip poor Will', 'Nighthawk', 'Yellow breasted Chat', 'Barn Swallow', 'White necked Raven', 'Tennessee Warbler', 'Acadian Flycatcher', 'Yellow headed Blackbird', 'Common Yellowthroat', 'Caspian Tern', 'Brewer Blackbird', 'Henslow Sparrow', 'Groove billed Ani', 'American Crow', 'Pigeon Guillemot', 'Red eyed Vireo', 'Orange crowned Warbler', 'Red headed Woodpecker', 'Rose breasted Grosbeak', 'Eared Grebe', 'Northern Fulmar', 'Scott Oriole', 'Ivory Gull', 'Blue headed Vireo', 'Mourning Warbler', 'Carolina Wren', 'Pine Grosbeak', 'Bewick Wren', 'Bobolink', 'Red cockaded Woodpecker', 'Belted Kingfisher', 'Anna Hummingbird', 'Worm eating Warbler', 'Painted Bunting', 'Tree Swallow', 'Geococcyx', 'Bank Swallow', 'Clark Nutcracker', 'Fox Sparrow', 'Savannah Sparrow', 'Western Grebe', 'Myrtle Warbler', 'Scissor tailed Flycatcher', 'Brown Thrasher', 'Western Gull', 'Elegant Tern', 'Slaty backed Gull', 'Scarlet Tanager', 'Gadwall', 'Gray Kingbird', 'Red breasted Merganser', 'Warbling Vireo', 'Mockingbird', 'Pomarine Jaeger', 'Cactus Wren', 'Green Jay', 'Black billed Cuckoo', 'Black throated Sparrow', 'Common Tern', 'Orchard Oriole', 'Horned Lark', 'Ruby throated Hummingbird', 'Horned Grebe', 'American Three toed Woodpecker', 'Yellow throated Vireo', 'Green Violetear', 'Chuck will Widow', 'Gray Catbird', 'Great Grey Shrike', 'American Redstart', 'California Gull', 'Nelson Sharp tailed Sparrow', 'Bay breasted Warbler', 'Black capped Vireo', 'Loggerhead Shrike', 'Northern Waterthrush', 'Tree Sparrow', 'Hooded Warbler', 'Red legged Kittiwake', 'Ringed Kingfisher', 'Heermann Gull', 'Indigo Bunting', 'Golden winged Warbler', 'Lazuli Bunting', 'Prothonotary Warbler', 'Ring billed Gull', 'House Sparrow', 'Least Auklet', 'Brandt Cormorant', 'Forsters Tern', 'Harris Sparrow', 'Least Flycatcher', 'Vermilion Flycatcher', 'White breasted Kingfisher', 'Seaside Sparrow', 'Brewer Sparrow', 'Eastern Towhee', 'Mangrove Cuckoo', 'Blue Grosbeak', 'Great Crested Flycatcher', 'Cerulean Warbler', 'Marsh Wren', 'Vesper Sparrow', 'Philadelphia Vireo', 'Cape May Warbler', 'Mallard', 'Tropical Kingbird', 'Pelagic Cormorant', 'Purple Finch', 'Bohemian Waxwing', 'Sage Thrasher', 'Gray crowned Rosy Finch', 'Song Sparrow', 'Winter Wren', 'White eyed Vireo', 'Least Tern', 'Kentucky Warbler', 'Summer Tanager', 'Grasshopper Sparrow', 'Artic Tern', 'Sayornis', 'European Goldfinch', 'Bronzed Cowbird', 'Black and white Warbler', 'Le Conte Sparrow', 'American Goldfinch', 'Chestnut sided Warbler', 'Herring Gull', 'Rhinoceros Auklet', 'Chipping Sparrow', 'Dark eyed Junco', 'Cape Glossy Starling', 'Blue winged Warbler', 'Horned Puffin', 'White throated Sparrow', 'Wilson Warbler', 'Lincoln Sparrow', 'Boat tailed Grackle', 'Florida Jay', 'White breasted Nuthatch', 'Olive sided Flycatcher', 'Hooded Oriole', 'House Wren', 'Fish Crow', 'Swainson Warbler', 'Cedar Waxwing', 'Canada Warbler']
Training class stages: [100, 20, 20, 20, 20, 20]
Using CLIP model as the backbone
2026-02-07 03:09:38,201 [instantiator.py] => Created a temporary directory at /tmp/tmp0m9femqy
2026-02-07 03:09:38,201 [instantiator.py] => Writing /tmp/tmp0m9femqy/_remote_module_non_scriptable.py
2026-02-07 03:09:38,332 [factory.py] => Loaded ViT-B-16 model config.
2026-02-07 03:09:39,746 [factory.py] => Loading pretrained ViT-B-16 weights (/home/team/zhaohongwei/pretrained_models/open_clip_pytorch_model_laion400m_e32.bin).
/home/team/zhaohongwei/anaconda3/envs/mmcl/lib/python3.10/site-packages/torch/_utils.py:776: UserWarning: TypedStorage is deprecated. It will be removed in the future and UntypedStorage will be the only storage class. This should only matter to you if you are using storages directly.  To access UntypedStorage directly, use tensor.untyped_storage() instead of tensor.storage()
  return self.fget.__get__(instance, owner)()
Using CLIP model as the backbone
2026-02-07 03:09:40,182 [factory.py] => Loaded ViT-B-16 model config.
2026-02-07 03:09:41,527 [factory.py] => Loading pretrained ViT-B-16 weights (/home/team/zhaohongwei/pretrained_models/open_clip_pytorch_model_laion400m_e32.bin).
2026-02-07 03:09:41,997 [finetune.py] => Learning on 0-100

  0%|          | 0/10 [00:00<?, ?it/s]
Task 0, Epoch 1/10 => Loss 4.601, Train_accy 1.13, Test_accy 2.44:   0%|          | 0/10 [00:43<?, ?it/s]
Task 0, Epoch 1/10 => Loss 4.601, Train_accy 1.13, Test_accy 2.44:  10%|█         | 1/10 [00:43<06:32, 43.63s/it]
Task 0, Epoch 2/10 => Loss 4.579, Train_accy 4.15:  10%|█         | 1/10 [01:23<06:32, 43.63s/it]                
Task 0, Epoch 2/10 => Loss 4.579, Train_accy 4.15:  20%|██        | 2/10 [01:23<05:29, 41.20s/it]
Task 0, Epoch 3/10 => Loss 4.549, Train_accy 12.82:  20%|██        | 2/10 [02:02<05:29, 41.20s/it]
Task 0, Epoch 3/10 => Loss 4.549, Train_accy 12.82:  30%|███       | 3/10 [02:02<04:42, 40.39s/it]
Task 0, Epoch 4/10 => Loss 4.508, Train_accy 27.50:  30%|███       | 3/10 [02:41<04:42, 40.39s/it]
Task 0, Epoch 4/10 => Loss 4.508, Train_accy 27.50:  40%|████      | 4/10 [02:41<04:00, 40.01s/it]
Task 0, Epoch 5/10 => Loss 4.462, Train_accy 40.56:  40%|████      | 4/10 [03:21<04:00, 40.01s/it]
Task 0, Epoch 5/10 => Loss 4.462, Train_accy 40.56:  50%|█████     | 5/10 [03:21<03:19, 39.81s/it]
Task 0, Epoch 6/10 => Loss 4.419, Train_accy 52.58, Test_accy 45.20:  50%|█████     | 5/10 [04:04<03:19, 39.81s/it]
Task 0, Epoch 6/10 => Loss 4.419, Train_accy 52.58, Test_accy 45.20:  60%|██████    | 6/10 [04:04<02:44, 41.09s/it]
Task 0, Epoch 7/10 => Loss 4.375, Train_accy 62.31:  60%|██████    | 6/10 [04:44<02:44, 41.09s/it]                 
Task 0, Epoch 7/10 => Loss 4.375, Train_accy 62.31:  70%|███████   | 7/10 [04:44<02:01, 40.58s/it]
Task 0, Epoch 8/10 => Loss 4.337, Train_accy 70.15:  70%|███████   | 7/10 [05:24<02:01, 40.58s/it]
Task 0, Epoch 8/10 => Loss 4.337, Train_accy 70.15:  80%|████████  | 8/10 [05:24<01:20, 40.26s/it]
Task 0, Epoch 9/10 => Loss 4.372, Train_accy 56.41:  80%|████████  | 8/10 [06:03<01:20, 40.26s/it]
Task 0, Epoch 9/10 => Loss 4.372, Train_accy 56.41:  90%|█████████ | 9/10 [06:03<00:40, 40.07s/it]
Task 0, Epoch 10/10 => Loss 4.284, Train_accy 76.61:  90%|█████████ | 9/10 [06:43<00:40, 40.07s/it]
Task 0, Epoch 10/10 => Loss 4.284, Train_accy 76.61: 100%|██████████| 10/10 [06:43<00:00, 39.86s/it]
Task 0, Epoch 10/10 => Loss 4.284, Train_accy 76.61: 100%|██████████| 10/10 [06:43<00:00, 40.32s/it]
2026-02-07 03:16:25,745 [finetune.py] => Task 0, Epoch 10/10 => Loss 4.284, Train_accy 76.61
2026-02-07 03:16:29,862 [trainer.py] => CNN: {'total': 66.08, '00-09': 63.56, '10-19': 72.87, '20-29': 73.2, '30-39': 56.36, '40-49': 71.96, '50-59': 61.26, '60-69': 64.15, '70-79': 64.54, '80-89': 69.17, '90-99': 63.97, 'old': 0, 'new': 66.08, 'harmonic': 0.0}
2026-02-07 03:16:29,862 [trainer.py] => CNN top1 curve: [66.08]
2026-02-07 03:16:29,863 [trainer.py] => CNN top5 curve: [91.58]
2026-02-07 03:16:29,863 [trainer.py] => Average Accuracy (CNN): 66.08
2026-02-07 03:16:29,866 [finetune.py] => Learning on 100-120

  0%|          | 0/10 [00:00<?, ?it/s]
Task 1, Epoch 1/10 => Loss 2.978, Train_accy 0.00, Test_accy 50.99:   0%|          | 0/10 [00:13<?, ?it/s]
Task 1, Epoch 1/10 => Loss 2.978, Train_accy 0.00, Test_accy 50.99:  10%|█         | 1/10 [00:13<02:01, 13.51s/it]
Task 1, Epoch 2/10 => Loss 2.896, Train_accy 1.89, Test_accy 44.21:  10%|█         | 1/10 [00:27<02:01, 13.51s/it]
Task 1, Epoch 2/10 => Loss 2.896, Train_accy 1.89, Test_accy 44.21:  20%|██        | 2/10 [00:27<01:48, 13.58s/it]
Task 1, Epoch 3/10 => Loss 2.808, Train_accy 32.77, Test_accy 47.67:  20%|██        | 2/10 [00:40<01:48, 13.58s/it]
Task 1, Epoch 3/10 => Loss 2.808, Train_accy 32.77, Test_accy 47.67:  30%|███       | 3/10 [00:40<01:35, 13.57s/it]
Task 1, Epoch 4/10 => Loss 2.726, Train_accy 71.43, Test_accy 33.55:  30%|███       | 3/10 [00:54<01:35, 13.57s/it]
Task 1, Epoch 4/10 => Loss 2.726, Train_accy 71.43, Test_accy 33.55:  40%|████      | 4/10 [00:54<01:21, 13.57s/it]
Task 1, Epoch 5/10 => Loss 2.657, Train_accy 87.18, Test_accy 23.23:  40%|████      | 4/10 [01:07<01:21, 13.57s/it]
Task 1, Epoch 5/10 => Loss 2.657, Train_accy 87.18, Test_accy 23.23:  50%|█████     | 5/10 [01:07<01:07, 13.55s/it]
Task 1, Epoch 6/10 => Loss 2.596, Train_accy 91.28, Test_accy 19.49:  50%|█████     | 5/10 [01:21<01:07, 13.55s/it]
Task 1, Epoch 6/10 => Loss 2.596, Train_accy 91.28, Test_accy 19.49:  60%|██████    | 6/10 [01:21<00:54, 13.57s/it]
Task 1, Epoch 7/10 => Loss 2.542, Train_accy 92.86, Test_accy 16.38:  60%|██████    | 6/10 [01:34<00:54, 13.57s/it]
Task 1, Epoch 7/10 => Loss 2.542, Train_accy 92.86, Test_accy 16.38:  70%|███████   | 7/10 [01:34<00:40, 13.58s/it]
Task 1, Epoch 8/10 => Loss 2.495, Train_accy 94.75, Test_accy 15.61:  70%|███████   | 7/10 [01:48<00:40, 13.58s/it]
Task 1, Epoch 8/10 => Loss 2.495, Train_accy 94.75, Test_accy 15.61:  80%|████████  | 8/10 [01:48<00:27, 13.53s/it]
Task 1, Epoch 9/10 => Loss 2.452, Train_accy 95.69, Test_accy 15.61:  80%|████████  | 8/10 [02:01<00:27, 13.53s/it]
Task 1, Epoch 9/10 => Loss 2.452, Train_accy 95.69, Test_accy 15.61:  90%|█████████ | 9/10 [02:01<00:13, 13.52s/it]
Task 1, Epoch 10/10 => Loss 2.413, Train_accy 96.64, Test_accy 15.04:  90%|█████████ | 9/10 [02:15<00:13, 13.52s/it]
Task 1, Epoch 10/10 => Loss 2.413, Train_accy 96.64, Test_accy 15.04: 100%|██████████| 10/10 [02:15<00:00, 13.48s/it]
Task 1, Epoch 10/10 => Loss 2.413, Train_accy 96.64, Test_accy 15.04: 100%|██████████| 10/10 [02:15<00:00, 13.53s/it]
2026-02-07 03:18:45,196 [finetune.py] => Task 1, Epoch 10/10 => Loss 2.413, Train_accy 96.64, Test_accy 15.04
2026-02-07 03:18:49,888 [trainer.py] => CNN: {'total': 15.04, '00-09': 1.69, '10-19': 2.33, '20-29': 1.03, '30-39': 0.0, '40-49': 0.93, '50-59': 0.0, '60-69': 0.94, '70-79': 0.0, '80-89': 0.0, '90-99': 0.0, '100-109': 90.43, '110-119': 89.38, 'old': 0.67, 'new': 89.91, 'harmonic': 1.33}
2026-02-07 03:18:49,888 [trainer.py] => CNN top1 curve: [66.08, 15.04]
2026-02-07 03:18:49,888 [trainer.py] => CNN top5 curve: [91.58, 52.9]
2026-02-07 03:18:49,889 [trainer.py] => Average Accuracy (CNN): 40.56
2026-02-07 03:18:49,892 [finetune.py] => Learning on 120-140

  0%|          | 0/10 [00:00<?, ?it/s]
Task 2, Epoch 1/10 => Loss 2.967, Train_accy 0.00, Test_accy 12.68:   0%|          | 0/10 [00:14<?, ?it/s]
Task 2, Epoch 1/10 => Loss 2.967, Train_accy 0.00, Test_accy 12.68:  10%|█         | 1/10 [00:14<02:07, 14.17s/it]
Task 2, Epoch 2/10 => Loss 2.877, Train_accy 4.61, Test_accy 14.38:  10%|█         | 1/10 [00:28<02:07, 14.17s/it]
Task 2, Epoch 2/10 => Loss 2.877, Train_accy 4.61, Test_accy 14.38:  20%|██        | 2/10 [00:28<01:52, 14.11s/it]
Task 2, Epoch 3/10 => Loss 2.790, Train_accy 26.21, Test_accy 18.22:  20%|██        | 2/10 [00:42<01:52, 14.11s/it]
Task 2, Epoch 3/10 => Loss 2.790, Train_accy 26.21, Test_accy 18.22:  30%|███       | 3/10 [00:42<01:38, 14.13s/it]
Task 2, Epoch 4/10 => Loss 2.711, Train_accy 62.68, Test_accy 19.38:  30%|███       | 3/10 [00:56<01:38, 14.13s/it]
Task 2, Epoch 4/10 => Loss 2.711, Train_accy 62.68, Test_accy 19.38:  40%|████      | 4/10 [00:56<01:24, 14.05s/it]
Task 2, Epoch 5/10 => Loss 2.646, Train_accy 75.26, Test_accy 18.40:  40%|████      | 4/10 [01:10<01:24, 14.05s/it]
Task 2, Epoch 5/10 => Loss 2.646, Train_accy 75.26, Test_accy 18.40:  50%|█████     | 5/10 [01:10<01:10, 14.00s/it]
Task 2, Epoch 6/10 => Loss 2.587, Train_accy 82.91, Test_accy 16.27:  50%|█████     | 5/10 [01:24<01:10, 14.00s/it]
Task 2, Epoch 6/10 => Loss 2.587, Train_accy 82.91, Test_accy 16.27:  60%|██████    | 6/10 [01:24<00:55, 13.99s/it]
Task 2, Epoch 7/10 => Loss 2.539, Train_accy 86.58, Test_accy 15.48:  60%|██████    | 6/10 [01:38<00:55, 13.99s/it]
Task 2, Epoch 7/10 => Loss 2.539, Train_accy 86.58, Test_accy 15.48:  70%|███████   | 7/10 [01:38<00:42, 14.01s/it]
Task 2, Epoch 8/10 => Loss 2.495, Train_accy 90.88, Test_accy 14.38:  70%|███████   | 7/10 [01:52<00:42, 14.01s/it]
Task 2, Epoch 8/10 => Loss 2.495, Train_accy 90.88, Test_accy 14.38:  80%|████████  | 8/10 [01:52<00:28, 14.05s/it]
Task 2, Epoch 9/10 => Loss 2.454, Train_accy 93.19, Test_accy 13.95:  80%|████████  | 8/10 [02:06<00:28, 14.05s/it]
Task 2, Epoch 9/10 => Loss 2.454, Train_accy 93.19, Test_accy 13.95:  90%|█████████ | 9/10 [02:06<00:14, 14.07s/it]
Task 2, Epoch 10/10 => Loss 2.417, Train_accy 94.86, Test_accy 13.65:  90%|█████████ | 9/10 [02:20<00:14, 14.07s/it]
Task 2, Epoch 10/10 => Loss 2.417, Train_accy 94.86, Test_accy 13.65: 100%|██████████| 10/10 [02:20<00:00, 14.04s/it]
Task 2, Epoch 10/10 => Loss 2.417, Train_accy 94.86, Test_accy 13.65: 100%|██████████| 10/10 [02:20<00:00, 14.05s/it]
2026-02-07 03:21:10,371 [finetune.py] => Task 2, Epoch 10/10 => Loss 2.417, Train_accy 94.86, Test_accy 13.65
2026-02-07 03:21:15,520 [trainer.py] => CNN: {'total': 13.65, '00-09': 0.0, '10-19': 1.55, '20-29': 0.0, '30-39': 0.0, '40-49': 0.0, '50-59': 0.0, '60-69': 0.0, '70-79': 0.0, '80-89': 0.0, '90-99': 0.0, '100-109': 18.26, '110-119': 7.08, '120-129': 85.98, '130-139': 85.59, 'old': 2.19, 'new': 85.78, 'harmonic': 4.27}
2026-02-07 03:21:15,520 [trainer.py] => CNN top1 curve: [66.08, 15.04, 13.65]
2026-02-07 03:21:15,520 [trainer.py] => CNN top5 curve: [91.58, 52.9, 27.12]
2026-02-07 03:21:15,521 [trainer.py] => Average Accuracy (CNN): 31.590000000000003
2026-02-07 03:21:15,523 [finetune.py] => Learning on 140-160

  0%|          | 0/10 [00:00<?, ?it/s]
Task 3, Epoch 1/10 => Loss 2.973, Train_accy 0.00, Test_accy 11.63:   0%|          | 0/10 [00:14<?, ?it/s]
Task 3, Epoch 1/10 => Loss 2.973, Train_accy 0.00, Test_accy 11.63:  10%|█         | 1/10 [00:14<02:09, 14.42s/it]
Task 3, Epoch 2/10 => Loss 2.874, Train_accy 3.37, Test_accy 13.70:  10%|█         | 1/10 [00:28<02:09, 14.42s/it]
Task 3, Epoch 2/10 => Loss 2.874, Train_accy 3.37, Test_accy 13.70:  20%|██        | 2/10 [00:28<01:55, 14.42s/it]
Task 3, Epoch 3/10 => Loss 2.784, Train_accy 32.39, Test_accy 17.03:  20%|██        | 2/10 [00:43<01:55, 14.42s/it]
Task 3, Epoch 3/10 => Loss 2.784, Train_accy 32.39, Test_accy 17.03:  30%|███       | 3/10 [00:43<01:41, 14.43s/it]
Task 3, Epoch 4/10 => Loss 2.705, Train_accy 69.46, Test_accy 15.12:  30%|███       | 3/10 [00:57<01:41, 14.43s/it]
Task 3, Epoch 4/10 => Loss 2.705, Train_accy 69.46, Test_accy 15.12:  40%|████      | 4/10 [00:57<01:26, 14.40s/it]
Task 3, Epoch 5/10 => Loss 2.633, Train_accy 83.15, Test_accy 13.17:  40%|████      | 4/10 [01:11<01:26, 14.40s/it]
Task 3, Epoch 5/10 => Loss 2.633, Train_accy 83.15, Test_accy 13.17:  50%|█████     | 5/10 [01:11<01:11, 14.38s/it]
Task 3, Epoch 6/10 => Loss 2.570, Train_accy 88.91, Test_accy 12.00:  50%|█████     | 5/10 [01:26<01:11, 14.38s/it]
Task 3, Epoch 6/10 => Loss 2.570, Train_accy 88.91, Test_accy 12.00:  60%|██████    | 6/10 [01:26<00:57, 14.43s/it]
Task 3, Epoch 7/10 => Loss 2.526, Train_accy 88.91, Test_accy 12.06:  60%|██████    | 6/10 [01:40<00:57, 14.43s/it]
Task 3, Epoch 7/10 => Loss 2.526, Train_accy 88.91, Test_accy 12.06:  70%|███████   | 7/10 [01:40<00:43, 14.41s/it]
Task 3, Epoch 8/10 => Loss 2.476, Train_accy 93.37, Test_accy 11.79:  70%|███████   | 7/10 [01:55<00:43, 14.41s/it]
Task 3, Epoch 8/10 => Loss 2.476, Train_accy 93.37, Test_accy 11.79:  80%|████████  | 8/10 [01:55<00:28, 14.38s/it]
Task 3, Epoch 9/10 => Loss 2.432, Train_accy 94.78, Test_accy 11.69:  80%|████████  | 8/10 [02:09<00:28, 14.38s/it]
Task 3, Epoch 9/10 => Loss 2.432, Train_accy 94.78, Test_accy 11.69:  90%|█████████ | 9/10 [02:09<00:14, 14.38s/it]
Task 3, Epoch 10/10 => Loss 2.399, Train_accy 96.20, Test_accy 12.06:  90%|█████████ | 9/10 [02:23<00:14, 14.38s/it]
Task 3, Epoch 10/10 => Loss 2.399, Train_accy 96.20, Test_accy 12.06: 100%|██████████| 10/10 [02:23<00:00, 14.38s/it]
Task 3, Epoch 10/10 => Loss 2.399, Train_accy 96.20, Test_accy 12.06: 100%|██████████| 10/10 [02:23<00:00, 14.40s/it]
2026-02-07 03:23:39,499 [finetune.py] => Task 3, Epoch 10/10 => Loss 2.399, Train_accy 96.20, Test_accy 12.06
2026-02-07 03:23:45,257 [trainer.py] => CNN: {'total': 12.06, '00-09': 0.0, '10-19': 0.0, '20-29': 0.0, '30-39': 0.0, '40-49': 0.0, '50-59': 0.0, '60-69': 0.0, '70-79': 0.0, '80-89': 0.0, '90-99': 0.0, '100-109': 0.0, '110-119': 0.0, '120-129': 1.87, '130-139': 0.0, '140-149': 85.71, '150-159': 95.16, 'old': 0.12, 'new': 90.4, 'harmonic': 0.24}
2026-02-07 03:23:45,257 [trainer.py] => CNN top1 curve: [66.08, 15.04, 13.65, 12.06]
2026-02-07 03:23:45,257 [trainer.py] => CNN top5 curve: [91.58, 52.9, 27.12, 24.59]
2026-02-07 03:23:45,257 [trainer.py] => Average Accuracy (CNN): 26.707500000000003
2026-02-07 03:23:45,260 [finetune.py] => Learning on 160-180

  0%|          | 0/10 [00:00<?, ?it/s]
Task 4, Epoch 1/10 => Loss 2.960, Train_accy 0.00, Test_accy 10.29:   0%|          | 0/10 [00:15<?, ?it/s]
Task 4, Epoch 1/10 => Loss 2.960, Train_accy 0.00, Test_accy 10.29:  10%|█         | 1/10 [00:15<02:17, 15.32s/it]
Task 4, Epoch 2/10 => Loss 2.849, Train_accy 4.80, Test_accy 11.33:  10%|█         | 1/10 [00:30<02:17, 15.32s/it]
Task 4, Epoch 2/10 => Loss 2.849, Train_accy 4.80, Test_accy 11.33:  20%|██        | 2/10 [00:30<02:02, 15.29s/it]
Task 4, Epoch 3/10 => Loss 2.755, Train_accy 30.48, Test_accy 12.73:  20%|██        | 2/10 [00:45<02:02, 15.29s/it]
Task 4, Epoch 3/10 => Loss 2.755, Train_accy 30.48, Test_accy 12.73:  30%|███       | 3/10 [00:45<01:47, 15.30s/it]
Task 4, Epoch 4/10 => Loss 2.672, Train_accy 64.20, Test_accy 11.51:  30%|███       | 3/10 [01:01<01:47, 15.30s/it]
Task 4, Epoch 4/10 => Loss 2.672, Train_accy 64.20, Test_accy 11.51:  40%|████      | 4/10 [01:01<01:31, 15.29s/it]
Task 4, Epoch 5/10 => Loss 2.602, Train_accy 79.33, Test_accy 11.47:  40%|████      | 4/10 [01:16<01:31, 15.29s/it]
Task 4, Epoch 5/10 => Loss 2.602, Train_accy 79.33, Test_accy 11.47:  50%|█████     | 5/10 [01:16<01:16, 15.26s/it]
Task 4, Epoch 6/10 => Loss 2.542, Train_accy 90.29, Test_accy 11.14:  50%|█████     | 5/10 [01:31<01:16, 15.26s/it]
Task 4, Epoch 6/10 => Loss 2.542, Train_accy 90.29, Test_accy 11.14:  60%|██████    | 6/10 [01:31<01:01, 15.25s/it]
Task 4, Epoch 7/10 => Loss 2.489, Train_accy 94.26, Test_accy 10.71:  60%|██████    | 6/10 [01:46<01:01, 15.25s/it]
Task 4, Epoch 7/10 => Loss 2.489, Train_accy 94.26, Test_accy 10.71:  70%|███████   | 7/10 [01:46<00:45, 15.24s/it]
Task 4, Epoch 8/10 => Loss 2.441, Train_accy 96.87, Test_accy 10.43:  70%|███████   | 7/10 [02:02<00:45, 15.24s/it]
Task 4, Epoch 8/10 => Loss 2.441, Train_accy 96.87, Test_accy 10.43:  80%|████████  | 8/10 [02:02<00:30, 15.28s/it]
Task 4, Epoch 9/10 => Loss 2.398, Train_accy 97.70, Test_accy 10.24:  80%|████████  | 8/10 [02:17<00:30, 15.28s/it]
Task 4, Epoch 9/10 => Loss 2.398, Train_accy 97.70, Test_accy 10.24:  90%|█████████ | 9/10 [02:17<00:15, 15.27s/it]
Task 4, Epoch 10/10 => Loss 2.360, Train_accy 98.23, Test_accy 10.53:  90%|█████████ | 9/10 [02:32<00:15, 15.27s/it]
Task 4, Epoch 10/10 => Loss 2.360, Train_accy 98.23, Test_accy 10.53: 100%|██████████| 10/10 [02:32<00:00, 15.28s/it]
Task 4, Epoch 10/10 => Loss 2.360, Train_accy 98.23, Test_accy 10.53: 100%|██████████| 10/10 [02:32<00:00, 15.28s/it]
2026-02-07 03:26:18,027 [finetune.py] => Task 4, Epoch 10/10 => Loss 2.360, Train_accy 98.23, Test_accy 10.53
2026-02-07 03:26:24,411 [trainer.py] => CNN: {'total': 10.53, '00-09': 0.0, '10-19': 0.0, '20-29': 0.0, '30-39': 0.0, '40-49': 0.0, '50-59': 0.0, '60-69': 0.0, '70-79': 0.0, '80-89': 0.0, '90-99': 0.0, '100-109': 0.0, '110-119': 0.0, '120-129': 0.0, '130-139': 0.0, '140-149': 7.94, '150-159': 6.45, '160-169': 88.06, '170-179': 85.44, 'old': 0.95, 'new': 86.92, 'harmonic': 1.88}
2026-02-07 03:26:24,411 [trainer.py] => CNN top1 curve: [66.08, 15.04, 13.65, 12.06, 10.53]
2026-02-07 03:26:24,411 [trainer.py] => CNN top5 curve: [91.58, 52.9, 27.12, 24.59, 20.77]
2026-02-07 03:26:24,412 [trainer.py] => Average Accuracy (CNN): 23.472
2026-02-07 03:26:24,414 [finetune.py] => Learning on 180-200

  0%|          | 0/10 [00:00<?, ?it/s]
Task 5, Epoch 1/10 => Loss 2.952, Train_accy 0.00, Test_accy 8.44:   0%|          | 0/10 [00:15<?, ?it/s]
Task 5, Epoch 1/10 => Loss 2.952, Train_accy 0.00, Test_accy 8.44:  10%|█         | 1/10 [00:15<02:22, 15.80s/it]
Task 5, Epoch 2/10 => Loss 2.845, Train_accy 1.89, Test_accy 10.05:  10%|█         | 1/10 [00:31<02:22, 15.80s/it]
Task 5, Epoch 2/10 => Loss 2.845, Train_accy 1.89, Test_accy 10.05:  20%|██        | 2/10 [00:31<02:06, 15.82s/it]
Task 5, Epoch 3/10 => Loss 2.756, Train_accy 29.10, Test_accy 11.03:  20%|██        | 2/10 [00:47<02:06, 15.82s/it]
Task 5, Epoch 3/10 => Loss 2.756, Train_accy 29.10, Test_accy 11.03:  30%|███       | 3/10 [00:47<01:50, 15.79s/it]
Task 5, Epoch 4/10 => Loss 2.680, Train_accy 60.29, Test_accy 9.37:  30%|███       | 3/10 [01:03<01:50, 15.79s/it] 
Task 5, Epoch 4/10 => Loss 2.680, Train_accy 60.29, Test_accy 9.37:  40%|████      | 4/10 [01:03<01:34, 15.79s/it]
Task 5, Epoch 5/10 => Loss 2.613, Train_accy 71.95, Test_accy 8.99:  40%|████      | 4/10 [01:19<01:34, 15.79s/it]
Task 5, Epoch 5/10 => Loss 2.613, Train_accy 71.95, Test_accy 8.99:  50%|█████     | 5/10 [01:19<01:19, 15.83s/it]
Task 5, Epoch 6/10 => Loss 2.559, Train_accy 78.89, Test_accy 8.23:  50%|█████     | 5/10 [01:34<01:19, 15.83s/it]
Task 5, Epoch 6/10 => Loss 2.559, Train_accy 78.89, Test_accy 8.23:  60%|██████    | 6/10 [01:34<01:03, 15.84s/it]
Task 5, Epoch 7/10 => Loss 2.508, Train_accy 85.29, Test_accy 8.44:  60%|██████    | 6/10 [01:50<01:03, 15.84s/it]
Task 5, Epoch 7/10 => Loss 2.508, Train_accy 85.29, Test_accy 8.44:  70%|███████   | 7/10 [01:50<00:47, 15.84s/it]
Task 5, Epoch 8/10 => Loss 2.463, Train_accy 89.92, Test_accy 8.35:  70%|███████   | 7/10 [02:06<00:47, 15.84s/it]
Task 5, Epoch 8/10 => Loss 2.463, Train_accy 89.92, Test_accy 8.35:  80%|████████  | 8/10 [02:06<00:31, 15.82s/it]
Task 5, Epoch 9/10 => Loss 2.418, Train_accy 93.91, Test_accy 8.27:  80%|████████  | 8/10 [02:22<00:31, 15.82s/it]
Task 5, Epoch 9/10 => Loss 2.418, Train_accy 93.91, Test_accy 8.27:  90%|█████████ | 9/10 [02:22<00:15, 15.83s/it]
Task 5, Epoch 10/10 => Loss 2.380, Train_accy 95.17, Test_accy 8.44:  90%|█████████ | 9/10 [02:38<00:15, 15.83s/it]
Task 5, Epoch 10/10 => Loss 2.380, Train_accy 95.17, Test_accy 8.44: 100%|██████████| 10/10 [02:38<00:00, 15.86s/it]
Task 5, Epoch 10/10 => Loss 2.380, Train_accy 95.17, Test_accy 8.44: 100%|██████████| 10/10 [02:38<00:00, 15.83s/it]
2026-02-07 03:29:02,759 [finetune.py] => Task 5, Epoch 10/10 => Loss 2.380, Train_accy 95.17, Test_accy 8.44
2026-02-07 03:29:09,700 [trainer.py] => CNN: {'total': 8.44, '00-09': 0.0, '10-19': 0.0, '20-29': 0.0, '30-39': 0.0, '40-49': 0.0, '50-59': 0.0, '60-69': 0.0, '70-79': 0.0, '80-89': 0.0, '90-99': 0.0, '100-109': 0.0, '110-119': 0.0, '120-129': 0.0, '130-139': 0.0, '140-149': 0.0, '150-159': 0.0, '160-169': 5.97, '170-179': 10.68, '180-189': 78.03, '190-199': 78.57, 'old': 0.89, 'new': 78.26, 'harmonic': 1.76}
2026-02-07 03:29:09,701 [trainer.py] => CNN top1 curve: [66.08, 15.04, 13.65, 12.06, 10.53, 8.44]
2026-02-07 03:29:09,701 [trainer.py] => CNN top5 curve: [91.58, 52.9, 27.12, 24.59, 20.77, 19.97]
2026-02-07 03:29:09,701 [trainer.py] => Average Accuracy (CNN): 20.96666666666667

========================================
Finished cub_init100_inc20
Backbone: OpenCLIP_LAION400M
Average Accuracy (Top1): 20.97
Last Accuracy: 8.44
========================================

2026-02-07 03:29:12,280 [trainer.py] => config: ./configs/finetune/finetune_ucf_B0_Inc10.json
2026-02-07 03:29:12,280 [trainer.py] => prefix: -
2026-02-07 03:29:12,280 [trainer.py] => dataset: ucf101
2026-02-07 03:29:12,280 [trainer.py] => memory_size: 0
2026-02-07 03:29:12,280 [trainer.py] => memory_per_class: 0
2026-02-07 03:29:12,281 [trainer.py] => fixed_memory: False
2026-02-07 03:29:12,281 [trainer.py] => shuffle: True
2026-02-07 03:29:12,281 [trainer.py] => init_cls: 10
2026-02-07 03:29:12,281 [trainer.py] => increment: 10
2026-02-07 03:29:12,281 [trainer.py] => model_name: finetune
2026-02-07 03:29:12,281 [trainer.py] => backbone_type: clip
2026-02-07 03:29:12,281 [trainer.py] => device: [device(type='cuda', index=7)]
2026-02-07 03:29:12,281 [trainer.py] => seed: 1993
2026-02-07 03:29:12,281 [trainer.py] => init_epoch: 10
2026-02-07 03:29:12,281 [trainer.py] => init_lr: 0.001
2026-02-07 03:29:12,281 [trainer.py] => init_milestones: [60, 120, 170]
2026-02-07 03:29:12,281 [trainer.py] => init_lr_decay: 0.1
2026-02-07 03:29:12,281 [trainer.py] => init_weight_decay: 0.0005
2026-02-07 03:29:12,281 [trainer.py] => epochs: 10
2026-02-07 03:29:12,281 [trainer.py] => lrate: 0.001
2026-02-07 03:29:12,281 [trainer.py] => milestones: [40, 70]
2026-02-07 03:29:12,281 [trainer.py] => lrate_decay: 0.1
2026-02-07 03:29:12,281 [trainer.py] => batch_size: 128
2026-02-07 03:29:12,281 [trainer.py] => weight_decay: 0.0002
2026-02-07 03:29:12,281 [trainer.py] => total_class_num: 101
['Apply Eye Makeup', 'Apply Lipstick', 'Archery', 'Baby Crawling', 'Balance Beam', 'Band Marching', 'Baseball Pitch', 'Basketball', 'Basketball Dunk', 'Bench Press', 'Biking', 'Billiards', 'Blow Dry Hair', 'Blowing Candles', 'Body Weight Squats', 'Bowling', 'Boxing Punching Bag', 'Boxing Speed Bag', 'Breast Stroke', 'Brushing Teeth', 'Clean And Jerk', 'Cliff Diving', 'Cricket Bowling', 'Cricket Shot', 'Cutting In Kitchen', 'Diving', 'Drumming', 'Fencing', 'Field Hockey Penalty', 'Floor Gymnastics', 'Frisbee Catch', 'Front Crawl', 'Golf Swing', 'Haircut', 'Hammer Throw', 'Hammering', 'Hand Stand Pushups', 'Handstand Walking', 'Head Massage', 'High Jump', 'Horse Race', 'Horse Riding', 'Hula Hoop', 'Ice Dancing', 'Javelin Throw', 'Juggling Balls', 'Jump Rope', 'Jumping Jack', 'Kayaking', 'Knitting', 'Long Jump', 'Lunges', 'Military Parade', 'Mixing', 'Mopping Floor', 'Nunchucks', 'Parallel Bars', 'Pizza Tossing', 'Playing Cello', 'Playing Daf', 'Playing Dhol', 'Playing Flute', 'Playing Guitar', 'Playing Piano', 'Playing Sitar', 'Playing Tabla', 'Playing Violin', 'Pole Vault', 'Pommel Horse', 'Pull Ups', 'Punch', 'Push Ups', 'Rafting', 'Rock Climbing Indoor', 'Rope Climbing', 'Rowing', 'Salsa Spin', 'Shaving Beard', 'Shotput', 'Skate Boarding', 'Skiing', 'Skijet', 'Sky Diving', 'Soccer Juggling', 'Soccer Penalty', 'Still Rings', 'Sumo Wrestling', 'Surfing', 'Swing', 'Table Tennis Shot', 'Tai Chi', 'Tennis Swing', 'Throw Discus', 'Trampoline Jumping', 'Typing', 'Uneven Bars', 'Volleyball Spiking', 'Walking With Dog', 'Wall Pushups', 'Writing On Board']
['a photo of a person {}.', 'a video of a person {}.', 'a example of a person {}.', 'a demonstration of a person {}.', 'a photo of the person {}.', 'a video of the person {}.', 'a example of the person {}.', 'a demonstration of the person {}.', 'a photo of a person using {}.', 'a video of a person using {}.', 'a example of a person using {}.', 'a demonstration of a person using {}.', 'a photo of the person using {}.', 'a video of the person using {}.', 'a example of the person using {}.', 'a demonstration of the person using {}.', 'a photo of a person doing {}.', 'a video of a person doing {}.', 'a example of a person doing {}.', 'a demonstration of a person doing {}.', 'a photo of the person doing {}.', 'a video of the person doing {}.', 'a example of the person doing {}.', 'a demonstration of the person doing {}.', 'a photo of a person during {}.', 'a video of a person during {}.', 'a example of a person during {}.', 'a demonstration of a person during {}.', 'a photo of the person during {}.', 'a video of the person during {}.', 'a example of the person during {}.', 'a demonstration of the person during {}.', 'a photo of a person performing {}.', 'a video of a person performing {}.', 'a example of a person performing {}.', 'a demonstration of a person performing {}.', 'a photo of the person performing {}.', 'a video of the person performing {}.', 'a example of the person performing {}.', 'a demonstration of the person performing {}.', 'a photo of a person practicing {}.', 'a video of a person practicing {}.', 'a example of a person practicing {}.', 'a demonstration of a person practicing {}.', 'a photo of the person practicing {}.', 'a video of the person practicing {}.', 'a example of the person practicing {}.', 'a demonstration of the person practicing {}.']
{'Apply_Eye_Makeup': 0, 'Apply_Lipstick': 1, 'Archery': 2, 'Baby_Crawling': 3, 'Balance_Beam': 4, 'Band_Marching': 5, 'Baseball_Pitch': 6, 'Basketball': 7, 'Basketball_Dunk': 8, 'Bench_Press': 9, 'Biking': 10, 'Billiards': 11, 'Blow_Dry_Hair': 12, 'Blowing_Candles': 13, 'Body_Weight_Squats': 14, 'Bowling': 15, 'Boxing_Punching_Bag': 16, 'Boxing_Speed_Bag': 17, 'Breast_Stroke': 18, 'Brushing_Teeth': 19, 'Clean_And_Jerk': 20, 'Cliff_Diving': 21, 'Cricket_Bowling': 22, 'Cricket_Shot': 23, 'Cutting_In_Kitchen': 24, 'Diving': 25, 'Drumming': 26, 'Fencing': 27, 'Field_Hockey_Penalty': 28, 'Floor_Gymnastics': 29, 'Frisbee_Catch': 30, 'Front_Crawl': 31, 'Golf_Swing': 32, 'Haircut': 33, 'Hammer_Throw': 34, 'Hammering': 35, 'Handstand_Pushups': 36, 'Handstand_Walking': 37, 'Head_Massage': 38, 'High_Jump': 39, 'Horse_Race': 40, 'Horse_Riding': 41, 'Hula_Hoop': 42, 'Ice_Dancing': 43, 'Javelin_Throw': 44, 'Juggling_Balls': 45, 'Jump_Rope': 46, 'Jumping_Jack': 47, 'Kayaking': 48, 'Knitting': 49, 'Long_Jump': 50, 'Lunges': 51, 'Military_Parade': 52, 'Mixing': 53, 'Mopping_Floor': 54, 'Nunchucks': 55, 'Parallel_Bars': 56, 'Pizza_Tossing': 57, 'Playing_Cello': 58, 'Playing_Daf': 59, 'Playing_Dhol': 60, 'Playing_Flute': 61, 'Playing_Guitar': 62, 'Playing_Piano': 63, 'Playing_Sitar': 64, 'Playing_Tabla': 65, 'Playing_Violin': 66, 'Pole_Vault': 67, 'Pommel_Horse': 68, 'Pull_Ups': 69, 'Punch': 70, 'Push_Ups': 71, 'Rafting': 72, 'Rock_Climbing_Indoor': 73, 'Rope_Climbing': 74, 'Rowing': 75, 'Salsa_Spin': 76, 'Shaving_Beard': 77, 'Shotput': 78, 'Skate_Boarding': 79, 'Skiing': 80, 'Skijet': 81, 'Sky_Diving': 82, 'Soccer_Juggling': 83, 'Soccer_Penalty': 84, 'Still_Rings': 85, 'Sumo_Wrestling': 86, 'Surfing': 87, 'Swing': 88, 'Table_Tennis_Shot': 89, 'Tai_Chi': 90, 'Tennis_Swing': 91, 'Throw_Discus': 92, 'Trampoline_Jumping': 93, 'Typing': 94, 'Uneven_Bars': 95, 'Volleyball_Spiking': 96, 'Walking_With_Dog': 97, 'Wall_Pushups': 98, 'Writing_On_Board': 99}
2026-02-07 03:29:12,380 [data_manager.py] => [68, 56, 78, 8, 23, 84, 90, 65, 74, 76, 40, 89, 3, 92, 55, 9, 26, 80, 43, 38, 58, 70, 77, 1, 85, 19, 17, 50, 28, 53, 13, 81, 45, 82, 6, 59, 83, 16, 15, 44, 91, 41, 72, 60, 79, 52, 20, 10, 31, 54, 37, 95, 14, 71, 96, 98, 97, 2, 64, 66, 42, 22, 35, 86, 24, 34, 87, 21, 99, 0, 88, 27, 18, 94, 11, 12, 47, 25, 30, 46, 62, 69, 36, 61, 7, 63, 75, 5, 32, 4, 51, 48, 73, 93, 39, 67, 29, 49, 57, 33]
After shuffle, class_to_label is:  ['Pommel Horse', 'Parallel Bars', 'Shotput', 'Basketball Dunk', 'Cricket Shot', 'Soccer Penalty', 'Tai Chi', 'Playing Tabla', 'Rope Climbing', 'Salsa Spin', 'Horse Race', 'Table Tennis Shot', 'Baby Crawling', 'Throw Discus', 'Nunchucks', 'Bench Press', 'Drumming', 'Skiing', 'Ice Dancing', 'Head Massage', 'Playing Cello', 'Punch', 'Shaving Beard', 'Apply Lipstick', 'Still Rings', 'Brushing Teeth', 'Boxing Speed Bag', 'Long Jump', 'Field Hockey Penalty', 'Mixing', 'Blowing Candles', 'Skijet', 'Juggling Balls', 'Sky Diving', 'Baseball Pitch', 'Playing Daf', 'Soccer Juggling', 'Boxing Punching Bag', 'Bowling', 'Javelin Throw', 'Tennis Swing', 'Horse Riding', 'Rafting', 'Playing Dhol', 'Skate Boarding', 'Military Parade', 'Clean And Jerk', 'Biking', 'Front Crawl', 'Mopping Floor', 'Handstand Walking', 'Uneven Bars', 'Body Weight Squats', 'Push Ups', 'Volleyball Spiking', 'Wall Pushups', 'Walking With Dog', 'Archery', 'Playing Sitar', 'Playing Violin', 'Hula Hoop', 'Cricket Bowling', 'Hammering', 'Sumo Wrestling', 'Cutting In Kitchen', 'Hammer Throw', 'Surfing', 'Cliff Diving', 'Writing On Board', 'Apply Eye Makeup', 'Swing', 'Fencing', 'Breast Stroke', 'Typing', 'Billiards', 'Blow Dry Hair', 'Jumping Jack', 'Diving', 'Frisbee Catch', 'Jump Rope', 'Playing Guitar', 'Pull Ups', 'Hand Stand Pushups', 'Playing Flute', 'Basketball', 'Playing Piano', 'Rowing', 'Band Marching', 'Golf Swing', 'Balance Beam', 'Lunges', 'Kayaking', 'Rock Climbing Indoor', 'Trampoline Jumping', 'High Jump', 'Pole Vault', 'Floor Gymnastics', 'Knitting', 'Pizza Tossing', 'Haircut']
Training class stages: [10, 10, 10, 10, 10, 10, 10, 10, 10, 10]
Using CLIP model as the backbone
2026-02-07 03:29:13,503 [instantiator.py] => Created a temporary directory at /tmp/tmpiwcpla7h
2026-02-07 03:29:13,504 [instantiator.py] => Writing /tmp/tmpiwcpla7h/_remote_module_non_scriptable.py
2026-02-07 03:29:13,649 [factory.py] => Loaded ViT-B-16 model config.
2026-02-07 03:29:15,133 [factory.py] => Loading pretrained ViT-B-16 weights (/home/team/zhaohongwei/pretrained_models/open_clip_pytorch_model_laion400m_e32.bin).
/home/team/zhaohongwei/anaconda3/envs/mmcl/lib/python3.10/site-packages/torch/_utils.py:776: UserWarning: TypedStorage is deprecated. It will be removed in the future and UntypedStorage will be the only storage class. This should only matter to you if you are using storages directly.  To access UntypedStorage directly, use tensor.untyped_storage() instead of tensor.storage()
  return self.fget.__get__(instance, owner)()
Using CLIP model as the backbone
2026-02-07 03:29:15,611 [factory.py] => Loaded ViT-B-16 model config.
2026-02-07 03:29:16,999 [factory.py] => Loading pretrained ViT-B-16 weights (/home/team/zhaohongwei/pretrained_models/open_clip_pytorch_model_laion400m_e32.bin).
2026-02-07 03:29:17,457 [finetune.py] => Learning on 0-10

  0%|          | 0/10 [00:00<?, ?it/s]
Task 0, Epoch 1/10 => Loss 2.296, Train_accy 10.82, Test_accy 18.58:   0%|          | 0/10 [00:10<?, ?it/s]
Task 0, Epoch 1/10 => Loss 2.296, Train_accy 10.82, Test_accy 18.58:  10%|█         | 1/10 [00:10<01:36, 10.76s/it]
Task 0, Epoch 2/10 => Loss 2.273, Train_accy 29.43:  10%|█         | 1/10 [00:19<01:36, 10.76s/it]                 
Task 0, Epoch 2/10 => Loss 2.273, Train_accy 29.43:  20%|██        | 2/10 [00:19<01:18,  9.77s/it]
Task 0, Epoch 3/10 => Loss 2.295, Train_accy 11.60:  20%|██        | 2/10 [00:29<01:18,  9.77s/it]
Task 0, Epoch 3/10 => Loss 2.295, Train_accy 11.60:  30%|███       | 3/10 [00:29<01:06,  9.50s/it]
Task 0, Epoch 4/10 => Loss 2.287, Train_accy 17.06:  30%|███       | 3/10 [00:38<01:06,  9.50s/it]
Task 0, Epoch 4/10 => Loss 2.287, Train_accy 17.06:  40%|████      | 4/10 [00:38<00:56,  9.38s/it]
Task 0, Epoch 5/10 => Loss 2.275, Train_accy 21.93:  40%|████      | 4/10 [00:47<00:56,  9.38s/it]
Task 0, Epoch 5/10 => Loss 2.275, Train_accy 21.93:  50%|█████     | 5/10 [00:47<00:46,  9.29s/it]
Task 0, Epoch 6/10 => Loss 2.270, Train_accy 20.66, Test_accy 24.51:  50%|█████     | 5/10 [00:58<00:46,  9.29s/it]
Task 0, Epoch 6/10 => Loss 2.270, Train_accy 20.66, Test_accy 24.51:  60%|██████    | 6/10 [00:58<00:39,  9.76s/it]
Task 0, Epoch 7/10 => Loss 2.230, Train_accy 25.93:  60%|██████    | 6/10 [01:07<00:39,  9.76s/it]                 
Task 0, Epoch 7/10 => Loss 2.230, Train_accy 25.93:  70%|███████   | 7/10 [01:07<00:28,  9.58s/it]
Task 0, Epoch 8/10 => Loss 2.198, Train_accy 29.53:  70%|███████   | 7/10 [01:16<00:28,  9.58s/it]
Task 0, Epoch 8/10 => Loss 2.198, Train_accy 29.53:  80%|████████  | 8/10 [01:16<00:18,  9.46s/it]
Task 0, Epoch 9/10 => Loss 2.172, Train_accy 30.21:  80%|████████  | 8/10 [01:25<00:18,  9.46s/it]
Task 0, Epoch 9/10 => Loss 2.172, Train_accy 30.21:  90%|█████████ | 9/10 [01:25<00:09,  9.36s/it]
Task 0, Epoch 10/10 => Loss 2.155, Train_accy 34.60:  90%|█████████ | 9/10 [01:34<00:09,  9.36s/it]
Task 0, Epoch 10/10 => Loss 2.155, Train_accy 34.60: 100%|██████████| 10/10 [01:34<00:00,  9.32s/it]
Task 0, Epoch 10/10 => Loss 2.155, Train_accy 34.60: 100%|██████████| 10/10 [01:34<00:00,  9.48s/it]
2026-02-07 03:30:52,838 [finetune.py] => Task 0, Epoch 10/10 => Loss 2.155, Train_accy 34.60
2026-02-07 03:30:54,261 [trainer.py] => CNN: {'total': 41.5, '00-09': 41.5, 'old': 0, 'new': 41.5, 'harmonic': 0.0}
2026-02-07 03:30:54,261 [trainer.py] => CNN top1 curve: [41.5]
2026-02-07 03:30:54,261 [trainer.py] => CNN top5 curve: [84.58]
2026-02-07 03:30:54,261 [trainer.py] => Average Accuracy (CNN): 41.5
2026-02-07 03:30:54,263 [finetune.py] => Learning on 10-20

  0%|          | 0/10 [00:00<?, ?it/s]
Task 1, Epoch 1/10 => Loss 2.278, Train_accy 0.69, Test_accy 19.88:   0%|          | 0/10 [00:12<?, ?it/s]
Task 1, Epoch 1/10 => Loss 2.278, Train_accy 0.69, Test_accy 19.88:  10%|█         | 1/10 [00:12<01:51, 12.39s/it]
Task 1, Epoch 2/10 => Loss 2.221, Train_accy 7.42, Test_accy 18.52:  10%|█         | 1/10 [00:24<01:51, 12.39s/it]
Task 1, Epoch 2/10 => Loss 2.221, Train_accy 7.42, Test_accy 18.52:  20%|██        | 2/10 [00:24<01:39, 12.43s/it]
Task 1, Epoch 3/10 => Loss 2.152, Train_accy 28.82, Test_accy 21.83:  20%|██        | 2/10 [00:37<01:39, 12.43s/it]
Task 1, Epoch 3/10 => Loss 2.152, Train_accy 28.82, Test_accy 21.83:  30%|███       | 3/10 [00:37<01:26, 12.41s/it]
Task 1, Epoch 4/10 => Loss 2.097, Train_accy 43.74, Test_accy 22.03:  30%|███       | 3/10 [00:49<01:26, 12.41s/it]
Task 1, Epoch 4/10 => Loss 2.097, Train_accy 43.74, Test_accy 22.03:  40%|████      | 4/10 [00:49<01:14, 12.41s/it]
Task 1, Epoch 5/10 => Loss 2.047, Train_accy 50.56, Test_accy 22.03:  40%|████      | 4/10 [01:01<01:14, 12.41s/it]
Task 1, Epoch 5/10 => Loss 2.047, Train_accy 50.56, Test_accy 22.03:  50%|█████     | 5/10 [01:01<01:01, 12.34s/it]
Task 1, Epoch 6/10 => Loss 2.004, Train_accy 53.93, Test_accy 26.51:  50%|█████     | 5/10 [01:14<01:01, 12.34s/it]
Task 1, Epoch 6/10 => Loss 2.004, Train_accy 53.93, Test_accy 26.51:  60%|██████    | 6/10 [01:14<00:49, 12.34s/it]
Task 1, Epoch 7/10 => Loss 1.971, Train_accy 57.72, Test_accy 24.76:  60%|██████    | 6/10 [01:26<00:49, 12.34s/it]
Task 1, Epoch 7/10 => Loss 1.971, Train_accy 57.72, Test_accy 24.76:  70%|███████   | 7/10 [01:26<00:36, 12.31s/it]
Task 1, Epoch 8/10 => Loss 1.906, Train_accy 61.60, Test_accy 23.78:  70%|███████   | 7/10 [01:38<00:36, 12.31s/it]
Task 1, Epoch 8/10 => Loss 1.906, Train_accy 61.60, Test_accy 23.78:  80%|████████  | 8/10 [01:38<00:24, 12.30s/it]
Task 1, Epoch 9/10 => Loss 1.867, Train_accy 66.35, Test_accy 31.97:  80%|████████  | 8/10 [01:51<00:24, 12.30s/it]
Task 1, Epoch 9/10 => Loss 1.867, Train_accy 66.35, Test_accy 31.97:  90%|█████████ | 9/10 [01:51<00:12, 12.31s/it]
Task 1, Epoch 10/10 => Loss 1.825, Train_accy 73.17, Test_accy 35.09:  90%|█████████ | 9/10 [02:03<00:12, 12.31s/it]
Task 1, Epoch 10/10 => Loss 1.825, Train_accy 73.17, Test_accy 35.09: 100%|██████████| 10/10 [02:03<00:00, 12.28s/it]
Task 1, Epoch 10/10 => Loss 1.825, Train_accy 73.17, Test_accy 35.09: 100%|██████████| 10/10 [02:03<00:00, 12.33s/it]
2026-02-07 03:32:57,540 [finetune.py] => Task 1, Epoch 10/10 => Loss 1.825, Train_accy 73.17, Test_accy 35.09
2026-02-07 03:32:59,539 [trainer.py] => CNN: {'total': 35.09, '00-09': 0.0, '10-19': 69.23, 'old': 0.0, 'new': 69.23, 'harmonic': 0.0}
2026-02-07 03:32:59,539 [trainer.py] => CNN top1 curve: [41.5, 35.09]
2026-02-07 03:32:59,539 [trainer.py] => CNN top5 curve: [84.58, 65.69]
2026-02-07 03:32:59,540 [trainer.py] => Average Accuracy (CNN): 38.295
2026-02-07 03:32:59,542 [finetune.py] => Learning on 20-30

  0%|          | 0/10 [00:00<?, ?it/s]
Task 2, Epoch 1/10 => Loss 2.261, Train_accy 0.09, Test_accy 21.95:   0%|          | 0/10 [00:12<?, ?it/s]
Task 2, Epoch 1/10 => Loss 2.261, Train_accy 0.09, Test_accy 21.95:  10%|█         | 1/10 [00:12<01:51, 12.41s/it]
Task 2, Epoch 2/10 => Loss 2.185, Train_accy 4.66, Test_accy 25.25:  10%|█         | 1/10 [00:24<01:51, 12.41s/it]
Task 2, Epoch 2/10 => Loss 2.185, Train_accy 4.66, Test_accy 25.25:  20%|██        | 2/10 [00:24<01:40, 12.50s/it]
Task 2, Epoch 3/10 => Loss 2.115, Train_accy 17.18, Test_accy 23.60:  20%|██        | 2/10 [00:37<01:40, 12.50s/it]
Task 2, Epoch 3/10 => Loss 2.115, Train_accy 17.18, Test_accy 23.60:  30%|███       | 3/10 [00:37<01:27, 12.50s/it]
Task 2, Epoch 4/10 => Loss 2.046, Train_accy 37.48, Test_accy 24.87:  30%|███       | 3/10 [00:49<01:27, 12.50s/it]
Task 2, Epoch 4/10 => Loss 2.046, Train_accy 37.48, Test_accy 24.87:  40%|████      | 4/10 [00:49<01:14, 12.49s/it]
Task 2, Epoch 5/10 => Loss 1.983, Train_accy 53.56, Test_accy 23.48:  40%|████      | 4/10 [01:02<01:14, 12.49s/it]
Task 2, Epoch 5/10 => Loss 1.983, Train_accy 53.56, Test_accy 23.48:  50%|█████     | 5/10 [01:02<01:02, 12.48s/it]
Task 2, Epoch 6/10 => Loss 1.934, Train_accy 62.89, Test_accy 24.75:  50%|█████     | 5/10 [01:14<01:02, 12.48s/it]
Task 2, Epoch 6/10 => Loss 1.934, Train_accy 62.89, Test_accy 24.75:  60%|██████    | 6/10 [01:14<00:49, 12.49s/it]
Task 2, Epoch 7/10 => Loss 1.880, Train_accy 68.19, Test_accy 23.10:  60%|██████    | 6/10 [01:27<00:49, 12.49s/it]
Task 2, Epoch 7/10 => Loss 1.880, Train_accy 68.19, Test_accy 23.10:  70%|███████   | 7/10 [01:27<00:37, 12.46s/it]
Task 2, Epoch 8/10 => Loss 1.836, Train_accy 73.67, Test_accy 24.75:  70%|███████   | 7/10 [01:39<00:37, 12.46s/it]
Task 2, Epoch 8/10 => Loss 1.836, Train_accy 73.67, Test_accy 24.75:  80%|████████  | 8/10 [01:39<00:24, 12.50s/it]
Task 2, Epoch 9/10 => Loss 1.784, Train_accy 77.06, Test_accy 26.52:  80%|████████  | 8/10 [01:52<00:24, 12.50s/it]
Task 2, Epoch 9/10 => Loss 1.784, Train_accy 77.06, Test_accy 26.52:  90%|█████████ | 9/10 [01:52<00:12, 12.46s/it]
Task 2, Epoch 10/10 => Loss 1.739, Train_accy 81.26, Test_accy 26.65:  90%|█████████ | 9/10 [02:04<00:12, 12.46s/it]
Task 2, Epoch 10/10 => Loss 1.739, Train_accy 81.26, Test_accy 26.65: 100%|██████████| 10/10 [02:04<00:00, 12.44s/it]
Task 2, Epoch 10/10 => Loss 1.739, Train_accy 81.26, Test_accy 26.65: 100%|██████████| 10/10 [02:04<00:00, 12.47s/it]
2026-02-07 03:35:04,237 [finetune.py] => Task 2, Epoch 10/10 => Loss 1.739, Train_accy 81.26, Test_accy 26.65
2026-02-07 03:35:06,922 [trainer.py] => CNN: {'total': 26.65, '00-09': 0.0, '10-19': 2.31, '20-29': 74.18, 'old': 1.17, 'new': 74.18, 'harmonic': 2.3}
2026-02-07 03:35:06,922 [trainer.py] => CNN top1 curve: [41.5, 35.09, 26.65]
2026-02-07 03:35:06,923 [trainer.py] => CNN top5 curve: [84.58, 65.69, 53.55]
2026-02-07 03:35:06,923 [trainer.py] => Average Accuracy (CNN): 34.413333333333334
2026-02-07 03:35:06,925 [finetune.py] => Learning on 30-40

  0%|          | 0/10 [00:00<?, ?it/s]
Task 3, Epoch 1/10 => Loss 2.254, Train_accy 0.56, Test_accy 19.77:   0%|          | 0/10 [00:12<?, ?it/s]
Task 3, Epoch 1/10 => Loss 2.254, Train_accy 0.56, Test_accy 19.77:  10%|█         | 1/10 [00:12<01:56, 12.97s/it]
Task 3, Epoch 2/10 => Loss 2.165, Train_accy 12.01, Test_accy 18.90:  10%|█         | 1/10 [00:25<01:56, 12.97s/it]
Task 3, Epoch 2/10 => Loss 2.165, Train_accy 12.01, Test_accy 18.90:  20%|██        | 2/10 [00:25<01:42, 12.87s/it]
Task 3, Epoch 3/10 => Loss 2.077, Train_accy 30.63, Test_accy 19.96:  20%|██        | 2/10 [00:38<01:42, 12.87s/it]
Task 3, Epoch 3/10 => Loss 2.077, Train_accy 30.63, Test_accy 19.96:  30%|███       | 3/10 [00:38<01:30, 12.87s/it]
Task 3, Epoch 4/10 => Loss 1.994, Train_accy 51.58, Test_accy 20.06:  30%|███       | 3/10 [00:51<01:30, 12.87s/it]
Task 3, Epoch 4/10 => Loss 1.994, Train_accy 51.58, Test_accy 20.06:  40%|████      | 4/10 [00:51<01:17, 12.92s/it]
Task 3, Epoch 5/10 => Loss 1.922, Train_accy 63.59, Test_accy 19.19:  40%|████      | 4/10 [01:04<01:17, 12.92s/it]
Task 3, Epoch 5/10 => Loss 1.922, Train_accy 63.59, Test_accy 19.19:  50%|█████     | 5/10 [01:04<01:04, 12.95s/it]
Task 3, Epoch 6/10 => Loss 1.857, Train_accy 71.14, Test_accy 18.32:  50%|█████     | 5/10 [01:17<01:04, 12.95s/it]
Task 3, Epoch 6/10 => Loss 1.857, Train_accy 71.14, Test_accy 18.32:  60%|██████    | 6/10 [01:17<00:51, 12.98s/it]
Task 3, Epoch 7/10 => Loss 1.793, Train_accy 78.49, Test_accy 19.09:  60%|██████    | 6/10 [01:30<00:51, 12.98s/it]
Task 3, Epoch 7/10 => Loss 1.793, Train_accy 78.49, Test_accy 19.09:  70%|███████   | 7/10 [01:30<00:38, 12.95s/it]
Task 3, Epoch 8/10 => Loss 1.743, Train_accy 83.24, Test_accy 18.61:  70%|███████   | 7/10 [01:43<00:38, 12.95s/it]
Task 3, Epoch 8/10 => Loss 1.743, Train_accy 83.24, Test_accy 18.61:  80%|████████  | 8/10 [01:43<00:25, 12.94s/it]
Task 3, Epoch 9/10 => Loss 1.700, Train_accy 85.75, Test_accy 19.38:  80%|████████  | 8/10 [01:56<00:25, 12.94s/it]
Task 3, Epoch 9/10 => Loss 1.700, Train_accy 85.75, Test_accy 19.38:  90%|█████████ | 9/10 [01:56<00:12, 12.92s/it]
Task 3, Epoch 10/10 => Loss 1.652, Train_accy 90.41, Test_accy 19.67:  90%|█████████ | 9/10 [02:09<00:12, 12.92s/it]
Task 3, Epoch 10/10 => Loss 1.652, Train_accy 90.41, Test_accy 19.67: 100%|██████████| 10/10 [02:09<00:00, 12.92s/it]
Task 3, Epoch 10/10 => Loss 1.652, Train_accy 90.41, Test_accy 19.67: 100%|██████████| 10/10 [02:09<00:00, 12.93s/it]
2026-02-07 03:37:16,217 [finetune.py] => Task 3, Epoch 10/10 => Loss 1.652, Train_accy 90.41, Test_accy 19.67
2026-02-07 03:37:19,650 [trainer.py] => CNN: {'total': 19.67, '00-09': 0.0, '10-19': 0.77, '20-29': 0.0, '30-39': 81.12, 'old': 0.25, 'new': 81.12, 'harmonic': 0.5}
2026-02-07 03:37:19,651 [trainer.py] => CNN top1 curve: [41.5, 35.09, 26.65, 19.67]
2026-02-07 03:37:19,651 [trainer.py] => CNN top5 curve: [84.58, 65.69, 53.55, 43.2]
2026-02-07 03:37:19,651 [trainer.py] => Average Accuracy (CNN): 30.727500000000003
2026-02-07 03:37:19,653 [finetune.py] => Learning on 40-50

  0%|          | 0/10 [00:00<?, ?it/s]
Task 4, Epoch 1/10 => Loss 2.268, Train_accy 0.00, Test_accy 14.04:   0%|          | 0/10 [00:13<?, ?it/s]
Task 4, Epoch 1/10 => Loss 2.268, Train_accy 0.00, Test_accy 14.04:  10%|█         | 1/10 [00:13<02:01, 13.53s/it]
Task 4, Epoch 2/10 => Loss 2.166, Train_accy 3.84, Test_accy 14.95:  10%|█         | 1/10 [00:27<02:01, 13.53s/it]
Task 4, Epoch 2/10 => Loss 2.166, Train_accy 3.84, Test_accy 14.95:  20%|██        | 2/10 [00:27<01:48, 13.54s/it]
Task 4, Epoch 3/10 => Loss 2.072, Train_accy 30.22, Test_accy 16.70:  20%|██        | 2/10 [00:40<01:48, 13.54s/it]
Task 4, Epoch 3/10 => Loss 2.072, Train_accy 30.22, Test_accy 16.70:  30%|███       | 3/10 [00:40<01:34, 13.56s/it]
Task 4, Epoch 4/10 => Loss 1.980, Train_accy 54.91, Test_accy 14.72:  30%|███       | 3/10 [00:54<01:34, 13.56s/it]
Task 4, Epoch 4/10 => Loss 1.980, Train_accy 54.91, Test_accy 14.72:  40%|████      | 4/10 [00:54<01:21, 13.58s/it]
Task 4, Epoch 5/10 => Loss 1.899, Train_accy 65.39, Test_accy 13.65:  40%|████      | 4/10 [01:07<01:21, 13.58s/it]
Task 4, Epoch 5/10 => Loss 1.899, Train_accy 65.39, Test_accy 13.65:  50%|█████     | 5/10 [01:07<01:07, 13.60s/it]
Task 4, Epoch 6/10 => Loss 1.824, Train_accy 71.84, Test_accy 13.88:  50%|█████     | 5/10 [01:21<01:07, 13.60s/it]
Task 4, Epoch 6/10 => Loss 1.824, Train_accy 71.84, Test_accy 13.88:  60%|██████    | 6/10 [01:21<00:54, 13.59s/it]
Task 4, Epoch 7/10 => Loss 1.770, Train_accy 77.36, Test_accy 14.57:  60%|██████    | 6/10 [01:35<00:54, 13.59s/it]
Task 4, Epoch 7/10 => Loss 1.770, Train_accy 77.36, Test_accy 14.57:  70%|███████   | 7/10 [01:35<00:40, 13.61s/it]
Task 4, Epoch 8/10 => Loss 1.725, Train_accy 80.82, Test_accy 15.71:  70%|███████   | 7/10 [01:48<00:40, 13.61s/it]
Task 4, Epoch 8/10 => Loss 1.725, Train_accy 80.82, Test_accy 15.71:  80%|████████  | 8/10 [01:48<00:27, 13.62s/it]
Task 4, Epoch 9/10 => Loss 1.685, Train_accy 84.28, Test_accy 16.02:  80%|████████  | 8/10 [02:02<00:27, 13.62s/it]
Task 4, Epoch 9/10 => Loss 1.685, Train_accy 84.28, Test_accy 16.02:  90%|█████████ | 9/10 [02:02<00:13, 13.61s/it]
Task 4, Epoch 10/10 => Loss 1.637, Train_accy 89.43, Test_accy 17.70:  90%|█████████ | 9/10 [02:15<00:13, 13.61s/it]
Task 4, Epoch 10/10 => Loss 1.637, Train_accy 89.43, Test_accy 17.70: 100%|██████████| 10/10 [02:15<00:00, 13.61s/it]
Task 4, Epoch 10/10 => Loss 1.637, Train_accy 89.43, Test_accy 17.70: 100%|██████████| 10/10 [02:15<00:00, 13.60s/it]
2026-02-07 03:39:35,631 [finetune.py] => Task 4, Epoch 10/10 => Loss 1.637, Train_accy 89.43, Test_accy 17.70
2026-02-07 03:39:39,708 [trainer.py] => CNN: {'total': 17.7, '00-09': 0.0, '10-19': 0.0, '20-29': 0.0, '30-39': 0.0, '40-49': 84.67, 'old': 0.0, 'new': 84.67, 'harmonic': 0.0}
2026-02-07 03:39:39,709 [trainer.py] => CNN top1 curve: [41.5, 35.09, 26.65, 19.67, 17.7]
2026-02-07 03:39:39,709 [trainer.py] => CNN top5 curve: [84.58, 65.69, 53.55, 43.2, 35.32]
2026-02-07 03:39:39,709 [trainer.py] => Average Accuracy (CNN): 28.122000000000003
2026-02-07 03:39:39,711 [finetune.py] => Learning on 50-60

  0%|          | 0/10 [00:00<?, ?it/s]
Task 5, Epoch 1/10 => Loss 2.290, Train_accy 0.00, Test_accy 13.40:   0%|          | 0/10 [00:13<?, ?it/s]
Task 5, Epoch 1/10 => Loss 2.290, Train_accy 0.00, Test_accy 13.40:  10%|█         | 1/10 [00:13<01:59, 13.26s/it]
Task 5, Epoch 2/10 => Loss 2.193, Train_accy 6.15, Test_accy 14.18:  10%|█         | 1/10 [00:26<01:59, 13.26s/it]
Task 5, Epoch 2/10 => Loss 2.193, Train_accy 6.15, Test_accy 14.18:  20%|██        | 2/10 [00:26<01:45, 13.25s/it]
Task 5, Epoch 3/10 => Loss 2.096, Train_accy 33.37, Test_accy 13.47:  20%|██        | 2/10 [00:39<01:45, 13.25s/it]
Task 5, Epoch 3/10 => Loss 2.096, Train_accy 33.37, Test_accy 13.47:  30%|███       | 3/10 [00:39<01:33, 13.29s/it]
Task 5, Epoch 4/10 => Loss 2.013, Train_accy 50.16, Test_accy 11.98:  30%|███       | 3/10 [00:53<01:33, 13.29s/it]
Task 5, Epoch 4/10 => Loss 2.013, Train_accy 50.16, Test_accy 11.98:  40%|████      | 4/10 [00:53<01:19, 13.29s/it]
Task 5, Epoch 5/10 => Loss 1.938, Train_accy 59.96, Test_accy 12.44:  40%|████      | 4/10 [01:06<01:19, 13.29s/it]
Task 5, Epoch 5/10 => Loss 1.938, Train_accy 59.96, Test_accy 12.44:  50%|█████     | 5/10 [01:06<01:06, 13.27s/it]
Task 5, Epoch 6/10 => Loss 1.878, Train_accy 66.63, Test_accy 12.24:  50%|█████     | 5/10 [01:19<01:06, 13.27s/it]
Task 5, Epoch 6/10 => Loss 1.878, Train_accy 66.63, Test_accy 12.24:  60%|██████    | 6/10 [01:19<00:53, 13.26s/it]
Task 5, Epoch 7/10 => Loss 1.831, Train_accy 70.28, Test_accy 10.95:  60%|██████    | 6/10 [01:32<00:53, 13.26s/it]
Task 5, Epoch 7/10 => Loss 1.831, Train_accy 70.28, Test_accy 10.95:  70%|███████   | 7/10 [01:32<00:39, 13.24s/it]
Task 5, Epoch 8/10 => Loss 1.780, Train_accy 74.04, Test_accy 11.60:  70%|███████   | 7/10 [01:46<00:39, 13.24s/it]
Task 5, Epoch 8/10 => Loss 1.780, Train_accy 74.04, Test_accy 11.60:  80%|████████  | 8/10 [01:46<00:26, 13.25s/it]
Task 5, Epoch 9/10 => Loss 1.731, Train_accy 79.98, Test_accy 12.44:  80%|████████  | 8/10 [01:59<00:26, 13.25s/it]
Task 5, Epoch 9/10 => Loss 1.731, Train_accy 79.98, Test_accy 12.44:  90%|█████████ | 9/10 [01:59<00:13, 13.27s/it]
Task 5, Epoch 10/10 => Loss 1.692, Train_accy 84.36, Test_accy 12.44:  90%|█████████ | 9/10 [02:12<00:13, 13.27s/it]
Task 5, Epoch 10/10 => Loss 1.692, Train_accy 84.36, Test_accy 12.44: 100%|██████████| 10/10 [02:12<00:00, 13.30s/it]
Task 5, Epoch 10/10 => Loss 1.692, Train_accy 84.36, Test_accy 12.44: 100%|██████████| 10/10 [02:12<00:00, 13.27s/it]
2026-02-07 03:41:52,462 [finetune.py] => Task 5, Epoch 10/10 => Loss 1.692, Train_accy 84.36, Test_accy 12.44
2026-02-07 03:41:57,102 [trainer.py] => CNN: {'total': 12.44, '00-09': 0.0, '10-19': 0.0, '20-29': 0.0, '30-39': 0.0, '40-49': 1.82, '50-59': 78.01, 'old': 0.38, 'new': 78.01, 'harmonic': 0.76}
2026-02-07 03:41:57,102 [trainer.py] => CNN top1 curve: [41.5, 35.09, 26.65, 19.67, 17.7, 12.44]
2026-02-07 03:41:57,102 [trainer.py] => CNN top5 curve: [84.58, 65.69, 53.55, 43.2, 35.32, 27.38]
2026-02-07 03:41:57,102 [trainer.py] => Average Accuracy (CNN): 25.508333333333336
2026-02-07 03:41:57,105 [finetune.py] => Learning on 60-70

  0%|          | 0/10 [00:00<?, ?it/s]
Task 6, Epoch 1/10 => Loss 2.261, Train_accy 0.00, Test_accy 10.24:   0%|          | 0/10 [00:15<?, ?it/s]
Task 6, Epoch 1/10 => Loss 2.261, Train_accy 0.00, Test_accy 10.24:  10%|█         | 1/10 [00:15<02:15, 15.02s/it]
Task 6, Epoch 2/10 => Loss 2.141, Train_accy 8.25, Test_accy 12.71:  10%|█         | 1/10 [00:29<02:15, 15.02s/it]
Task 6, Epoch 2/10 => Loss 2.141, Train_accy 8.25, Test_accy 12.71:  20%|██        | 2/10 [00:29<01:59, 14.98s/it]
Task 6, Epoch 3/10 => Loss 2.024, Train_accy 44.89, Test_accy 15.50:  20%|██        | 2/10 [00:44<01:59, 14.98s/it]
Task 6, Epoch 3/10 => Loss 2.024, Train_accy 44.89, Test_accy 15.50:  30%|███       | 3/10 [00:44<01:44, 14.90s/it]
Task 6, Epoch 4/10 => Loss 1.927, Train_accy 71.32, Test_accy 13.09:  30%|███       | 3/10 [00:59<01:44, 14.90s/it]
Task 6, Epoch 4/10 => Loss 1.927, Train_accy 71.32, Test_accy 13.09:  40%|████      | 4/10 [00:59<01:29, 14.87s/it]
Task 6, Epoch 5/10 => Loss 1.851, Train_accy 80.32, Test_accy 12.05:  40%|████      | 4/10 [01:14<01:29, 14.87s/it]
Task 6, Epoch 5/10 => Loss 1.851, Train_accy 80.32, Test_accy 12.05:  50%|█████     | 5/10 [01:14<01:14, 14.87s/it]
Task 6, Epoch 6/10 => Loss 1.766, Train_accy 85.47, Test_accy 12.92:  50%|█████     | 5/10 [01:29<01:14, 14.87s/it]
Task 6, Epoch 6/10 => Loss 1.766, Train_accy 85.47, Test_accy 12.92:  60%|██████    | 6/10 [01:29<00:59, 14.88s/it]
Task 6, Epoch 7/10 => Loss 1.692, Train_accy 91.10, Test_accy 13.14:  60%|██████    | 6/10 [01:44<00:59, 14.88s/it]
Task 6, Epoch 7/10 => Loss 1.692, Train_accy 91.10, Test_accy 13.14:  70%|███████   | 7/10 [01:44<00:44, 14.86s/it]
Task 6, Epoch 8/10 => Loss 1.629, Train_accy 95.22, Test_accy 13.69:  70%|███████   | 7/10 [01:59<00:44, 14.86s/it]
Task 6, Epoch 8/10 => Loss 1.629, Train_accy 95.22, Test_accy 13.69:  80%|████████  | 8/10 [01:59<00:29, 14.87s/it]
Task 6, Epoch 9/10 => Loss 1.582, Train_accy 97.66, Test_accy 13.75:  80%|████████  | 8/10 [02:13<00:29, 14.87s/it]
Task 6, Epoch 9/10 => Loss 1.582, Train_accy 97.66, Test_accy 13.75:  90%|█████████ | 9/10 [02:13<00:14, 14.87s/it]
Task 6, Epoch 10/10 => Loss 1.539, Train_accy 99.44, Test_accy 14.24:  90%|█████████ | 9/10 [02:28<00:14, 14.87s/it]
Task 6, Epoch 10/10 => Loss 1.539, Train_accy 99.44, Test_accy 14.24: 100%|██████████| 10/10 [02:28<00:00, 14.84s/it]
Task 6, Epoch 10/10 => Loss 1.539, Train_accy 99.44, Test_accy 14.24: 100%|██████████| 10/10 [02:28<00:00, 14.87s/it]
2026-02-07 03:44:25,843 [finetune.py] => Task 6, Epoch 10/10 => Loss 1.539, Train_accy 99.44, Test_accy 14.24
2026-02-07 03:44:31,179 [trainer.py] => CNN: {'total': 14.24, '00-09': 0.0, '10-19': 0.0, '20-29': 0.0, '30-39': 0.0, '40-49': 0.0, '50-59': 0.0, '60-69': 94.89, 'old': 0.0, 'new': 94.89, 'harmonic': 0.0}
2026-02-07 03:44:31,180 [trainer.py] => CNN top1 curve: [41.5, 35.09, 26.65, 19.67, 17.7, 12.44, 14.24]
2026-02-07 03:44:31,180 [trainer.py] => CNN top5 curve: [84.58, 65.69, 53.55, 43.2, 35.32, 27.38, 23.93]
2026-02-07 03:44:31,180 [trainer.py] => Average Accuracy (CNN): 23.898571428571433
2026-02-07 03:44:31,183 [finetune.py] => Learning on 70-80

  0%|          | 0/10 [00:00<?, ?it/s]
Task 7, Epoch 1/10 => Loss 2.255, Train_accy 0.10, Test_accy 10.79:   0%|          | 0/10 [00:15<?, ?it/s]
Task 7, Epoch 1/10 => Loss 2.255, Train_accy 0.10, Test_accy 10.79:  10%|█         | 1/10 [00:15<02:17, 15.32s/it]
Task 7, Epoch 2/10 => Loss 2.104, Train_accy 11.22, Test_accy 13.33:  10%|█         | 1/10 [00:30<02:17, 15.32s/it]
Task 7, Epoch 2/10 => Loss 2.104, Train_accy 11.22, Test_accy 13.33:  20%|██        | 2/10 [00:30<02:02, 15.32s/it]
Task 7, Epoch 3/10 => Loss 1.973, Train_accy 53.79, Test_accy 12.32:  20%|██        | 2/10 [00:45<02:02, 15.32s/it]
Task 7, Epoch 3/10 => Loss 1.973, Train_accy 53.79, Test_accy 12.32:  30%|███       | 3/10 [00:45<01:47, 15.32s/it]
Task 7, Epoch 4/10 => Loss 1.856, Train_accy 82.45, Test_accy 12.56:  30%|███       | 3/10 [01:01<01:47, 15.32s/it]
Task 7, Epoch 4/10 => Loss 1.856, Train_accy 82.45, Test_accy 12.56:  40%|████      | 4/10 [01:01<01:31, 15.33s/it]
Task 7, Epoch 5/10 => Loss 1.752, Train_accy 91.66, Test_accy 11.84:  40%|████      | 4/10 [01:16<01:31, 15.33s/it]
Task 7, Epoch 5/10 => Loss 1.752, Train_accy 91.66, Test_accy 11.84:  50%|█████     | 5/10 [01:16<01:16, 15.28s/it]
Task 7, Epoch 6/10 => Loss 1.672, Train_accy 95.78, Test_accy 11.74:  50%|█████     | 5/10 [01:31<01:16, 15.28s/it]
Task 7, Epoch 6/10 => Loss 1.672, Train_accy 95.78, Test_accy 11.74:  60%|██████    | 6/10 [01:31<01:01, 15.29s/it]
Task 7, Epoch 7/10 => Loss 1.610, Train_accy 97.51, Test_accy 11.98:  60%|██████    | 6/10 [01:47<01:01, 15.29s/it]
Task 7, Epoch 7/10 => Loss 1.610, Train_accy 97.51, Test_accy 11.98:  70%|███████   | 7/10 [01:47<00:45, 15.28s/it]
Task 7, Epoch 8/10 => Loss 1.553, Train_accy 98.66, Test_accy 12.13:  70%|███████   | 7/10 [02:02<00:45, 15.28s/it]
Task 7, Epoch 8/10 => Loss 1.553, Train_accy 98.66, Test_accy 12.13:  80%|████████  | 8/10 [02:02<00:30, 15.31s/it]
Task 7, Epoch 9/10 => Loss 1.516, Train_accy 99.52, Test_accy 12.03:  80%|████████  | 8/10 [02:17<00:30, 15.31s/it]
Task 7, Epoch 9/10 => Loss 1.516, Train_accy 99.52, Test_accy 12.03:  90%|█████████ | 9/10 [02:17<00:15, 15.34s/it]
Task 7, Epoch 10/10 => Loss 1.488, Train_accy 99.81, Test_accy 12.18:  90%|█████████ | 9/10 [02:33<00:15, 15.34s/it]
Task 7, Epoch 10/10 => Loss 1.488, Train_accy 99.81, Test_accy 12.18: 100%|██████████| 10/10 [02:33<00:00, 15.34s/it]
Task 7, Epoch 10/10 => Loss 1.488, Train_accy 99.81, Test_accy 12.18: 100%|██████████| 10/10 [02:33<00:00, 15.32s/it]
2026-02-07 03:47:04,392 [finetune.py] => Task 7, Epoch 10/10 => Loss 1.488, Train_accy 99.81, Test_accy 12.18
2026-02-07 03:47:10,388 [trainer.py] => CNN: {'total': 12.18, '00-09': 0.0, '10-19': 0.0, '20-29': 0.0, '30-39': 0.0, '40-49': 0.0, '50-59': 0.0, '60-69': 0.0, '70-79': 97.69, 'old': 0.0, 'new': 97.69, 'harmonic': 0.0}
2026-02-07 03:47:10,388 [trainer.py] => CNN top1 curve: [41.5, 35.09, 26.65, 19.67, 17.7, 12.44, 14.24, 12.18]
2026-02-07 03:47:10,389 [trainer.py] => CNN top5 curve: [84.58, 65.69, 53.55, 43.2, 35.32, 27.38, 23.93, 21.09]
2026-02-07 03:47:10,389 [trainer.py] => Average Accuracy (CNN): 22.433750000000003
2026-02-07 03:47:10,391 [finetune.py] => Learning on 80-90

  0%|          | 0/10 [00:00<?, ?it/s]
Task 8, Epoch 1/10 => Loss 2.271, Train_accy 0.00, Test_accy 7.85:   0%|          | 0/10 [00:15<?, ?it/s]
Task 8, Epoch 1/10 => Loss 2.271, Train_accy 0.00, Test_accy 7.85:  10%|█         | 1/10 [00:15<02:22, 15.84s/it]
Task 8, Epoch 2/10 => Loss 2.215, Train_accy 2.93, Test_accy 6.59:  10%|█         | 1/10 [00:31<02:22, 15.84s/it]
Task 8, Epoch 2/10 => Loss 2.215, Train_accy 2.93, Test_accy 6.59:  20%|██        | 2/10 [00:31<02:07, 15.88s/it]
Task 8, Epoch 3/10 => Loss 2.105, Train_accy 19.41, Test_accy 4.62:  20%|██        | 2/10 [00:47<02:07, 15.88s/it]
Task 8, Epoch 3/10 => Loss 2.105, Train_accy 19.41, Test_accy 4.62:  30%|███       | 3/10 [00:47<01:51, 15.88s/it]
Task 8, Epoch 4/10 => Loss 2.149, Train_accy 19.51, Test_accy 4.95:  30%|███       | 3/10 [01:03<01:51, 15.88s/it]
Task 8, Epoch 4/10 => Loss 2.149, Train_accy 19.51, Test_accy 4.95:  40%|████      | 4/10 [01:03<01:35, 15.85s/it]
Task 8, Epoch 5/10 => Loss 2.044, Train_accy 33.85, Test_accy 5.67:  40%|████      | 4/10 [01:19<01:35, 15.85s/it]
Task 8, Epoch 5/10 => Loss 2.044, Train_accy 33.85, Test_accy 5.67:  50%|█████     | 5/10 [01:19<01:19, 15.86s/it]
Task 8, Epoch 6/10 => Loss 2.016, Train_accy 47.90, Test_accy 2.14:  50%|█████     | 5/10 [01:35<01:19, 15.86s/it]
Task 8, Epoch 6/10 => Loss 2.016, Train_accy 47.90, Test_accy 2.14:  60%|██████    | 6/10 [01:35<01:03, 15.87s/it]
Task 8, Epoch 7/10 => Loss 2.301, Train_accy 17.17, Test_accy 3.69:  60%|██████    | 6/10 [01:51<01:03, 15.87s/it]
Task 8, Epoch 7/10 => Loss 2.301, Train_accy 17.17, Test_accy 3.69:  70%|███████   | 7/10 [01:51<00:47, 15.88s/it]
Task 8, Epoch 8/10 => Loss 2.192, Train_accy 23.41, Test_accy 3.06:  70%|███████   | 7/10 [02:06<00:47, 15.88s/it]
Task 8, Epoch 8/10 => Loss 2.192, Train_accy 23.41, Test_accy 3.06:  80%|████████  | 8/10 [02:06<00:31, 15.85s/it]
Task 8, Epoch 9/10 => Loss 2.227, Train_accy 17.07, Test_accy 2.23:  80%|████████  | 8/10 [02:23<00:31, 15.85s/it]
Task 8, Epoch 9/10 => Loss 2.227, Train_accy 17.07, Test_accy 2.23:  90%|█████████ | 9/10 [02:23<00:15, 15.96s/it]
Task 8, Epoch 10/10 => Loss 2.276, Train_accy 12.29, Test_accy 1.26:  90%|█████████ | 9/10 [02:38<00:15, 15.96s/it]
Task 8, Epoch 10/10 => Loss 2.276, Train_accy 12.29, Test_accy 1.26: 100%|██████████| 10/10 [02:38<00:00, 15.93s/it]
Task 8, Epoch 10/10 => Loss 2.276, Train_accy 12.29, Test_accy 1.26: 100%|██████████| 10/10 [02:38<00:00, 15.90s/it]
2026-02-07 03:49:49,358 [finetune.py] => Task 8, Epoch 10/10 => Loss 2.276, Train_accy 12.29, Test_accy 1.26
2026-02-07 03:49:56,020 [trainer.py] => CNN: {'total': 1.26, '00-09': 0.0, '10-19': 0.38, '20-29': 0.0, '30-39': 0.0, '40-49': 0.0, '50-59': 0.0, '60-69': 0.0, '70-79': 0.0, '80-89': 9.8, 'old': 0.05, 'new': 9.8, 'harmonic': 0.1}
2026-02-07 03:49:56,021 [trainer.py] => CNN top1 curve: [41.5, 35.09, 26.65, 19.67, 17.7, 12.44, 14.24, 12.18, 1.26]
2026-02-07 03:49:56,021 [trainer.py] => CNN top5 curve: [84.58, 65.69, 53.55, 43.2, 35.32, 27.38, 23.93, 21.09, 8.23]
2026-02-07 03:49:56,021 [trainer.py] => Average Accuracy (CNN): 20.081111111111113
2026-02-07 03:49:56,023 [finetune.py] => Learning on 90-100

  0%|          | 0/10 [00:00<?, ?it/s]
Task 9, Epoch 1/10 => Loss 2.301, Train_accy 0.00, Test_accy 1.17:   0%|          | 0/10 [00:16<?, ?it/s]
Task 9, Epoch 1/10 => Loss 2.301, Train_accy 0.00, Test_accy 1.17:  10%|█         | 1/10 [00:16<02:30, 16.67s/it]
Task 9, Epoch 2/10 => Loss 2.287, Train_accy 0.00, Test_accy 1.17:  10%|█         | 1/10 [00:33<02:30, 16.67s/it]
Task 9, Epoch 2/10 => Loss 2.287, Train_accy 0.00, Test_accy 1.17:  20%|██        | 2/10 [00:33<02:13, 16.66s/it]
Task 9, Epoch 3/10 => Loss 2.256, Train_accy 0.00, Test_accy 1.36:  20%|██        | 2/10 [00:50<02:13, 16.66s/it]
Task 9, Epoch 3/10 => Loss 2.256, Train_accy 0.00, Test_accy 1.36:  30%|███       | 3/10 [00:50<01:56, 16.70s/it]
Task 9, Epoch 4/10 => Loss 2.219, Train_accy 5.11, Test_accy 2.80:  30%|███       | 3/10 [01:06<01:56, 16.70s/it]
Task 9, Epoch 4/10 => Loss 2.219, Train_accy 5.11, Test_accy 2.80:  40%|████      | 4/10 [01:06<01:40, 16.68s/it]
Task 9, Epoch 5/10 => Loss 2.160, Train_accy 21.60, Test_accy 3.37:  40%|████      | 4/10 [01:23<01:40, 16.68s/it]
Task 9, Epoch 5/10 => Loss 2.160, Train_accy 21.60, Test_accy 3.37:  50%|█████     | 5/10 [01:23<01:23, 16.65s/it]
Task 9, Epoch 6/10 => Loss 2.107, Train_accy 35.68, Test_accy 3.64:  50%|█████     | 5/10 [01:39<01:23, 16.65s/it]
Task 9, Epoch 6/10 => Loss 2.107, Train_accy 35.68, Test_accy 3.64:  60%|██████    | 6/10 [01:39<01:06, 16.64s/it]
Task 9, Epoch 7/10 => Loss 2.066, Train_accy 43.20, Test_accy 4.55:  60%|██████    | 6/10 [01:56<01:06, 16.64s/it]
Task 9, Epoch 7/10 => Loss 2.066, Train_accy 43.20, Test_accy 4.55:  70%|███████   | 7/10 [01:56<00:49, 16.67s/it]
Task 9, Epoch 8/10 => Loss 2.018, Train_accy 46.67, Test_accy 5.04:  70%|███████   | 7/10 [02:13<00:49, 16.67s/it]
Task 9, Epoch 8/10 => Loss 2.018, Train_accy 46.67, Test_accy 5.04:  80%|████████  | 8/10 [02:13<00:33, 16.68s/it]
Task 9, Epoch 9/10 => Loss 1.982, Train_accy 54.48, Test_accy 5.84:  80%|████████  | 8/10 [02:30<00:33, 16.68s/it]
Task 9, Epoch 9/10 => Loss 1.982, Train_accy 54.48, Test_accy 5.84:  90%|█████████ | 9/10 [02:30<00:16, 16.67s/it]
Task 9, Epoch 10/10 => Loss 1.935, Train_accy 59.31, Test_accy 6.18:  90%|█████████ | 9/10 [02:46<00:16, 16.67s/it]
Task 9, Epoch 10/10 => Loss 1.935, Train_accy 59.31, Test_accy 6.18: 100%|██████████| 10/10 [02:46<00:00, 16.65s/it]
Task 9, Epoch 10/10 => Loss 1.935, Train_accy 59.31, Test_accy 6.18: 100%|██████████| 10/10 [02:46<00:00, 16.66s/it]
2026-02-07 03:52:42,657 [finetune.py] => Task 9, Epoch 10/10 => Loss 1.935, Train_accy 59.31, Test_accy 6.18
2026-02-07 03:52:49,944 [trainer.py] => CNN: {'total': 6.18, '00-09': 0.0, '10-19': 0.38, '20-29': 0.0, '30-39': 0.0, '40-49': 0.0, '50-59': 0.0, '60-69': 0.0, '70-79': 0.0, '80-89': 0.0, '90-99': 63.04, 'old': 0.04, 'new': 63.04, 'harmonic': 0.08}
2026-02-07 03:52:49,944 [trainer.py] => CNN top1 curve: [41.5, 35.09, 26.65, 19.67, 17.7, 12.44, 14.24, 12.18, 1.26, 6.18]
2026-02-07 03:52:49,944 [trainer.py] => CNN top5 curve: [84.58, 65.69, 53.55, 43.2, 35.32, 27.38, 23.93, 21.09, 8.23, 11.9]
2026-02-07 03:52:49,944 [trainer.py] => Average Accuracy (CNN): 18.691000000000003

========================================
Finished ucf101_init10_inc10
Backbone: OpenCLIP_LAION400M
Average Accuracy (Top1): 18.69
Last Accuracy: 6.18
========================================

2026-02-07 03:52:52,586 [trainer.py] => config: ./configs/finetune/finetune_ucf_B50_Inc10.json
2026-02-07 03:52:52,586 [trainer.py] => prefix: -
2026-02-07 03:52:52,586 [trainer.py] => dataset: ucf101
2026-02-07 03:52:52,586 [trainer.py] => memory_size: 0
2026-02-07 03:52:52,586 [trainer.py] => memory_per_class: 0
2026-02-07 03:52:52,586 [trainer.py] => fixed_memory: False
2026-02-07 03:52:52,586 [trainer.py] => shuffle: True
2026-02-07 03:52:52,586 [trainer.py] => init_cls: 50
2026-02-07 03:52:52,586 [trainer.py] => increment: 10
2026-02-07 03:52:52,586 [trainer.py] => model_name: finetune
2026-02-07 03:52:52,586 [trainer.py] => backbone_type: clip
2026-02-07 03:52:52,586 [trainer.py] => device: [device(type='cuda', index=7)]
2026-02-07 03:52:52,586 [trainer.py] => seed: 1993
2026-02-07 03:52:52,586 [trainer.py] => init_epoch: 10
2026-02-07 03:52:52,586 [trainer.py] => init_lr: 0.001
2026-02-07 03:52:52,586 [trainer.py] => init_milestones: [60, 120, 170]
2026-02-07 03:52:52,586 [trainer.py] => init_lr_decay: 0.1
2026-02-07 03:52:52,586 [trainer.py] => init_weight_decay: 0.0005
2026-02-07 03:52:52,586 [trainer.py] => epochs: 10
2026-02-07 03:52:52,586 [trainer.py] => lrate: 0.001
2026-02-07 03:52:52,586 [trainer.py] => milestones: [40, 70]
2026-02-07 03:52:52,586 [trainer.py] => lrate_decay: 0.1
2026-02-07 03:52:52,586 [trainer.py] => batch_size: 128
2026-02-07 03:52:52,587 [trainer.py] => weight_decay: 0.0002
2026-02-07 03:52:52,587 [trainer.py] => total_class_num: 101
['Apply Eye Makeup', 'Apply Lipstick', 'Archery', 'Baby Crawling', 'Balance Beam', 'Band Marching', 'Baseball Pitch', 'Basketball', 'Basketball Dunk', 'Bench Press', 'Biking', 'Billiards', 'Blow Dry Hair', 'Blowing Candles', 'Body Weight Squats', 'Bowling', 'Boxing Punching Bag', 'Boxing Speed Bag', 'Breast Stroke', 'Brushing Teeth', 'Clean And Jerk', 'Cliff Diving', 'Cricket Bowling', 'Cricket Shot', 'Cutting In Kitchen', 'Diving', 'Drumming', 'Fencing', 'Field Hockey Penalty', 'Floor Gymnastics', 'Frisbee Catch', 'Front Crawl', 'Golf Swing', 'Haircut', 'Hammer Throw', 'Hammering', 'Hand Stand Pushups', 'Handstand Walking', 'Head Massage', 'High Jump', 'Horse Race', 'Horse Riding', 'Hula Hoop', 'Ice Dancing', 'Javelin Throw', 'Juggling Balls', 'Jump Rope', 'Jumping Jack', 'Kayaking', 'Knitting', 'Long Jump', 'Lunges', 'Military Parade', 'Mixing', 'Mopping Floor', 'Nunchucks', 'Parallel Bars', 'Pizza Tossing', 'Playing Cello', 'Playing Daf', 'Playing Dhol', 'Playing Flute', 'Playing Guitar', 'Playing Piano', 'Playing Sitar', 'Playing Tabla', 'Playing Violin', 'Pole Vault', 'Pommel Horse', 'Pull Ups', 'Punch', 'Push Ups', 'Rafting', 'Rock Climbing Indoor', 'Rope Climbing', 'Rowing', 'Salsa Spin', 'Shaving Beard', 'Shotput', 'Skate Boarding', 'Skiing', 'Skijet', 'Sky Diving', 'Soccer Juggling', 'Soccer Penalty', 'Still Rings', 'Sumo Wrestling', 'Surfing', 'Swing', 'Table Tennis Shot', 'Tai Chi', 'Tennis Swing', 'Throw Discus', 'Trampoline Jumping', 'Typing', 'Uneven Bars', 'Volleyball Spiking', 'Walking With Dog', 'Wall Pushups', 'Writing On Board']
['a photo of a person {}.', 'a video of a person {}.', 'a example of a person {}.', 'a demonstration of a person {}.', 'a photo of the person {}.', 'a video of the person {}.', 'a example of the person {}.', 'a demonstration of the person {}.', 'a photo of a person using {}.', 'a video of a person using {}.', 'a example of a person using {}.', 'a demonstration of a person using {}.', 'a photo of the person using {}.', 'a video of the person using {}.', 'a example of the person using {}.', 'a demonstration of the person using {}.', 'a photo of a person doing {}.', 'a video of a person doing {}.', 'a example of a person doing {}.', 'a demonstration of a person doing {}.', 'a photo of the person doing {}.', 'a video of the person doing {}.', 'a example of the person doing {}.', 'a demonstration of the person doing {}.', 'a photo of a person during {}.', 'a video of a person during {}.', 'a example of a person during {}.', 'a demonstration of a person during {}.', 'a photo of the person during {}.', 'a video of the person during {}.', 'a example of the person during {}.', 'a demonstration of the person during {}.', 'a photo of a person performing {}.', 'a video of a person performing {}.', 'a example of a person performing {}.', 'a demonstration of a person performing {}.', 'a photo of the person performing {}.', 'a video of the person performing {}.', 'a example of the person performing {}.', 'a demonstration of the person performing {}.', 'a photo of a person practicing {}.', 'a video of a person practicing {}.', 'a example of a person practicing {}.', 'a demonstration of a person practicing {}.', 'a photo of the person practicing {}.', 'a video of the person practicing {}.', 'a example of the person practicing {}.', 'a demonstration of the person practicing {}.']
{'Apply_Eye_Makeup': 0, 'Apply_Lipstick': 1, 'Archery': 2, 'Baby_Crawling': 3, 'Balance_Beam': 4, 'Band_Marching': 5, 'Baseball_Pitch': 6, 'Basketball': 7, 'Basketball_Dunk': 8, 'Bench_Press': 9, 'Biking': 10, 'Billiards': 11, 'Blow_Dry_Hair': 12, 'Blowing_Candles': 13, 'Body_Weight_Squats': 14, 'Bowling': 15, 'Boxing_Punching_Bag': 16, 'Boxing_Speed_Bag': 17, 'Breast_Stroke': 18, 'Brushing_Teeth': 19, 'Clean_And_Jerk': 20, 'Cliff_Diving': 21, 'Cricket_Bowling': 22, 'Cricket_Shot': 23, 'Cutting_In_Kitchen': 24, 'Diving': 25, 'Drumming': 26, 'Fencing': 27, 'Field_Hockey_Penalty': 28, 'Floor_Gymnastics': 29, 'Frisbee_Catch': 30, 'Front_Crawl': 31, 'Golf_Swing': 32, 'Haircut': 33, 'Hammer_Throw': 34, 'Hammering': 35, 'Handstand_Pushups': 36, 'Handstand_Walking': 37, 'Head_Massage': 38, 'High_Jump': 39, 'Horse_Race': 40, 'Horse_Riding': 41, 'Hula_Hoop': 42, 'Ice_Dancing': 43, 'Javelin_Throw': 44, 'Juggling_Balls': 45, 'Jump_Rope': 46, 'Jumping_Jack': 47, 'Kayaking': 48, 'Knitting': 49, 'Long_Jump': 50, 'Lunges': 51, 'Military_Parade': 52, 'Mixing': 53, 'Mopping_Floor': 54, 'Nunchucks': 55, 'Parallel_Bars': 56, 'Pizza_Tossing': 57, 'Playing_Cello': 58, 'Playing_Daf': 59, 'Playing_Dhol': 60, 'Playing_Flute': 61, 'Playing_Guitar': 62, 'Playing_Piano': 63, 'Playing_Sitar': 64, 'Playing_Tabla': 65, 'Playing_Violin': 66, 'Pole_Vault': 67, 'Pommel_Horse': 68, 'Pull_Ups': 69, 'Punch': 70, 'Push_Ups': 71, 'Rafting': 72, 'Rock_Climbing_Indoor': 73, 'Rope_Climbing': 74, 'Rowing': 75, 'Salsa_Spin': 76, 'Shaving_Beard': 77, 'Shotput': 78, 'Skate_Boarding': 79, 'Skiing': 80, 'Skijet': 81, 'Sky_Diving': 82, 'Soccer_Juggling': 83, 'Soccer_Penalty': 84, 'Still_Rings': 85, 'Sumo_Wrestling': 86, 'Surfing': 87, 'Swing': 88, 'Table_Tennis_Shot': 89, 'Tai_Chi': 90, 'Tennis_Swing': 91, 'Throw_Discus': 92, 'Trampoline_Jumping': 93, 'Typing': 94, 'Uneven_Bars': 95, 'Volleyball_Spiking': 96, 'Walking_With_Dog': 97, 'Wall_Pushups': 98, 'Writing_On_Board': 99}
2026-02-07 03:52:52,686 [data_manager.py] => [68, 56, 78, 8, 23, 84, 90, 65, 74, 76, 40, 89, 3, 92, 55, 9, 26, 80, 43, 38, 58, 70, 77, 1, 85, 19, 17, 50, 28, 53, 13, 81, 45, 82, 6, 59, 83, 16, 15, 44, 91, 41, 72, 60, 79, 52, 20, 10, 31, 54, 37, 95, 14, 71, 96, 98, 97, 2, 64, 66, 42, 22, 35, 86, 24, 34, 87, 21, 99, 0, 88, 27, 18, 94, 11, 12, 47, 25, 30, 46, 62, 69, 36, 61, 7, 63, 75, 5, 32, 4, 51, 48, 73, 93, 39, 67, 29, 49, 57, 33]
After shuffle, class_to_label is:  ['Pommel Horse', 'Parallel Bars', 'Shotput', 'Basketball Dunk', 'Cricket Shot', 'Soccer Penalty', 'Tai Chi', 'Playing Tabla', 'Rope Climbing', 'Salsa Spin', 'Horse Race', 'Table Tennis Shot', 'Baby Crawling', 'Throw Discus', 'Nunchucks', 'Bench Press', 'Drumming', 'Skiing', 'Ice Dancing', 'Head Massage', 'Playing Cello', 'Punch', 'Shaving Beard', 'Apply Lipstick', 'Still Rings', 'Brushing Teeth', 'Boxing Speed Bag', 'Long Jump', 'Field Hockey Penalty', 'Mixing', 'Blowing Candles', 'Skijet', 'Juggling Balls', 'Sky Diving', 'Baseball Pitch', 'Playing Daf', 'Soccer Juggling', 'Boxing Punching Bag', 'Bowling', 'Javelin Throw', 'Tennis Swing', 'Horse Riding', 'Rafting', 'Playing Dhol', 'Skate Boarding', 'Military Parade', 'Clean And Jerk', 'Biking', 'Front Crawl', 'Mopping Floor', 'Handstand Walking', 'Uneven Bars', 'Body Weight Squats', 'Push Ups', 'Volleyball Spiking', 'Wall Pushups', 'Walking With Dog', 'Archery', 'Playing Sitar', 'Playing Violin', 'Hula Hoop', 'Cricket Bowling', 'Hammering', 'Sumo Wrestling', 'Cutting In Kitchen', 'Hammer Throw', 'Surfing', 'Cliff Diving', 'Writing On Board', 'Apply Eye Makeup', 'Swing', 'Fencing', 'Breast Stroke', 'Typing', 'Billiards', 'Blow Dry Hair', 'Jumping Jack', 'Diving', 'Frisbee Catch', 'Jump Rope', 'Playing Guitar', 'Pull Ups', 'Hand Stand Pushups', 'Playing Flute', 'Basketball', 'Playing Piano', 'Rowing', 'Band Marching', 'Golf Swing', 'Balance Beam', 'Lunges', 'Kayaking', 'Rock Climbing Indoor', 'Trampoline Jumping', 'High Jump', 'Pole Vault', 'Floor Gymnastics', 'Knitting', 'Pizza Tossing', 'Haircut']
Training class stages: [50, 10, 10, 10, 10, 10]
Using CLIP model as the backbone
2026-02-07 03:52:53,794 [instantiator.py] => Created a temporary directory at /tmp/tmp1vnrcnjb
2026-02-07 03:52:53,794 [instantiator.py] => Writing /tmp/tmp1vnrcnjb/_remote_module_non_scriptable.py
2026-02-07 03:52:53,929 [factory.py] => Loaded ViT-B-16 model config.
2026-02-07 03:52:55,333 [factory.py] => Loading pretrained ViT-B-16 weights (/home/team/zhaohongwei/pretrained_models/open_clip_pytorch_model_laion400m_e32.bin).
/home/team/zhaohongwei/anaconda3/envs/mmcl/lib/python3.10/site-packages/torch/_utils.py:776: UserWarning: TypedStorage is deprecated. It will be removed in the future and UntypedStorage will be the only storage class. This should only matter to you if you are using storages directly.  To access UntypedStorage directly, use tensor.untyped_storage() instead of tensor.storage()
  return self.fget.__get__(instance, owner)()
Using CLIP model as the backbone
2026-02-07 03:52:55,797 [factory.py] => Loaded ViT-B-16 model config.
2026-02-07 03:52:57,150 [factory.py] => Loading pretrained ViT-B-16 weights (/home/team/zhaohongwei/pretrained_models/open_clip_pytorch_model_laion400m_e32.bin).
2026-02-07 03:52:57,609 [finetune.py] => Learning on 0-50

  0%|          | 0/10 [00:00<?, ?it/s]
Task 0, Epoch 1/10 => Loss 3.899, Train_accy 6.18, Test_accy 10.30:   0%|          | 0/10 [00:48<?, ?it/s]
Task 0, Epoch 1/10 => Loss 3.899, Train_accy 6.18, Test_accy 10.30:  10%|█         | 1/10 [00:48<07:20, 49.00s/it]
Task 0, Epoch 2/10 => Loss 3.836, Train_accy 28.88:  10%|█         | 1/10 [01:34<07:20, 49.00s/it]                
Task 0, Epoch 2/10 => Loss 3.836, Train_accy 28.88:  20%|██        | 2/10 [01:34<06:13, 46.70s/it]
Task 0, Epoch 3/10 => Loss 3.735, Train_accy 55.92:  20%|██        | 2/10 [02:19<06:13, 46.70s/it]
Task 0, Epoch 3/10 => Loss 3.735, Train_accy 55.92:  30%|███       | 3/10 [02:19<05:22, 46.07s/it]
Task 0, Epoch 4/10 => Loss 3.619, Train_accy 73.68:  30%|███       | 3/10 [03:04<05:22, 46.07s/it]
Task 0, Epoch 4/10 => Loss 3.619, Train_accy 73.68:  40%|████      | 4/10 [03:04<04:33, 45.63s/it]
Task 0, Epoch 5/10 => Loss 3.511, Train_accy 82.50:  40%|████      | 4/10 [03:49<04:33, 45.63s/it]
Task 0, Epoch 5/10 => Loss 3.511, Train_accy 82.50:  50%|█████     | 5/10 [03:49<03:46, 45.39s/it]
Task 0, Epoch 6/10 => Loss 3.420, Train_accy 88.84, Test_accy 86.73:  50%|█████     | 5/10 [04:38<03:46, 45.39s/it]
Task 0, Epoch 6/10 => Loss 3.420, Train_accy 88.84, Test_accy 86.73:  60%|██████    | 6/10 [04:38<03:06, 46.67s/it]
Task 0, Epoch 7/10 => Loss 3.860, Train_accy 11.31:  60%|██████    | 6/10 [05:23<03:06, 46.67s/it]                 
Task 0, Epoch 7/10 => Loss 3.860, Train_accy 11.31:  70%|███████   | 7/10 [05:23<02:18, 46.17s/it]
Task 0, Epoch 8/10 => Loss 3.883, Train_accy 5.88:  70%|███████   | 7/10 [06:08<02:18, 46.17s/it] 
Task 0, Epoch 8/10 => Loss 3.883, Train_accy 5.88:  80%|████████  | 8/10 [06:08<01:31, 45.78s/it]
Task 0, Epoch 9/10 => Loss 3.845, Train_accy 7.95:  80%|████████  | 8/10 [06:53<01:31, 45.78s/it]
Task 0, Epoch 9/10 => Loss 3.845, Train_accy 7.95:  90%|█████████ | 9/10 [06:53<00:45, 45.58s/it]
Task 0, Epoch 10/10 => Loss 3.799, Train_accy 12.32:  90%|█████████ | 9/10 [07:38<00:45, 45.58s/it]
Task 0, Epoch 10/10 => Loss 3.799, Train_accy 12.32: 100%|██████████| 10/10 [07:38<00:00, 45.40s/it]
Task 0, Epoch 10/10 => Loss 3.799, Train_accy 12.32: 100%|██████████| 10/10 [07:38<00:00, 45.87s/it]
2026-02-07 04:00:36,910 [finetune.py] => Task 0, Epoch 10/10 => Loss 3.799, Train_accy 12.32
2026-02-07 04:00:40,988 [trainer.py] => CNN: {'total': 12.66, '00-09': 14.23, '10-19': 16.15, '20-29': 14.18, '30-39': 13.25, '40-49': 5.84, 'old': 0, 'new': 12.66, 'harmonic': 0.0}
2026-02-07 04:00:40,988 [trainer.py] => CNN top1 curve: [12.66]
2026-02-07 04:00:40,988 [trainer.py] => CNN top5 curve: [41.72]
2026-02-07 04:00:40,989 [trainer.py] => Average Accuracy (CNN): 12.66
2026-02-07 04:00:40,991 [finetune.py] => Learning on 50-60

  0%|          | 0/10 [00:00<?, ?it/s]
Task 1, Epoch 1/10 => Loss 2.292, Train_accy 0.00, Test_accy 9.02:   0%|          | 0/10 [00:13<?, ?it/s]
Task 1, Epoch 1/10 => Loss 2.292, Train_accy 0.00, Test_accy 9.02:  10%|█         | 1/10 [00:13<01:59, 13.23s/it]
Task 1, Epoch 2/10 => Loss 2.255, Train_accy 3.55, Test_accy 9.66:  10%|█         | 1/10 [00:26<01:59, 13.23s/it]
Task 1, Epoch 2/10 => Loss 2.255, Train_accy 3.55, Test_accy 9.66:  20%|██        | 2/10 [00:26<01:46, 13.32s/it]
Task 1, Epoch 3/10 => Loss 2.222, Train_accy 8.03, Test_accy 7.35:  20%|██        | 2/10 [00:39<01:46, 13.32s/it]
Task 1, Epoch 3/10 => Loss 2.222, Train_accy 8.03, Test_accy 7.35:  30%|███       | 3/10 [00:39<01:33, 13.34s/it]
Task 1, Epoch 4/10 => Loss 2.192, Train_accy 16.37, Test_accy 8.12:  30%|███       | 3/10 [00:53<01:33, 13.34s/it]
Task 1, Epoch 4/10 => Loss 2.192, Train_accy 16.37, Test_accy 8.12:  40%|████      | 4/10 [00:53<01:19, 13.32s/it]
Task 1, Epoch 5/10 => Loss 2.163, Train_accy 27.74, Test_accy 9.28:  40%|████      | 4/10 [01:06<01:19, 13.32s/it]
Task 1, Epoch 5/10 => Loss 2.163, Train_accy 27.74, Test_accy 9.28:  50%|█████     | 5/10 [01:06<01:06, 13.30s/it]
Task 1, Epoch 6/10 => Loss 2.130, Train_accy 35.66, Test_accy 8.89:  50%|█████     | 5/10 [01:19<01:06, 13.30s/it]
Task 1, Epoch 6/10 => Loss 2.130, Train_accy 35.66, Test_accy 8.89:  60%|██████    | 6/10 [01:19<00:53, 13.31s/it]
Task 1, Epoch 7/10 => Loss 2.099, Train_accy 46.40, Test_accy 8.05:  60%|██████    | 6/10 [01:33<00:53, 13.31s/it]
Task 1, Epoch 7/10 => Loss 2.099, Train_accy 46.40, Test_accy 8.05:  70%|███████   | 7/10 [01:33<00:39, 13.30s/it]
Task 1, Epoch 8/10 => Loss 2.068, Train_accy 48.18, Test_accy 9.41:  70%|███████   | 7/10 [01:46<00:39, 13.30s/it]
Task 1, Epoch 8/10 => Loss 2.068, Train_accy 48.18, Test_accy 9.41:  80%|████████  | 8/10 [01:46<00:26, 13.28s/it]
Task 1, Epoch 9/10 => Loss 2.039, Train_accy 53.60, Test_accy 8.96:  80%|████████  | 8/10 [01:59<00:26, 13.28s/it]
Task 1, Epoch 9/10 => Loss 2.039, Train_accy 53.60, Test_accy 8.96:  90%|█████████ | 9/10 [01:59<00:13, 13.28s/it]
Task 1, Epoch 10/10 => Loss 2.002, Train_accy 56.31, Test_accy 8.44:  90%|█████████ | 9/10 [02:12<00:13, 13.28s/it]
Task 1, Epoch 10/10 => Loss 2.002, Train_accy 56.31, Test_accy 8.44: 100%|██████████| 10/10 [02:12<00:00, 13.29s/it]
Task 1, Epoch 10/10 => Loss 2.002, Train_accy 56.31, Test_accy 8.44: 100%|██████████| 10/10 [02:12<00:00, 13.30s/it]
2026-02-07 04:02:53,975 [finetune.py] => Task 1, Epoch 10/10 => Loss 2.002, Train_accy 56.31, Test_accy 8.44
2026-02-07 04:02:58,681 [trainer.py] => CNN: {'total': 8.44, '00-09': 1.58, '10-19': 1.15, '20-29': 0.0, '30-39': 0.0, '40-49': 1.82, '50-59': 49.38, 'old': 0.92, 'new': 49.38, 'harmonic': 1.81}
2026-02-07 04:02:58,682 [trainer.py] => CNN top1 curve: [12.66, 8.44]
2026-02-07 04:02:58,682 [trainer.py] => CNN top5 curve: [41.72, 26.48]
2026-02-07 04:02:58,682 [trainer.py] => Average Accuracy (CNN): 10.55
2026-02-07 04:02:58,683 [finetune.py] => Learning on 60-70

  0%|          | 0/10 [00:00<?, ?it/s]
Task 2, Epoch 1/10 => Loss 2.279, Train_accy 0.19, Test_accy 6.57:   0%|          | 0/10 [00:14<?, ?it/s]
Task 2, Epoch 1/10 => Loss 2.279, Train_accy 0.19, Test_accy 6.57:  10%|█         | 1/10 [00:14<02:12, 14.77s/it]
Task 2, Epoch 2/10 => Loss 2.213, Train_accy 11.43, Test_accy 8.27:  10%|█         | 1/10 [00:29<02:12, 14.77s/it]
Task 2, Epoch 2/10 => Loss 2.213, Train_accy 11.43, Test_accy 8.27:  20%|██        | 2/10 [00:29<01:58, 14.76s/it]
Task 2, Epoch 3/10 => Loss 2.142, Train_accy 29.99, Test_accy 8.38:  20%|██        | 2/10 [00:44<01:58, 14.76s/it]
Task 2, Epoch 3/10 => Loss 2.142, Train_accy 29.99, Test_accy 8.38:  30%|███       | 3/10 [00:44<01:43, 14.78s/it]
Task 2, Epoch 4/10 => Loss 2.083, Train_accy 46.20, Test_accy 8.21:  30%|███       | 3/10 [00:59<01:43, 14.78s/it]
Task 2, Epoch 4/10 => Loss 2.083, Train_accy 46.20, Test_accy 8.21:  40%|████      | 4/10 [00:59<01:28, 14.81s/it]
Task 2, Epoch 5/10 => Loss 2.026, Train_accy 55.39, Test_accy 9.09:  40%|████      | 4/10 [01:13<01:28, 14.81s/it]
Task 2, Epoch 5/10 => Loss 2.026, Train_accy 55.39, Test_accy 9.09:  50%|█████     | 5/10 [01:13<01:13, 14.80s/it]
Task 2, Epoch 6/10 => Loss 1.971, Train_accy 61.39, Test_accy 8.71:  50%|█████     | 5/10 [01:28<01:13, 14.80s/it]
Task 2, Epoch 6/10 => Loss 1.971, Train_accy 61.39, Test_accy 8.71:  60%|██████    | 6/10 [01:28<00:59, 14.82s/it]
Task 2, Epoch 7/10 => Loss 1.925, Train_accy 67.57, Test_accy 9.47:  60%|██████    | 6/10 [01:43<00:59, 14.82s/it]
Task 2, Epoch 7/10 => Loss 1.925, Train_accy 67.57, Test_accy 9.47:  70%|███████   | 7/10 [01:43<00:44, 14.83s/it]
Task 2, Epoch 8/10 => Loss 1.889, Train_accy 71.23, Test_accy 9.80:  70%|███████   | 7/10 [01:58<00:44, 14.83s/it]
Task 2, Epoch 8/10 => Loss 1.889, Train_accy 71.23, Test_accy 9.80:  80%|████████  | 8/10 [01:58<00:29, 14.83s/it]
Task 2, Epoch 9/10 => Loss 1.847, Train_accy 75.07, Test_accy 10.08:  80%|████████  | 8/10 [02:13<00:29, 14.83s/it]
Task 2, Epoch 9/10 => Loss 1.847, Train_accy 75.07, Test_accy 10.08:  90%|█████████ | 9/10 [02:13<00:14, 14.81s/it]
Task 2, Epoch 10/10 => Loss 1.811, Train_accy 77.13, Test_accy 10.46:  90%|█████████ | 9/10 [02:28<00:14, 14.81s/it]
Task 2, Epoch 10/10 => Loss 1.811, Train_accy 77.13, Test_accy 10.46: 100%|██████████| 10/10 [02:28<00:00, 14.80s/it]
Task 2, Epoch 10/10 => Loss 1.811, Train_accy 77.13, Test_accy 10.46: 100%|██████████| 10/10 [02:28<00:00, 14.80s/it]
2026-02-07 04:05:26,738 [finetune.py] => Task 2, Epoch 10/10 => Loss 1.811, Train_accy 77.13, Test_accy 10.46
2026-02-07 04:05:32,091 [trainer.py] => CNN: {'total': 10.46, '00-09': 0.0, '10-19': 0.0, '20-29': 0.0, '30-39': 0.0, '40-49': 0.0, '50-59': 2.07, '60-69': 67.88, 'old': 0.32, 'new': 67.88, 'harmonic': 0.64}
2026-02-07 04:05:32,092 [trainer.py] => CNN top1 curve: [12.66, 8.44, 10.46]
2026-02-07 04:05:32,092 [trainer.py] => CNN top5 curve: [41.72, 26.48, 21.74]
2026-02-07 04:05:32,092 [trainer.py] => Average Accuracy (CNN): 10.520000000000001
2026-02-07 04:05:32,094 [finetune.py] => Learning on 70-80

  0%|          | 0/10 [00:00<?, ?it/s]
Task 3, Epoch 1/10 => Loss 2.260, Train_accy 0.00, Test_accy 9.01:   0%|          | 0/10 [00:15<?, ?it/s]
Task 3, Epoch 1/10 => Loss 2.260, Train_accy 0.00, Test_accy 9.01:  10%|█         | 1/10 [00:15<02:18, 15.34s/it]
Task 3, Epoch 2/10 => Loss 2.157, Train_accy 7.67, Test_accy 11.17:  10%|█         | 1/10 [00:30<02:18, 15.34s/it]
Task 3, Epoch 2/10 => Loss 2.157, Train_accy 7.67, Test_accy 11.17:  20%|██        | 2/10 [00:30<02:03, 15.38s/it]
Task 3, Epoch 3/10 => Loss 2.067, Train_accy 41.61, Test_accy 12.18:  20%|██        | 2/10 [00:46<02:03, 15.38s/it]
Task 3, Epoch 3/10 => Loss 2.067, Train_accy 41.61, Test_accy 12.18:  30%|███       | 3/10 [00:46<01:47, 15.39s/it]
Task 3, Epoch 4/10 => Loss 1.990, Train_accy 62.22, Test_accy 10.21:  30%|███       | 3/10 [01:01<01:47, 15.39s/it]
Task 3, Epoch 4/10 => Loss 1.990, Train_accy 62.22, Test_accy 10.21:  40%|████      | 4/10 [01:01<01:32, 15.40s/it]
Task 3, Epoch 5/10 => Loss 1.920, Train_accy 72.77, Test_accy 9.64:  40%|████      | 4/10 [01:16<01:32, 15.40s/it] 
Task 3, Epoch 5/10 => Loss 1.920, Train_accy 72.77, Test_accy 9.64:  50%|█████     | 5/10 [01:16<01:16, 15.39s/it]
Task 3, Epoch 6/10 => Loss 1.867, Train_accy 76.22, Test_accy 9.88:  50%|█████     | 5/10 [01:32<01:16, 15.39s/it]
Task 3, Epoch 6/10 => Loss 1.867, Train_accy 76.22, Test_accy 9.88:  60%|██████    | 6/10 [01:32<01:01, 15.41s/it]
Task 3, Epoch 7/10 => Loss 1.814, Train_accy 81.59, Test_accy 9.73:  60%|██████    | 6/10 [01:47<01:01, 15.41s/it]
Task 3, Epoch 7/10 => Loss 1.814, Train_accy 81.59, Test_accy 9.73:  70%|███████   | 7/10 [01:47<00:46, 15.37s/it]
Task 3, Epoch 8/10 => Loss 1.771, Train_accy 84.56, Test_accy 10.31:  70%|███████   | 7/10 [02:03<00:46, 15.37s/it]
Task 3, Epoch 8/10 => Loss 1.771, Train_accy 84.56, Test_accy 10.31:  80%|████████  | 8/10 [02:03<00:30, 15.36s/it]
Task 3, Epoch 9/10 => Loss 1.737, Train_accy 87.34, Test_accy 10.55:  80%|████████  | 8/10 [02:18<00:30, 15.36s/it]
Task 3, Epoch 9/10 => Loss 1.737, Train_accy 87.34, Test_accy 10.55:  90%|█████████ | 9/10 [02:18<00:15, 15.37s/it]
Task 3, Epoch 10/10 => Loss 1.687, Train_accy 90.41, Test_accy 10.74:  90%|█████████ | 9/10 [02:33<00:15, 15.37s/it]
Task 3, Epoch 10/10 => Loss 1.687, Train_accy 90.41, Test_accy 10.74: 100%|██████████| 10/10 [02:33<00:00, 15.34s/it]
Task 3, Epoch 10/10 => Loss 1.687, Train_accy 90.41, Test_accy 10.74: 100%|██████████| 10/10 [02:33<00:00, 15.37s/it]
2026-02-07 04:08:05,771 [finetune.py] => Task 3, Epoch 10/10 => Loss 1.687, Train_accy 90.41, Test_accy 10.74
2026-02-07 04:08:11,761 [trainer.py] => CNN: {'total': 10.74, '00-09': 0.0, '10-19': 0.0, '20-29': 0.0, '30-39': 0.0, '40-49': 0.0, '50-59': 2.49, '60-69': 0.0, '70-79': 83.85, 'old': 0.33, 'new': 83.85, 'harmonic': 0.66}
2026-02-07 04:08:11,762 [trainer.py] => CNN top1 curve: [12.66, 8.44, 10.46, 10.74]
2026-02-07 04:08:11,762 [trainer.py] => CNN top5 curve: [41.72, 26.48, 21.74, 20.66]
2026-02-07 04:08:11,762 [trainer.py] => Average Accuracy (CNN): 10.575000000000001
2026-02-07 04:08:11,765 [finetune.py] => Learning on 80-90

  0%|          | 0/10 [00:00<?, ?it/s]
Task 4, Epoch 1/10 => Loss 2.269, Train_accy 0.10, Test_accy 8.02:   0%|          | 0/10 [00:15<?, ?it/s]
Task 4, Epoch 1/10 => Loss 2.269, Train_accy 0.10, Test_accy 8.02:  10%|█         | 1/10 [00:15<02:23, 15.95s/it]
Task 4, Epoch 2/10 => Loss 2.208, Train_accy 10.05, Test_accy 4.83:  10%|█         | 1/10 [00:31<02:23, 15.95s/it]
Task 4, Epoch 2/10 => Loss 2.208, Train_accy 10.05, Test_accy 4.83:  20%|██        | 2/10 [00:31<02:07, 15.95s/it]
Task 4, Epoch 3/10 => Loss 2.240, Train_accy 12.20, Test_accy 5.42:  20%|██        | 2/10 [00:47<02:07, 15.95s/it]
Task 4, Epoch 3/10 => Loss 2.240, Train_accy 12.20, Test_accy 5.42:  30%|███       | 3/10 [00:47<01:51, 15.96s/it]
Task 4, Epoch 4/10 => Loss 2.149, Train_accy 24.39, Test_accy 4.20:  30%|███       | 3/10 [01:03<01:51, 15.96s/it]
Task 4, Epoch 4/10 => Loss 2.149, Train_accy 24.39, Test_accy 4.20:  40%|████      | 4/10 [01:03<01:35, 16.00s/it]
Task 4, Epoch 5/10 => Loss 2.123, Train_accy 30.15, Test_accy 5.00:  40%|████      | 4/10 [01:19<01:35, 16.00s/it]
Task 4, Epoch 5/10 => Loss 2.123, Train_accy 30.15, Test_accy 5.00:  50%|█████     | 5/10 [01:19<01:19, 15.98s/it]
Task 4, Epoch 6/10 => Loss 2.027, Train_accy 44.39, Test_accy 6.21:  50%|█████     | 5/10 [01:35<01:19, 15.98s/it]
Task 4, Epoch 6/10 => Loss 2.027, Train_accy 44.39, Test_accy 6.21:  60%|██████    | 6/10 [01:35<01:03, 15.98s/it]
Task 4, Epoch 7/10 => Loss 2.030, Train_accy 49.95, Test_accy 3.74:  60%|██████    | 6/10 [01:51<01:03, 15.98s/it]
Task 4, Epoch 7/10 => Loss 2.030, Train_accy 49.95, Test_accy 3.74:  70%|███████   | 7/10 [01:51<00:47, 15.98s/it]
Task 4, Epoch 8/10 => Loss 2.198, Train_accy 27.41, Test_accy 3.02:  70%|███████   | 7/10 [02:07<00:47, 15.98s/it]
Task 4, Epoch 8/10 => Loss 2.198, Train_accy 27.41, Test_accy 3.02:  80%|████████  | 8/10 [02:07<00:31, 15.94s/it]
Task 4, Epoch 9/10 => Loss 2.172, Train_accy 26.44, Test_accy 3.61:  80%|████████  | 8/10 [02:23<00:31, 15.94s/it]
Task 4, Epoch 9/10 => Loss 2.172, Train_accy 26.44, Test_accy 3.61:  90%|█████████ | 9/10 [02:23<00:15, 15.90s/it]
Task 4, Epoch 10/10 => Loss 2.135, Train_accy 27.12, Test_accy 4.58:  90%|█████████ | 9/10 [02:39<00:15, 15.90s/it]
Task 4, Epoch 10/10 => Loss 2.135, Train_accy 27.12, Test_accy 4.58: 100%|██████████| 10/10 [02:39<00:00, 15.92s/it]
Task 4, Epoch 10/10 => Loss 2.135, Train_accy 27.12, Test_accy 4.58: 100%|██████████| 10/10 [02:39<00:00, 15.95s/it]
2026-02-07 04:10:51,265 [finetune.py] => Task 4, Epoch 10/10 => Loss 2.135, Train_accy 27.12, Test_accy 4.58
2026-02-07 04:10:57,928 [trainer.py] => CNN: {'total': 4.58, '00-09': 0.0, '10-19': 0.0, '20-29': 0.0, '30-39': 0.0, '40-49': 0.0, '50-59': 0.0, '60-69': 0.0, '70-79': 0.0, '80-89': 36.82, 'old': 0.0, 'new': 36.82, 'harmonic': 0.0}
2026-02-07 04:10:57,928 [trainer.py] => CNN top1 curve: [12.66, 8.44, 10.46, 10.74, 4.58]
2026-02-07 04:10:57,928 [trainer.py] => CNN top5 curve: [41.72, 26.48, 21.74, 20.66, 14.69]
2026-02-07 04:10:57,928 [trainer.py] => Average Accuracy (CNN): 9.376000000000001
2026-02-07 04:10:57,930 [finetune.py] => Learning on 90-100

  0%|          | 0/10 [00:00<?, ?it/s]
Task 5, Epoch 1/10 => Loss 2.301, Train_accy 0.00, Test_accy 4.32:   0%|          | 0/10 [00:16<?, ?it/s]
Task 5, Epoch 1/10 => Loss 2.301, Train_accy 0.00, Test_accy 4.32:  10%|█         | 1/10 [00:16<02:30, 16.70s/it]
Task 5, Epoch 2/10 => Loss 2.273, Train_accy 0.00, Test_accy 4.09:  10%|█         | 1/10 [00:33<02:30, 16.70s/it]
Task 5, Epoch 2/10 => Loss 2.273, Train_accy 0.00, Test_accy 4.09:  20%|██        | 2/10 [00:33<02:14, 16.77s/it]
Task 5, Epoch 3/10 => Loss 2.230, Train_accy 0.00, Test_accy 4.24:  20%|██        | 2/10 [00:50<02:14, 16.77s/it]
Task 5, Epoch 3/10 => Loss 2.230, Train_accy 0.00, Test_accy 4.24:  30%|███       | 3/10 [00:50<01:57, 16.74s/it]
Task 5, Epoch 4/10 => Loss 2.194, Train_accy 4.73, Test_accy 4.74:  30%|███       | 3/10 [01:06<01:57, 16.74s/it]
Task 5, Epoch 4/10 => Loss 2.194, Train_accy 4.73, Test_accy 4.74:  40%|████      | 4/10 [01:06<01:40, 16.70s/it]
Task 5, Epoch 5/10 => Loss 2.161, Train_accy 26.52, Test_accy 5.12:  40%|████      | 4/10 [01:23<01:40, 16.70s/it]
Task 5, Epoch 5/10 => Loss 2.161, Train_accy 26.52, Test_accy 5.12:  50%|█████     | 5/10 [01:23<01:23, 16.71s/it]
Task 5, Epoch 6/10 => Loss 2.112, Train_accy 40.50, Test_accy 4.70:  50%|█████     | 5/10 [01:40<01:23, 16.71s/it]
Task 5, Epoch 6/10 => Loss 2.112, Train_accy 40.50, Test_accy 4.70:  60%|██████    | 6/10 [01:40<01:06, 16.67s/it]
Task 5, Epoch 7/10 => Loss 2.068, Train_accy 45.23, Test_accy 5.23:  60%|██████    | 6/10 [01:56<01:06, 16.67s/it]
Task 5, Epoch 7/10 => Loss 2.068, Train_accy 45.23, Test_accy 5.23:  70%|███████   | 7/10 [01:56<00:50, 16.69s/it]
Task 5, Epoch 8/10 => Loss 2.027, Train_accy 51.59, Test_accy 5.31:  70%|███████   | 7/10 [02:13<00:50, 16.69s/it]
Task 5, Epoch 8/10 => Loss 2.027, Train_accy 51.59, Test_accy 5.31:  80%|████████  | 8/10 [02:13<00:33, 16.68s/it]
Task 5, Epoch 9/10 => Loss 1.980, Train_accy 55.74, Test_accy 5.27:  80%|████████  | 8/10 [02:30<00:33, 16.68s/it]
Task 5, Epoch 9/10 => Loss 1.980, Train_accy 55.74, Test_accy 5.27:  90%|█████████ | 9/10 [02:30<00:16, 16.66s/it]
Task 5, Epoch 10/10 => Loss 1.993, Train_accy 53.13, Test_accy 4.62:  90%|█████████ | 9/10 [02:46<00:16, 16.66s/it]
Task 5, Epoch 10/10 => Loss 1.993, Train_accy 53.13, Test_accy 4.62: 100%|██████████| 10/10 [02:46<00:00, 16.65s/it]
Task 5, Epoch 10/10 => Loss 1.993, Train_accy 53.13, Test_accy 4.62: 100%|██████████| 10/10 [02:46<00:00, 16.68s/it]
2026-02-07 04:13:44,760 [finetune.py] => Task 5, Epoch 10/10 => Loss 1.993, Train_accy 53.13, Test_accy 4.62
2026-02-07 04:13:52,081 [trainer.py] => CNN: {'total': 4.62, '00-09': 0.0, '10-19': 0.0, '20-29': 0.0, '30-39': 0.0, '40-49': 0.0, '50-59': 0.0, '60-69': 0.0, '70-79': 0.0, '80-89': 2.36, '90-99': 44.75, 'old': 0.29, 'new': 44.75, 'harmonic': 0.58}
2026-02-07 04:13:52,082 [trainer.py] => CNN top1 curve: [12.66, 8.44, 10.46, 10.74, 4.58, 4.62]
2026-02-07 04:13:52,082 [trainer.py] => CNN top5 curve: [41.72, 26.48, 21.74, 20.66, 14.69, 13.83]
2026-02-07 04:13:52,082 [trainer.py] => Average Accuracy (CNN): 8.583333333333334

========================================
Finished ucf101_init50_inc10
Backbone: OpenCLIP_LAION400M
Average Accuracy (Top1): 8.58
Last Accuracy: 4.62
========================================

2026-02-08 16:48:12,366 [trainer.py] => config: ./configs/finetune/finetune_sun_B0_Inc30.json
2026-02-08 16:48:12,366 [trainer.py] => prefix: -
2026-02-08 16:48:12,366 [trainer.py] => dataset: sun
2026-02-08 16:48:12,366 [trainer.py] => memory_size: 0
2026-02-08 16:48:12,366 [trainer.py] => memory_per_class: 0
2026-02-08 16:48:12,366 [trainer.py] => fixed_memory: False
2026-02-08 16:48:12,366 [trainer.py] => shuffle: True
2026-02-08 16:48:12,366 [trainer.py] => init_cls: 30
2026-02-08 16:48:12,366 [trainer.py] => increment: 30
2026-02-08 16:48:12,366 [trainer.py] => model_name: finetune
2026-02-08 16:48:12,366 [trainer.py] => backbone_type: clip
2026-02-08 16:48:12,366 [trainer.py] => device: [device(type='cuda', index=7)]
2026-02-08 16:48:12,366 [trainer.py] => seed: 1993
2026-02-08 16:48:12,366 [trainer.py] => init_epoch: 10
2026-02-08 16:48:12,366 [trainer.py] => init_lr: 0.001
2026-02-08 16:48:12,366 [trainer.py] => init_milestones: [60, 120, 170]
2026-02-08 16:48:12,366 [trainer.py] => init_lr_decay: 0.1
2026-02-08 16:48:12,366 [trainer.py] => init_weight_decay: 0.0005
2026-02-08 16:48:12,366 [trainer.py] => epochs: 10
2026-02-08 16:48:12,366 [trainer.py] => lrate: 0.001
2026-02-08 16:48:12,366 [trainer.py] => milestones: [40, 70]
2026-02-08 16:48:12,366 [trainer.py] => lrate_decay: 0.1
2026-02-08 16:48:12,366 [trainer.py] => batch_size: 128
2026-02-08 16:48:12,366 [trainer.py] => weight_decay: 0.0002
2026-02-08 16:48:12,366 [trainer.py] => total_class_num: 300
['abbey', 'airplane cabin', 'airport terminal', 'alley', 'amphitheater', 'amusement arcade', 'amusement park', 'anechoic chamber', 'apartment building', 'apse', 'aquarium', 'aqueduct', 'arch', 'archive', 'arrival gate', 'art gallery', 'art school', 'art studio', 'assembly line', 'athletic field', 'atrium', 'attic', 'auditorium', 'auto factory', 'badlands', 'badminton court', 'baggage claim', 'bakery', 'balcony', 'ball pit', 'ballroom', 'bamboo forest', 'banquet hall', 'bar', 'barn', 'barndoor', 'baseball field', 'basement', 'basilica', 'basketball court', 'bathroom', 'batters box', 'bayou', 'bazaar', 'beach', 'beauty salon', 'bedroom', 'berth', 'biology laboratory', 'bistro', 'boardwalk', 'boat deck', 'boathouse', 'bookstore', 'booth', 'botanical garden', 'bow window', 'bowling alley', 'boxing ring', 'brewery', 'bridge', 'building facade', 'bullring', 'burial chamber', 'bus interior', 'butchers shop', 'butte', 'cabin', 'cafeteria', 'campsite', 'campus', 'canal', 'candy store', 'canyon', 'car interior', 'carrousel', 'casino', 'castle', 'catacomb', 'cathedral', 'cavern', 'cemetery', 'chalet', 'cheese factory', 'chemistry lab', 'chicken coop', 'childs room', 'church', 'classroom', 'clean room', 'cliff', 'cloister', 'closet', 'clothing store', 'coast', 'cockpit', 'coffee shop', 'computer room', 'conference center', 'conference room', 'construction site', 'control room', 'control tower', 'corn field', 'corral', 'corridor', 'cottage garden', 'courthouse', 'courtroom', 'courtyard', 'covered bridge', 'creek', 'crevasse', 'crosswalk', 'cubicle', 'dam', 'delicatessen', 'dentists office', 'desert', 'diner', 'dinette', 'dining car', 'dining room', 'discotheque', 'dock', 'doorway', 'dorm room', 'driveway', 'driving range', 'drugstore', 'electrical substation', 'elevator', 'elevator shaft', 'engine room', 'escalator', 'excavation', 'factory', 'fairway', 'fastfood restaurant', 'field', 'fire escape', 'fire station', 'firing range', 'fishpond', 'florist shop', 'food court', 'forest', 'forest path', 'forest road', 'formal garden', 'fountain', 'galley', 'game room', 'garage', 'garbage dump', 'gas station', 'gazebo', 'general store', 'gift shop', 'golf course', 'greenhouse', 'gymnasium', 'hangar', 'harbor', 'hayfield', 'heliport', 'herb garden', 'highway', 'hill', 'home office', 'hospital', 'hospital room', 'hot spring', 'hot tub', 'hotel', 'hotel room', 'house', 'hunting lodge', 'ice cream parlor', 'ice floe', 'ice shelf', 'ice skating rink', 'iceberg', 'igloo', 'industrial area', 'inn', 'islet', 'jacuzzi', 'jail', 'jail cell', 'jewelry shop', 'kasbah', 'kennel', 'kindergarden classroom', 'kitchen', 'kitchenette', 'labyrinth', 'lake', 'landfill', 'landing deck', 'laundromat', 'lecture room', 'library', 'lido deck', 'lift bridge', 'lighthouse', 'limousine interior', 'living room', 'lobby', 'lock chamber', 'locker room', 'mansion', 'manufactured home', 'market', 'marsh', 'martial arts gym', 'mausoleum', 'medina', 'moat', 'monastery', 'mosque', 'motel', 'mountain', 'mountain snowy', 'movie theater', 'museum', 'music store', 'music studio', 'nuclear power plant', 'nursery', 'oast house', 'observatory', 'ocean', 'office', 'office building', 'oil refinery', 'oilrig', 'operating room', 'orchard', 'outhouse', 'pagoda', 'palace', 'pantry', 'park', 'parking garage', 'parking lot', 'parlor', 'pasture', 'patio', 'pavilion', 'pharmacy', 'phone booth', 'physics laboratory', 'picnic area', 'pilothouse', 'planetarium', 'playground', 'playroom', 'plaza', 'podium', 'pond', 'poolroom', 'power plant', 'promenade deck', 'pub', 'pulpit', 'putting green', 'racecourse', 'raceway', 'raft', 'railroad track', 'rainforest', 'reception', 'recreation room', 'residential neighborhood', 'restaurant', 'restaurant kitchen', 'restaurant patio', 'rice paddy', 'riding arena', 'river', 'rock arch', 'rope bridge', 'ruin', 'runway', 'sandbar', 'sandbox', 'sauna', 'schoolhouse', 'sea cliff', 'server room', 'shed', 'shoe shop', 'shopfront', 'shopping mall', 'shower', 'skatepark', 'ski lodge', 'ski resort', 'ski slope']
['a photo of a {}.', 'a photo of the {}.']
{'abbey': 0, 'airplane_cabin': 1, 'airport_terminal': 2, 'alley': 3, 'amphitheater': 4, 'amusement_arcade': 5, 'amusement_park': 6, 'anechoic_chamber': 7, 'apartment_building': 8, 'apse': 9, 'aquarium': 10, 'aqueduct': 11, 'arch': 12, 'archive': 13, 'arrival_gate': 14, 'art_gallery': 15, 'art_school': 16, 'art_studio': 17, 'assembly_line': 18, 'athletic_field': 19, 'atrium': 20, 'attic': 21, 'auditorium': 22, 'auto_factory': 23, 'badlands': 24, 'badminton_court': 25, 'baggage_claim': 26, 'bakery': 27, 'balcony': 28, 'ball_pit': 29, 'ballroom': 30, 'bamboo_forest': 31, 'banquet_hall': 32, 'bar': 33, 'barn': 34, 'barndoor': 35, 'baseball_field': 36, 'basement': 37, 'basilica': 38, 'basketball_court': 39, 'bathroom': 40, 'batters_box': 41, 'bayou': 42, 'bazaar': 43, 'beach': 44, 'beauty_salon': 45, 'bedroom': 46, 'berth': 47, 'biology_laboratory': 48, 'bistro': 49, 'boardwalk': 50, 'boat_deck': 51, 'boathouse': 52, 'bookstore': 53, 'booth': 54, 'botanical_garden': 55, 'bow_window': 56, 'bowling_alley': 57, 'boxing_ring': 58, 'brewery': 59, 'bridge': 60, 'building_facade': 61, 'bullring': 62, 'burial_chamber': 63, 'bus_interior': 64, 'butchers_shop': 65, 'butte': 66, 'cabin': 67, 'cafeteria': 68, 'campsite': 69, 'campus': 70, 'canal': 71, 'candy_store': 72, 'canyon': 73, 'car_interior': 74, 'carrousel': 75, 'casino': 76, 'castle': 77, 'catacomb': 78, 'cathedral': 79, 'cavern': 80, 'cemetery': 81, 'chalet': 82, 'cheese_factory': 83, 'chemistry_lab': 84, 'chicken_coop': 85, 'childs_room': 86, 'church': 87, 'classroom': 88, 'clean_room': 89, 'cliff': 90, 'cloister': 91, 'closet': 92, 'clothing_store': 93, 'coast': 94, 'cockpit': 95, 'coffee_shop': 96, 'computer_room': 97, 'conference_center': 98, 'conference_room': 99, 'construction_site': 100, 'control_room': 101, 'control_tower': 102, 'corn_field': 103, 'corral': 104, 'corridor': 105, 'cottage_garden': 106, 'courthouse': 107, 'courtroom': 108, 'courtyard': 109, 'covered_bridge': 110, 'creek': 111, 'crevasse': 112, 'crosswalk': 113, 'cubicle': 114, 'dam': 115, 'delicatessen': 116, 'dentists_office': 117, 'desert': 118, 'diner': 119, 'dinette': 120, 'dining_car': 121, 'dining_room': 122, 'discotheque': 123, 'dock': 124, 'doorway': 125, 'dorm_room': 126, 'driveway': 127, 'driving_range': 128, 'drugstore': 129, 'electrical_substation': 130, 'elevator': 131, 'elevator_shaft': 132, 'engine_room': 133, 'escalator': 134, 'excavation': 135, 'factory': 136, 'fairway': 137, 'fastfood_restaurant': 138, 'field': 139, 'fire_escape': 140, 'fire_station': 141, 'firing_range': 142, 'fishpond': 143, 'florist_shop': 144, 'food_court': 145, 'forest': 146, 'forest_path': 147, 'forest_road': 148, 'formal_garden': 149, 'fountain': 150, 'galley': 151, 'game_room': 152, 'garage': 153, 'garbage_dump': 154, 'gas_station': 155, 'gazebo': 156, 'general_store': 157, 'gift_shop': 158, 'golf_course': 159, 'greenhouse': 160, 'gymnasium': 161, 'hangar': 162, 'harbor': 163, 'hayfield': 164, 'heliport': 165, 'herb_garden': 166, 'highway': 167, 'hill': 168, 'home_office': 169, 'hospital': 170, 'hospital_room': 171, 'hot_spring': 172, 'hot_tub': 173, 'hotel': 174, 'hotel_room': 175, 'house': 176, 'hunting_lodge': 177, 'ice_cream_parlor': 178, 'ice_floe': 179, 'ice_shelf': 180, 'ice_skating_rink': 181, 'iceberg': 182, 'igloo': 183, 'industrial_area': 184, 'inn': 185, 'islet': 186, 'jacuzzi': 187, 'jail': 188, 'jail_cell': 189, 'jewelry_shop': 190, 'kasbah': 191, 'kennel': 192, 'kindergarden_classroom': 193, 'kitchen': 194, 'kitchenette': 195, 'labyrinth': 196, 'lake': 197, 'landfill': 198, 'landing_deck': 199, 'laundromat': 200, 'lecture_room': 201, 'library': 202, 'lido_deck': 203, 'lift_bridge': 204, 'lighthouse': 205, 'limousine_interior': 206, 'living_room': 207, 'lobby': 208, 'lock_chamber': 209, 'locker_room': 210, 'mansion': 211, 'manufactured_home': 212, 'market': 213, 'marsh': 214, 'martial_arts_gym': 215, 'mausoleum': 216, 'medina': 217, 'moat': 218, 'monastery': 219, 'mosque': 220, 'motel': 221, 'mountain': 222, 'mountain_snowy': 223, 'movie_theater': 224, 'museum': 225, 'music_store': 226, 'music_studio': 227, 'nuclear_power_plant': 228, 'nursery': 229, 'oast_house': 230, 'observatory': 231, 'ocean': 232, 'office': 233, 'office_building': 234, 'oil_refinery': 235, 'oilrig': 236, 'operating_room': 237, 'orchard': 238, 'outhouse': 239, 'pagoda': 240, 'palace': 241, 'pantry': 242, 'park': 243, 'parking_garage': 244, 'parking_lot': 245, 'parlor': 246, 'pasture': 247, 'patio': 248, 'pavilion': 249, 'pharmacy': 250, 'phone_booth': 251, 'physics_laboratory': 252, 'picnic_area': 253, 'pilothouse': 254, 'planetarium': 255, 'playground': 256, 'playroom': 257, 'plaza': 258, 'podium': 259, 'pond': 260, 'poolroom': 261, 'power_plant': 262, 'promenade_deck': 263, 'pub': 264, 'pulpit': 265, 'putting_green': 266, 'racecourse': 267, 'raceway': 268, 'raft': 269, 'railroad_track': 270, 'rainforest': 271, 'reception': 272, 'recreation_room': 273, 'residential_neighborhood': 274, 'restaurant': 275, 'restaurant_kitchen': 276, 'restaurant_patio': 277, 'rice_paddy': 278, 'riding_arena': 279, 'river': 280, 'rock_arch': 281, 'rope_bridge': 282, 'ruin': 283, 'runway': 284, 'sandbar': 285, 'sandbox': 286, 'sauna': 287, 'schoolhouse': 288, 'sea_cliff': 289, 'server_room': 290, 'shed': 291, 'shoe_shop': 292, 'shopfront': 293, 'shopping_mall': 294, 'shower': 295, 'skatepark': 296, 'ski_lodge': 297, 'ski_resort': 298, 'ski_slope': 299}
2026-02-08 16:48:12,676 [data_manager.py] => [169, 221, 146, 296, 92, 229, 49, 70, 126, 77, 243, 57, 120, 223, 27, 217, 154, 8, 101, 182, 54, 50, 97, 162, 28, 193, 79, 6, 151, 0, 173, 187, 44, 277, 157, 16, 257, 122, 35, 9, 171, 176, 134, 4, 87, 255, 112, 153, 246, 286, 147, 186, 107, 98, 10, 7, 266, 214, 36, 165, 139, 254, 103, 269, 59, 23, 298, 39, 73, 208, 135, 299, 102, 20, 12, 268, 11, 209, 161, 210, 74, 42, 56, 99, 235, 133, 159, 189, 145, 238, 215, 241, 138, 195, 233, 279, 88, 199, 64, 280, 26, 203, 17, 245, 174, 236, 137, 252, 80, 68, 181, 150, 118, 94, 75, 2, 109, 119, 232, 15, 69, 184, 201, 261, 55, 287, 273, 66, 175, 32, 142, 136, 116, 76, 179, 1, 91, 248, 275, 240, 290, 170, 132, 106, 265, 270, 85, 19, 284, 43, 259, 293, 228, 200, 104, 227, 51, 224, 163, 297, 216, 260, 93, 46, 100, 272, 105, 72, 131, 3, 156, 256, 249, 48, 113, 82, 172, 213, 62, 53, 271, 168, 253, 226, 183, 180, 276, 283, 78, 61, 143, 278, 30, 141, 196, 264, 231, 52, 222, 40, 125, 219, 65, 166, 192, 289, 45, 205, 89, 267, 90, 71, 167, 262, 281, 212, 96, 84, 127, 67, 294, 178, 288, 197, 21, 18, 111, 108, 58, 230, 188, 31, 110, 291, 129, 24, 204, 83, 81, 251, 60, 13, 128, 14, 86, 63, 117, 198, 274, 5, 22, 144, 258, 121, 38, 207, 148, 292, 41, 234, 237, 114, 202, 37, 149, 206, 155, 29, 130, 177, 194, 152, 34, 33, 239, 160, 140, 47, 244, 25, 282, 158, 211, 123, 190, 218, 164, 247, 263, 191, 220, 115, 242, 250, 124, 295, 95, 285, 225, 185]
After shuffle, class_to_label is:  ['home office', 'motel', 'forest', 'skatepark', 'closet', 'nursery', 'bistro', 'campus', 'dorm room', 'castle', 'park', 'bowling alley', 'dinette', 'mountain snowy', 'bakery', 'medina', 'garbage dump', 'apartment building', 'control room', 'iceberg', 'booth', 'boardwalk', 'computer room', 'hangar', 'balcony', 'kindergarden classroom', 'cathedral', 'amusement park', 'galley', 'abbey', 'hot tub', 'jacuzzi', 'beach', 'restaurant patio', 'general store', 'art school', 'playroom', 'dining room', 'barndoor', 'apse', 'hospital room', 'house', 'escalator', 'amphitheater', 'church', 'planetarium', 'crevasse', 'garage', 'parlor', 'sandbox', 'forest path', 'islet', 'courthouse', 'conference center', 'aquarium', 'anechoic chamber', 'putting green', 'marsh', 'baseball field', 'heliport', 'field', 'pilothouse', 'corn field', 'raft', 'brewery', 'auto factory', 'ski resort', 'basketball court', 'canyon', 'lobby', 'excavation', 'ski slope', 'control tower', 'atrium', 'arch', 'raceway', 'aqueduct', 'lock chamber', 'gymnasium', 'locker room', 'car interior', 'bayou', 'bow window', 'conference room', 'oil refinery', 'engine room', 'golf course', 'jail cell', 'food court', 'orchard', 'martial arts gym', 'palace', 'fastfood restaurant', 'kitchenette', 'office', 'riding arena', 'classroom', 'landing deck', 'bus interior', 'river', 'baggage claim', 'lido deck', 'art studio', 'parking lot', 'hotel', 'oilrig', 'fairway', 'physics laboratory', 'cavern', 'cafeteria', 'ice skating rink', 'fountain', 'desert', 'coast', 'carrousel', 'airport terminal', 'courtyard', 'diner', 'ocean', 'art gallery', 'campsite', 'industrial area', 'lecture room', 'poolroom', 'botanical garden', 'sauna', 'recreation room', 'butte', 'hotel room', 'banquet hall', 'firing range', 'factory', 'delicatessen', 'casino', 'ice floe', 'airplane cabin', 'cloister', 'patio', 'restaurant', 'pagoda', 'server room', 'hospital', 'elevator shaft', 'cottage garden', 'pulpit', 'railroad track', 'chicken coop', 'athletic field', 'runway', 'bazaar', 'podium', 'shopfront', 'nuclear power plant', 'laundromat', 'corral', 'music studio', 'boat deck', 'movie theater', 'harbor', 'ski lodge', 'mausoleum', 'pond', 'clothing store', 'bedroom', 'construction site', 'reception', 'corridor', 'candy store', 'elevator', 'alley', 'gazebo', 'playground', 'pavilion', 'biology laboratory', 'crosswalk', 'chalet', 'hot spring', 'market', 'bullring', 'bookstore', 'rainforest', 'hill', 'picnic area', 'music store', 'igloo', 'ice shelf', 'restaurant kitchen', 'ruin', 'catacomb', 'building facade', 'fishpond', 'rice paddy', 'ballroom', 'fire station', 'labyrinth', 'pub', 'observatory', 'boathouse', 'mountain', 'bathroom', 'doorway', 'monastery', 'butchers shop', 'herb garden', 'kennel', 'sea cliff', 'beauty salon', 'lighthouse', 'clean room', 'racecourse', 'cliff', 'canal', 'highway', 'power plant', 'rock arch', 'manufactured home', 'coffee shop', 'chemistry lab', 'driveway', 'cabin', 'shopping mall', 'ice cream parlor', 'schoolhouse', 'lake', 'attic', 'assembly line', 'creek', 'courtroom', 'boxing ring', 'oast house', 'jail', 'bamboo forest', 'covered bridge', 'shed', 'drugstore', 'badlands', 'lift bridge', 'cheese factory', 'cemetery', 'phone booth', 'bridge', 'archive', 'driving range', 'arrival gate', 'childs room', 'burial chamber', 'dentists office', 'landfill', 'residential neighborhood', 'amusement arcade', 'auditorium', 'florist shop', 'plaza', 'dining car', 'basilica', 'living room', 'forest road', 'shoe shop', 'batters box', 'office building', 'operating room', 'cubicle', 'library', 'basement', 'formal garden', 'limousine interior', 'gas station', 'ball pit', 'electrical substation', 'hunting lodge', 'kitchen', 'game room', 'barn', 'bar', 'outhouse', 'greenhouse', 'fire escape', 'berth', 'parking garage', 'badminton court', 'rope bridge', 'gift shop', 'mansion', 'discotheque', 'jewelry shop', 'moat', 'hayfield', 'pasture', 'promenade deck', 'kasbah', 'mosque', 'dam', 'pantry', 'pharmacy', 'dock', 'shower', 'cockpit', 'sandbar', 'museum', 'inn']
Training class stages: [30, 30, 30, 30, 30, 30, 30, 30, 30, 30]
Using CLIP model as the backbone
2026-02-08 16:48:14,244 [instantiator.py] => Created a temporary directory at /tmp/tmp_3okli69
2026-02-08 16:48:14,244 [instantiator.py] => Writing /tmp/tmp_3okli69/_remote_module_non_scriptable.py
2026-02-08 16:48:14,386 [factory.py] => Loaded ViT-B-16 model config.
2026-02-08 16:48:15,805 [factory.py] => Loading pretrained ViT-B-16 weights (/home/team/zhaohongwei/pretrained_models/open_clip_pytorch_model_laion400m_e32.bin).
/home/team/zhaohongwei/anaconda3/envs/mmcl/lib/python3.10/site-packages/torch/_utils.py:776: UserWarning: TypedStorage is deprecated. It will be removed in the future and UntypedStorage will be the only storage class. This should only matter to you if you are using storages directly.  To access UntypedStorage directly, use tensor.untyped_storage() instead of tensor.storage()
  return self.fget.__get__(instance, owner)()
Using CLIP model as the backbone
2026-02-08 16:48:16,271 [factory.py] => Loaded ViT-B-16 model config.
2026-02-08 16:48:17,626 [factory.py] => Loading pretrained ViT-B-16 weights (/home/team/zhaohongwei/pretrained_models/open_clip_pytorch_model_laion400m_e32.bin).
2026-02-08 16:48:18,116 [finetune.py] => Learning on 0-30

  0%|          | 0/10 [00:00<?, ?it/s]
Task 0, Epoch 1/10 => Loss 3.288, Train_accy 30.41, Test_accy 45.35:   0%|          | 0/10 [02:32<?, ?it/s]
Task 0, Epoch 1/10 => Loss 3.288, Train_accy 30.41, Test_accy 45.35:  10%|█         | 1/10 [02:32<22:56, 152.96s/it]
Task 0, Epoch 2/10 => Loss 3.067, Train_accy 54.96:  10%|█         | 1/10 [04:07<22:56, 152.96s/it]                 
Task 0, Epoch 2/10 => Loss 3.067, Train_accy 54.96:  20%|██        | 2/10 [04:07<15:47, 118.41s/it]
Task 0, Epoch 3/10 => Loss 2.856, Train_accy 68.65:  20%|██        | 2/10 [05:17<15:47, 118.41s/it]
Task 0, Epoch 3/10 => Loss 2.856, Train_accy 68.65:  30%|███       | 3/10 [05:17<11:16, 96.66s/it] 
Task 0, Epoch 4/10 => Loss 2.716, Train_accy 74.41:  30%|███       | 3/10 [06:28<11:16, 96.66s/it]
Task 0, Epoch 4/10 => Loss 2.716, Train_accy 74.41:  40%|████      | 4/10 [06:28<08:37, 86.32s/it]
Task 0, Epoch 5/10 => Loss 2.609, Train_accy 79.28:  40%|████      | 4/10 [07:39<08:37, 86.32s/it]
Task 0, Epoch 5/10 => Loss 2.609, Train_accy 79.28:  50%|█████     | 5/10 [07:39<06:44, 80.94s/it]
Task 0, Epoch 6/10 => Loss 2.526, Train_accy 83.40, Test_accy 82.95:  50%|█████     | 5/10 [09:00<06:44, 80.94s/it]
Task 0, Epoch 6/10 => Loss 2.526, Train_accy 83.40, Test_accy 82.95:  60%|██████    | 6/10 [09:00<05:23, 80.93s/it]
Task 0, Epoch 7/10 => Loss 2.455, Train_accy 87.05:  60%|██████    | 6/10 [10:11<05:23, 80.93s/it]                 
Task 0, Epoch 7/10 => Loss 2.455, Train_accy 87.05:  70%|███████   | 7/10 [10:11<03:53, 77.74s/it]
Task 0, Epoch 8/10 => Loss 2.394, Train_accy 90.62:  70%|███████   | 7/10 [11:23<03:53, 77.74s/it]
Task 0, Epoch 8/10 => Loss 2.394, Train_accy 90.62:  80%|████████  | 8/10 [11:23<02:31, 75.71s/it]
Task 0, Epoch 9/10 => Loss 2.336, Train_accy 92.25:  80%|████████  | 8/10 [12:32<02:31, 75.71s/it]
Task 0, Epoch 9/10 => Loss 2.336, Train_accy 92.25:  90%|█████████ | 9/10 [12:32<01:13, 73.78s/it]
Task 0, Epoch 10/10 => Loss 2.284, Train_accy 94.43:  90%|█████████ | 9/10 [13:42<01:13, 73.78s/it]
Task 0, Epoch 10/10 => Loss 2.284, Train_accy 94.43: 100%|██████████| 10/10 [13:42<00:00, 72.62s/it]
Task 0, Epoch 10/10 => Loss 2.284, Train_accy 94.43: 100%|██████████| 10/10 [13:42<00:00, 82.29s/it]
2026-02-08 17:02:01,865 [finetune.py] => Task 0, Epoch 10/10 => Loss 2.284, Train_accy 94.43
2026-02-08 17:02:11,435 [trainer.py] => CNN: {'total': 87.26, '00-09': 84.17, '10-19': 91.56, '20-29': 85.98, 'old': 0, 'new': 87.26, 'harmonic': 0.0}
2026-02-08 17:02:11,436 [trainer.py] => CNN top1 curve: [87.26]
2026-02-08 17:02:11,436 [trainer.py] => CNN top5 curve: [98.61]
2026-02-08 17:02:11,436 [trainer.py] => Average Accuracy (CNN): 87.26
2026-02-08 17:02:11,438 [finetune.py] => Learning on 30-60

  0%|          | 0/10 [00:00<?, ?it/s]
Task 1, Epoch 1/10 => Loss 3.120, Train_accy 27.98, Test_accy 41.75:   0%|          | 0/10 [01:28<?, ?it/s]
Task 1, Epoch 1/10 => Loss 3.120, Train_accy 27.98, Test_accy 41.75:  10%|█         | 1/10 [01:28<13:18, 88.67s/it]
Task 1, Epoch 2/10 => Loss 2.833, Train_accy 57.03, Test_accy 43.07:  10%|█         | 1/10 [02:57<13:18, 88.67s/it]
Task 1, Epoch 2/10 => Loss 2.833, Train_accy 57.03, Test_accy 43.07:  20%|██        | 2/10 [02:57<11:49, 88.71s/it]
Task 1, Epoch 3/10 => Loss 2.679, Train_accy 68.08, Test_accy 44.04:  20%|██        | 2/10 [04:26<11:49, 88.71s/it]
Task 1, Epoch 3/10 => Loss 2.679, Train_accy 68.08, Test_accy 44.04:  30%|███       | 3/10 [04:26<10:21, 88.86s/it]
Task 1, Epoch 4/10 => Loss 2.561, Train_accy 78.50, Test_accy 45.05:  30%|███       | 3/10 [05:55<10:21, 88.86s/it]
Task 1, Epoch 4/10 => Loss 2.561, Train_accy 78.50, Test_accy 45.05:  40%|████      | 4/10 [05:55<08:54, 89.08s/it]
Task 1, Epoch 5/10 => Loss 2.461, Train_accy 85.63, Test_accy 46.63:  40%|████      | 4/10 [07:26<08:54, 89.08s/it]
Task 1, Epoch 5/10 => Loss 2.461, Train_accy 85.63, Test_accy 46.63:  50%|█████     | 5/10 [07:26<07:27, 89.52s/it]
Task 1, Epoch 6/10 => Loss 2.376, Train_accy 89.67, Test_accy 45.77:  50%|█████     | 5/10 [08:56<07:27, 89.52s/it]
Task 1, Epoch 6/10 => Loss 2.376, Train_accy 89.67, Test_accy 45.77:  60%|██████    | 6/10 [08:56<05:59, 89.86s/it]
Task 1, Epoch 7/10 => Loss 2.304, Train_accy 92.69, Test_accy 46.08:  60%|██████    | 6/10 [10:25<05:59, 89.86s/it]
Task 1, Epoch 7/10 => Loss 2.304, Train_accy 92.69, Test_accy 46.08:  70%|███████   | 7/10 [10:25<04:28, 89.47s/it]
Task 1, Epoch 8/10 => Loss 2.231, Train_accy 95.89, Test_accy 45.74:  70%|███████   | 7/10 [11:53<04:28, 89.47s/it]
Task 1, Epoch 8/10 => Loss 2.231, Train_accy 95.89, Test_accy 45.74:  80%|████████  | 8/10 [11:53<02:58, 89.09s/it]
Task 1, Epoch 9/10 => Loss 2.172, Train_accy 97.53, Test_accy 45.94:  80%|████████  | 8/10 [13:22<02:58, 89.09s/it]
Task 1, Epoch 9/10 => Loss 2.172, Train_accy 97.53, Test_accy 45.94:  90%|█████████ | 9/10 [13:22<01:29, 89.00s/it]
Task 1, Epoch 10/10 => Loss 2.117, Train_accy 98.58, Test_accy 45.24:  90%|█████████ | 9/10 [14:51<01:29, 89.00s/it]
Task 1, Epoch 10/10 => Loss 2.117, Train_accy 98.58, Test_accy 45.24: 100%|██████████| 10/10 [14:51<00:00, 88.87s/it]
Task 1, Epoch 10/10 => Loss 2.117, Train_accy 98.58, Test_accy 45.24: 100%|██████████| 10/10 [14:51<00:00, 89.10s/it]
2026-02-08 17:17:02,468 [finetune.py] => Task 1, Epoch 10/10 => Loss 2.117, Train_accy 98.58, Test_accy 45.24
2026-02-08 17:17:19,616 [trainer.py] => CNN: {'total': 45.24, '00-09': 0.16, '10-19': 2.47, '20-29': 0.92, '30-39': 91.79, '40-49': 87.76, '50-59': 89.06, 'old': 1.2, 'new': 89.66, 'harmonic': 2.37}
2026-02-08 17:17:19,617 [trainer.py] => CNN top1 curve: [87.26, 45.24]
2026-02-08 17:17:19,617 [trainer.py] => CNN top5 curve: [98.61, 60.2]
2026-02-08 17:17:19,617 [trainer.py] => Average Accuracy (CNN): 66.25
2026-02-08 17:17:19,619 [finetune.py] => Learning on 60-90

  0%|          | 0/10 [00:00<?, ?it/s]
Task 2, Epoch 1/10 => Loss 3.158, Train_accy 10.66, Test_accy 23.88:   0%|          | 0/10 [01:23<?, ?it/s]
Task 2, Epoch 1/10 => Loss 3.158, Train_accy 10.66, Test_accy 23.88:  10%|█         | 1/10 [01:23<12:33, 83.70s/it]
Task 2, Epoch 2/10 => Loss 2.872, Train_accy 49.38, Test_accy 28.24:  10%|█         | 1/10 [02:47<12:33, 83.70s/it]
Task 2, Epoch 2/10 => Loss 2.872, Train_accy 49.38, Test_accy 28.24:  20%|██        | 2/10 [02:47<11:09, 83.73s/it]
Task 2, Epoch 3/10 => Loss 2.721, Train_accy 71.46, Test_accy 25.92:  20%|██        | 2/10 [04:10<11:09, 83.73s/it]
Task 2, Epoch 3/10 => Loss 2.721, Train_accy 71.46, Test_accy 25.92:  30%|███       | 3/10 [04:10<09:43, 83.36s/it]
Task 2, Epoch 4/10 => Loss 2.620, Train_accy 78.95, Test_accy 26.79:  30%|███       | 3/10 [05:33<09:43, 83.36s/it]
Task 2, Epoch 4/10 => Loss 2.620, Train_accy 78.95, Test_accy 26.79:  40%|████      | 4/10 [05:33<08:19, 83.31s/it]
Task 2, Epoch 5/10 => Loss 2.541, Train_accy 85.73, Test_accy 27.39:  40%|████      | 4/10 [06:56<08:19, 83.31s/it]
Task 2, Epoch 5/10 => Loss 2.541, Train_accy 85.73, Test_accy 27.39:  50%|█████     | 5/10 [06:56<06:56, 83.34s/it]
Task 2, Epoch 6/10 => Loss 2.476, Train_accy 90.05, Test_accy 26.95:  50%|█████     | 5/10 [08:20<06:56, 83.34s/it]
Task 2, Epoch 6/10 => Loss 2.476, Train_accy 90.05, Test_accy 26.95:  60%|██████    | 6/10 [08:20<05:33, 83.44s/it]
Task 2, Epoch 7/10 => Loss 2.416, Train_accy 93.61, Test_accy 26.38:  60%|██████    | 6/10 [09:44<05:33, 83.44s/it]
Task 2, Epoch 7/10 => Loss 2.416, Train_accy 93.61, Test_accy 26.38:  70%|███████   | 7/10 [09:44<04:10, 83.56s/it]
Task 2, Epoch 8/10 => Loss 2.363, Train_accy 96.41, Test_accy 26.70:  70%|███████   | 7/10 [11:08<04:10, 83.56s/it]
Task 2, Epoch 8/10 => Loss 2.363, Train_accy 96.41, Test_accy 26.70:  80%|████████  | 8/10 [11:08<02:47, 83.58s/it]
Task 2, Epoch 9/10 => Loss 2.317, Train_accy 98.06, Test_accy 26.50:  80%|████████  | 8/10 [12:31<02:47, 83.58s/it]
Task 2, Epoch 9/10 => Loss 2.317, Train_accy 98.06, Test_accy 26.50:  90%|█████████ | 9/10 [12:31<01:23, 83.51s/it]
Task 2, Epoch 10/10 => Loss 2.276, Train_accy 99.06, Test_accy 26.80:  90%|█████████ | 9/10 [13:54<01:23, 83.51s/it]
Task 2, Epoch 10/10 => Loss 2.276, Train_accy 99.06, Test_accy 26.80: 100%|██████████| 10/10 [13:54<00:00, 83.52s/it]
Task 2, Epoch 10/10 => Loss 2.276, Train_accy 99.06, Test_accy 26.80: 100%|██████████| 10/10 [13:54<00:00, 83.49s/it]
2026-02-08 17:31:14,577 [finetune.py] => Task 2, Epoch 10/10 => Loss 2.276, Train_accy 99.06, Test_accy 26.80
2026-02-08 17:31:36,447 [trainer.py] => CNN: {'total': 26.8, '00-09': 0.63, '10-19': 0.0, '20-29': 0.0, '30-39': 0.72, '40-49': 0.77, '50-59': 0.0, '60-69': 83.42, '70-79': 89.08, '80-89': 93.98, 'old': 0.38, 'new': 89.11, 'harmonic': 0.76}
2026-02-08 17:31:36,448 [trainer.py] => CNN top1 curve: [87.26, 45.24, 26.8]
2026-02-08 17:31:36,448 [trainer.py] => CNN top5 curve: [98.61, 60.2, 40.69]
2026-02-08 17:31:36,448 [trainer.py] => Average Accuracy (CNN): 53.1
2026-02-08 17:31:36,451 [finetune.py] => Learning on 90-120

  0%|          | 0/10 [00:00<?, ?it/s]
Task 3, Epoch 1/10 => Loss 3.187, Train_accy 13.74, Test_accy 17.81:   0%|          | 0/10 [01:22<?, ?it/s]
Task 3, Epoch 1/10 => Loss 3.187, Train_accy 13.74, Test_accy 17.81:  10%|█         | 1/10 [01:22<12:25, 82.84s/it]
Task 3, Epoch 2/10 => Loss 2.935, Train_accy 41.10, Test_accy 19.83:  10%|█         | 1/10 [02:46<12:25, 82.84s/it]
Task 3, Epoch 2/10 => Loss 2.935, Train_accy 41.10, Test_accy 19.83:  20%|██        | 2/10 [02:46<11:08, 83.54s/it]
Task 3, Epoch 3/10 => Loss 2.791, Train_accy 61.95, Test_accy 19.93:  20%|██        | 2/10 [04:10<11:08, 83.54s/it]
Task 3, Epoch 3/10 => Loss 2.791, Train_accy 61.95, Test_accy 19.93:  30%|███       | 3/10 [04:10<09:43, 83.40s/it]
Task 3, Epoch 4/10 => Loss 2.687, Train_accy 72.59, Test_accy 19.47:  30%|███       | 3/10 [05:33<09:43, 83.40s/it]
Task 3, Epoch 4/10 => Loss 2.687, Train_accy 72.59, Test_accy 19.47:  40%|████      | 4/10 [05:33<08:20, 83.45s/it]
Task 3, Epoch 5/10 => Loss 2.608, Train_accy 79.20, Test_accy 18.75:  40%|████      | 4/10 [06:58<08:20, 83.45s/it]
Task 3, Epoch 5/10 => Loss 2.608, Train_accy 79.20, Test_accy 18.75:  50%|█████     | 5/10 [06:58<06:59, 83.91s/it]
Task 3, Epoch 6/10 => Loss 2.536, Train_accy 85.73, Test_accy 19.56:  50%|█████     | 5/10 [08:22<06:59, 83.91s/it]
Task 3, Epoch 6/10 => Loss 2.536, Train_accy 85.73, Test_accy 19.56:  60%|██████    | 6/10 [08:22<05:35, 83.85s/it]
Task 3, Epoch 7/10 => Loss 2.472, Train_accy 89.78, Test_accy 19.60:  60%|██████    | 6/10 [09:45<05:35, 83.85s/it]
Task 3, Epoch 7/10 => Loss 2.472, Train_accy 89.78, Test_accy 19.60:  70%|███████   | 7/10 [09:45<04:11, 83.69s/it]
Task 3, Epoch 8/10 => Loss 2.417, Train_accy 92.80, Test_accy 20.04:  70%|███████   | 7/10 [11:08<04:11, 83.69s/it]
Task 3, Epoch 8/10 => Loss 2.417, Train_accy 92.80, Test_accy 20.04:  80%|████████  | 8/10 [11:08<02:47, 83.58s/it]
Task 3, Epoch 9/10 => Loss 2.366, Train_accy 95.18, Test_accy 19.60:  80%|████████  | 8/10 [12:32<02:47, 83.58s/it]
Task 3, Epoch 9/10 => Loss 2.366, Train_accy 95.18, Test_accy 19.60:  90%|█████████ | 9/10 [12:32<01:23, 83.62s/it]
Task 3, Epoch 10/10 => Loss 2.331, Train_accy 95.63, Test_accy 20.11:  90%|█████████ | 9/10 [13:55<01:23, 83.62s/it]
Task 3, Epoch 10/10 => Loss 2.331, Train_accy 95.63, Test_accy 20.11: 100%|██████████| 10/10 [13:55<00:00, 83.44s/it]
Task 3, Epoch 10/10 => Loss 2.331, Train_accy 95.63, Test_accy 20.11: 100%|██████████| 10/10 [13:55<00:00, 83.55s/it]
2026-02-08 17:45:32,010 [finetune.py] => Task 3, Epoch 10/10 => Loss 2.331, Train_accy 95.63, Test_accy 20.11
2026-02-08 17:45:58,044 [trainer.py] => CNN: {'total': 20.11, '00-09': 0.0, '10-19': 0.0, '20-29': 0.0, '30-39': 5.68, '40-49': 1.16, '50-59': 0.0, '60-69': 0.0, '70-79': 0.0, '80-89': 0.45, '90-99': 80.2, '100-109': 82.0, '110-119': 92.57, 'old': 1.0, 'new': 86.6, 'harmonic': 1.98}
2026-02-08 17:45:58,044 [trainer.py] => CNN top1 curve: [87.26, 45.24, 26.8, 20.11]
2026-02-08 17:45:58,044 [trainer.py] => CNN top5 curve: [98.61, 60.2, 40.69, 33.98]
2026-02-08 17:45:58,045 [trainer.py] => Average Accuracy (CNN): 44.852500000000006
2026-02-08 17:45:58,047 [finetune.py] => Learning on 120-150

  0%|          | 0/10 [00:00<?, ?it/s]
Task 4, Epoch 1/10 => Loss 3.181, Train_accy 11.01, Test_accy 16.90:   0%|          | 0/10 [01:20<?, ?it/s]
Task 4, Epoch 1/10 => Loss 3.181, Train_accy 11.01, Test_accy 16.90:  10%|█         | 1/10 [01:20<12:00, 80.05s/it]
Task 4, Epoch 2/10 => Loss 2.947, Train_accy 41.32, Test_accy 14.98:  10%|█         | 1/10 [02:39<12:00, 80.05s/it]
Task 4, Epoch 2/10 => Loss 2.947, Train_accy 41.32, Test_accy 14.98:  20%|██        | 2/10 [02:39<10:38, 79.81s/it]
Task 4, Epoch 3/10 => Loss 2.795, Train_accy 62.19, Test_accy 13.70:  20%|██        | 2/10 [04:00<10:38, 79.81s/it]
Task 4, Epoch 3/10 => Loss 2.795, Train_accy 62.19, Test_accy 13.70:  30%|███       | 3/10 [04:00<09:20, 80.05s/it]
Task 4, Epoch 4/10 => Loss 2.677, Train_accy 75.58, Test_accy 14.57:  30%|███       | 3/10 [05:20<09:20, 80.05s/it]
Task 4, Epoch 4/10 => Loss 2.677, Train_accy 75.58, Test_accy 14.57:  40%|████      | 4/10 [05:20<08:01, 80.33s/it]
Task 4, Epoch 5/10 => Loss 2.587, Train_accy 84.18, Test_accy 14.39:  40%|████      | 4/10 [06:42<08:01, 80.33s/it]
Task 4, Epoch 5/10 => Loss 2.587, Train_accy 84.18, Test_accy 14.39:  50%|█████     | 5/10 [06:42<06:44, 80.82s/it]
Task 4, Epoch 6/10 => Loss 2.515, Train_accy 89.49, Test_accy 14.68:  50%|█████     | 5/10 [08:02<06:44, 80.82s/it]
Task 4, Epoch 6/10 => Loss 2.515, Train_accy 89.49, Test_accy 14.68:  60%|██████    | 6/10 [08:02<05:22, 80.71s/it]
Task 4, Epoch 7/10 => Loss 2.454, Train_accy 93.07, Test_accy 14.35:  60%|██████    | 6/10 [09:23<05:22, 80.71s/it]
Task 4, Epoch 7/10 => Loss 2.454, Train_accy 93.07, Test_accy 14.35:  70%|███████   | 7/10 [09:23<04:01, 80.65s/it]
Task 4, Epoch 8/10 => Loss 2.405, Train_accy 95.32, Test_accy 15.16:  70%|███████   | 7/10 [10:44<04:01, 80.65s/it]
Task 4, Epoch 8/10 => Loss 2.405, Train_accy 95.32, Test_accy 15.16:  80%|████████  | 8/10 [10:44<02:41, 80.63s/it]
Task 4, Epoch 9/10 => Loss 2.362, Train_accy 96.36, Test_accy 14.72:  80%|████████  | 8/10 [12:04<02:41, 80.63s/it]
Task 4, Epoch 9/10 => Loss 2.362, Train_accy 96.36, Test_accy 14.72:  90%|█████████ | 9/10 [12:04<01:20, 80.53s/it]
Task 4, Epoch 10/10 => Loss 2.323, Train_accy 97.30, Test_accy 14.74:  90%|█████████ | 9/10 [13:24<01:20, 80.53s/it]
Task 4, Epoch 10/10 => Loss 2.323, Train_accy 97.30, Test_accy 14.74: 100%|██████████| 10/10 [13:24<00:00, 80.49s/it]
Task 4, Epoch 10/10 => Loss 2.323, Train_accy 97.30, Test_accy 14.74: 100%|██████████| 10/10 [13:24<00:00, 80.48s/it]
2026-02-08 17:59:22,859 [finetune.py] => Task 4, Epoch 10/10 => Loss 2.323, Train_accy 97.30, Test_accy 14.74
2026-02-08 17:59:53,584 [trainer.py] => CNN: {'total': 14.74, '00-09': 0.0, '10-19': 0.0, '20-29': 0.0, '30-39': 0.85, '40-49': 0.64, '50-59': 0.0, '60-69': 0.0, '70-79': 0.0, '80-89': 0.0, '90-99': 0.0, '100-109': 0.0, '110-119': 6.06, '120-129': 88.52, '130-139': 90.56, '140-149': 86.52, 'old': 0.8, 'new': 88.84, 'harmonic': 1.59}
2026-02-08 17:59:53,585 [trainer.py] => CNN top1 curve: [87.26, 45.24, 26.8, 20.11, 14.74]
2026-02-08 17:59:53,585 [trainer.py] => CNN top5 curve: [98.61, 60.2, 40.69, 33.98, 23.76]
2026-02-08 17:59:53,585 [trainer.py] => Average Accuracy (CNN): 38.830000000000005
2026-02-08 17:59:53,587 [finetune.py] => Learning on 150-180

  0%|          | 0/10 [00:00<?, ?it/s]
Task 5, Epoch 1/10 => Loss 3.061, Train_accy 29.73, Test_accy 12.94:   0%|          | 0/10 [01:54<?, ?it/s]
Task 5, Epoch 1/10 => Loss 3.061, Train_accy 29.73, Test_accy 12.94:  10%|█         | 1/10 [01:54<17:14, 115.00s/it]
Task 5, Epoch 2/10 => Loss 2.768, Train_accy 55.44, Test_accy 14.77:  10%|█         | 1/10 [03:49<17:14, 115.00s/it]
Task 5, Epoch 2/10 => Loss 2.768, Train_accy 55.44, Test_accy 14.77:  20%|██        | 2/10 [03:49<15:15, 114.43s/it]
Task 5, Epoch 3/10 => Loss 2.615, Train_accy 73.23, Test_accy 16.18:  20%|██        | 2/10 [05:43<15:15, 114.43s/it]
Task 5, Epoch 3/10 => Loss 2.615, Train_accy 73.23, Test_accy 16.18:  30%|███       | 3/10 [05:43<13:20, 114.33s/it]
Task 5, Epoch 4/10 => Loss 2.490, Train_accy 81.87, Test_accy 16.29:  30%|███       | 3/10 [07:37<13:20, 114.33s/it]
Task 5, Epoch 4/10 => Loss 2.490, Train_accy 81.87, Test_accy 16.29:  40%|████      | 4/10 [07:37<11:26, 114.36s/it]
Task 5, Epoch 5/10 => Loss 2.389, Train_accy 85.75, Test_accy 16.43:  40%|████      | 4/10 [09:31<11:26, 114.36s/it]
Task 5, Epoch 5/10 => Loss 2.389, Train_accy 85.75, Test_accy 16.43:  50%|█████     | 5/10 [09:31<09:30, 114.12s/it]
Task 5, Epoch 6/10 => Loss 2.297, Train_accy 89.74, Test_accy 16.47:  50%|█████     | 5/10 [11:26<09:30, 114.12s/it]
Task 5, Epoch 6/10 => Loss 2.297, Train_accy 89.74, Test_accy 16.47:  60%|██████    | 6/10 [11:26<07:37, 114.45s/it]
Task 5, Epoch 7/10 => Loss 2.218, Train_accy 92.66, Test_accy 16.98:  60%|██████    | 6/10 [13:21<07:37, 114.45s/it]
Task 5, Epoch 7/10 => Loss 2.218, Train_accy 92.66, Test_accy 16.98:  70%|███████   | 7/10 [13:21<05:43, 114.61s/it]
Task 5, Epoch 8/10 => Loss 2.147, Train_accy 95.05, Test_accy 16.90:  70%|███████   | 7/10 [15:16<05:43, 114.61s/it]
Task 5, Epoch 8/10 => Loss 2.147, Train_accy 95.05, Test_accy 16.90:  80%|████████  | 8/10 [15:16<03:49, 114.87s/it]
Task 5, Epoch 9/10 => Loss 2.087, Train_accy 96.80, Test_accy 17.14:  80%|████████  | 8/10 [17:12<03:49, 114.87s/it]
Task 5, Epoch 9/10 => Loss 2.087, Train_accy 96.80, Test_accy 17.14:  90%|█████████ | 9/10 [17:12<01:55, 115.06s/it]
Task 5, Epoch 10/10 => Loss 2.035, Train_accy 97.51, Test_accy 17.28:  90%|█████████ | 9/10 [19:06<01:55, 115.06s/it]
Task 5, Epoch 10/10 => Loss 2.035, Train_accy 97.51, Test_accy 17.28: 100%|██████████| 10/10 [19:06<00:00, 114.80s/it]
Task 5, Epoch 10/10 => Loss 2.035, Train_accy 97.51, Test_accy 17.28: 100%|██████████| 10/10 [19:06<00:00, 114.65s/it]
2026-02-08 18:19:00,104 [finetune.py] => Task 5, Epoch 10/10 => Loss 2.035, Train_accy 97.51, Test_accy 17.28
2026-02-08 18:19:37,318 [trainer.py] => CNN: {'total': 17.28, '00-09': 0.0, '10-19': 0.0, '20-29': 0.0, '30-39': 1.09, '40-49': 1.16, '50-59': 0.0, '60-69': 0.0, '70-79': 0.0, '80-89': 0.0, '90-99': 0.0, '100-109': 0.0, '110-119': 0.0, '120-129': 0.0, '130-139': 0.56, '140-149': 0.0, '150-159': 81.85, '160-169': 90.04, '170-179': 90.81, 'old': 0.23, 'new': 88.36, 'harmonic': 0.46}
2026-02-08 18:19:37,318 [trainer.py] => CNN top1 curve: [87.26, 45.24, 26.8, 20.11, 14.74, 17.28]
2026-02-08 18:19:37,318 [trainer.py] => CNN top5 curve: [98.61, 60.2, 40.69, 33.98, 23.76, 24.64]
2026-02-08 18:19:37,318 [trainer.py] => Average Accuracy (CNN): 35.23833333333334
2026-02-08 18:19:37,320 [finetune.py] => Learning on 180-210

  0%|          | 0/10 [00:00<?, ?it/s]
Task 6, Epoch 1/10 => Loss 3.154, Train_accy 3.66, Test_accy 8.96:   0%|          | 0/10 [01:34<?, ?it/s]
Task 6, Epoch 1/10 => Loss 3.154, Train_accy 3.66, Test_accy 8.96:  10%|█         | 1/10 [01:34<14:08, 94.26s/it]
Task 6, Epoch 2/10 => Loss 2.888, Train_accy 22.67, Test_accy 8.00:  10%|█         | 1/10 [03:08<14:08, 94.26s/it]
Task 6, Epoch 2/10 => Loss 2.888, Train_accy 22.67, Test_accy 8.00:  20%|██        | 2/10 [03:08<12:32, 94.08s/it]
Task 6, Epoch 3/10 => Loss 2.752, Train_accy 40.79, Test_accy 8.25:  20%|██        | 2/10 [04:41<12:32, 94.08s/it]
Task 6, Epoch 3/10 => Loss 2.752, Train_accy 40.79, Test_accy 8.25:  30%|███       | 3/10 [04:41<10:56, 93.72s/it]
Task 6, Epoch 4/10 => Loss 2.647, Train_accy 52.79, Test_accy 10.14:  30%|███       | 3/10 [06:15<10:56, 93.72s/it]
Task 6, Epoch 4/10 => Loss 2.647, Train_accy 52.79, Test_accy 10.14:  40%|████      | 4/10 [06:15<09:21, 93.64s/it]
Task 6, Epoch 5/10 => Loss 2.566, Train_accy 63.85, Test_accy 9.59:  40%|████      | 4/10 [07:48<09:21, 93.64s/it] 
Task 6, Epoch 5/10 => Loss 2.566, Train_accy 63.85, Test_accy 9.59:  50%|█████     | 5/10 [07:48<07:48, 93.74s/it]
Task 6, Epoch 6/10 => Loss 2.492, Train_accy 70.42, Test_accy 9.63:  50%|█████     | 5/10 [09:22<07:48, 93.74s/it]
Task 6, Epoch 6/10 => Loss 2.492, Train_accy 70.42, Test_accy 9.63:  60%|██████    | 6/10 [09:22<06:15, 93.81s/it]
Task 6, Epoch 7/10 => Loss 2.428, Train_accy 75.38, Test_accy 9.69:  60%|██████    | 6/10 [10:56<06:15, 93.81s/it]
Task 6, Epoch 7/10 => Loss 2.428, Train_accy 75.38, Test_accy 9.69:  70%|███████   | 7/10 [10:56<04:40, 93.60s/it]
Task 6, Epoch 8/10 => Loss 2.379, Train_accy 81.30, Test_accy 10.20:  70%|███████   | 7/10 [12:30<04:40, 93.60s/it]
Task 6, Epoch 8/10 => Loss 2.379, Train_accy 81.30, Test_accy 10.20:  80%|████████  | 8/10 [12:30<03:07, 93.78s/it]
Task 6, Epoch 9/10 => Loss 2.327, Train_accy 88.48, Test_accy 9.88:  80%|████████  | 8/10 [14:04<03:07, 93.78s/it] 
Task 6, Epoch 9/10 => Loss 2.327, Train_accy 88.48, Test_accy 9.88:  90%|█████████ | 9/10 [14:04<01:33, 93.97s/it]
Task 6, Epoch 10/10 => Loss 2.283, Train_accy 92.46, Test_accy 10.14:  90%|█████████ | 9/10 [15:37<01:33, 93.97s/it]
Task 6, Epoch 10/10 => Loss 2.283, Train_accy 92.46, Test_accy 10.14: 100%|██████████| 10/10 [15:37<00:00, 93.67s/it]
Task 6, Epoch 10/10 => Loss 2.283, Train_accy 92.46, Test_accy 10.14: 100%|██████████| 10/10 [15:37<00:00, 93.76s/it]
2026-02-08 18:35:14,960 [finetune.py] => Task 6, Epoch 10/10 => Loss 2.283, Train_accy 92.46, Test_accy 10.14
2026-02-08 18:35:55,959 [trainer.py] => CNN: {'total': 10.14, '00-09': 0.0, '10-19': 0.0, '20-29': 0.0, '30-39': 0.0, '40-49': 0.0, '50-59': 0.0, '60-69': 0.0, '70-79': 0.0, '80-89': 0.0, '90-99': 0.0, '100-109': 0.0, '110-119': 0.0, '120-129': 0.0, '130-139': 0.0, '140-149': 0.0, '150-159': 0.0, '160-169': 8.74, '170-179': 2.8, '180-189': 67.95, '190-199': 84.4, '200-209': 82.33, 'old': 0.89, 'new': 79.56, 'harmonic': 1.76}
2026-02-08 18:35:55,960 [trainer.py] => CNN top1 curve: [87.26, 45.24, 26.8, 20.11, 14.74, 17.28, 10.14]
2026-02-08 18:35:55,960 [trainer.py] => CNN top5 curve: [98.61, 60.2, 40.69, 33.98, 23.76, 24.64, 19.88]
2026-02-08 18:35:55,960 [trainer.py] => Average Accuracy (CNN): 31.65285714285715
2026-02-08 18:35:55,962 [finetune.py] => Learning on 210-240

  0%|          | 0/10 [00:00<?, ?it/s]
Task 7, Epoch 1/10 => Loss 3.151, Train_accy 0.50, Test_accy 3.45:   0%|          | 0/10 [01:46<?, ?it/s]
Task 7, Epoch 1/10 => Loss 3.151, Train_accy 0.50, Test_accy 3.45:  10%|█         | 1/10 [01:46<15:57, 106.36s/it]
Task 7, Epoch 2/10 => Loss 3.003, Train_accy 12.31, Test_accy 3.84:  10%|█         | 1/10 [03:32<15:57, 106.36s/it]
Task 7, Epoch 2/10 => Loss 3.003, Train_accy 12.31, Test_accy 3.84:  20%|██        | 2/10 [03:32<14:11, 106.42s/it]
Task 7, Epoch 3/10 => Loss 3.156, Train_accy 5.28, Test_accy 3.21:  20%|██        | 2/10 [05:19<14:11, 106.42s/it] 
Task 7, Epoch 3/10 => Loss 3.156, Train_accy 5.28, Test_accy 3.21:  30%|███       | 3/10 [05:19<12:27, 106.75s/it]
Task 7, Epoch 4/10 => Loss 3.099, Train_accy 5.00, Test_accy 4.22:  30%|███       | 3/10 [07:06<12:27, 106.75s/it]
Task 7, Epoch 4/10 => Loss 3.099, Train_accy 5.00, Test_accy 4.22:  40%|████      | 4/10 [07:06<10:38, 106.49s/it]
Task 7, Epoch 5/10 => Loss 2.928, Train_accy 24.14, Test_accy 5.30:  40%|████      | 4/10 [08:52<10:38, 106.49s/it]
Task 7, Epoch 5/10 => Loss 2.928, Train_accy 24.14, Test_accy 5.30:  50%|█████     | 5/10 [08:52<08:51, 106.33s/it]
Task 7, Epoch 6/10 => Loss 2.934, Train_accy 29.33, Test_accy 6.27:  50%|█████     | 5/10 [10:38<08:51, 106.33s/it]
Task 7, Epoch 6/10 => Loss 2.934, Train_accy 29.33, Test_accy 6.27:  60%|██████    | 6/10 [10:38<07:05, 106.38s/it]
Task 7, Epoch 7/10 => Loss 2.798, Train_accy 37.05, Test_accy 6.44:  60%|██████    | 6/10 [12:25<07:05, 106.38s/it]
Task 7, Epoch 7/10 => Loss 2.798, Train_accy 37.05, Test_accy 6.44:  70%|███████   | 7/10 [12:25<05:19, 106.53s/it]
Task 7, Epoch 8/10 => Loss 2.733, Train_accy 45.10, Test_accy 6.13:  70%|███████   | 7/10 [14:11<05:19, 106.53s/it]
Task 7, Epoch 8/10 => Loss 2.733, Train_accy 45.10, Test_accy 6.13:  80%|████████  | 8/10 [14:11<03:32, 106.33s/it]
Task 7, Epoch 9/10 => Loss 2.686, Train_accy 50.43, Test_accy 7.69:  80%|████████  | 8/10 [15:58<03:32, 106.33s/it]
Task 7, Epoch 9/10 => Loss 2.686, Train_accy 50.43, Test_accy 7.69:  90%|█████████ | 9/10 [15:58<01:46, 106.51s/it]
Task 7, Epoch 10/10 => Loss 2.622, Train_accy 53.29, Test_accy 8.14:  90%|█████████ | 9/10 [17:43<01:46, 106.51s/it]
Task 7, Epoch 10/10 => Loss 2.622, Train_accy 53.29, Test_accy 8.14: 100%|██████████| 10/10 [17:43<00:00, 106.25s/it]
Task 7, Epoch 10/10 => Loss 2.622, Train_accy 53.29, Test_accy 8.14: 100%|██████████| 10/10 [17:43<00:00, 106.39s/it]
2026-02-08 18:53:39,876 [finetune.py] => Task 7, Epoch 10/10 => Loss 2.622, Train_accy 53.29, Test_accy 8.14
2026-02-08 18:54:27,506 [trainer.py] => CNN: {'total': 8.14, '00-09': 0.0, '10-19': 0.0, '20-29': 0.0, '30-39': 0.0, '40-49': 0.0, '50-59': 0.0, '60-69': 0.0, '70-79': 0.0, '80-89': 0.0, '90-99': 0.0, '100-109': 0.0, '110-119': 0.0, '120-129': 0.0, '130-139': 0.0, '140-149': 0.0, '150-159': 0.0, '160-169': 26.66, '170-179': 0.0, '180-189': 0.0, '190-199': 0.0, '200-209': 0.0, '210-219': 50.73, '220-229': 48.08, '230-239': 65.02, 'old': 1.89, 'new': 55.15, 'harmonic': 3.65}
2026-02-08 18:54:27,507 [trainer.py] => CNN top1 curve: [87.26, 45.24, 26.8, 20.11, 14.74, 17.28, 10.14, 8.14]
2026-02-08 18:54:27,507 [trainer.py] => CNN top5 curve: [98.61, 60.2, 40.69, 33.98, 23.76, 24.64, 19.88, 16.31]
2026-02-08 18:54:27,507 [trainer.py] => Average Accuracy (CNN): 28.713750000000005
2026-02-08 18:54:27,509 [finetune.py] => Learning on 240-270

  0%|          | 0/10 [00:00<?, ?it/s]
Task 8, Epoch 1/10 => Loss 3.126, Train_accy 21.97, Test_accy 6.66:   0%|          | 0/10 [01:51<?, ?it/s]
Task 8, Epoch 1/10 => Loss 3.126, Train_accy 21.97, Test_accy 6.66:  10%|█         | 1/10 [01:51<16:45, 111.73s/it]
Task 8, Epoch 2/10 => Loss 2.897, Train_accy 32.41, Test_accy 5.17:  10%|█         | 1/10 [03:42<16:45, 111.73s/it]
Task 8, Epoch 2/10 => Loss 2.897, Train_accy 32.41, Test_accy 5.17:  20%|██        | 2/10 [03:42<14:48, 111.11s/it]
Task 8, Epoch 3/10 => Loss 2.725, Train_accy 38.18, Test_accy 5.31:  20%|██        | 2/10 [05:34<14:48, 111.11s/it]
Task 8, Epoch 3/10 => Loss 2.725, Train_accy 38.18, Test_accy 5.31:  30%|███       | 3/10 [05:34<13:00, 111.51s/it]
Task 8, Epoch 4/10 => Loss 2.577, Train_accy 48.56, Test_accy 5.70:  30%|███       | 3/10 [07:27<13:00, 111.51s/it]
Task 8, Epoch 4/10 => Loss 2.577, Train_accy 48.56, Test_accy 5.70:  40%|████      | 4/10 [07:27<11:11, 112.00s/it]
Task 8, Epoch 5/10 => Loss 2.459, Train_accy 55.72, Test_accy 6.12:  40%|████      | 4/10 [09:18<11:11, 112.00s/it]
Task 8, Epoch 5/10 => Loss 2.459, Train_accy 55.72, Test_accy 6.12:  50%|█████     | 5/10 [09:18<09:19, 111.82s/it]
Task 8, Epoch 6/10 => Loss 2.350, Train_accy 60.65, Test_accy 6.61:  50%|█████     | 5/10 [11:10<09:19, 111.82s/it]
Task 8, Epoch 6/10 => Loss 2.350, Train_accy 60.65, Test_accy 6.61:  60%|██████    | 6/10 [11:10<07:27, 111.77s/it]
Task 8, Epoch 7/10 => Loss 2.268, Train_accy 65.36, Test_accy 7.04:  60%|██████    | 6/10 [13:01<07:27, 111.77s/it]
Task 8, Epoch 7/10 => Loss 2.268, Train_accy 65.36, Test_accy 7.04:  70%|███████   | 7/10 [13:01<05:34, 111.65s/it]
Task 8, Epoch 8/10 => Loss 2.187, Train_accy 69.39, Test_accy 7.40:  70%|███████   | 7/10 [14:54<05:34, 111.65s/it]
Task 8, Epoch 8/10 => Loss 2.187, Train_accy 69.39, Test_accy 7.40:  80%|████████  | 8/10 [14:54<03:43, 111.93s/it]
Task 8, Epoch 9/10 => Loss 2.155, Train_accy 70.52, Test_accy 7.50:  80%|████████  | 8/10 [16:46<03:43, 111.93s/it]
Task 8, Epoch 9/10 => Loss 2.155, Train_accy 70.52, Test_accy 7.50:  90%|█████████ | 9/10 [16:46<01:52, 112.02s/it]
Task 8, Epoch 10/10 => Loss 2.070, Train_accy 76.49, Test_accy 7.71:  90%|█████████ | 9/10 [18:37<01:52, 112.02s/it]
Task 8, Epoch 10/10 => Loss 2.070, Train_accy 76.49, Test_accy 7.71: 100%|██████████| 10/10 [18:37<00:00, 111.78s/it]
Task 8, Epoch 10/10 => Loss 2.070, Train_accy 76.49, Test_accy 7.71: 100%|██████████| 10/10 [18:37<00:00, 111.77s/it]
2026-02-08 19:13:05,263 [finetune.py] => Task 8, Epoch 10/10 => Loss 2.070, Train_accy 76.49, Test_accy 7.71
2026-02-08 19:13:57,635 [trainer.py] => CNN: {'total': 7.71, '00-09': 0.0, '10-19': 0.0, '20-29': 0.0, '30-39': 0.0, '40-49': 0.0, '50-59': 0.0, '60-69': 0.0, '70-79': 0.0, '80-89': 0.0, '90-99': 0.0, '100-109': 0.0, '110-119': 0.0, '120-129': 0.0, '130-139': 0.0, '140-149': 0.0, '150-159': 0.0, '160-169': 0.33, '170-179': 0.0, '180-189': 0.0, '190-199': 0.0, '200-209': 0.0, '210-219': 0.0, '220-229': 0.0, '230-239': 0.0, '240-249': 56.71, '250-259': 85.12, '260-269': 58.73, 'old': 0.02, 'new': 71.19, 'harmonic': 0.04}
2026-02-08 19:13:57,636 [trainer.py] => CNN top1 curve: [87.26, 45.24, 26.8, 20.11, 14.74, 17.28, 10.14, 8.14, 7.71]
2026-02-08 19:13:57,636 [trainer.py] => CNN top5 curve: [98.61, 60.2, 40.69, 33.98, 23.76, 24.64, 19.88, 16.31, 15.88]
2026-02-08 19:13:57,636 [trainer.py] => Average Accuracy (CNN): 26.380000000000006
2026-02-08 19:13:57,640 [finetune.py] => Learning on 270-300

  0%|          | 0/10 [00:00<?, ?it/s]
Task 9, Epoch 1/10 => Loss 3.087, Train_accy 1.34, Test_accy 3.77:   0%|          | 0/10 [02:03<?, ?it/s]
Task 9, Epoch 1/10 => Loss 3.087, Train_accy 1.34, Test_accy 3.77:  10%|█         | 1/10 [02:03<18:31, 123.55s/it]
Task 9, Epoch 2/10 => Loss 2.811, Train_accy 23.09, Test_accy 4.80:  10%|█         | 1/10 [04:06<18:31, 123.55s/it]
Task 9, Epoch 2/10 => Loss 2.811, Train_accy 23.09, Test_accy 4.80:  20%|██        | 2/10 [04:06<16:26, 123.36s/it]
Task 9, Epoch 3/10 => Loss 2.668, Train_accy 43.13, Test_accy 5.41:  20%|██        | 2/10 [06:11<16:26, 123.36s/it]
Task 9, Epoch 3/10 => Loss 2.668, Train_accy 43.13, Test_accy 5.41:  30%|███       | 3/10 [06:11<14:26, 123.81s/it]
Task 9, Epoch 4/10 => Loss 2.564, Train_accy 53.36, Test_accy 6.66:  30%|███       | 3/10 [08:14<14:26, 123.81s/it]
Task 9, Epoch 4/10 => Loss 2.564, Train_accy 53.36, Test_accy 6.66:  40%|████      | 4/10 [08:14<12:20, 123.46s/it]
Task 9, Epoch 5/10 => Loss 2.478, Train_accy 61.59, Test_accy 7.63:  40%|████      | 4/10 [10:17<12:20, 123.46s/it]
Task 9, Epoch 5/10 => Loss 2.478, Train_accy 61.59, Test_accy 7.63:  50%|█████     | 5/10 [10:17<10:16, 123.38s/it]
Task 9, Epoch 6/10 => Loss 2.396, Train_accy 65.88, Test_accy 7.64:  50%|█████     | 5/10 [12:20<10:16, 123.38s/it]
Task 9, Epoch 6/10 => Loss 2.396, Train_accy 65.88, Test_accy 7.64:  60%|██████    | 6/10 [12:20<08:13, 123.34s/it]
Task 9, Epoch 7/10 => Loss 2.324, Train_accy 68.25, Test_accy 7.60:  60%|██████    | 6/10 [14:25<08:13, 123.34s/it]
Task 9, Epoch 7/10 => Loss 2.324, Train_accy 68.25, Test_accy 7.60:  70%|███████   | 7/10 [14:25<06:11, 123.82s/it]
Task 9, Epoch 8/10 => Loss 2.261, Train_accy 69.39, Test_accy 8.06:  70%|███████   | 7/10 [16:28<06:11, 123.82s/it]
Task 9, Epoch 8/10 => Loss 2.261, Train_accy 69.39, Test_accy 8.06:  80%|████████  | 8/10 [16:28<04:07, 123.65s/it]
Task 9, Epoch 9/10 => Loss 2.201, Train_accy 70.13, Test_accy 8.00:  80%|████████  | 8/10 [18:32<04:07, 123.65s/it]
Task 9, Epoch 9/10 => Loss 2.201, Train_accy 70.13, Test_accy 8.00:  90%|█████████ | 9/10 [18:32<02:03, 123.61s/it]
Task 9, Epoch 10/10 => Loss 2.143, Train_accy 70.93, Test_accy 8.60:  90%|█████████ | 9/10 [20:35<02:03, 123.61s/it]
Task 9, Epoch 10/10 => Loss 2.143, Train_accy 70.93, Test_accy 8.60: 100%|██████████| 10/10 [20:35<00:00, 123.54s/it]
Task 9, Epoch 10/10 => Loss 2.143, Train_accy 70.93, Test_accy 8.60: 100%|██████████| 10/10 [20:35<00:00, 123.55s/it]
2026-02-08 19:34:33,208 [finetune.py] => Task 9, Epoch 10/10 => Loss 2.143, Train_accy 70.93, Test_accy 8.60
2026-02-08 19:35:30,155 [trainer.py] => CNN: {'total': 8.6, '00-09': 0.0, '10-19': 0.0, '20-29': 0.0, '30-39': 0.0, '40-49': 0.0, '50-59': 0.0, '60-69': 0.0, '70-79': 0.0, '80-89': 0.0, '90-99': 0.0, '100-109': 0.0, '110-119': 0.0, '120-129': 0.0, '130-139': 0.0, '140-149': 0.0, '150-159': 0.0, '160-169': 18.14, '170-179': 0.0, '180-189': 0.0, '190-199': 0.0, '200-209': 0.0, '210-219': 0.0, '220-229': 0.0, '230-239': 0.0, '240-249': 0.0, '250-259': 10.81, '260-269': 0.0, '270-279': 76.83, '280-289': 44.96, '290-299': 59.5, 'old': 1.59, 'new': 64.78, 'harmonic': 3.1}
2026-02-08 19:35:30,155 [trainer.py] => CNN top1 curve: [87.26, 45.24, 26.8, 20.11, 14.74, 17.28, 10.14, 8.14, 7.71, 8.6]
2026-02-08 19:35:30,155 [trainer.py] => CNN top5 curve: [98.61, 60.2, 40.69, 33.98, 23.76, 24.64, 19.88, 16.31, 15.88, 15.89]
2026-02-08 19:35:30,156 [trainer.py] => Average Accuracy (CNN): 24.602000000000004

========================================
Finished sun_init30_inc30
Backbone: OpenCLIP_LAION400M
Average Accuracy (Top1): 24.6
Last Accuracy: 8.6
========================================

2026-02-08 19:35:32,725 [trainer.py] => config: ./configs/finetune/finetune_sun_B150_Inc30.json
2026-02-08 19:35:32,725 [trainer.py] => prefix: -
2026-02-08 19:35:32,725 [trainer.py] => dataset: sun
2026-02-08 19:35:32,725 [trainer.py] => memory_size: 0
2026-02-08 19:35:32,725 [trainer.py] => memory_per_class: 0
2026-02-08 19:35:32,725 [trainer.py] => fixed_memory: False
2026-02-08 19:35:32,725 [trainer.py] => shuffle: True
2026-02-08 19:35:32,725 [trainer.py] => init_cls: 150
2026-02-08 19:35:32,725 [trainer.py] => increment: 30
2026-02-08 19:35:32,725 [trainer.py] => model_name: finetune
2026-02-08 19:35:32,725 [trainer.py] => backbone_type: clip
2026-02-08 19:35:32,725 [trainer.py] => device: [device(type='cuda', index=7)]
2026-02-08 19:35:32,726 [trainer.py] => seed: 1993
2026-02-08 19:35:32,726 [trainer.py] => init_epoch: 10
2026-02-08 19:35:32,726 [trainer.py] => init_lr: 0.001
2026-02-08 19:35:32,726 [trainer.py] => init_milestones: [60, 120, 170]
2026-02-08 19:35:32,726 [trainer.py] => init_lr_decay: 0.1
2026-02-08 19:35:32,726 [trainer.py] => init_weight_decay: 0.0005
2026-02-08 19:35:32,726 [trainer.py] => epochs: 10
2026-02-08 19:35:32,726 [trainer.py] => lrate: 0.001
2026-02-08 19:35:32,726 [trainer.py] => milestones: [40, 70]
2026-02-08 19:35:32,726 [trainer.py] => lrate_decay: 0.1
2026-02-08 19:35:32,726 [trainer.py] => batch_size: 128
2026-02-08 19:35:32,726 [trainer.py] => weight_decay: 0.0002
2026-02-08 19:35:32,726 [trainer.py] => total_class_num: 300
['abbey', 'airplane cabin', 'airport terminal', 'alley', 'amphitheater', 'amusement arcade', 'amusement park', 'anechoic chamber', 'apartment building', 'apse', 'aquarium', 'aqueduct', 'arch', 'archive', 'arrival gate', 'art gallery', 'art school', 'art studio', 'assembly line', 'athletic field', 'atrium', 'attic', 'auditorium', 'auto factory', 'badlands', 'badminton court', 'baggage claim', 'bakery', 'balcony', 'ball pit', 'ballroom', 'bamboo forest', 'banquet hall', 'bar', 'barn', 'barndoor', 'baseball field', 'basement', 'basilica', 'basketball court', 'bathroom', 'batters box', 'bayou', 'bazaar', 'beach', 'beauty salon', 'bedroom', 'berth', 'biology laboratory', 'bistro', 'boardwalk', 'boat deck', 'boathouse', 'bookstore', 'booth', 'botanical garden', 'bow window', 'bowling alley', 'boxing ring', 'brewery', 'bridge', 'building facade', 'bullring', 'burial chamber', 'bus interior', 'butchers shop', 'butte', 'cabin', 'cafeteria', 'campsite', 'campus', 'canal', 'candy store', 'canyon', 'car interior', 'carrousel', 'casino', 'castle', 'catacomb', 'cathedral', 'cavern', 'cemetery', 'chalet', 'cheese factory', 'chemistry lab', 'chicken coop', 'childs room', 'church', 'classroom', 'clean room', 'cliff', 'cloister', 'closet', 'clothing store', 'coast', 'cockpit', 'coffee shop', 'computer room', 'conference center', 'conference room', 'construction site', 'control room', 'control tower', 'corn field', 'corral', 'corridor', 'cottage garden', 'courthouse', 'courtroom', 'courtyard', 'covered bridge', 'creek', 'crevasse', 'crosswalk', 'cubicle', 'dam', 'delicatessen', 'dentists office', 'desert', 'diner', 'dinette', 'dining car', 'dining room', 'discotheque', 'dock', 'doorway', 'dorm room', 'driveway', 'driving range', 'drugstore', 'electrical substation', 'elevator', 'elevator shaft', 'engine room', 'escalator', 'excavation', 'factory', 'fairway', 'fastfood restaurant', 'field', 'fire escape', 'fire station', 'firing range', 'fishpond', 'florist shop', 'food court', 'forest', 'forest path', 'forest road', 'formal garden', 'fountain', 'galley', 'game room', 'garage', 'garbage dump', 'gas station', 'gazebo', 'general store', 'gift shop', 'golf course', 'greenhouse', 'gymnasium', 'hangar', 'harbor', 'hayfield', 'heliport', 'herb garden', 'highway', 'hill', 'home office', 'hospital', 'hospital room', 'hot spring', 'hot tub', 'hotel', 'hotel room', 'house', 'hunting lodge', 'ice cream parlor', 'ice floe', 'ice shelf', 'ice skating rink', 'iceberg', 'igloo', 'industrial area', 'inn', 'islet', 'jacuzzi', 'jail', 'jail cell', 'jewelry shop', 'kasbah', 'kennel', 'kindergarden classroom', 'kitchen', 'kitchenette', 'labyrinth', 'lake', 'landfill', 'landing deck', 'laundromat', 'lecture room', 'library', 'lido deck', 'lift bridge', 'lighthouse', 'limousine interior', 'living room', 'lobby', 'lock chamber', 'locker room', 'mansion', 'manufactured home', 'market', 'marsh', 'martial arts gym', 'mausoleum', 'medina', 'moat', 'monastery', 'mosque', 'motel', 'mountain', 'mountain snowy', 'movie theater', 'museum', 'music store', 'music studio', 'nuclear power plant', 'nursery', 'oast house', 'observatory', 'ocean', 'office', 'office building', 'oil refinery', 'oilrig', 'operating room', 'orchard', 'outhouse', 'pagoda', 'palace', 'pantry', 'park', 'parking garage', 'parking lot', 'parlor', 'pasture', 'patio', 'pavilion', 'pharmacy', 'phone booth', 'physics laboratory', 'picnic area', 'pilothouse', 'planetarium', 'playground', 'playroom', 'plaza', 'podium', 'pond', 'poolroom', 'power plant', 'promenade deck', 'pub', 'pulpit', 'putting green', 'racecourse', 'raceway', 'raft', 'railroad track', 'rainforest', 'reception', 'recreation room', 'residential neighborhood', 'restaurant', 'restaurant kitchen', 'restaurant patio', 'rice paddy', 'riding arena', 'river', 'rock arch', 'rope bridge', 'ruin', 'runway', 'sandbar', 'sandbox', 'sauna', 'schoolhouse', 'sea cliff', 'server room', 'shed', 'shoe shop', 'shopfront', 'shopping mall', 'shower', 'skatepark', 'ski lodge', 'ski resort', 'ski slope']
['a photo of a {}.', 'a photo of the {}.']
{'abbey': 0, 'airplane_cabin': 1, 'airport_terminal': 2, 'alley': 3, 'amphitheater': 4, 'amusement_arcade': 5, 'amusement_park': 6, 'anechoic_chamber': 7, 'apartment_building': 8, 'apse': 9, 'aquarium': 10, 'aqueduct': 11, 'arch': 12, 'archive': 13, 'arrival_gate': 14, 'art_gallery': 15, 'art_school': 16, 'art_studio': 17, 'assembly_line': 18, 'athletic_field': 19, 'atrium': 20, 'attic': 21, 'auditorium': 22, 'auto_factory': 23, 'badlands': 24, 'badminton_court': 25, 'baggage_claim': 26, 'bakery': 27, 'balcony': 28, 'ball_pit': 29, 'ballroom': 30, 'bamboo_forest': 31, 'banquet_hall': 32, 'bar': 33, 'barn': 34, 'barndoor': 35, 'baseball_field': 36, 'basement': 37, 'basilica': 38, 'basketball_court': 39, 'bathroom': 40, 'batters_box': 41, 'bayou': 42, 'bazaar': 43, 'beach': 44, 'beauty_salon': 45, 'bedroom': 46, 'berth': 47, 'biology_laboratory': 48, 'bistro': 49, 'boardwalk': 50, 'boat_deck': 51, 'boathouse': 52, 'bookstore': 53, 'booth': 54, 'botanical_garden': 55, 'bow_window': 56, 'bowling_alley': 57, 'boxing_ring': 58, 'brewery': 59, 'bridge': 60, 'building_facade': 61, 'bullring': 62, 'burial_chamber': 63, 'bus_interior': 64, 'butchers_shop': 65, 'butte': 66, 'cabin': 67, 'cafeteria': 68, 'campsite': 69, 'campus': 70, 'canal': 71, 'candy_store': 72, 'canyon': 73, 'car_interior': 74, 'carrousel': 75, 'casino': 76, 'castle': 77, 'catacomb': 78, 'cathedral': 79, 'cavern': 80, 'cemetery': 81, 'chalet': 82, 'cheese_factory': 83, 'chemistry_lab': 84, 'chicken_coop': 85, 'childs_room': 86, 'church': 87, 'classroom': 88, 'clean_room': 89, 'cliff': 90, 'cloister': 91, 'closet': 92, 'clothing_store': 93, 'coast': 94, 'cockpit': 95, 'coffee_shop': 96, 'computer_room': 97, 'conference_center': 98, 'conference_room': 99, 'construction_site': 100, 'control_room': 101, 'control_tower': 102, 'corn_field': 103, 'corral': 104, 'corridor': 105, 'cottage_garden': 106, 'courthouse': 107, 'courtroom': 108, 'courtyard': 109, 'covered_bridge': 110, 'creek': 111, 'crevasse': 112, 'crosswalk': 113, 'cubicle': 114, 'dam': 115, 'delicatessen': 116, 'dentists_office': 117, 'desert': 118, 'diner': 119, 'dinette': 120, 'dining_car': 121, 'dining_room': 122, 'discotheque': 123, 'dock': 124, 'doorway': 125, 'dorm_room': 126, 'driveway': 127, 'driving_range': 128, 'drugstore': 129, 'electrical_substation': 130, 'elevator': 131, 'elevator_shaft': 132, 'engine_room': 133, 'escalator': 134, 'excavation': 135, 'factory': 136, 'fairway': 137, 'fastfood_restaurant': 138, 'field': 139, 'fire_escape': 140, 'fire_station': 141, 'firing_range': 142, 'fishpond': 143, 'florist_shop': 144, 'food_court': 145, 'forest': 146, 'forest_path': 147, 'forest_road': 148, 'formal_garden': 149, 'fountain': 150, 'galley': 151, 'game_room': 152, 'garage': 153, 'garbage_dump': 154, 'gas_station': 155, 'gazebo': 156, 'general_store': 157, 'gift_shop': 158, 'golf_course': 159, 'greenhouse': 160, 'gymnasium': 161, 'hangar': 162, 'harbor': 163, 'hayfield': 164, 'heliport': 165, 'herb_garden': 166, 'highway': 167, 'hill': 168, 'home_office': 169, 'hospital': 170, 'hospital_room': 171, 'hot_spring': 172, 'hot_tub': 173, 'hotel': 174, 'hotel_room': 175, 'house': 176, 'hunting_lodge': 177, 'ice_cream_parlor': 178, 'ice_floe': 179, 'ice_shelf': 180, 'ice_skating_rink': 181, 'iceberg': 182, 'igloo': 183, 'industrial_area': 184, 'inn': 185, 'islet': 186, 'jacuzzi': 187, 'jail': 188, 'jail_cell': 189, 'jewelry_shop': 190, 'kasbah': 191, 'kennel': 192, 'kindergarden_classroom': 193, 'kitchen': 194, 'kitchenette': 195, 'labyrinth': 196, 'lake': 197, 'landfill': 198, 'landing_deck': 199, 'laundromat': 200, 'lecture_room': 201, 'library': 202, 'lido_deck': 203, 'lift_bridge': 204, 'lighthouse': 205, 'limousine_interior': 206, 'living_room': 207, 'lobby': 208, 'lock_chamber': 209, 'locker_room': 210, 'mansion': 211, 'manufactured_home': 212, 'market': 213, 'marsh': 214, 'martial_arts_gym': 215, 'mausoleum': 216, 'medina': 217, 'moat': 218, 'monastery': 219, 'mosque': 220, 'motel': 221, 'mountain': 222, 'mountain_snowy': 223, 'movie_theater': 224, 'museum': 225, 'music_store': 226, 'music_studio': 227, 'nuclear_power_plant': 228, 'nursery': 229, 'oast_house': 230, 'observatory': 231, 'ocean': 232, 'office': 233, 'office_building': 234, 'oil_refinery': 235, 'oilrig': 236, 'operating_room': 237, 'orchard': 238, 'outhouse': 239, 'pagoda': 240, 'palace': 241, 'pantry': 242, 'park': 243, 'parking_garage': 244, 'parking_lot': 245, 'parlor': 246, 'pasture': 247, 'patio': 248, 'pavilion': 249, 'pharmacy': 250, 'phone_booth': 251, 'physics_laboratory': 252, 'picnic_area': 253, 'pilothouse': 254, 'planetarium': 255, 'playground': 256, 'playroom': 257, 'plaza': 258, 'podium': 259, 'pond': 260, 'poolroom': 261, 'power_plant': 262, 'promenade_deck': 263, 'pub': 264, 'pulpit': 265, 'putting_green': 266, 'racecourse': 267, 'raceway': 268, 'raft': 269, 'railroad_track': 270, 'rainforest': 271, 'reception': 272, 'recreation_room': 273, 'residential_neighborhood': 274, 'restaurant': 275, 'restaurant_kitchen': 276, 'restaurant_patio': 277, 'rice_paddy': 278, 'riding_arena': 279, 'river': 280, 'rock_arch': 281, 'rope_bridge': 282, 'ruin': 283, 'runway': 284, 'sandbar': 285, 'sandbox': 286, 'sauna': 287, 'schoolhouse': 288, 'sea_cliff': 289, 'server_room': 290, 'shed': 291, 'shoe_shop': 292, 'shopfront': 293, 'shopping_mall': 294, 'shower': 295, 'skatepark': 296, 'ski_lodge': 297, 'ski_resort': 298, 'ski_slope': 299}
2026-02-08 19:35:33,030 [data_manager.py] => [169, 221, 146, 296, 92, 229, 49, 70, 126, 77, 243, 57, 120, 223, 27, 217, 154, 8, 101, 182, 54, 50, 97, 162, 28, 193, 79, 6, 151, 0, 173, 187, 44, 277, 157, 16, 257, 122, 35, 9, 171, 176, 134, 4, 87, 255, 112, 153, 246, 286, 147, 186, 107, 98, 10, 7, 266, 214, 36, 165, 139, 254, 103, 269, 59, 23, 298, 39, 73, 208, 135, 299, 102, 20, 12, 268, 11, 209, 161, 210, 74, 42, 56, 99, 235, 133, 159, 189, 145, 238, 215, 241, 138, 195, 233, 279, 88, 199, 64, 280, 26, 203, 17, 245, 174, 236, 137, 252, 80, 68, 181, 150, 118, 94, 75, 2, 109, 119, 232, 15, 69, 184, 201, 261, 55, 287, 273, 66, 175, 32, 142, 136, 116, 76, 179, 1, 91, 248, 275, 240, 290, 170, 132, 106, 265, 270, 85, 19, 284, 43, 259, 293, 228, 200, 104, 227, 51, 224, 163, 297, 216, 260, 93, 46, 100, 272, 105, 72, 131, 3, 156, 256, 249, 48, 113, 82, 172, 213, 62, 53, 271, 168, 253, 226, 183, 180, 276, 283, 78, 61, 143, 278, 30, 141, 196, 264, 231, 52, 222, 40, 125, 219, 65, 166, 192, 289, 45, 205, 89, 267, 90, 71, 167, 262, 281, 212, 96, 84, 127, 67, 294, 178, 288, 197, 21, 18, 111, 108, 58, 230, 188, 31, 110, 291, 129, 24, 204, 83, 81, 251, 60, 13, 128, 14, 86, 63, 117, 198, 274, 5, 22, 144, 258, 121, 38, 207, 148, 292, 41, 234, 237, 114, 202, 37, 149, 206, 155, 29, 130, 177, 194, 152, 34, 33, 239, 160, 140, 47, 244, 25, 282, 158, 211, 123, 190, 218, 164, 247, 263, 191, 220, 115, 242, 250, 124, 295, 95, 285, 225, 185]
After shuffle, class_to_label is:  ['home office', 'motel', 'forest', 'skatepark', 'closet', 'nursery', 'bistro', 'campus', 'dorm room', 'castle', 'park', 'bowling alley', 'dinette', 'mountain snowy', 'bakery', 'medina', 'garbage dump', 'apartment building', 'control room', 'iceberg', 'booth', 'boardwalk', 'computer room', 'hangar', 'balcony', 'kindergarden classroom', 'cathedral', 'amusement park', 'galley', 'abbey', 'hot tub', 'jacuzzi', 'beach', 'restaurant patio', 'general store', 'art school', 'playroom', 'dining room', 'barndoor', 'apse', 'hospital room', 'house', 'escalator', 'amphitheater', 'church', 'planetarium', 'crevasse', 'garage', 'parlor', 'sandbox', 'forest path', 'islet', 'courthouse', 'conference center', 'aquarium', 'anechoic chamber', 'putting green', 'marsh', 'baseball field', 'heliport', 'field', 'pilothouse', 'corn field', 'raft', 'brewery', 'auto factory', 'ski resort', 'basketball court', 'canyon', 'lobby', 'excavation', 'ski slope', 'control tower', 'atrium', 'arch', 'raceway', 'aqueduct', 'lock chamber', 'gymnasium', 'locker room', 'car interior', 'bayou', 'bow window', 'conference room', 'oil refinery', 'engine room', 'golf course', 'jail cell', 'food court', 'orchard', 'martial arts gym', 'palace', 'fastfood restaurant', 'kitchenette', 'office', 'riding arena', 'classroom', 'landing deck', 'bus interior', 'river', 'baggage claim', 'lido deck', 'art studio', 'parking lot', 'hotel', 'oilrig', 'fairway', 'physics laboratory', 'cavern', 'cafeteria', 'ice skating rink', 'fountain', 'desert', 'coast', 'carrousel', 'airport terminal', 'courtyard', 'diner', 'ocean', 'art gallery', 'campsite', 'industrial area', 'lecture room', 'poolroom', 'botanical garden', 'sauna', 'recreation room', 'butte', 'hotel room', 'banquet hall', 'firing range', 'factory', 'delicatessen', 'casino', 'ice floe', 'airplane cabin', 'cloister', 'patio', 'restaurant', 'pagoda', 'server room', 'hospital', 'elevator shaft', 'cottage garden', 'pulpit', 'railroad track', 'chicken coop', 'athletic field', 'runway', 'bazaar', 'podium', 'shopfront', 'nuclear power plant', 'laundromat', 'corral', 'music studio', 'boat deck', 'movie theater', 'harbor', 'ski lodge', 'mausoleum', 'pond', 'clothing store', 'bedroom', 'construction site', 'reception', 'corridor', 'candy store', 'elevator', 'alley', 'gazebo', 'playground', 'pavilion', 'biology laboratory', 'crosswalk', 'chalet', 'hot spring', 'market', 'bullring', 'bookstore', 'rainforest', 'hill', 'picnic area', 'music store', 'igloo', 'ice shelf', 'restaurant kitchen', 'ruin', 'catacomb', 'building facade', 'fishpond', 'rice paddy', 'ballroom', 'fire station', 'labyrinth', 'pub', 'observatory', 'boathouse', 'mountain', 'bathroom', 'doorway', 'monastery', 'butchers shop', 'herb garden', 'kennel', 'sea cliff', 'beauty salon', 'lighthouse', 'clean room', 'racecourse', 'cliff', 'canal', 'highway', 'power plant', 'rock arch', 'manufactured home', 'coffee shop', 'chemistry lab', 'driveway', 'cabin', 'shopping mall', 'ice cream parlor', 'schoolhouse', 'lake', 'attic', 'assembly line', 'creek', 'courtroom', 'boxing ring', 'oast house', 'jail', 'bamboo forest', 'covered bridge', 'shed', 'drugstore', 'badlands', 'lift bridge', 'cheese factory', 'cemetery', 'phone booth', 'bridge', 'archive', 'driving range', 'arrival gate', 'childs room', 'burial chamber', 'dentists office', 'landfill', 'residential neighborhood', 'amusement arcade', 'auditorium', 'florist shop', 'plaza', 'dining car', 'basilica', 'living room', 'forest road', 'shoe shop', 'batters box', 'office building', 'operating room', 'cubicle', 'library', 'basement', 'formal garden', 'limousine interior', 'gas station', 'ball pit', 'electrical substation', 'hunting lodge', 'kitchen', 'game room', 'barn', 'bar', 'outhouse', 'greenhouse', 'fire escape', 'berth', 'parking garage', 'badminton court', 'rope bridge', 'gift shop', 'mansion', 'discotheque', 'jewelry shop', 'moat', 'hayfield', 'pasture', 'promenade deck', 'kasbah', 'mosque', 'dam', 'pantry', 'pharmacy', 'dock', 'shower', 'cockpit', 'sandbar', 'museum', 'inn']
Training class stages: [150, 30, 30, 30, 30, 30]
Using CLIP model as the backbone
2026-02-08 19:35:34,608 [instantiator.py] => Created a temporary directory at /tmp/tmpwzvzowxk
2026-02-08 19:35:34,609 [instantiator.py] => Writing /tmp/tmpwzvzowxk/_remote_module_non_scriptable.py
2026-02-08 19:35:34,743 [factory.py] => Loaded ViT-B-16 model config.
2026-02-08 19:35:36,293 [factory.py] => Loading pretrained ViT-B-16 weights (/home/team/zhaohongwei/pretrained_models/open_clip_pytorch_model_laion400m_e32.bin).
/home/team/zhaohongwei/anaconda3/envs/mmcl/lib/python3.10/site-packages/torch/_utils.py:776: UserWarning: TypedStorage is deprecated. It will be removed in the future and UntypedStorage will be the only storage class. This should only matter to you if you are using storages directly.  To access UntypedStorage directly, use tensor.untyped_storage() instead of tensor.storage()
  return self.fget.__get__(instance, owner)()
Using CLIP model as the backbone
2026-02-08 19:35:36,733 [factory.py] => Loaded ViT-B-16 model config.
2026-02-08 19:35:38,092 [factory.py] => Loading pretrained ViT-B-16 weights (/home/team/zhaohongwei/pretrained_models/open_clip_pytorch_model_laion400m_e32.bin).
2026-02-08 19:35:38,562 [finetune.py] => Learning on 0-150

  0%|          | 0/10 [00:00<?, ?it/s]
Task 0, Epoch 1/10 => Loss 4.893, Train_accy 13.07, Test_accy 22.39:   0%|          | 0/10 [05:27<?, ?it/s]
Task 0, Epoch 1/10 => Loss 4.893, Train_accy 13.07, Test_accy 22.39:  10%|█         | 1/10 [05:27<49:08, 327.64s/it]
Task 0, Epoch 2/10 => Loss 4.679, Train_accy 32.32:  10%|█         | 1/10 [10:25<49:08, 327.64s/it]                 
Task 0, Epoch 2/10 => Loss 4.679, Train_accy 32.32:  20%|██        | 2/10 [10:25<41:20, 310.10s/it]
Task 0, Epoch 3/10 => Loss 4.525, Train_accy 47.98:  20%|██        | 2/10 [15:23<41:20, 310.10s/it]
Task 0, Epoch 3/10 => Loss 4.525, Train_accy 47.98:  30%|███       | 3/10 [15:23<35:31, 304.46s/it]
Task 0, Epoch 4/10 => Loss 4.406, Train_accy 57.77:  30%|███       | 3/10 [20:20<35:31, 304.46s/it]
Task 0, Epoch 4/10 => Loss 4.406, Train_accy 57.77:  40%|████      | 4/10 [20:20<30:10, 301.71s/it]
Task 0, Epoch 5/10 => Loss 4.310, Train_accy 63.77:  40%|████      | 4/10 [25:18<30:10, 301.71s/it]
Task 0, Epoch 5/10 => Loss 4.310, Train_accy 63.77:  50%|█████     | 5/10 [25:18<25:01, 300.24s/it]
Task 0, Epoch 6/10 => Loss 4.228, Train_accy 68.45, Test_accy 65.98:  50%|█████     | 5/10 [30:45<25:01, 300.24s/it]
Task 0, Epoch 6/10 => Loss 4.228, Train_accy 68.45, Test_accy 65.98:  60%|██████    | 6/10 [30:45<20:37, 309.41s/it]
Task 0, Epoch 7/10 => Loss 4.154, Train_accy 72.28:  60%|██████    | 6/10 [35:43<20:37, 309.41s/it]                 
Task 0, Epoch 7/10 => Loss 4.154, Train_accy 72.28:  70%|███████   | 7/10 [35:43<15:16, 305.58s/it]
Task 0, Epoch 8/10 => Loss 4.087, Train_accy 75.60:  70%|███████   | 7/10 [40:39<15:16, 305.58s/it]
Task 0, Epoch 8/10 => Loss 4.087, Train_accy 75.60:  80%|████████  | 8/10 [40:39<10:05, 302.68s/it]
Task 0, Epoch 9/10 => Loss 4.022, Train_accy 78.40:  80%|████████  | 8/10 [45:38<10:05, 302.68s/it]
Task 0, Epoch 9/10 => Loss 4.022, Train_accy 78.40:  90%|█████████ | 9/10 [45:38<05:01, 301.49s/it]
Task 0, Epoch 10/10 => Loss 3.962, Train_accy 80.71:  90%|█████████ | 9/10 [50:36<05:01, 301.49s/it]
Task 0, Epoch 10/10 => Loss 3.962, Train_accy 80.71: 100%|██████████| 10/10 [50:36<00:00, 300.32s/it]
Task 0, Epoch 10/10 => Loss 3.962, Train_accy 80.71: 100%|██████████| 10/10 [50:36<00:00, 303.63s/it]
2026-02-08 20:26:15,450 [finetune.py] => Task 0, Epoch 10/10 => Loss 3.962, Train_accy 80.71
2026-02-08 20:26:45,179 [trainer.py] => CNN: {'total': 71.15, '00-09': 66.93, '10-19': 76.13, '20-29': 66.06, '30-39': 73.91, '40-49': 81.83, '50-59': 69.53, '60-69': 76.9, '70-79': 75.89, '80-89': 83.01, '90-99': 47.97, '100-109': 60.2, '110-119': 78.34, '120-129': 64.0, '130-139': 62.04, '140-149': 63.32, 'old': 0, 'new': 71.15, 'harmonic': 0.0}
2026-02-08 20:26:45,180 [trainer.py] => CNN top1 curve: [71.15]
2026-02-08 20:26:45,180 [trainer.py] => CNN top5 curve: [85.6]
2026-02-08 20:26:45,180 [trainer.py] => Average Accuracy (CNN): 71.15
2026-02-08 20:26:45,182 [finetune.py] => Learning on 150-180

  0%|          | 0/10 [00:00<?, ?it/s]
Task 1, Epoch 1/10 => Loss 3.050, Train_accy 24.77, Test_accy 34.46:   0%|          | 0/10 [01:53<?, ?it/s]
Task 1, Epoch 1/10 => Loss 3.050, Train_accy 24.77, Test_accy 34.46:  10%|█         | 1/10 [01:53<17:04, 113.87s/it]
Task 1, Epoch 2/10 => Loss 2.729, Train_accy 60.00, Test_accy 30.77:  10%|█         | 1/10 [03:47<17:04, 113.87s/it]
Task 1, Epoch 2/10 => Loss 2.729, Train_accy 60.00, Test_accy 30.77:  20%|██        | 2/10 [03:47<15:09, 113.66s/it]
Task 1, Epoch 3/10 => Loss 2.566, Train_accy 78.08, Test_accy 26.57:  20%|██        | 2/10 [05:40<15:09, 113.66s/it]
Task 1, Epoch 3/10 => Loss 2.566, Train_accy 78.08, Test_accy 26.57:  30%|███       | 3/10 [05:40<13:14, 113.43s/it]
Task 1, Epoch 4/10 => Loss 2.446, Train_accy 85.49, Test_accy 24.99:  30%|███       | 3/10 [07:33<13:14, 113.43s/it]
Task 1, Epoch 4/10 => Loss 2.446, Train_accy 85.49, Test_accy 24.99:  40%|████      | 4/10 [07:33<11:20, 113.34s/it]
Task 1, Epoch 5/10 => Loss 2.350, Train_accy 89.43, Test_accy 23.70:  40%|████      | 4/10 [09:26<11:20, 113.34s/it]
Task 1, Epoch 5/10 => Loss 2.350, Train_accy 89.43, Test_accy 23.70:  50%|█████     | 5/10 [09:26<09:26, 113.31s/it]
Task 1, Epoch 6/10 => Loss 2.270, Train_accy 91.92, Test_accy 21.51:  50%|█████     | 5/10 [11:20<09:26, 113.31s/it]
Task 1, Epoch 6/10 => Loss 2.270, Train_accy 91.92, Test_accy 21.51:  60%|██████    | 6/10 [11:20<07:33, 113.45s/it]
Task 1, Epoch 7/10 => Loss 2.196, Train_accy 94.73, Test_accy 20.65:  60%|██████    | 6/10 [13:16<07:33, 113.45s/it]
Task 1, Epoch 7/10 => Loss 2.196, Train_accy 94.73, Test_accy 20.65:  70%|███████   | 7/10 [13:16<05:42, 114.06s/it]
Task 1, Epoch 8/10 => Loss 2.133, Train_accy 96.88, Test_accy 20.27:  70%|███████   | 7/10 [15:09<05:42, 114.06s/it]
Task 1, Epoch 8/10 => Loss 2.133, Train_accy 96.88, Test_accy 20.27:  80%|████████  | 8/10 [15:09<03:47, 113.83s/it]
Task 1, Epoch 9/10 => Loss 2.077, Train_accy 97.77, Test_accy 19.35:  80%|████████  | 8/10 [17:03<03:47, 113.83s/it]
Task 1, Epoch 9/10 => Loss 2.077, Train_accy 97.77, Test_accy 19.35:  90%|█████████ | 9/10 [17:03<01:53, 113.81s/it]
Task 1, Epoch 10/10 => Loss 2.027, Train_accy 98.14, Test_accy 18.71:  90%|█████████ | 9/10 [18:57<01:53, 113.81s/it]
Task 1, Epoch 10/10 => Loss 2.027, Train_accy 98.14, Test_accy 18.71: 100%|██████████| 10/10 [18:57<00:00, 113.91s/it]
Task 1, Epoch 10/10 => Loss 2.027, Train_accy 98.14, Test_accy 18.71: 100%|██████████| 10/10 [18:57<00:00, 113.73s/it]
2026-02-08 20:45:42,470 [finetune.py] => Task 1, Epoch 10/10 => Loss 2.027, Train_accy 98.14, Test_accy 18.71
2026-02-08 20:46:19,394 [trainer.py] => CNN: {'total': 18.71, '00-09': 0.63, '10-19': 4.51, '20-29': 0.0, '30-39': 5.92, '40-49': 0.77, '50-59': 0.0, '60-69': 0.0, '70-79': 0.0, '80-89': 2.41, '90-99': 0.0, '100-109': 0.0, '110-119': 0.25, '120-129': 3.65, '130-139': 2.04, '140-149': 0.0, '150-159': 84.75, '160-169': 92.59, '170-179': 91.21, 'old': 1.55, 'new': 90.24, 'harmonic': 3.05}
2026-02-08 20:46:19,395 [trainer.py] => CNN top1 curve: [71.15, 18.71]
2026-02-08 20:46:19,395 [trainer.py] => CNN top5 curve: [85.6, 28.1]
2026-02-08 20:46:19,395 [trainer.py] => Average Accuracy (CNN): 44.93000000000001
2026-02-08 20:46:19,397 [finetune.py] => Learning on 180-210

  0%|          | 0/10 [00:00<?, ?it/s]
Task 2, Epoch 1/10 => Loss 3.168, Train_accy 6.62, Test_accy 10.67:   0%|          | 0/10 [01:35<?, ?it/s]
Task 2, Epoch 1/10 => Loss 3.168, Train_accy 6.62, Test_accy 10.67:  10%|█         | 1/10 [01:35<14:19, 95.54s/it]
Task 2, Epoch 2/10 => Loss 2.899, Train_accy 31.26, Test_accy 9.77:  10%|█         | 1/10 [03:08<14:19, 95.54s/it]
Task 2, Epoch 2/10 => Loss 2.899, Train_accy 31.26, Test_accy 9.77:  20%|██        | 2/10 [03:08<12:32, 94.09s/it]
Task 2, Epoch 3/10 => Loss 2.752, Train_accy 45.17, Test_accy 9.34:  20%|██        | 2/10 [04:40<12:32, 94.09s/it]
Task 2, Epoch 3/10 => Loss 2.752, Train_accy 45.17, Test_accy 9.34:  30%|███       | 3/10 [04:40<10:53, 93.29s/it]
Task 2, Epoch 4/10 => Loss 2.642, Train_accy 53.89, Test_accy 9.87:  30%|███       | 3/10 [06:13<10:53, 93.29s/it]
Task 2, Epoch 4/10 => Loss 2.642, Train_accy 53.89, Test_accy 9.87:  40%|████      | 4/10 [06:13<09:18, 93.16s/it]
Task 2, Epoch 5/10 => Loss 2.552, Train_accy 62.10, Test_accy 9.83:  40%|████      | 4/10 [07:48<09:18, 93.16s/it]
Task 2, Epoch 5/10 => Loss 2.552, Train_accy 62.10, Test_accy 9.83:  50%|█████     | 5/10 [07:48<07:48, 93.71s/it]
Task 2, Epoch 6/10 => Loss 2.480, Train_accy 67.17, Test_accy 9.52:  50%|█████     | 5/10 [09:22<07:48, 93.71s/it]
Task 2, Epoch 6/10 => Loss 2.480, Train_accy 67.17, Test_accy 9.52:  60%|██████    | 6/10 [09:22<06:15, 93.76s/it]
Task 2, Epoch 7/10 => Loss 2.419, Train_accy 73.27, Test_accy 9.47:  60%|██████    | 6/10 [10:55<06:15, 93.76s/it]
Task 2, Epoch 7/10 => Loss 2.419, Train_accy 73.27, Test_accy 9.47:  70%|███████   | 7/10 [10:55<04:40, 93.49s/it]
Task 2, Epoch 8/10 => Loss 2.362, Train_accy 80.25, Test_accy 9.66:  70%|███████   | 7/10 [12:28<04:40, 93.49s/it]
Task 2, Epoch 8/10 => Loss 2.362, Train_accy 80.25, Test_accy 9.66:  80%|████████  | 8/10 [12:28<03:06, 93.25s/it]
Task 2, Epoch 9/10 => Loss 2.317, Train_accy 86.19, Test_accy 9.23:  80%|████████  | 8/10 [14:01<03:06, 93.25s/it]
Task 2, Epoch 9/10 => Loss 2.317, Train_accy 86.19, Test_accy 9.23:  90%|█████████ | 9/10 [14:01<01:33, 93.21s/it]
Task 2, Epoch 10/10 => Loss 2.277, Train_accy 90.90, Test_accy 9.53:  90%|█████████ | 9/10 [15:35<01:33, 93.21s/it]
Task 2, Epoch 10/10 => Loss 2.277, Train_accy 90.90, Test_accy 9.53: 100%|██████████| 10/10 [15:35<00:00, 93.40s/it]
Task 2, Epoch 10/10 => Loss 2.277, Train_accy 90.90, Test_accy 9.53: 100%|██████████| 10/10 [15:35<00:00, 93.51s/it]
2026-02-08 21:01:54,480 [finetune.py] => Task 2, Epoch 10/10 => Loss 2.277, Train_accy 90.90, Test_accy 9.53
2026-02-08 21:02:35,222 [trainer.py] => CNN: {'total': 9.53, '00-09': 0.0, '10-19': 0.0, '20-29': 0.0, '30-39': 0.0, '40-49': 0.0, '50-59': 0.0, '60-69': 0.0, '70-79': 0.0, '80-89': 0.0, '90-99': 0.0, '100-109': 0.0, '110-119': 0.0, '120-129': 0.0, '130-139': 0.0, '140-149': 0.0, '150-159': 0.0, '160-169': 2.77, '170-179': 1.2, '180-189': 62.47, '190-199': 81.77, '200-209': 86.0, 'old': 0.3, 'new': 78.76, 'harmonic': 0.6}
2026-02-08 21:02:35,223 [trainer.py] => CNN top1 curve: [71.15, 18.71, 9.53]
2026-02-08 21:02:35,223 [trainer.py] => CNN top5 curve: [85.6, 28.1, 20.03]
2026-02-08 21:02:35,223 [trainer.py] => Average Accuracy (CNN): 33.13
2026-02-08 21:02:35,226 [finetune.py] => Learning on 210-240

  0%|          | 0/10 [00:00<?, ?it/s]
Task 3, Epoch 1/10 => Loss 3.156, Train_accy 3.14, Test_accy 6.10:   0%|          | 0/10 [01:46<?, ?it/s]
Task 3, Epoch 1/10 => Loss 3.156, Train_accy 3.14, Test_accy 6.10:  10%|█         | 1/10 [01:46<15:58, 106.48s/it]
Task 3, Epoch 2/10 => Loss 2.895, Train_accy 29.65, Test_accy 8.99:  10%|█         | 1/10 [03:33<15:58, 106.48s/it]
Task 3, Epoch 2/10 => Loss 2.895, Train_accy 29.65, Test_accy 8.99:  20%|██        | 2/10 [03:33<14:14, 106.80s/it]
Task 3, Epoch 3/10 => Loss 2.747, Train_accy 46.00, Test_accy 2.89:  20%|██        | 2/10 [05:21<14:14, 106.80s/it]
Task 3, Epoch 3/10 => Loss 2.747, Train_accy 46.00, Test_accy 2.89:  30%|███       | 3/10 [05:21<12:30, 107.21s/it]
Task 3, Epoch 4/10 => Loss 3.299, Train_accy 1.12, Test_accy 3.01:  30%|███       | 3/10 [07:07<12:30, 107.21s/it] 
Task 3, Epoch 4/10 => Loss 3.299, Train_accy 1.12, Test_accy 3.01:  40%|████      | 4/10 [07:07<10:42, 107.02s/it]
Task 3, Epoch 5/10 => Loss 3.197, Train_accy 9.57, Test_accy 3.45:  40%|████      | 4/10 [08:55<10:42, 107.02s/it]
Task 3, Epoch 5/10 => Loss 3.197, Train_accy 9.57, Test_accy 3.45:  50%|█████     | 5/10 [08:55<08:55, 107.09s/it]
Task 3, Epoch 6/10 => Loss 3.123, Train_accy 13.09, Test_accy 3.94:  50%|█████     | 5/10 [10:42<08:55, 107.09s/it]
Task 3, Epoch 6/10 => Loss 3.123, Train_accy 13.09, Test_accy 3.94:  60%|██████    | 6/10 [10:42<07:08, 107.20s/it]
Task 3, Epoch 7/10 => Loss 3.013, Train_accy 20.28, Test_accy 5.44:  60%|██████    | 6/10 [12:29<07:08, 107.20s/it]
Task 3, Epoch 7/10 => Loss 3.013, Train_accy 20.28, Test_accy 5.44:  70%|███████   | 7/10 [12:29<05:21, 107.03s/it]
Task 3, Epoch 8/10 => Loss 2.904, Train_accy 31.64, Test_accy 6.88:  70%|███████   | 7/10 [14:16<05:21, 107.03s/it]
Task 3, Epoch 8/10 => Loss 2.904, Train_accy 31.64, Test_accy 6.88:  80%|████████  | 8/10 [14:16<03:34, 107.05s/it]
Task 3, Epoch 9/10 => Loss 2.775, Train_accy 41.83, Test_accy 3.86:  80%|████████  | 8/10 [16:03<03:34, 107.05s/it]
Task 3, Epoch 9/10 => Loss 2.775, Train_accy 41.83, Test_accy 3.86:  90%|█████████ | 9/10 [16:03<01:47, 107.00s/it]
Task 3, Epoch 10/10 => Loss 3.021, Train_accy 22.46, Test_accy 5.94:  90%|█████████ | 9/10 [17:49<01:47, 107.00s/it]
Task 3, Epoch 10/10 => Loss 3.021, Train_accy 22.46, Test_accy 5.94: 100%|██████████| 10/10 [17:49<00:00, 106.73s/it]
Task 3, Epoch 10/10 => Loss 3.021, Train_accy 22.46, Test_accy 5.94: 100%|██████████| 10/10 [17:49<00:00, 106.93s/it]
2026-02-08 21:20:24,616 [finetune.py] => Task 3, Epoch 10/10 => Loss 3.021, Train_accy 22.46, Test_accy 5.94
2026-02-08 21:21:12,914 [trainer.py] => CNN: {'total': 5.94, '00-09': 0.16, '10-19': 0.0, '20-29': 0.0, '30-39': 0.0, '40-49': 0.0, '50-59': 0.0, '60-69': 0.0, '70-79': 0.0, '80-89': 0.0, '90-99': 0.0, '100-109': 0.0, '110-119': 0.0, '120-129': 0.0, '130-139': 0.0, '140-149': 0.0, '150-159': 0.0, '160-169': 42.04, '170-179': 0.0, '180-189': 0.0, '190-199': 0.0, '200-209': 0.0, '210-219': 32.95, '220-229': 17.74, '230-239': 31.36, 'old': 2.99, 'new': 28.17, 'harmonic': 5.41}
2026-02-08 21:21:12,915 [trainer.py] => CNN top1 curve: [71.15, 18.71, 9.53, 5.94]
2026-02-08 21:21:12,915 [trainer.py] => CNN top5 curve: [85.6, 28.1, 20.03, 12.8]
2026-02-08 21:21:12,915 [trainer.py] => Average Accuracy (CNN): 26.332500000000003
2026-02-08 21:21:12,917 [finetune.py] => Learning on 240-270

  0%|          | 0/10 [00:00<?, ?it/s]
Task 4, Epoch 1/10 => Loss 3.181, Train_accy 14.24, Test_accy 4.71:   0%|          | 0/10 [01:51<?, ?it/s]
Task 4, Epoch 1/10 => Loss 3.181, Train_accy 14.24, Test_accy 4.71:  10%|█         | 1/10 [01:51<16:45, 111.77s/it]
Task 4, Epoch 2/10 => Loss 2.976, Train_accy 32.85, Test_accy 4.18:  10%|█         | 1/10 [05:00<16:45, 111.77s/it]
Task 4, Epoch 2/10 => Loss 2.976, Train_accy 32.85, Test_accy 4.18:  20%|██        | 2/10 [05:00<20:57, 157.24s/it]
Task 4, Epoch 3/10 => Loss 2.854, Train_accy 35.00, Test_accy 4.37:  20%|██        | 2/10 [08:13<20:57, 157.24s/it]
Task 4, Epoch 3/10 => Loss 2.854, Train_accy 35.00, Test_accy 4.37:  30%|███       | 3/10 [08:13<20:14, 173.50s/it]
Task 4, Epoch 4/10 => Loss 2.749, Train_accy 39.17, Test_accy 4.75:  30%|███       | 3/10 [11:27<20:14, 173.50s/it]
Task 4, Epoch 4/10 => Loss 2.749, Train_accy 39.17, Test_accy 4.75:  40%|████      | 4/10 [11:27<18:09, 181.50s/it]
Task 4, Epoch 5/10 => Loss 2.636, Train_accy 44.83, Test_accy 4.88:  40%|████      | 4/10 [14:39<18:09, 181.50s/it]
Task 4, Epoch 5/10 => Loss 2.636, Train_accy 44.83, Test_accy 4.88:  50%|█████     | 5/10 [14:39<15:26, 185.28s/it]
Task 4, Epoch 6/10 => Loss 2.544, Train_accy 47.09, Test_accy 5.67:  50%|█████     | 5/10 [17:53<15:26, 185.28s/it]
Task 4, Epoch 6/10 => Loss 2.544, Train_accy 47.09, Test_accy 5.67:  60%|██████    | 6/10 [17:53<12:32, 188.20s/it]
Task 4, Epoch 7/10 => Loss 2.439, Train_accy 52.72, Test_accy 6.28:  60%|██████    | 6/10 [21:08<12:32, 188.20s/it]
Task 4, Epoch 7/10 => Loss 2.439, Train_accy 52.72, Test_accy 6.28:  70%|███████   | 7/10 [21:08<09:31, 190.58s/it]
Task 4, Epoch 8/10 => Loss 2.349, Train_accy 58.54, Test_accy 6.64:  70%|███████   | 7/10 [24:24<09:31, 190.58s/it]
Task 4, Epoch 8/10 => Loss 2.349, Train_accy 58.54, Test_accy 6.64:  80%|████████  | 8/10 [24:24<06:24, 192.08s/it]
Task 4, Epoch 9/10 => Loss 2.293, Train_accy 60.98, Test_accy 6.79:  80%|████████  | 8/10 [27:39<06:24, 192.08s/it]
Task 4, Epoch 9/10 => Loss 2.293, Train_accy 60.98, Test_accy 6.79:  90%|█████████ | 9/10 [27:39<03:13, 193.17s/it]
Task 4, Epoch 10/10 => Loss 2.218, Train_accy 63.79, Test_accy 7.16:  90%|█████████ | 9/10 [30:54<03:13, 193.17s/it]
Task 4, Epoch 10/10 => Loss 2.218, Train_accy 63.79, Test_accy 7.16: 100%|██████████| 10/10 [30:54<00:00, 193.72s/it]
Task 4, Epoch 10/10 => Loss 2.218, Train_accy 63.79, Test_accy 7.16: 100%|██████████| 10/10 [30:54<00:00, 185.46s/it]
2026-02-08 21:52:07,546 [finetune.py] => Task 4, Epoch 10/10 => Loss 2.218, Train_accy 63.79, Test_accy 7.16
2026-02-08 21:53:28,052 [trainer.py] => CNN: {'total': 7.16, '00-09': 0.0, '10-19': 0.0, '20-29': 0.0, '30-39': 0.12, '40-49': 0.0, '50-59': 0.0, '60-69': 0.0, '70-79': 0.0, '80-89': 0.0, '90-99': 0.0, '100-109': 0.0, '110-119': 0.0, '120-129': 0.0, '130-139': 0.0, '140-149': 0.0, '150-159': 0.0, '160-169': 3.87, '170-179': 0.0, '180-189': 0.0, '190-199': 0.0, '200-209': 0.0, '210-219': 0.0, '220-229': 0.0, '230-239': 0.0, '240-249': 55.41, '250-259': 74.19, '260-269': 53.54, 'old': 0.25, 'new': 64.2, 'harmonic': 0.5}
2026-02-08 21:53:28,053 [trainer.py] => CNN top1 curve: [71.15, 18.71, 9.53, 5.94, 7.16]
2026-02-08 21:53:28,053 [trainer.py] => CNN top5 curve: [85.6, 28.1, 20.03, 12.8, 14.55]
2026-02-08 21:53:28,053 [trainer.py] => Average Accuracy (CNN): 22.498
2026-02-08 21:53:28,058 [finetune.py] => Learning on 270-300

  0%|          | 0/10 [00:00<?, ?it/s]
Task 5, Epoch 1/10 => Loss 3.121, Train_accy 0.08, Test_accy 3.27:   0%|          | 0/10 [03:41<?, ?it/s]
Task 5, Epoch 1/10 => Loss 3.121, Train_accy 0.08, Test_accy 3.27:  10%|█         | 1/10 [03:41<33:12, 221.43s/it]
Task 5, Epoch 2/10 => Loss 2.847, Train_accy 14.10, Test_accy 4.29:  10%|█         | 1/10 [07:21<33:12, 221.43s/it]
Task 5, Epoch 2/10 => Loss 2.847, Train_accy 14.10, Test_accy 4.29:  20%|██        | 2/10 [07:21<29:23, 220.50s/it]
Task 5, Epoch 3/10 => Loss 2.717, Train_accy 31.06, Test_accy 4.39:  20%|██        | 2/10 [11:00<29:23, 220.50s/it]
Task 5, Epoch 3/10 => Loss 2.717, Train_accy 31.06, Test_accy 4.39:  30%|███       | 3/10 [11:00<25:40, 220.08s/it]
Task 5, Epoch 4/10 => Loss 2.613, Train_accy 45.64, Test_accy 5.72:  30%|███       | 3/10 [14:40<25:40, 220.08s/it]
Task 5, Epoch 4/10 => Loss 2.613, Train_accy 45.64, Test_accy 5.72:  40%|████      | 4/10 [14:40<21:59, 219.96s/it]
Task 5, Epoch 5/10 => Loss 2.519, Train_accy 56.17, Test_accy 6.43:  40%|████      | 4/10 [18:20<21:59, 219.96s/it]
Task 5, Epoch 5/10 => Loss 2.519, Train_accy 56.17, Test_accy 6.43:  50%|█████     | 5/10 [18:20<18:20, 220.08s/it]
Task 5, Epoch 6/10 => Loss 2.437, Train_accy 61.26, Test_accy 7.26:  50%|█████     | 5/10 [22:01<18:20, 220.08s/it]
Task 5, Epoch 6/10 => Loss 2.437, Train_accy 61.26, Test_accy 7.26:  60%|██████    | 6/10 [22:01<14:40, 220.14s/it]
Task 5, Epoch 7/10 => Loss 2.364, Train_accy 64.79, Test_accy 7.61:  60%|██████    | 6/10 [25:40<14:40, 220.14s/it]
Task 5, Epoch 7/10 => Loss 2.364, Train_accy 64.79, Test_accy 7.61:  70%|███████   | 7/10 [25:40<10:59, 219.89s/it]
Task 5, Epoch 8/10 => Loss 2.294, Train_accy 67.91, Test_accy 7.54:  70%|███████   | 7/10 [29:20<10:59, 219.89s/it]
Task 5, Epoch 8/10 => Loss 2.294, Train_accy 67.91, Test_accy 7.54:  80%|████████  | 8/10 [29:20<07:20, 220.02s/it]
Task 5, Epoch 9/10 => Loss 2.231, Train_accy 71.30, Test_accy 7.67:  80%|████████  | 8/10 [33:00<07:20, 220.02s/it]
Task 5, Epoch 9/10 => Loss 2.231, Train_accy 71.30, Test_accy 7.67:  90%|█████████ | 9/10 [33:00<03:39, 219.82s/it]
Task 5, Epoch 10/10 => Loss 2.170, Train_accy 74.33, Test_accy 7.87:  90%|█████████ | 9/10 [36:40<03:39, 219.82s/it]
Task 5, Epoch 10/10 => Loss 2.170, Train_accy 74.33, Test_accy 7.87: 100%|██████████| 10/10 [36:40<00:00, 219.98s/it]
Task 5, Epoch 10/10 => Loss 2.170, Train_accy 74.33, Test_accy 7.87: 100%|██████████| 10/10 [36:40<00:00, 220.06s/it]
2026-02-08 22:30:08,652 [finetune.py] => Task 5, Epoch 10/10 => Loss 2.170, Train_accy 74.33, Test_accy 7.87
2026-02-08 22:31:31,730 [trainer.py] => CNN: {'total': 7.87, '00-09': 0.0, '10-19': 0.0, '20-29': 0.0, '30-39': 0.0, '40-49': 0.0, '50-59': 0.0, '60-69': 0.0, '70-79': 0.0, '80-89': 0.0, '90-99': 0.0, '100-109': 0.0, '110-119': 0.0, '120-129': 0.0, '130-139': 0.0, '140-149': 0.0, '150-159': 0.0, '160-169': 5.64, '170-179': 0.0, '180-189': 0.0, '190-199': 0.0, '200-209': 0.0, '210-219': 0.0, '220-229': 0.0, '230-239': 0.0, '240-249': 0.0, '250-259': 1.74, '260-269': 0.0, '270-279': 79.64, '280-289': 53.95, '290-299': 57.55, 'old': 0.41, 'new': 67.66, 'harmonic': 0.82}
2026-02-08 22:31:31,730 [trainer.py] => CNN top1 curve: [71.15, 18.71, 9.53, 5.94, 7.16, 7.87]
2026-02-08 22:31:31,731 [trainer.py] => CNN top5 curve: [85.6, 28.1, 20.03, 12.8, 14.55, 16.05]
2026-02-08 22:31:31,731 [trainer.py] => Average Accuracy (CNN): 20.060000000000002

========================================
Finished sun_init150_inc30
Backbone: OpenCLIP_LAION400M
Average Accuracy (Top1): 20.06
Last Accuracy: 7.87
========================================

2026-02-07 04:13:58,963 [trainer.py] => config: ./configs/finetune/finetune_food_B0_Inc10.json
2026-02-07 04:13:58,963 [trainer.py] => prefix: -
2026-02-07 04:13:58,963 [trainer.py] => dataset: food101
2026-02-07 04:13:58,963 [trainer.py] => memory_size: 0
2026-02-07 04:13:58,963 [trainer.py] => memory_per_class: 0
2026-02-07 04:13:58,963 [trainer.py] => fixed_memory: False
2026-02-07 04:13:58,963 [trainer.py] => shuffle: True
2026-02-07 04:13:58,963 [trainer.py] => init_cls: 10
2026-02-07 04:13:58,963 [trainer.py] => increment: 10
2026-02-07 04:13:58,963 [trainer.py] => model_name: finetune
2026-02-07 04:13:58,963 [trainer.py] => backbone_type: clip
2026-02-07 04:13:58,963 [trainer.py] => device: [device(type='cuda', index=7)]
2026-02-07 04:13:58,963 [trainer.py] => seed: 1993
2026-02-07 04:13:58,963 [trainer.py] => init_epoch: 10
2026-02-07 04:13:58,964 [trainer.py] => init_lr: 0.001
2026-02-07 04:13:58,964 [trainer.py] => init_milestones: [60, 120, 170]
2026-02-07 04:13:58,964 [trainer.py] => init_lr_decay: 0.1
2026-02-07 04:13:58,964 [trainer.py] => init_weight_decay: 0.0005
2026-02-07 04:13:58,964 [trainer.py] => epochs: 10
2026-02-07 04:13:58,964 [trainer.py] => lrate: 0.001
2026-02-07 04:13:58,964 [trainer.py] => milestones: [40, 70]
2026-02-07 04:13:58,964 [trainer.py] => lrate_decay: 0.1
2026-02-07 04:13:58,964 [trainer.py] => batch_size: 128
2026-02-07 04:13:58,964 [trainer.py] => weight_decay: 0.0002
2026-02-07 04:13:58,964 [trainer.py] => total_class_num: 101
['apple pie', 'baby back ribs', 'baklava', 'beef carpaccio', 'beef tartare', 'beet salad', 'beignets', 'bibimbap', 'bread pudding', 'breakfast burrito', 'bruschetta', 'caesar salad', 'cannoli', 'caprese salad', 'carrot cake', 'ceviche', 'cheese plate', 'cheesecake', 'chicken curry', 'chicken quesadilla', 'chicken wings', 'chocolate cake', 'chocolate mousse', 'churros', 'clam chowder', 'club sandwich', 'crab cakes', 'creme brulee', 'croque madame', 'cup cakes', 'deviled eggs', 'donuts', 'dumplings', 'edamame', 'eggs benedict', 'escargots', 'falafel', 'filet mignon', 'fish and chips', 'foie gras', 'french fries', 'french onion soup', 'french toast', 'fried calamari', 'fried rice', 'frozen yogurt', 'garlic bread', 'gnocchi', 'greek salad', 'grilled cheese sandwich', 'grilled salmon', 'guacamole', 'gyoza', 'hamburger', 'hot and sour soup', 'hot dog', 'huevos rancheros', 'hummus', 'ice cream', 'lasagna', 'lobster bisque', 'lobster roll sandwich', 'macaroni and cheese', 'macarons', 'miso soup', 'mussels', 'nachos', 'omelette', 'onion rings', 'oysters', 'pad thai', 'paella', 'pancakes', 'panna cotta', 'peking duck', 'pho', 'pizza', 'pork chop', 'poutine', 'prime rib', 'pulled pork sandwich', 'ramen', 'ravioli', 'red velvet cake', 'risotto', 'samosa', 'sashimi', 'scallops', 'seaweed salad', 'shrimp and grits', 'spaghetti bolognese', 'spaghetti carbonara', 'spring rolls', 'steak', 'strawberry shortcake', 'sushi', 'tacos', 'takoyaki', 'tiramisu', 'tuna tartare']
['a photo of {}, a type of food.']
{'apple_pie': 0, 'baby_back_ribs': 1, 'baklava': 2, 'beef_carpaccio': 3, 'beef_tartare': 4, 'beet_salad': 5, 'beignets': 6, 'bibimbap': 7, 'bread_pudding': 8, 'breakfast_burrito': 9, 'bruschetta': 10, 'caesar_salad': 11, 'cannoli': 12, 'caprese_salad': 13, 'carrot_cake': 14, 'ceviche': 15, 'cheese_plate': 16, 'cheesecake': 17, 'chicken_curry': 18, 'chicken_quesadilla': 19, 'chicken_wings': 20, 'chocolate_cake': 21, 'chocolate_mousse': 22, 'churros': 23, 'clam_chowder': 24, 'club_sandwich': 25, 'crab_cakes': 26, 'creme_brulee': 27, 'croque_madame': 28, 'cup_cakes': 29, 'deviled_eggs': 30, 'donuts': 31, 'dumplings': 32, 'edamame': 33, 'eggs_benedict': 34, 'escargots': 35, 'falafel': 36, 'filet_mignon': 37, 'fish_and_chips': 38, 'foie_gras': 39, 'french_fries': 40, 'french_onion_soup': 41, 'french_toast': 42, 'fried_calamari': 43, 'fried_rice': 44, 'frozen_yogurt': 45, 'garlic_bread': 46, 'gnocchi': 47, 'greek_salad': 48, 'grilled_cheese_sandwich': 49, 'grilled_salmon': 50, 'guacamole': 51, 'gyoza': 52, 'hamburger': 53, 'hot_and_sour_soup': 54, 'hot_dog': 55, 'huevos_rancheros': 56, 'hummus': 57, 'ice_cream': 58, 'lasagna': 59, 'lobster_bisque': 60, 'lobster_roll_sandwich': 61, 'macaroni_and_cheese': 62, 'macarons': 63, 'miso_soup': 64, 'mussels': 65, 'nachos': 66, 'omelette': 67, 'onion_rings': 68, 'oysters': 69, 'pad_thai': 70, 'paella': 71, 'pancakes': 72, 'panna_cotta': 73, 'peking_duck': 74, 'pho': 75, 'pizza': 76, 'pork_chop': 77, 'poutine': 78, 'prime_rib': 79, 'pulled_pork_sandwich': 80, 'ramen': 81, 'ravioli': 82, 'red_velvet_cake': 83, 'risotto': 84, 'samosa': 85, 'sashimi': 86, 'scallops': 87, 'seaweed_salad': 88, 'shrimp_and_grits': 89, 'spaghetti_bolognese': 90, 'spaghetti_carbonara': 91, 'spring_rolls': 92, 'steak': 93, 'strawberry_shortcake': 94, 'sushi': 95, 'tacos': 96, 'takoyaki': 97, 'tiramisu': 98, 'tuna_tartare': 99}
2026-02-07 04:13:59,331 [data_manager.py] => [68, 56, 78, 8, 23, 84, 90, 65, 74, 76, 40, 89, 3, 92, 55, 9, 26, 80, 43, 38, 58, 70, 77, 1, 85, 19, 17, 50, 28, 53, 13, 81, 45, 82, 6, 59, 83, 16, 15, 44, 91, 41, 72, 60, 79, 52, 20, 10, 31, 54, 37, 95, 14, 71, 96, 98, 97, 2, 64, 66, 42, 22, 35, 86, 24, 34, 87, 21, 99, 0, 88, 27, 18, 94, 11, 12, 47, 25, 30, 46, 62, 69, 36, 61, 7, 63, 75, 5, 32, 4, 51, 48, 73, 93, 39, 67, 29, 49, 57, 33]
After shuffle, class_to_label is:  ['onion rings', 'huevos rancheros', 'poutine', 'bread pudding', 'churros', 'risotto', 'spaghetti bolognese', 'mussels', 'peking duck', 'pizza', 'french fries', 'shrimp and grits', 'beef carpaccio', 'spring rolls', 'hot dog', 'breakfast burrito', 'crab cakes', 'pulled pork sandwich', 'fried calamari', 'fish and chips', 'ice cream', 'pad thai', 'pork chop', 'baby back ribs', 'samosa', 'chicken quesadilla', 'cheesecake', 'grilled salmon', 'croque madame', 'hamburger', 'caprese salad', 'ramen', 'frozen yogurt', 'ravioli', 'beignets', 'lasagna', 'red velvet cake', 'cheese plate', 'ceviche', 'fried rice', 'spaghetti carbonara', 'french onion soup', 'pancakes', 'lobster bisque', 'prime rib', 'gyoza', 'chicken wings', 'bruschetta', 'donuts', 'hot and sour soup', 'filet mignon', 'sushi', 'carrot cake', 'paella', 'tacos', 'tiramisu', 'takoyaki', 'baklava', 'miso soup', 'nachos', 'french toast', 'chocolate mousse', 'escargots', 'sashimi', 'clam chowder', 'eggs benedict', 'scallops', 'chocolate cake', 'tuna tartare', 'apple pie', 'seaweed salad', 'creme brulee', 'chicken curry', 'strawberry shortcake', 'caesar salad', 'cannoli', 'gnocchi', 'club sandwich', 'deviled eggs', 'garlic bread', 'macaroni and cheese', 'oysters', 'falafel', 'lobster roll sandwich', 'bibimbap', 'macarons', 'pho', 'beet salad', 'dumplings', 'beef tartare', 'guacamole', 'greek salad', 'panna cotta', 'steak', 'foie gras', 'omelette', 'cup cakes', 'grilled cheese sandwich', 'hummus', 'edamame']
Training class stages: [10, 10, 10, 10, 10, 10, 10, 10, 10, 10]
Using CLIP model as the backbone
2026-02-07 04:14:00,620 [instantiator.py] => Created a temporary directory at /tmp/tmp5r06edci
2026-02-07 04:14:00,621 [instantiator.py] => Writing /tmp/tmp5r06edci/_remote_module_non_scriptable.py
2026-02-07 04:14:00,754 [factory.py] => Loaded ViT-B-16 model config.
2026-02-07 04:14:02,165 [factory.py] => Loading pretrained ViT-B-16 weights (/home/team/zhaohongwei/pretrained_models/open_clip_pytorch_model_laion400m_e32.bin).
/home/team/zhaohongwei/anaconda3/envs/mmcl/lib/python3.10/site-packages/torch/_utils.py:776: UserWarning: TypedStorage is deprecated. It will be removed in the future and UntypedStorage will be the only storage class. This should only matter to you if you are using storages directly.  To access UntypedStorage directly, use tensor.untyped_storage() instead of tensor.storage()
  return self.fget.__get__(instance, owner)()
Using CLIP model as the backbone
2026-02-07 04:14:02,639 [factory.py] => Loaded ViT-B-16 model config.
2026-02-07 04:14:03,953 [factory.py] => Loading pretrained ViT-B-16 weights (/home/team/zhaohongwei/pretrained_models/open_clip_pytorch_model_laion400m_e32.bin).
2026-02-07 04:14:04,419 [finetune.py] => Learning on 0-10

  0%|          | 0/10 [00:00<?, ?it/s]
Task 0, Epoch 1/10 => Loss 2.223, Train_accy 47.13, Test_accy 87.23:   0%|          | 0/10 [01:12<?, ?it/s]
Task 0, Epoch 1/10 => Loss 2.223, Train_accy 47.13, Test_accy 87.23:  10%|█         | 1/10 [01:12<10:50, 72.27s/it]
Task 0, Epoch 2/10 => Loss 1.877, Train_accy 86.55:  10%|█         | 1/10 [02:18<10:50, 72.27s/it]                 
Task 0, Epoch 2/10 => Loss 1.877, Train_accy 86.55:  20%|██        | 2/10 [02:18<09:09, 68.69s/it]
Task 0, Epoch 3/10 => Loss 1.604, Train_accy 94.42:  20%|██        | 2/10 [03:24<09:09, 68.69s/it]
Task 0, Epoch 3/10 => Loss 1.604, Train_accy 94.42:  30%|███       | 3/10 [03:24<07:52, 67.51s/it]
Task 0, Epoch 4/10 => Loss 1.469, Train_accy 96.80:  30%|███       | 3/10 [04:30<07:52, 67.51s/it]
Task 0, Epoch 4/10 => Loss 1.469, Train_accy 96.80:  40%|████      | 4/10 [04:30<06:42, 67.06s/it]
Task 0, Epoch 5/10 => Loss 1.381, Train_accy 98.06:  40%|████      | 4/10 [05:37<06:42, 67.06s/it]
Task 0, Epoch 5/10 => Loss 1.381, Train_accy 98.06:  50%|█████     | 5/10 [05:37<05:34, 66.87s/it]
Task 0, Epoch 6/10 => Loss 1.317, Train_accy 98.88, Test_accy 93.81:  50%|█████     | 5/10 [06:49<05:34, 66.87s/it]
Task 0, Epoch 6/10 => Loss 1.317, Train_accy 98.88, Test_accy 93.81:  60%|██████    | 6/10 [06:49<04:34, 68.74s/it]
Task 0, Epoch 7/10 => Loss 1.282, Train_accy 98.37:  60%|██████    | 6/10 [07:55<04:34, 68.74s/it]                 
Task 0, Epoch 7/10 => Loss 1.282, Train_accy 98.37:  70%|███████   | 7/10 [07:55<03:23, 67.88s/it]
Task 0, Epoch 8/10 => Loss 1.222, Train_accy 99.39:  70%|███████   | 7/10 [09:02<03:23, 67.88s/it]
Task 0, Epoch 8/10 => Loss 1.222, Train_accy 99.39:  80%|████████  | 8/10 [09:02<02:14, 67.36s/it]
Task 0, Epoch 9/10 => Loss 1.178, Train_accy 99.54:  80%|████████  | 8/10 [10:08<02:14, 67.36s/it]
Task 0, Epoch 9/10 => Loss 1.178, Train_accy 99.54:  90%|█████████ | 9/10 [10:08<01:07, 67.01s/it]
Task 0, Epoch 10/10 => Loss 1.139, Train_accy 99.62:  90%|█████████ | 9/10 [11:14<01:07, 67.01s/it]
Task 0, Epoch 10/10 => Loss 1.139, Train_accy 99.62: 100%|██████████| 10/10 [11:14<00:00, 66.77s/it]
Task 0, Epoch 10/10 => Loss 1.139, Train_accy 99.62: 100%|██████████| 10/10 [11:14<00:00, 67.47s/it]
2026-02-07 04:25:19,660 [finetune.py] => Task 0, Epoch 10/10 => Loss 1.139, Train_accy 99.62
2026-02-07 04:25:25,822 [trainer.py] => CNN: {'total': 95.74, '00-09': 95.74, 'old': 0, 'new': 95.74, 'harmonic': 0.0}
2026-02-07 04:25:25,822 [trainer.py] => CNN top1 curve: [95.74]
2026-02-07 04:25:25,823 [trainer.py] => CNN top5 curve: [99.46]
2026-02-07 04:25:25,823 [trainer.py] => Average Accuracy (CNN): 95.74
2026-02-07 04:25:25,824 [finetune.py] => Learning on 10-20

  0%|          | 0/10 [00:00<?, ?it/s]
Task 1, Epoch 1/10 => Loss 2.131, Train_accy 8.98, Test_accy 60.15:   0%|          | 0/10 [01:17<?, ?it/s]
Task 1, Epoch 1/10 => Loss 2.131, Train_accy 8.98, Test_accy 60.15:  10%|█         | 1/10 [01:17<11:39, 77.69s/it]
Task 1, Epoch 2/10 => Loss 1.757, Train_accy 75.95, Test_accy 60.20:  10%|█         | 1/10 [02:35<11:39, 77.69s/it]
Task 1, Epoch 2/10 => Loss 1.757, Train_accy 75.95, Test_accy 60.20:  20%|██        | 2/10 [02:35<10:22, 77.77s/it]
Task 1, Epoch 3/10 => Loss 1.556, Train_accy 92.54, Test_accy 56.77:  20%|██        | 2/10 [03:53<10:22, 77.77s/it]
Task 1, Epoch 3/10 => Loss 1.556, Train_accy 92.54, Test_accy 56.77:  30%|███       | 3/10 [03:53<09:03, 77.68s/it]
Task 1, Epoch 4/10 => Loss 1.439, Train_accy 96.10, Test_accy 52.94:  30%|███       | 3/10 [05:10<09:03, 77.68s/it]
Task 1, Epoch 4/10 => Loss 1.439, Train_accy 96.10, Test_accy 52.94:  40%|████      | 4/10 [05:10<07:46, 77.71s/it]
Task 1, Epoch 5/10 => Loss 1.357, Train_accy 98.33, Test_accy 47.58:  40%|████      | 4/10 [06:28<07:46, 77.71s/it]
Task 1, Epoch 5/10 => Loss 1.357, Train_accy 98.33, Test_accy 47.58:  50%|█████     | 5/10 [06:28<06:28, 77.66s/it]
Task 1, Epoch 6/10 => Loss 1.298, Train_accy 98.95, Test_accy 48.84:  50%|█████     | 5/10 [07:45<06:28, 77.66s/it]
Task 1, Epoch 6/10 => Loss 1.298, Train_accy 98.95, Test_accy 48.84:  60%|██████    | 6/10 [07:45<05:10, 77.61s/it]
Task 1, Epoch 7/10 => Loss 1.249, Train_accy 99.34, Test_accy 48.01:  60%|██████    | 6/10 [09:03<05:10, 77.61s/it]
Task 1, Epoch 7/10 => Loss 1.249, Train_accy 99.34, Test_accy 48.01:  70%|███████   | 7/10 [09:03<03:52, 77.53s/it]
Task 1, Epoch 8/10 => Loss 1.204, Train_accy 99.55, Test_accy 46.96:  70%|███████   | 7/10 [10:20<03:52, 77.53s/it]
Task 1, Epoch 8/10 => Loss 1.204, Train_accy 99.55, Test_accy 46.96:  80%|████████  | 8/10 [10:20<02:35, 77.50s/it]
Task 1, Epoch 9/10 => Loss 1.163, Train_accy 99.69, Test_accy 46.86:  80%|████████  | 8/10 [11:38<02:35, 77.50s/it]
Task 1, Epoch 9/10 => Loss 1.163, Train_accy 99.69, Test_accy 46.86:  90%|█████████ | 9/10 [11:38<01:17, 77.50s/it]
Task 1, Epoch 10/10 => Loss 1.126, Train_accy 99.75, Test_accy 46.66:  90%|█████████ | 9/10 [12:55<01:17, 77.50s/it]
Task 1, Epoch 10/10 => Loss 1.126, Train_accy 99.75, Test_accy 46.66: 100%|██████████| 10/10 [12:55<00:00, 77.55s/it]
Task 1, Epoch 10/10 => Loss 1.126, Train_accy 99.75, Test_accy 46.66: 100%|██████████| 10/10 [12:55<00:00, 77.59s/it]
2026-02-07 04:38:21,737 [finetune.py] => Task 1, Epoch 10/10 => Loss 1.126, Train_accy 99.75, Test_accy 46.66
2026-02-07 04:38:32,891 [trainer.py] => CNN: {'total': 46.66, '00-09': 1.34, '10-19': 93.01, 'old': 1.34, 'new': 93.01, 'harmonic': 2.64}
2026-02-07 04:38:32,892 [trainer.py] => CNN top1 curve: [95.74, 46.66]
2026-02-07 04:38:32,892 [trainer.py] => CNN top5 curve: [99.46, 79.22]
2026-02-07 04:38:32,892 [trainer.py] => Average Accuracy (CNN): 71.19999999999999
2026-02-07 04:38:32,894 [finetune.py] => Learning on 20-30

  0%|          | 0/10 [00:00<?, ?it/s]
Task 2, Epoch 1/10 => Loss 2.088, Train_accy 9.29, Test_accy 37.05:   0%|          | 0/10 [01:22<?, ?it/s]
Task 2, Epoch 1/10 => Loss 2.088, Train_accy 9.29, Test_accy 37.05:  10%|█         | 1/10 [01:22<12:19, 82.18s/it]
Task 2, Epoch 2/10 => Loss 1.712, Train_accy 79.88, Test_accy 32.89:  10%|█         | 1/10 [02:44<12:19, 82.18s/it]
Task 2, Epoch 2/10 => Loss 1.712, Train_accy 79.88, Test_accy 32.89:  20%|██        | 2/10 [02:44<10:58, 82.27s/it]
Task 2, Epoch 3/10 => Loss 1.541, Train_accy 90.63, Test_accy 31.88:  20%|██        | 2/10 [04:06<10:58, 82.27s/it]
Task 2, Epoch 3/10 => Loss 1.541, Train_accy 90.63, Test_accy 31.88:  30%|███       | 3/10 [04:06<09:35, 82.27s/it]
Task 2, Epoch 4/10 => Loss 1.434, Train_accy 95.00, Test_accy 32.31:  30%|███       | 3/10 [05:29<09:35, 82.27s/it]
Task 2, Epoch 4/10 => Loss 1.434, Train_accy 95.00, Test_accy 32.31:  40%|████      | 4/10 [05:29<08:13, 82.31s/it]
Task 2, Epoch 5/10 => Loss 1.371, Train_accy 95.80, Test_accy 32.19:  40%|████      | 4/10 [06:51<08:13, 82.31s/it]
Task 2, Epoch 5/10 => Loss 1.371, Train_accy 95.80, Test_accy 32.19:  50%|█████     | 5/10 [06:51<06:52, 82.42s/it]
Task 2, Epoch 6/10 => Loss 1.322, Train_accy 96.66, Test_accy 31.44:  50%|█████     | 5/10 [08:14<06:52, 82.42s/it]
Task 2, Epoch 6/10 => Loss 1.322, Train_accy 96.66, Test_accy 31.44:  60%|██████    | 6/10 [08:14<05:29, 82.43s/it]
Task 2, Epoch 7/10 => Loss 1.274, Train_accy 97.61, Test_accy 30.59:  60%|██████    | 6/10 [09:36<05:29, 82.43s/it]
Task 2, Epoch 7/10 => Loss 1.274, Train_accy 97.61, Test_accy 30.59:  70%|███████   | 7/10 [09:36<04:07, 82.36s/it]
Task 2, Epoch 8/10 => Loss 1.218, Train_accy 98.72, Test_accy 31.86:  70%|███████   | 7/10 [10:58<04:07, 82.36s/it]
Task 2, Epoch 8/10 => Loss 1.218, Train_accy 98.72, Test_accy 31.86:  80%|████████  | 8/10 [10:58<02:44, 82.30s/it]
Task 2, Epoch 9/10 => Loss 1.173, Train_accy 99.26, Test_accy 31.29:  80%|████████  | 8/10 [12:20<02:44, 82.30s/it]
Task 2, Epoch 9/10 => Loss 1.173, Train_accy 99.26, Test_accy 31.29:  90%|█████████ | 9/10 [12:20<01:22, 82.26s/it]
Task 2, Epoch 10/10 => Loss 1.132, Train_accy 99.57, Test_accy 31.01:  90%|█████████ | 9/10 [13:42<01:22, 82.26s/it]
Task 2, Epoch 10/10 => Loss 1.132, Train_accy 99.57, Test_accy 31.01: 100%|██████████| 10/10 [13:42<00:00, 82.22s/it]
Task 2, Epoch 10/10 => Loss 1.132, Train_accy 99.57, Test_accy 31.01: 100%|██████████| 10/10 [13:42<00:00, 82.29s/it]
2026-02-07 04:52:15,822 [finetune.py] => Task 2, Epoch 10/10 => Loss 1.132, Train_accy 99.57, Test_accy 31.01
2026-02-07 04:52:31,945 [trainer.py] => CNN: {'total': 31.01, '00-09': 0.0, '10-19': 3.09, '20-29': 89.82, 'old': 1.53, 'new': 89.82, 'harmonic': 3.01}
2026-02-07 04:52:31,945 [trainer.py] => CNN top1 curve: [95.74, 46.66, 31.01]
2026-02-07 04:52:31,945 [trainer.py] => CNN top5 curve: [99.46, 79.22, 55.27]
2026-02-07 04:52:31,945 [trainer.py] => Average Accuracy (CNN): 57.80333333333332
2026-02-07 04:52:31,947 [finetune.py] => Learning on 30-40

  0%|          | 0/10 [00:00<?, ?it/s]
Task 3, Epoch 1/10 => Loss 2.104, Train_accy 12.39, Test_accy 21.66:   0%|          | 0/10 [01:27<?, ?it/s]
Task 3, Epoch 1/10 => Loss 2.104, Train_accy 12.39, Test_accy 21.66:  10%|█         | 1/10 [01:27<13:08, 87.58s/it]
Task 3, Epoch 2/10 => Loss 1.739, Train_accy 74.53, Test_accy 26.82:  10%|█         | 1/10 [02:54<13:08, 87.58s/it]
Task 3, Epoch 2/10 => Loss 1.739, Train_accy 74.53, Test_accy 26.82:  20%|██        | 2/10 [02:54<11:38, 87.35s/it]
Task 3, Epoch 3/10 => Loss 1.544, Train_accy 90.71, Test_accy 22.14:  20%|██        | 2/10 [04:22<11:38, 87.35s/it]
Task 3, Epoch 3/10 => Loss 1.544, Train_accy 90.71, Test_accy 22.14:  30%|███       | 3/10 [04:22<10:12, 87.46s/it]
Task 3, Epoch 4/10 => Loss 1.444, Train_accy 93.55, Test_accy 25.39:  30%|███       | 3/10 [05:49<10:12, 87.46s/it]
Task 3, Epoch 4/10 => Loss 1.444, Train_accy 93.55, Test_accy 25.39:  40%|████      | 4/10 [05:49<08:44, 87.42s/it]
Task 3, Epoch 5/10 => Loss 1.358, Train_accy 96.39, Test_accy 23.45:  40%|████      | 4/10 [07:16<08:44, 87.42s/it]
Task 3, Epoch 5/10 => Loss 1.358, Train_accy 96.39, Test_accy 23.45:  50%|█████     | 5/10 [07:16<07:16, 87.27s/it]
Task 3, Epoch 6/10 => Loss 1.301, Train_accy 97.68, Test_accy 23.91:  50%|█████     | 5/10 [08:43<07:16, 87.27s/it]
Task 3, Epoch 6/10 => Loss 1.301, Train_accy 97.68, Test_accy 23.91:  60%|██████    | 6/10 [08:43<05:49, 87.25s/it]
Task 3, Epoch 7/10 => Loss 1.251, Train_accy 98.45, Test_accy 24.82:  60%|██████    | 6/10 [10:10<05:49, 87.25s/it]
Task 3, Epoch 7/10 => Loss 1.251, Train_accy 98.45, Test_accy 24.82:  70%|███████   | 7/10 [10:10<04:21, 87.14s/it]
Task 3, Epoch 8/10 => Loss 1.205, Train_accy 99.08, Test_accy 24.31:  70%|███████   | 7/10 [11:37<04:21, 87.14s/it]
Task 3, Epoch 8/10 => Loss 1.205, Train_accy 99.08, Test_accy 24.31:  80%|████████  | 8/10 [11:37<02:54, 87.04s/it]
Task 3, Epoch 9/10 => Loss 1.167, Train_accy 99.18, Test_accy 23.85:  80%|████████  | 8/10 [13:04<02:54, 87.04s/it]
Task 3, Epoch 9/10 => Loss 1.167, Train_accy 99.18, Test_accy 23.85:  90%|█████████ | 9/10 [13:04<01:26, 86.98s/it]
Task 3, Epoch 10/10 => Loss 1.128, Train_accy 99.40, Test_accy 23.89:  90%|█████████ | 9/10 [14:32<01:26, 86.98s/it]
Task 3, Epoch 10/10 => Loss 1.128, Train_accy 99.40, Test_accy 23.89: 100%|██████████| 10/10 [14:32<00:00, 87.24s/it]
Task 3, Epoch 10/10 => Loss 1.128, Train_accy 99.40, Test_accy 23.89: 100%|██████████| 10/10 [14:32<00:00, 87.23s/it]
2026-02-07 05:07:04,312 [finetune.py] => Task 3, Epoch 10/10 => Loss 1.128, Train_accy 99.40, Test_accy 23.89
2026-02-07 05:07:25,795 [trainer.py] => CNN: {'total': 23.89, '00-09': 0.0, '10-19': 0.05, '20-29': 0.55, '30-39': 92.86, 'old': 0.2, 'new': 92.86, 'harmonic': 0.4}
2026-02-07 05:07:25,795 [trainer.py] => CNN top1 curve: [95.74, 46.66, 31.01, 23.89]
2026-02-07 05:07:25,795 [trainer.py] => CNN top5 curve: [99.46, 79.22, 55.27, 37.08]
2026-02-07 05:07:25,796 [trainer.py] => Average Accuracy (CNN): 49.32499999999999
2026-02-07 05:07:25,797 [finetune.py] => Learning on 40-50

  0%|          | 0/10 [00:00<?, ?it/s]
Task 4, Epoch 1/10 => Loss 2.075, Train_accy 17.08, Test_accy 21.56:   0%|          | 0/10 [01:32<?, ?it/s]
Task 4, Epoch 1/10 => Loss 2.075, Train_accy 17.08, Test_accy 21.56:  10%|█         | 1/10 [01:32<13:52, 92.52s/it]
Task 4, Epoch 2/10 => Loss 1.630, Train_accy 89.57, Test_accy 22.40:  10%|█         | 1/10 [03:06<13:52, 92.52s/it]
Task 4, Epoch 2/10 => Loss 1.630, Train_accy 89.57, Test_accy 22.40:  20%|██        | 2/10 [03:06<12:24, 93.11s/it]
Task 4, Epoch 3/10 => Loss 1.458, Train_accy 95.68, Test_accy 20.71:  20%|██        | 2/10 [04:38<12:24, 93.11s/it]
Task 4, Epoch 3/10 => Loss 1.458, Train_accy 95.68, Test_accy 20.71:  30%|███       | 3/10 [04:38<10:49, 92.83s/it]
Task 4, Epoch 4/10 => Loss 1.369, Train_accy 97.95, Test_accy 20.19:  30%|███       | 3/10 [06:11<10:49, 92.83s/it]
Task 4, Epoch 4/10 => Loss 1.369, Train_accy 97.95, Test_accy 20.19:  40%|████      | 4/10 [06:11<09:16, 92.80s/it]
Task 4, Epoch 5/10 => Loss 1.309, Train_accy 99.03, Test_accy 19.56:  40%|████      | 4/10 [07:44<09:16, 92.80s/it]
Task 4, Epoch 5/10 => Loss 1.309, Train_accy 99.03, Test_accy 19.56:  50%|█████     | 5/10 [07:44<07:44, 92.86s/it]
Task 4, Epoch 6/10 => Loss 1.262, Train_accy 99.28, Test_accy 20.07:  50%|█████     | 5/10 [09:17<07:44, 92.86s/it]
Task 4, Epoch 6/10 => Loss 1.262, Train_accy 99.28, Test_accy 20.07:  60%|██████    | 6/10 [09:17<06:11, 92.90s/it]
Task 4, Epoch 7/10 => Loss 1.218, Train_accy 99.50, Test_accy 19.06:  60%|██████    | 6/10 [10:49<06:11, 92.90s/it]
Task 4, Epoch 7/10 => Loss 1.218, Train_accy 99.50, Test_accy 19.06:  70%|███████   | 7/10 [10:49<04:38, 92.75s/it]
Task 4, Epoch 8/10 => Loss 1.176, Train_accy 99.65, Test_accy 19.03:  70%|███████   | 7/10 [12:21<04:38, 92.75s/it]
Task 4, Epoch 8/10 => Loss 1.176, Train_accy 99.65, Test_accy 19.03:  80%|████████  | 8/10 [12:21<03:05, 92.56s/it]
Task 4, Epoch 9/10 => Loss 1.138, Train_accy 99.76, Test_accy 18.94:  80%|████████  | 8/10 [13:53<03:05, 92.56s/it]
Task 4, Epoch 9/10 => Loss 1.138, Train_accy 99.76, Test_accy 18.94:  90%|█████████ | 9/10 [13:53<01:32, 92.42s/it]
Task 4, Epoch 10/10 => Loss 1.102, Train_accy 99.79, Test_accy 18.78:  90%|█████████ | 9/10 [15:26<01:32, 92.42s/it]
Task 4, Epoch 10/10 => Loss 1.102, Train_accy 99.79, Test_accy 18.78: 100%|██████████| 10/10 [15:26<00:00, 92.42s/it]
Task 4, Epoch 10/10 => Loss 1.102, Train_accy 99.79, Test_accy 18.78: 100%|██████████| 10/10 [15:26<00:00, 92.64s/it]
2026-02-07 05:22:52,187 [finetune.py] => Task 4, Epoch 10/10 => Loss 1.102, Train_accy 99.79, Test_accy 18.78
2026-02-07 05:23:18,538 [trainer.py] => CNN: {'total': 18.78, '00-09': 0.0, '10-19': 0.0, '20-29': 0.0, '30-39': 0.29, '40-49': 94.61, 'old': 0.07, 'new': 94.61, 'harmonic': 0.14}
2026-02-07 05:23:18,538 [trainer.py] => CNN top1 curve: [95.74, 46.66, 31.01, 23.89, 18.78]
2026-02-07 05:23:18,538 [trainer.py] => CNN top5 curve: [99.46, 79.22, 55.27, 37.08, 28.47]
2026-02-07 05:23:18,538 [trainer.py] => Average Accuracy (CNN): 43.215999999999994
2026-02-07 05:23:18,539 [finetune.py] => Learning on 50-60

  0%|          | 0/10 [00:00<?, ?it/s]
Task 5, Epoch 1/10 => Loss 2.100, Train_accy 9.66, Test_accy 15.90:   0%|          | 0/10 [01:37<?, ?it/s]
Task 5, Epoch 1/10 => Loss 2.100, Train_accy 9.66, Test_accy 15.90:  10%|█         | 1/10 [01:37<14:36, 97.37s/it]
Task 5, Epoch 2/10 => Loss 1.776, Train_accy 65.46, Test_accy 15.00:  10%|█         | 1/10 [03:14<14:36, 97.37s/it]
Task 5, Epoch 2/10 => Loss 1.776, Train_accy 65.46, Test_accy 15.00:  20%|██        | 2/10 [03:14<12:58, 97.27s/it]
Task 5, Epoch 3/10 => Loss 1.587, Train_accy 83.75, Test_accy 14.31:  20%|██        | 2/10 [04:53<12:58, 97.27s/it]
Task 5, Epoch 3/10 => Loss 1.587, Train_accy 83.75, Test_accy 14.31:  30%|███       | 3/10 [04:53<11:24, 97.81s/it]
Task 5, Epoch 4/10 => Loss 1.471, Train_accy 90.35, Test_accy 14.77:  30%|███       | 3/10 [06:30<11:24, 97.81s/it]
Task 5, Epoch 4/10 => Loss 1.471, Train_accy 90.35, Test_accy 14.77:  40%|████      | 4/10 [06:30<09:46, 97.71s/it]
Task 5, Epoch 5/10 => Loss 1.399, Train_accy 93.98, Test_accy 14.89:  40%|████      | 4/10 [08:08<09:46, 97.71s/it]
Task 5, Epoch 5/10 => Loss 1.399, Train_accy 93.98, Test_accy 14.89:  50%|█████     | 5/10 [08:08<08:08, 97.73s/it]
Task 5, Epoch 6/10 => Loss 1.333, Train_accy 96.95, Test_accy 15.14:  50%|█████     | 5/10 [09:45<08:08, 97.73s/it]
Task 5, Epoch 6/10 => Loss 1.333, Train_accy 96.95, Test_accy 15.14:  60%|██████    | 6/10 [09:45<06:30, 97.68s/it]
Task 5, Epoch 7/10 => Loss 1.269, Train_accy 98.50, Test_accy 15.23:  60%|██████    | 6/10 [11:23<06:30, 97.68s/it]
Task 5, Epoch 7/10 => Loss 1.269, Train_accy 98.50, Test_accy 15.23:  70%|███████   | 7/10 [11:23<04:52, 97.66s/it]
Task 5, Epoch 8/10 => Loss 1.220, Train_accy 99.26, Test_accy 15.34:  70%|███████   | 7/10 [13:00<04:52, 97.66s/it]
Task 5, Epoch 8/10 => Loss 1.220, Train_accy 99.26, Test_accy 15.34:  80%|████████  | 8/10 [13:00<03:15, 97.54s/it]
Task 5, Epoch 9/10 => Loss 1.177, Train_accy 99.51, Test_accy 15.37:  80%|████████  | 8/10 [14:38<03:15, 97.54s/it]
Task 5, Epoch 9/10 => Loss 1.177, Train_accy 99.51, Test_accy 15.37:  90%|█████████ | 9/10 [14:38<01:37, 97.69s/it]
Task 5, Epoch 10/10 => Loss 1.135, Train_accy 99.75, Test_accy 15.25:  90%|█████████ | 9/10 [16:16<01:37, 97.69s/it]
Task 5, Epoch 10/10 => Loss 1.135, Train_accy 99.75, Test_accy 15.25: 100%|██████████| 10/10 [16:16<00:00, 97.53s/it]
Task 5, Epoch 10/10 => Loss 1.135, Train_accy 99.75, Test_accy 15.25: 100%|██████████| 10/10 [16:16<00:00, 97.60s/it]
2026-02-07 05:39:34,579 [finetune.py] => Task 5, Epoch 10/10 => Loss 1.135, Train_accy 99.75, Test_accy 15.25
2026-02-07 05:40:05,650 [trainer.py] => CNN: {'total': 15.25, '00-09': 0.0, '10-19': 0.0, '20-29': 0.0, '30-39': 0.0, '40-49': 0.0, '50-59': 91.44, 'old': 0.0, 'new': 91.44, 'harmonic': 0.0}
2026-02-07 05:40:05,650 [trainer.py] => CNN top1 curve: [95.74, 46.66, 31.01, 23.89, 18.78, 15.25]
2026-02-07 05:40:05,650 [trainer.py] => CNN top5 curve: [99.46, 79.22, 55.27, 37.08, 28.47, 22.79]
2026-02-07 05:40:05,650 [trainer.py] => Average Accuracy (CNN): 38.55499999999999
2026-02-07 05:40:05,653 [finetune.py] => Learning on 60-70

  0%|          | 0/10 [00:00<?, ?it/s]
Task 6, Epoch 1/10 => Loss 2.084, Train_accy 10.82, Test_accy 11.58:   0%|          | 0/10 [01:42<?, ?it/s]
Task 6, Epoch 1/10 => Loss 2.084, Train_accy 10.82, Test_accy 11.58:  10%|█         | 1/10 [01:42<15:23, 102.64s/it]
Task 6, Epoch 2/10 => Loss 1.751, Train_accy 68.80, Test_accy 11.40:  10%|█         | 1/10 [03:25<15:23, 102.64s/it]
Task 6, Epoch 2/10 => Loss 1.751, Train_accy 68.80, Test_accy 11.40:  20%|██        | 2/10 [03:25<13:39, 102.48s/it]
Task 6, Epoch 3/10 => Loss 1.588, Train_accy 84.41, Test_accy 12.01:  20%|██        | 2/10 [05:07<13:39, 102.48s/it]
Task 6, Epoch 3/10 => Loss 1.588, Train_accy 84.41, Test_accy 12.01:  30%|███       | 3/10 [05:07<11:57, 102.46s/it]
Task 6, Epoch 4/10 => Loss 1.478, Train_accy 90.19, Test_accy 11.95:  30%|███       | 3/10 [06:49<11:57, 102.46s/it]
Task 6, Epoch 4/10 => Loss 1.478, Train_accy 90.19, Test_accy 11.95:  40%|████      | 4/10 [06:49<10:14, 102.45s/it]
Task 6, Epoch 5/10 => Loss 1.405, Train_accy 92.53, Test_accy 11.81:  40%|████      | 4/10 [08:32<10:14, 102.45s/it]
Task 6, Epoch 5/10 => Loss 1.405, Train_accy 92.53, Test_accy 11.81:  50%|█████     | 5/10 [08:32<08:32, 102.47s/it]
Task 6, Epoch 6/10 => Loss 1.343, Train_accy 94.45, Test_accy 11.84:  50%|█████     | 5/10 [10:15<08:32, 102.47s/it]
Task 6, Epoch 6/10 => Loss 1.343, Train_accy 94.45, Test_accy 11.84:  60%|██████    | 6/10 [10:15<06:50, 102.56s/it]
Task 6, Epoch 7/10 => Loss 1.292, Train_accy 95.61, Test_accy 11.84:  60%|██████    | 6/10 [11:57<06:50, 102.56s/it]
Task 6, Epoch 7/10 => Loss 1.292, Train_accy 95.61, Test_accy 11.84:  70%|███████   | 7/10 [11:57<05:07, 102.54s/it]
Task 6, Epoch 8/10 => Loss 1.278, Train_accy 93.98, Test_accy 11.78:  70%|███████   | 7/10 [13:40<05:07, 102.54s/it]
Task 6, Epoch 8/10 => Loss 1.278, Train_accy 93.98, Test_accy 11.78:  80%|████████  | 8/10 [13:40<03:25, 102.53s/it]
Task 6, Epoch 9/10 => Loss 1.219, Train_accy 96.00, Test_accy 11.73:  80%|████████  | 8/10 [15:23<03:25, 102.53s/it]
Task 6, Epoch 9/10 => Loss 1.219, Train_accy 96.00, Test_accy 11.73:  90%|█████████ | 9/10 [15:23<01:42, 102.69s/it]
Task 6, Epoch 10/10 => Loss 1.173, Train_accy 96.91, Test_accy 11.69:  90%|█████████ | 9/10 [17:05<01:42, 102.69s/it]
Task 6, Epoch 10/10 => Loss 1.173, Train_accy 96.91, Test_accy 11.69: 100%|██████████| 10/10 [17:05<00:00, 102.69s/it]
Task 6, Epoch 10/10 => Loss 1.173, Train_accy 96.91, Test_accy 11.69: 100%|██████████| 10/10 [17:05<00:00, 102.59s/it]
2026-02-07 05:57:11,539 [finetune.py] => Task 6, Epoch 10/10 => Loss 1.173, Train_accy 96.91, Test_accy 11.69
2026-02-07 05:57:47,379 [trainer.py] => CNN: {'total': 11.69, '00-09': 0.0, '10-19': 0.0, '20-29': 0.0, '30-39': 0.0, '40-49': 0.0, '50-59': 0.05, '60-69': 82.83, 'old': 0.01, 'new': 82.83, 'harmonic': 0.02}
2026-02-07 05:57:47,380 [trainer.py] => CNN top1 curve: [95.74, 46.66, 31.01, 23.89, 18.78, 15.25, 11.69]
2026-02-07 05:57:47,380 [trainer.py] => CNN top5 curve: [99.46, 79.22, 55.27, 37.08, 28.47, 22.79, 20.71]
2026-02-07 05:57:47,380 [trainer.py] => Average Accuracy (CNN): 34.71714285714285
2026-02-07 05:57:47,382 [finetune.py] => Learning on 70-80

  0%|          | 0/10 [00:00<?, ?it/s]
Task 7, Epoch 1/10 => Loss 2.138, Train_accy 4.44, Test_accy 8.58:   0%|          | 0/10 [01:46<?, ?it/s]
Task 7, Epoch 1/10 => Loss 2.138, Train_accy 4.44, Test_accy 8.58:  10%|█         | 1/10 [01:46<16:02, 106.96s/it]
Task 7, Epoch 2/10 => Loss 1.753, Train_accy 70.61, Test_accy 11.18:  10%|█         | 1/10 [03:34<16:02, 106.96s/it]
Task 7, Epoch 2/10 => Loss 1.753, Train_accy 70.61, Test_accy 11.18:  20%|██        | 2/10 [03:34<14:16, 107.08s/it]
Task 7, Epoch 3/10 => Loss 1.531, Train_accy 92.16, Test_accy 11.53:  20%|██        | 2/10 [05:21<14:16, 107.08s/it]
Task 7, Epoch 3/10 => Loss 1.531, Train_accy 92.16, Test_accy 11.53:  30%|███       | 3/10 [05:21<12:29, 107.08s/it]
Task 7, Epoch 4/10 => Loss 1.418, Train_accy 96.06, Test_accy 11.52:  30%|███       | 3/10 [07:08<12:29, 107.08s/it]
Task 7, Epoch 4/10 => Loss 1.418, Train_accy 96.06, Test_accy 11.52:  40%|████      | 4/10 [07:08<10:42, 107.12s/it]
Task 7, Epoch 5/10 => Loss 1.347, Train_accy 97.86, Test_accy 11.59:  40%|████      | 4/10 [08:55<10:42, 107.12s/it]
Task 7, Epoch 5/10 => Loss 1.347, Train_accy 97.86, Test_accy 11.59:  50%|█████     | 5/10 [08:55<08:56, 107.24s/it]
Task 7, Epoch 6/10 => Loss 1.294, Train_accy 98.69, Test_accy 11.45:  50%|█████     | 5/10 [10:43<08:56, 107.24s/it]
Task 7, Epoch 6/10 => Loss 1.294, Train_accy 98.69, Test_accy 11.45:  60%|██████    | 6/10 [10:43<07:08, 107.23s/it]
Task 7, Epoch 7/10 => Loss 1.246, Train_accy 99.16, Test_accy 11.62:  60%|██████    | 6/10 [12:30<07:08, 107.23s/it]
Task 7, Epoch 7/10 => Loss 1.246, Train_accy 99.16, Test_accy 11.62:  70%|███████   | 7/10 [12:30<05:22, 107.42s/it]
Task 7, Epoch 8/10 => Loss 1.203, Train_accy 99.42, Test_accy 11.56:  70%|███████   | 7/10 [14:18<05:22, 107.42s/it]
Task 7, Epoch 8/10 => Loss 1.203, Train_accy 99.42, Test_accy 11.56:  80%|████████  | 8/10 [14:18<03:35, 107.51s/it]
Task 7, Epoch 9/10 => Loss 1.165, Train_accy 99.52, Test_accy 11.50:  80%|████████  | 8/10 [16:05<03:35, 107.51s/it]
Task 7, Epoch 9/10 => Loss 1.165, Train_accy 99.52, Test_accy 11.50:  90%|█████████ | 9/10 [16:05<01:47, 107.35s/it]
Task 7, Epoch 10/10 => Loss 1.127, Train_accy 99.62, Test_accy 11.59:  90%|█████████ | 9/10 [17:52<01:47, 107.35s/it]
Task 7, Epoch 10/10 => Loss 1.127, Train_accy 99.62, Test_accy 11.59: 100%|██████████| 10/10 [17:52<00:00, 107.27s/it]
Task 7, Epoch 10/10 => Loss 1.127, Train_accy 99.62, Test_accy 11.59: 100%|██████████| 10/10 [17:52<00:00, 107.27s/it]
2026-02-07 06:15:40,076 [finetune.py] => Task 7, Epoch 10/10 => Loss 1.127, Train_accy 99.62, Test_accy 11.59
2026-02-07 06:16:20,982 [trainer.py] => CNN: {'total': 11.59, '00-09': 0.0, '10-19': 0.0, '20-29': 0.0, '30-39': 0.0, '40-49': 0.0, '50-59': 0.0, '60-69': 0.05, '70-79': 92.8, 'old': 0.01, 'new': 92.8, 'harmonic': 0.02}
2026-02-07 06:16:20,982 [trainer.py] => CNN top1 curve: [95.74, 46.66, 31.01, 23.89, 18.78, 15.25, 11.69, 11.59]
2026-02-07 06:16:20,982 [trainer.py] => CNN top5 curve: [99.46, 79.22, 55.27, 37.08, 28.47, 22.79, 20.71, 17.69]
2026-02-07 06:16:20,982 [trainer.py] => Average Accuracy (CNN): 31.826249999999995
2026-02-07 06:16:20,983 [finetune.py] => Learning on 80-90

  0%|          | 0/10 [00:00<?, ?it/s]
Task 8, Epoch 1/10 => Loss 2.071, Train_accy 8.94, Test_accy 11.10:   0%|          | 0/10 [01:52<?, ?it/s]
Task 8, Epoch 1/10 => Loss 2.071, Train_accy 8.94, Test_accy 11.10:  10%|█         | 1/10 [01:52<16:49, 112.21s/it]
Task 8, Epoch 2/10 => Loss 1.658, Train_accy 82.50, Test_accy 10.64:  10%|█         | 1/10 [03:44<16:49, 112.21s/it]
Task 8, Epoch 2/10 => Loss 1.658, Train_accy 82.50, Test_accy 10.64:  20%|██        | 2/10 [03:44<14:57, 112.17s/it]
Task 8, Epoch 3/10 => Loss 1.473, Train_accy 94.42, Test_accy 10.41:  20%|██        | 2/10 [05:36<14:57, 112.17s/it]
Task 8, Epoch 3/10 => Loss 1.473, Train_accy 94.42, Test_accy 10.41:  30%|███       | 3/10 [05:36<13:05, 112.20s/it]
Task 8, Epoch 4/10 => Loss 1.391, Train_accy 96.35, Test_accy 10.45:  30%|███       | 3/10 [07:28<13:05, 112.20s/it]
Task 8, Epoch 4/10 => Loss 1.391, Train_accy 96.35, Test_accy 10.45:  40%|████      | 4/10 [07:28<11:12, 112.14s/it]
Task 8, Epoch 5/10 => Loss 1.332, Train_accy 97.47, Test_accy 10.32:  40%|████      | 4/10 [09:20<11:12, 112.14s/it]
Task 8, Epoch 5/10 => Loss 1.332, Train_accy 97.47, Test_accy 10.32:  50%|█████     | 5/10 [09:20<09:20, 112.10s/it]
Task 8, Epoch 6/10 => Loss 1.286, Train_accy 98.00, Test_accy 10.49:  50%|█████     | 5/10 [11:12<09:20, 112.10s/it]
Task 8, Epoch 6/10 => Loss 1.286, Train_accy 98.00, Test_accy 10.49:  60%|██████    | 6/10 [11:12<07:28, 112.14s/it]
Task 8, Epoch 7/10 => Loss 1.241, Train_accy 98.55, Test_accy 10.42:  60%|██████    | 6/10 [13:04<07:28, 112.14s/it]
Task 8, Epoch 7/10 => Loss 1.241, Train_accy 98.55, Test_accy 10.42:  70%|███████   | 7/10 [13:04<05:36, 112.12s/it]
Task 8, Epoch 8/10 => Loss 1.204, Train_accy 98.65, Test_accy 10.33:  70%|███████   | 7/10 [14:57<05:36, 112.12s/it]
Task 8, Epoch 8/10 => Loss 1.204, Train_accy 98.65, Test_accy 10.33:  80%|████████  | 8/10 [14:57<03:44, 112.17s/it]
Task 8, Epoch 9/10 => Loss 1.167, Train_accy 98.66, Test_accy 10.54:  80%|████████  | 8/10 [16:49<03:44, 112.17s/it]
Task 8, Epoch 9/10 => Loss 1.167, Train_accy 98.66, Test_accy 10.54:  90%|█████████ | 9/10 [16:49<01:52, 112.21s/it]
Task 8, Epoch 10/10 => Loss 1.142, Train_accy 97.89, Test_accy 10.07:  90%|█████████ | 9/10 [18:41<01:52, 112.21s/it]
Task 8, Epoch 10/10 => Loss 1.142, Train_accy 97.89, Test_accy 10.07: 100%|██████████| 10/10 [18:41<00:00, 112.17s/it]
Task 8, Epoch 10/10 => Loss 1.142, Train_accy 97.89, Test_accy 10.07: 100%|██████████| 10/10 [18:41<00:00, 112.16s/it]
2026-02-07 06:35:02,628 [finetune.py] => Task 8, Epoch 10/10 => Loss 1.142, Train_accy 97.89, Test_accy 10.07
2026-02-07 06:35:48,454 [trainer.py] => CNN: {'total': 10.07, '00-09': 0.0, '10-19': 0.0, '20-29': 0.0, '30-39': 0.0, '40-49': 0.0, '50-59': 0.0, '60-69': 0.0, '70-79': 0.35, '80-89': 90.81, 'old': 0.04, 'new': 90.81, 'harmonic': 0.08}
2026-02-07 06:35:48,454 [trainer.py] => CNN top1 curve: [95.74, 46.66, 31.01, 23.89, 18.78, 15.25, 11.69, 11.59, 10.07]
2026-02-07 06:35:48,454 [trainer.py] => CNN top5 curve: [99.46, 79.22, 55.27, 37.08, 28.47, 22.79, 20.71, 17.69, 16.99]
2026-02-07 06:35:48,454 [trainer.py] => Average Accuracy (CNN): 29.40888888888888
2026-02-07 06:35:48,456 [finetune.py] => Learning on 90-100

  0%|          | 0/10 [00:00<?, ?it/s]
Task 9, Epoch 1/10 => Loss 2.105, Train_accy 3.19, Test_accy 9.37:   0%|          | 0/10 [01:56<?, ?it/s]
Task 9, Epoch 1/10 => Loss 2.105, Train_accy 3.19, Test_accy 9.37:  10%|█         | 1/10 [01:56<17:32, 116.95s/it]
Task 9, Epoch 2/10 => Loss 1.745, Train_accy 72.21, Test_accy 9.32:  10%|█         | 1/10 [03:53<17:32, 116.95s/it]
Task 9, Epoch 2/10 => Loss 1.745, Train_accy 72.21, Test_accy 9.32:  20%|██        | 2/10 [03:53<15:35, 116.96s/it]
Task 9, Epoch 3/10 => Loss 1.552, Train_accy 89.02, Test_accy 9.56:  20%|██        | 2/10 [05:50<15:35, 116.96s/it]
Task 9, Epoch 3/10 => Loss 1.552, Train_accy 89.02, Test_accy 9.56:  30%|███       | 3/10 [05:50<13:38, 116.97s/it]
Task 9, Epoch 4/10 => Loss 1.437, Train_accy 93.54, Test_accy 9.48:  30%|███       | 3/10 [07:47<13:38, 116.97s/it]
Task 9, Epoch 4/10 => Loss 1.437, Train_accy 93.54, Test_accy 9.48:  40%|████      | 4/10 [07:47<11:41, 116.96s/it]
Task 9, Epoch 5/10 => Loss 1.359, Train_accy 96.22, Test_accy 8.92:  40%|████      | 4/10 [09:44<11:41, 116.96s/it]
Task 9, Epoch 5/10 => Loss 1.359, Train_accy 96.22, Test_accy 8.92:  50%|█████     | 5/10 [09:44<09:44, 117.00s/it]
Task 9, Epoch 6/10 => Loss 1.312, Train_accy 96.57, Test_accy 9.39:  50%|█████     | 5/10 [11:41<09:44, 117.00s/it]
Task 9, Epoch 6/10 => Loss 1.312, Train_accy 96.57, Test_accy 9.39:  60%|██████    | 6/10 [11:41<07:47, 116.97s/it]
Task 9, Epoch 7/10 => Loss 1.274, Train_accy 96.58, Test_accy 8.75:  60%|██████    | 6/10 [13:39<07:47, 116.97s/it]
Task 9, Epoch 7/10 => Loss 1.274, Train_accy 96.58, Test_accy 8.75:  70%|███████   | 7/10 [13:39<05:51, 117.07s/it]
Task 9, Epoch 8/10 => Loss 1.234, Train_accy 96.91, Test_accy 8.95:  70%|███████   | 7/10 [15:36<05:51, 117.07s/it]
Task 9, Epoch 8/10 => Loss 1.234, Train_accy 96.91, Test_accy 8.95:  80%|████████  | 8/10 [15:36<03:54, 117.18s/it]
Task 9, Epoch 9/10 => Loss 1.181, Train_accy 98.24, Test_accy 8.86:  80%|████████  | 8/10 [17:34<03:54, 117.18s/it]
Task 9, Epoch 9/10 => Loss 1.181, Train_accy 98.24, Test_accy 8.86:  90%|█████████ | 9/10 [17:34<01:57, 117.30s/it]
Task 9, Epoch 10/10 => Loss 1.151, Train_accy 97.94, Test_accy 8.82:  90%|█████████ | 9/10 [19:31<01:57, 117.30s/it]
Task 9, Epoch 10/10 => Loss 1.151, Train_accy 97.94, Test_accy 8.82: 100%|██████████| 10/10 [19:31<00:00, 117.35s/it]
Task 9, Epoch 10/10 => Loss 1.151, Train_accy 97.94, Test_accy 8.82: 100%|██████████| 10/10 [19:31<00:00, 117.15s/it]
2026-02-07 06:55:19,998 [finetune.py] => Task 9, Epoch 10/10 => Loss 1.151, Train_accy 97.94, Test_accy 8.82
2026-02-07 06:56:11,110 [trainer.py] => CNN: {'total': 8.82, '00-09': 0.0, '10-19': 0.0, '20-29': 0.0, '30-39': 0.0, '40-49': 0.0, '50-59': 0.0, '60-69': 0.0, '70-79': 0.0, '80-89': 2.51, '90-99': 86.49, 'old': 0.28, 'new': 86.49, 'harmonic': 0.56}
2026-02-07 06:56:11,111 [trainer.py] => CNN top1 curve: [95.74, 46.66, 31.01, 23.89, 18.78, 15.25, 11.69, 11.59, 10.07, 8.82]
2026-02-07 06:56:11,111 [trainer.py] => CNN top5 curve: [99.46, 79.22, 55.27, 37.08, 28.47, 22.79, 20.71, 17.69, 16.99, 14.95]
2026-02-07 06:56:11,111 [trainer.py] => Average Accuracy (CNN): 27.349999999999994

========================================
Finished food101_init10_inc10
Backbone: OpenCLIP_LAION400M
Average Accuracy (Top1): 27.35
Last Accuracy: 8.82
========================================

2026-02-07 06:56:14,014 [trainer.py] => config: ./configs/finetune/finetune_food_B50_Inc10.json
2026-02-07 06:56:14,014 [trainer.py] => prefix: -
2026-02-07 06:56:14,014 [trainer.py] => dataset: food101
2026-02-07 06:56:14,014 [trainer.py] => memory_size: 0
2026-02-07 06:56:14,014 [trainer.py] => memory_per_class: 0
2026-02-07 06:56:14,014 [trainer.py] => fixed_memory: False
2026-02-07 06:56:14,014 [trainer.py] => shuffle: True
2026-02-07 06:56:14,014 [trainer.py] => init_cls: 50
2026-02-07 06:56:14,014 [trainer.py] => increment: 10
2026-02-07 06:56:14,014 [trainer.py] => model_name: finetune
2026-02-07 06:56:14,014 [trainer.py] => backbone_type: clip
2026-02-07 06:56:14,014 [trainer.py] => device: [device(type='cuda', index=7)]
2026-02-07 06:56:14,014 [trainer.py] => seed: 1993
2026-02-07 06:56:14,014 [trainer.py] => init_epoch: 10
2026-02-07 06:56:14,014 [trainer.py] => init_lr: 0.001
2026-02-07 06:56:14,014 [trainer.py] => init_milestones: [60, 120, 170]
2026-02-07 06:56:14,014 [trainer.py] => init_lr_decay: 0.1
2026-02-07 06:56:14,014 [trainer.py] => init_weight_decay: 0.0005
2026-02-07 06:56:14,014 [trainer.py] => epochs: 10
2026-02-07 06:56:14,014 [trainer.py] => lrate: 0.001
2026-02-07 06:56:14,014 [trainer.py] => milestones: [40, 70]
2026-02-07 06:56:14,014 [trainer.py] => lrate_decay: 0.1
2026-02-07 06:56:14,014 [trainer.py] => batch_size: 128
2026-02-07 06:56:14,014 [trainer.py] => weight_decay: 0.0002
2026-02-07 06:56:14,014 [trainer.py] => total_class_num: 101
['apple pie', 'baby back ribs', 'baklava', 'beef carpaccio', 'beef tartare', 'beet salad', 'beignets', 'bibimbap', 'bread pudding', 'breakfast burrito', 'bruschetta', 'caesar salad', 'cannoli', 'caprese salad', 'carrot cake', 'ceviche', 'cheese plate', 'cheesecake', 'chicken curry', 'chicken quesadilla', 'chicken wings', 'chocolate cake', 'chocolate mousse', 'churros', 'clam chowder', 'club sandwich', 'crab cakes', 'creme brulee', 'croque madame', 'cup cakes', 'deviled eggs', 'donuts', 'dumplings', 'edamame', 'eggs benedict', 'escargots', 'falafel', 'filet mignon', 'fish and chips', 'foie gras', 'french fries', 'french onion soup', 'french toast', 'fried calamari', 'fried rice', 'frozen yogurt', 'garlic bread', 'gnocchi', 'greek salad', 'grilled cheese sandwich', 'grilled salmon', 'guacamole', 'gyoza', 'hamburger', 'hot and sour soup', 'hot dog', 'huevos rancheros', 'hummus', 'ice cream', 'lasagna', 'lobster bisque', 'lobster roll sandwich', 'macaroni and cheese', 'macarons', 'miso soup', 'mussels', 'nachos', 'omelette', 'onion rings', 'oysters', 'pad thai', 'paella', 'pancakes', 'panna cotta', 'peking duck', 'pho', 'pizza', 'pork chop', 'poutine', 'prime rib', 'pulled pork sandwich', 'ramen', 'ravioli', 'red velvet cake', 'risotto', 'samosa', 'sashimi', 'scallops', 'seaweed salad', 'shrimp and grits', 'spaghetti bolognese', 'spaghetti carbonara', 'spring rolls', 'steak', 'strawberry shortcake', 'sushi', 'tacos', 'takoyaki', 'tiramisu', 'tuna tartare']
['a photo of {}, a type of food.']
{'apple_pie': 0, 'baby_back_ribs': 1, 'baklava': 2, 'beef_carpaccio': 3, 'beef_tartare': 4, 'beet_salad': 5, 'beignets': 6, 'bibimbap': 7, 'bread_pudding': 8, 'breakfast_burrito': 9, 'bruschetta': 10, 'caesar_salad': 11, 'cannoli': 12, 'caprese_salad': 13, 'carrot_cake': 14, 'ceviche': 15, 'cheese_plate': 16, 'cheesecake': 17, 'chicken_curry': 18, 'chicken_quesadilla': 19, 'chicken_wings': 20, 'chocolate_cake': 21, 'chocolate_mousse': 22, 'churros': 23, 'clam_chowder': 24, 'club_sandwich': 25, 'crab_cakes': 26, 'creme_brulee': 27, 'croque_madame': 28, 'cup_cakes': 29, 'deviled_eggs': 30, 'donuts': 31, 'dumplings': 32, 'edamame': 33, 'eggs_benedict': 34, 'escargots': 35, 'falafel': 36, 'filet_mignon': 37, 'fish_and_chips': 38, 'foie_gras': 39, 'french_fries': 40, 'french_onion_soup': 41, 'french_toast': 42, 'fried_calamari': 43, 'fried_rice': 44, 'frozen_yogurt': 45, 'garlic_bread': 46, 'gnocchi': 47, 'greek_salad': 48, 'grilled_cheese_sandwich': 49, 'grilled_salmon': 50, 'guacamole': 51, 'gyoza': 52, 'hamburger': 53, 'hot_and_sour_soup': 54, 'hot_dog': 55, 'huevos_rancheros': 56, 'hummus': 57, 'ice_cream': 58, 'lasagna': 59, 'lobster_bisque': 60, 'lobster_roll_sandwich': 61, 'macaroni_and_cheese': 62, 'macarons': 63, 'miso_soup': 64, 'mussels': 65, 'nachos': 66, 'omelette': 67, 'onion_rings': 68, 'oysters': 69, 'pad_thai': 70, 'paella': 71, 'pancakes': 72, 'panna_cotta': 73, 'peking_duck': 74, 'pho': 75, 'pizza': 76, 'pork_chop': 77, 'poutine': 78, 'prime_rib': 79, 'pulled_pork_sandwich': 80, 'ramen': 81, 'ravioli': 82, 'red_velvet_cake': 83, 'risotto': 84, 'samosa': 85, 'sashimi': 86, 'scallops': 87, 'seaweed_salad': 88, 'shrimp_and_grits': 89, 'spaghetti_bolognese': 90, 'spaghetti_carbonara': 91, 'spring_rolls': 92, 'steak': 93, 'strawberry_shortcake': 94, 'sushi': 95, 'tacos': 96, 'takoyaki': 97, 'tiramisu': 98, 'tuna_tartare': 99}
2026-02-07 06:56:14,339 [data_manager.py] => [68, 56, 78, 8, 23, 84, 90, 65, 74, 76, 40, 89, 3, 92, 55, 9, 26, 80, 43, 38, 58, 70, 77, 1, 85, 19, 17, 50, 28, 53, 13, 81, 45, 82, 6, 59, 83, 16, 15, 44, 91, 41, 72, 60, 79, 52, 20, 10, 31, 54, 37, 95, 14, 71, 96, 98, 97, 2, 64, 66, 42, 22, 35, 86, 24, 34, 87, 21, 99, 0, 88, 27, 18, 94, 11, 12, 47, 25, 30, 46, 62, 69, 36, 61, 7, 63, 75, 5, 32, 4, 51, 48, 73, 93, 39, 67, 29, 49, 57, 33]
After shuffle, class_to_label is:  ['onion rings', 'huevos rancheros', 'poutine', 'bread pudding', 'churros', 'risotto', 'spaghetti bolognese', 'mussels', 'peking duck', 'pizza', 'french fries', 'shrimp and grits', 'beef carpaccio', 'spring rolls', 'hot dog', 'breakfast burrito', 'crab cakes', 'pulled pork sandwich', 'fried calamari', 'fish and chips', 'ice cream', 'pad thai', 'pork chop', 'baby back ribs', 'samosa', 'chicken quesadilla', 'cheesecake', 'grilled salmon', 'croque madame', 'hamburger', 'caprese salad', 'ramen', 'frozen yogurt', 'ravioli', 'beignets', 'lasagna', 'red velvet cake', 'cheese plate', 'ceviche', 'fried rice', 'spaghetti carbonara', 'french onion soup', 'pancakes', 'lobster bisque', 'prime rib', 'gyoza', 'chicken wings', 'bruschetta', 'donuts', 'hot and sour soup', 'filet mignon', 'sushi', 'carrot cake', 'paella', 'tacos', 'tiramisu', 'takoyaki', 'baklava', 'miso soup', 'nachos', 'french toast', 'chocolate mousse', 'escargots', 'sashimi', 'clam chowder', 'eggs benedict', 'scallops', 'chocolate cake', 'tuna tartare', 'apple pie', 'seaweed salad', 'creme brulee', 'chicken curry', 'strawberry shortcake', 'caesar salad', 'cannoli', 'gnocchi', 'club sandwich', 'deviled eggs', 'garlic bread', 'macaroni and cheese', 'oysters', 'falafel', 'lobster roll sandwich', 'bibimbap', 'macarons', 'pho', 'beet salad', 'dumplings', 'beef tartare', 'guacamole', 'greek salad', 'panna cotta', 'steak', 'foie gras', 'omelette', 'cup cakes', 'grilled cheese sandwich', 'hummus', 'edamame']
Training class stages: [50, 10, 10, 10, 10, 10]
Using CLIP model as the backbone
2026-02-07 06:56:15,642 [instantiator.py] => Created a temporary directory at /tmp/tmppwd5_79p
2026-02-07 06:56:15,642 [instantiator.py] => Writing /tmp/tmppwd5_79p/_remote_module_non_scriptable.py
2026-02-07 06:56:15,778 [factory.py] => Loaded ViT-B-16 model config.
2026-02-07 06:56:17,220 [factory.py] => Loading pretrained ViT-B-16 weights (/home/team/zhaohongwei/pretrained_models/open_clip_pytorch_model_laion400m_e32.bin).
/home/team/zhaohongwei/anaconda3/envs/mmcl/lib/python3.10/site-packages/torch/_utils.py:776: UserWarning: TypedStorage is deprecated. It will be removed in the future and UntypedStorage will be the only storage class. This should only matter to you if you are using storages directly.  To access UntypedStorage directly, use tensor.untyped_storage() instead of tensor.storage()
  return self.fget.__get__(instance, owner)()
Using CLIP model as the backbone
2026-02-07 06:56:17,683 [factory.py] => Loaded ViT-B-16 model config.
2026-02-07 06:56:19,002 [factory.py] => Loading pretrained ViT-B-16 weights (/home/team/zhaohongwei/pretrained_models/open_clip_pytorch_model_laion400m_e32.bin).
2026-02-07 06:56:19,453 [finetune.py] => Learning on 0-50

  0%|          | 0/10 [00:00<?, ?it/s]
Task 0, Epoch 1/10 => Loss 3.703, Train_accy 50.57, Test_accy 78.34:   0%|          | 0/10 [05:51<?, ?it/s]
Task 0, Epoch 1/10 => Loss 3.703, Train_accy 50.57, Test_accy 78.34:  10%|█         | 1/10 [05:51<52:46, 351.88s/it]
Task 0, Epoch 2/10 => Loss 3.348, Train_accy 82.21:  10%|█         | 1/10 [11:18<52:46, 351.88s/it]                 
Task 0, Epoch 2/10 => Loss 3.348, Train_accy 82.21:  20%|██        | 2/10 [11:18<44:54, 336.81s/it]
Task 0, Epoch 3/10 => Loss 3.154, Train_accy 88.18:  20%|██        | 2/10 [16:46<44:54, 336.81s/it]
Task 0, Epoch 3/10 => Loss 3.154, Train_accy 88.18:  30%|███       | 3/10 [16:46<38:49, 332.76s/it]
Task 0, Epoch 4/10 => Loss 3.024, Train_accy 91.04:  30%|███       | 3/10 [22:12<38:49, 332.76s/it]
Task 0, Epoch 4/10 => Loss 3.024, Train_accy 91.04:  40%|████      | 4/10 [22:12<33:01, 330.31s/it]
Task 0, Epoch 5/10 => Loss 2.924, Train_accy 93.37:  40%|████      | 4/10 [27:39<33:01, 330.31s/it]
Task 0, Epoch 5/10 => Loss 2.924, Train_accy 93.37:  50%|█████     | 5/10 [27:39<27:25, 329.05s/it]
Task 0, Epoch 6/10 => Loss 2.845, Train_accy 94.80, Test_accy 87.37:  50%|█████     | 5/10 [33:32<27:25, 329.05s/it]
Task 0, Epoch 6/10 => Loss 2.845, Train_accy 94.80, Test_accy 87.37:  60%|██████    | 6/10 [33:32<22:28, 337.18s/it]
Task 0, Epoch 7/10 => Loss 2.762, Train_accy 96.80:  60%|██████    | 6/10 [38:59<22:28, 337.18s/it]                 
Task 0, Epoch 7/10 => Loss 2.762, Train_accy 96.80:  70%|███████   | 7/10 [38:59<16:41, 333.79s/it]
Task 0, Epoch 8/10 => Loss 2.691, Train_accy 97.79:  70%|███████   | 7/10 [44:26<16:41, 333.79s/it]
Task 0, Epoch 8/10 => Loss 2.691, Train_accy 97.79:  80%|████████  | 8/10 [44:26<11:03, 331.61s/it]
Task 0, Epoch 9/10 => Loss 2.627, Train_accy 98.29:  80%|████████  | 8/10 [49:53<11:03, 331.61s/it]
Task 0, Epoch 9/10 => Loss 2.627, Train_accy 98.29:  90%|█████████ | 9/10 [49:53<05:30, 330.13s/it]
Task 0, Epoch 10/10 => Loss 2.571, Train_accy 98.59:  90%|█████████ | 9/10 [55:19<05:30, 330.13s/it]
Task 0, Epoch 10/10 => Loss 2.571, Train_accy 98.59: 100%|██████████| 10/10 [55:19<00:00, 329.08s/it]
Task 0, Epoch 10/10 => Loss 2.571, Train_accy 98.59: 100%|██████████| 10/10 [55:19<00:00, 331.98s/it]
2026-02-07 07:51:39,832 [finetune.py] => Task 0, Epoch 10/10 => Loss 2.571, Train_accy 98.59
2026-02-07 07:52:05,973 [trainer.py] => CNN: {'total': 87.49, '00-09': 88.81, '10-19': 88.96, '20-29': 84.92, '30-39': 87.14, '40-49': 87.62, 'old': 0, 'new': 87.49, 'harmonic': 0.0}
2026-02-07 07:52:05,973 [trainer.py] => CNN top1 curve: [87.49]
2026-02-07 07:52:05,974 [trainer.py] => CNN top5 curve: [96.25]
2026-02-07 07:52:05,974 [trainer.py] => Average Accuracy (CNN): 87.49
2026-02-07 07:52:05,976 [finetune.py] => Learning on 50-60

  0%|          | 0/10 [00:00<?, ?it/s]
Task 1, Epoch 1/10 => Loss 2.036, Train_accy 15.61, Test_accy 51.07:   0%|          | 0/10 [01:37<?, ?it/s]
Task 1, Epoch 1/10 => Loss 2.036, Train_accy 15.61, Test_accy 51.07:  10%|█         | 1/10 [01:37<14:35, 97.30s/it]
Task 1, Epoch 2/10 => Loss 1.633, Train_accy 84.97, Test_accy 38.47:  10%|█         | 1/10 [03:14<14:35, 97.30s/it]
Task 1, Epoch 2/10 => Loss 1.633, Train_accy 84.97, Test_accy 38.47:  20%|██        | 2/10 [03:14<12:58, 97.35s/it]
Task 1, Epoch 3/10 => Loss 1.479, Train_accy 95.04, Test_accy 31.95:  20%|██        | 2/10 [04:52<12:58, 97.35s/it]
Task 1, Epoch 3/10 => Loss 1.479, Train_accy 95.04, Test_accy 31.95:  30%|███       | 3/10 [04:52<11:21, 97.42s/it]
Task 1, Epoch 4/10 => Loss 1.386, Train_accy 97.47, Test_accy 26.96:  30%|███       | 3/10 [06:29<11:21, 97.42s/it]
Task 1, Epoch 4/10 => Loss 1.386, Train_accy 97.47, Test_accy 26.96:  40%|████      | 4/10 [06:29<09:44, 97.48s/it]
Task 1, Epoch 5/10 => Loss 1.318, Train_accy 98.89, Test_accy 20.02:  40%|████      | 4/10 [08:07<09:44, 97.48s/it]
Task 1, Epoch 5/10 => Loss 1.318, Train_accy 98.89, Test_accy 20.02:  50%|█████     | 5/10 [08:07<08:07, 97.44s/it]
Task 1, Epoch 6/10 => Loss 1.268, Train_accy 99.30, Test_accy 19.75:  50%|█████     | 5/10 [09:44<08:07, 97.44s/it]
Task 1, Epoch 6/10 => Loss 1.268, Train_accy 99.30, Test_accy 19.75:  60%|██████    | 6/10 [09:44<06:29, 97.43s/it]
Task 1, Epoch 7/10 => Loss 1.222, Train_accy 99.52, Test_accy 18.81:  60%|██████    | 6/10 [11:23<06:29, 97.43s/it]
Task 1, Epoch 7/10 => Loss 1.222, Train_accy 99.52, Test_accy 18.81:  70%|███████   | 7/10 [11:23<04:53, 97.82s/it]
Task 1, Epoch 8/10 => Loss 1.181, Train_accy 99.69, Test_accy 17.44:  70%|███████   | 7/10 [13:00<04:53, 97.82s/it]
Task 1, Epoch 8/10 => Loss 1.181, Train_accy 99.69, Test_accy 17.44:  80%|████████  | 8/10 [13:00<03:15, 97.71s/it]
Task 1, Epoch 9/10 => Loss 1.143, Train_accy 99.75, Test_accy 16.63:  80%|████████  | 8/10 [14:38<03:15, 97.71s/it]
Task 1, Epoch 9/10 => Loss 1.143, Train_accy 99.75, Test_accy 16.63:  90%|█████████ | 9/10 [14:38<01:37, 97.61s/it]
Task 1, Epoch 10/10 => Loss 1.106, Train_accy 99.82, Test_accy 16.23:  90%|█████████ | 9/10 [16:15<01:37, 97.61s/it]
Task 1, Epoch 10/10 => Loss 1.106, Train_accy 99.82, Test_accy 16.23: 100%|██████████| 10/10 [16:15<00:00, 97.53s/it]
Task 1, Epoch 10/10 => Loss 1.106, Train_accy 99.82, Test_accy 16.23: 100%|██████████| 10/10 [16:15<00:00, 97.54s/it]
2026-02-07 08:08:21,371 [finetune.py] => Task 1, Epoch 10/10 => Loss 1.106, Train_accy 99.82, Test_accy 16.23
2026-02-07 08:08:52,577 [trainer.py] => CNN: {'total': 16.23, '00-09': 3.66, '10-19': 0.3, '20-29': 0.05, '30-39': 0.0, '40-49': 0.1, '50-59': 93.18, 'old': 0.83, 'new': 93.18, 'harmonic': 1.65}
2026-02-07 08:08:52,577 [trainer.py] => CNN top1 curve: [87.49, 16.23]
2026-02-07 08:08:52,577 [trainer.py] => CNN top5 curve: [96.25, 41.26]
2026-02-07 08:08:52,578 [trainer.py] => Average Accuracy (CNN): 51.86
2026-02-07 08:08:52,580 [finetune.py] => Learning on 60-70

  0%|          | 0/10 [00:00<?, ?it/s]
Task 2, Epoch 1/10 => Loss 2.050, Train_accy 14.98, Test_accy 13.71:   0%|          | 0/10 [01:42<?, ?it/s]
Task 2, Epoch 1/10 => Loss 2.050, Train_accy 14.98, Test_accy 13.71:  10%|█         | 1/10 [01:42<15:21, 102.44s/it]
Task 2, Epoch 2/10 => Loss 1.680, Train_accy 80.14, Test_accy 13.92:  10%|█         | 1/10 [03:25<15:21, 102.44s/it]
Task 2, Epoch 2/10 => Loss 1.680, Train_accy 80.14, Test_accy 13.92:  20%|██        | 2/10 [03:25<13:40, 102.57s/it]
Task 2, Epoch 3/10 => Loss 1.523, Train_accy 89.93, Test_accy 14.01:  20%|██        | 2/10 [05:07<13:40, 102.57s/it]
Task 2, Epoch 3/10 => Loss 1.523, Train_accy 89.93, Test_accy 14.01:  30%|███       | 3/10 [05:07<11:58, 102.64s/it]
Task 2, Epoch 4/10 => Loss 1.431, Train_accy 92.86, Test_accy 13.95:  30%|███       | 3/10 [06:50<11:58, 102.64s/it]
Task 2, Epoch 4/10 => Loss 1.431, Train_accy 92.86, Test_accy 13.95:  40%|████      | 4/10 [06:50<10:15, 102.66s/it]
Task 2, Epoch 5/10 => Loss 1.360, Train_accy 94.96, Test_accy 13.96:  40%|████      | 4/10 [08:33<10:15, 102.66s/it]
Task 2, Epoch 5/10 => Loss 1.360, Train_accy 94.96, Test_accy 13.96:  50%|█████     | 5/10 [08:33<08:34, 102.95s/it]
Task 2, Epoch 6/10 => Loss 1.302, Train_accy 96.48, Test_accy 12.97:  50%|█████     | 5/10 [10:16<08:34, 102.95s/it]
Task 2, Epoch 6/10 => Loss 1.302, Train_accy 96.48, Test_accy 12.97:  60%|██████    | 6/10 [10:16<06:51, 102.84s/it]
Task 2, Epoch 7/10 => Loss 1.264, Train_accy 96.71, Test_accy 13.60:  60%|██████    | 6/10 [11:59<06:51, 102.84s/it]
Task 2, Epoch 7/10 => Loss 1.264, Train_accy 96.71, Test_accy 13.60:  70%|███████   | 7/10 [11:59<05:08, 102.75s/it]
Task 2, Epoch 8/10 => Loss 1.222, Train_accy 97.01, Test_accy 12.70:  70%|███████   | 7/10 [13:41<05:08, 102.75s/it]
Task 2, Epoch 8/10 => Loss 1.222, Train_accy 97.01, Test_accy 12.70:  80%|████████  | 8/10 [13:41<03:25, 102.66s/it]
Task 2, Epoch 9/10 => Loss 1.179, Train_accy 97.96, Test_accy 12.95:  80%|████████  | 8/10 [15:24<03:25, 102.66s/it]
Task 2, Epoch 9/10 => Loss 1.179, Train_accy 97.96, Test_accy 12.95:  90%|█████████ | 9/10 [15:24<01:42, 102.59s/it]
Task 2, Epoch 10/10 => Loss 1.145, Train_accy 97.87, Test_accy 12.74:  90%|█████████ | 9/10 [17:06<01:42, 102.59s/it]
Task 2, Epoch 10/10 => Loss 1.145, Train_accy 97.87, Test_accy 12.74: 100%|██████████| 10/10 [17:06<00:00, 102.54s/it]
Task 2, Epoch 10/10 => Loss 1.145, Train_accy 97.87, Test_accy 12.74: 100%|██████████| 10/10 [17:06<00:00, 102.65s/it]
2026-02-07 08:25:59,102 [finetune.py] => Task 2, Epoch 10/10 => Loss 1.145, Train_accy 97.87, Test_accy 12.74
2026-02-07 08:26:35,277 [trainer.py] => CNN: {'total': 12.74, '00-09': 0.2, '10-19': 0.0, '20-29': 0.15, '30-39': 0.05, '40-49': 0.1, '50-59': 2.59, '60-69': 87.17, 'old': 0.51, 'new': 87.17, 'harmonic': 1.01}
2026-02-07 08:26:35,277 [trainer.py] => CNN top1 curve: [87.49, 16.23, 12.74]
2026-02-07 08:26:35,277 [trainer.py] => CNN top5 curve: [96.25, 41.26, 23.01]
2026-02-07 08:26:35,277 [trainer.py] => Average Accuracy (CNN): 38.82
2026-02-07 08:26:35,279 [finetune.py] => Learning on 70-80

  0%|          | 0/10 [00:00<?, ?it/s]
Task 3, Epoch 1/10 => Loss 2.093, Train_accy 5.16, Test_accy 11.62:   0%|          | 0/10 [01:47<?, ?it/s]
Task 3, Epoch 1/10 => Loss 2.093, Train_accy 5.16, Test_accy 11.62:  10%|█         | 1/10 [01:47<16:04, 107.18s/it]
Task 3, Epoch 2/10 => Loss 1.680, Train_accy 75.56, Test_accy 12.80:  10%|█         | 1/10 [03:34<16:04, 107.18s/it]
Task 3, Epoch 2/10 => Loss 1.680, Train_accy 75.56, Test_accy 12.80:  20%|██        | 2/10 [03:34<14:17, 107.23s/it]
Task 3, Epoch 3/10 => Loss 1.490, Train_accy 95.16, Test_accy 12.22:  20%|██        | 2/10 [05:21<14:17, 107.23s/it]
Task 3, Epoch 3/10 => Loss 1.490, Train_accy 95.16, Test_accy 12.22:  30%|███       | 3/10 [05:21<12:30, 107.27s/it]
Task 3, Epoch 4/10 => Loss 1.397, Train_accy 97.46, Test_accy 12.14:  30%|███       | 3/10 [07:09<12:30, 107.27s/it]
Task 3, Epoch 4/10 => Loss 1.397, Train_accy 97.46, Test_accy 12.14:  40%|████      | 4/10 [07:09<10:43, 107.27s/it]
Task 3, Epoch 5/10 => Loss 1.336, Train_accy 98.19, Test_accy 11.69:  40%|████      | 4/10 [08:56<10:43, 107.27s/it]
Task 3, Epoch 5/10 => Loss 1.336, Train_accy 98.19, Test_accy 11.69:  50%|█████     | 5/10 [08:56<08:56, 107.27s/it]
Task 3, Epoch 6/10 => Loss 1.287, Train_accy 98.61, Test_accy 11.82:  50%|█████     | 5/10 [10:43<08:56, 107.27s/it]
Task 3, Epoch 6/10 => Loss 1.287, Train_accy 98.61, Test_accy 11.82:  60%|██████    | 6/10 [10:43<07:08, 107.24s/it]
Task 3, Epoch 7/10 => Loss 1.238, Train_accy 99.29, Test_accy 11.89:  60%|██████    | 6/10 [12:30<07:08, 107.24s/it]
Task 3, Epoch 7/10 => Loss 1.238, Train_accy 99.29, Test_accy 11.89:  70%|███████   | 7/10 [12:30<05:21, 107.31s/it]
Task 3, Epoch 8/10 => Loss 1.197, Train_accy 99.45, Test_accy 11.83:  70%|███████   | 7/10 [14:18<05:21, 107.31s/it]
Task 3, Epoch 8/10 => Loss 1.197, Train_accy 99.45, Test_accy 11.83:  80%|████████  | 8/10 [14:18<03:34, 107.30s/it]
Task 3, Epoch 9/10 => Loss 1.158, Train_accy 99.64, Test_accy 11.74:  80%|████████  | 8/10 [16:05<03:34, 107.30s/it]
Task 3, Epoch 9/10 => Loss 1.158, Train_accy 99.64, Test_accy 11.74:  90%|█████████ | 9/10 [16:05<01:47, 107.26s/it]
Task 3, Epoch 10/10 => Loss 1.122, Train_accy 99.67, Test_accy 11.82:  90%|█████████ | 9/10 [17:53<01:47, 107.26s/it]
Task 3, Epoch 10/10 => Loss 1.122, Train_accy 99.67, Test_accy 11.82: 100%|██████████| 10/10 [17:53<00:00, 107.42s/it]
Task 3, Epoch 10/10 => Loss 1.122, Train_accy 99.67, Test_accy 11.82: 100%|██████████| 10/10 [17:53<00:00, 107.32s/it]
2026-02-07 08:44:28,483 [finetune.py] => Task 3, Epoch 10/10 => Loss 1.122, Train_accy 99.67, Test_accy 11.82
2026-02-07 08:45:09,619 [trainer.py] => CNN: {'total': 11.82, '00-09': 0.05, '10-19': 0.0, '20-29': 0.0, '30-39': 0.0, '40-49': 0.0, '50-59': 0.0, '60-69': 0.05, '70-79': 94.65, 'old': 0.01, 'new': 94.65, 'harmonic': 0.02}
2026-02-07 08:45:09,620 [trainer.py] => CNN top1 curve: [87.49, 16.23, 12.74, 11.82]
2026-02-07 08:45:09,620 [trainer.py] => CNN top5 curve: [96.25, 41.26, 23.01, 19.72]
2026-02-07 08:45:09,620 [trainer.py] => Average Accuracy (CNN): 32.07
2026-02-07 08:45:09,622 [finetune.py] => Learning on 80-90

  0%|          | 0/10 [00:00<?, ?it/s]
Task 4, Epoch 1/10 => Loss 2.075, Train_accy 11.80, Test_accy 10.76:   0%|          | 0/10 [01:51<?, ?it/s]
Task 4, Epoch 1/10 => Loss 2.075, Train_accy 11.80, Test_accy 10.76:  10%|█         | 1/10 [01:51<16:47, 111.95s/it]
Task 4, Epoch 2/10 => Loss 1.667, Train_accy 83.14, Test_accy 11.19:  10%|█         | 1/10 [03:43<16:47, 111.95s/it]
Task 4, Epoch 2/10 => Loss 1.667, Train_accy 83.14, Test_accy 11.19:  20%|██        | 2/10 [03:43<14:55, 111.98s/it]
Task 4, Epoch 3/10 => Loss 1.482, Train_accy 93.87, Test_accy 10.74:  20%|██        | 2/10 [05:35<14:55, 111.98s/it]
Task 4, Epoch 3/10 => Loss 1.482, Train_accy 93.87, Test_accy 10.74:  30%|███       | 3/10 [05:35<13:03, 111.95s/it]
Task 4, Epoch 4/10 => Loss 1.388, Train_accy 96.24, Test_accy 10.81:  30%|███       | 3/10 [07:28<13:03, 111.95s/it]
Task 4, Epoch 4/10 => Loss 1.388, Train_accy 96.24, Test_accy 10.81:  40%|████      | 4/10 [07:28<11:13, 112.24s/it]
Task 4, Epoch 5/10 => Loss 1.324, Train_accy 97.60, Test_accy 10.81:  40%|████      | 4/10 [09:20<11:13, 112.24s/it]
Task 4, Epoch 5/10 => Loss 1.324, Train_accy 97.60, Test_accy 10.81:  50%|█████     | 5/10 [09:20<09:21, 112.22s/it]
Task 4, Epoch 6/10 => Loss 1.276, Train_accy 98.16, Test_accy 10.63:  50%|█████     | 5/10 [11:12<09:21, 112.22s/it]
Task 4, Epoch 6/10 => Loss 1.276, Train_accy 98.16, Test_accy 10.63:  60%|██████    | 6/10 [11:12<07:28, 112.23s/it]
Task 4, Epoch 7/10 => Loss 1.235, Train_accy 98.41, Test_accy 10.63:  60%|██████    | 6/10 [13:05<07:28, 112.23s/it]
Task 4, Epoch 7/10 => Loss 1.235, Train_accy 98.41, Test_accy 10.63:  70%|███████   | 7/10 [13:05<05:36, 112.29s/it]
Task 4, Epoch 8/10 => Loss 1.191, Train_accy 98.89, Test_accy 10.57:  70%|███████   | 7/10 [14:57<05:36, 112.29s/it]
Task 4, Epoch 8/10 => Loss 1.191, Train_accy 98.89, Test_accy 10.57:  80%|████████  | 8/10 [14:57<03:44, 112.21s/it]
Task 4, Epoch 9/10 => Loss 1.153, Train_accy 98.99, Test_accy 10.67:  80%|████████  | 8/10 [16:50<03:44, 112.21s/it]
Task 4, Epoch 9/10 => Loss 1.153, Train_accy 98.99, Test_accy 10.67:  90%|█████████ | 9/10 [16:50<01:52, 112.33s/it]
Task 4, Epoch 10/10 => Loss 1.119, Train_accy 98.96, Test_accy 10.06:  90%|█████████ | 9/10 [18:42<01:52, 112.33s/it]
Task 4, Epoch 10/10 => Loss 1.119, Train_accy 98.96, Test_accy 10.06: 100%|██████████| 10/10 [18:42<00:00, 112.30s/it]
Task 4, Epoch 10/10 => Loss 1.119, Train_accy 98.96, Test_accy 10.06: 100%|██████████| 10/10 [18:42<00:00, 112.23s/it]
2026-02-07 09:03:51,898 [finetune.py] => Task 4, Epoch 10/10 => Loss 1.119, Train_accy 98.96, Test_accy 10.06
2026-02-07 09:04:38,435 [trainer.py] => CNN: {'total': 10.06, '00-09': 0.0, '10-19': 0.0, '20-29': 0.0, '30-39': 0.0, '40-49': 0.0, '50-59': 0.0, '60-69': 0.0, '70-79': 1.15, '80-89': 89.91, 'old': 0.14, 'new': 89.91, 'harmonic': 0.28}
2026-02-07 09:04:38,436 [trainer.py] => CNN top1 curve: [87.49, 16.23, 12.74, 11.82, 10.06]
2026-02-07 09:04:38,436 [trainer.py] => CNN top5 curve: [96.25, 41.26, 23.01, 19.72, 14.51]
2026-02-07 09:04:38,436 [trainer.py] => Average Accuracy (CNN): 27.668
2026-02-07 09:04:38,437 [finetune.py] => Learning on 90-100

  0%|          | 0/10 [00:00<?, ?it/s]
Task 5, Epoch 1/10 => Loss 2.111, Train_accy 5.93, Test_accy 8.99:   0%|          | 0/10 [01:57<?, ?it/s]
Task 5, Epoch 1/10 => Loss 2.111, Train_accy 5.93, Test_accy 8.99:  10%|█         | 1/10 [01:57<17:39, 117.72s/it]
Task 5, Epoch 2/10 => Loss 1.786, Train_accy 64.75, Test_accy 11.10:  10%|█         | 1/10 [03:54<17:39, 117.72s/it]
Task 5, Epoch 2/10 => Loss 1.786, Train_accy 64.75, Test_accy 11.10:  20%|██        | 2/10 [03:54<15:39, 117.43s/it]
Task 5, Epoch 3/10 => Loss 1.585, Train_accy 89.52, Test_accy 11.23:  20%|██        | 2/10 [05:53<15:39, 117.43s/it]
Task 5, Epoch 3/10 => Loss 1.585, Train_accy 89.52, Test_accy 11.23:  30%|███       | 3/10 [05:53<13:45, 117.98s/it]
Task 5, Epoch 4/10 => Loss 1.447, Train_accy 95.05, Test_accy 9.84:  30%|███       | 3/10 [07:51<13:45, 117.98s/it] 
Task 5, Epoch 4/10 => Loss 1.447, Train_accy 95.05, Test_accy 9.84:  40%|████      | 4/10 [07:51<11:47, 117.88s/it]
Task 5, Epoch 5/10 => Loss 1.366, Train_accy 97.19, Test_accy 9.93:  40%|████      | 4/10 [09:48<11:47, 117.88s/it]
Task 5, Epoch 5/10 => Loss 1.366, Train_accy 97.19, Test_accy 9.93:  50%|█████     | 5/10 [09:48<09:48, 117.72s/it]
Task 5, Epoch 6/10 => Loss 1.311, Train_accy 97.79, Test_accy 9.81:  50%|█████     | 5/10 [11:45<09:48, 117.72s/it]
Task 5, Epoch 6/10 => Loss 1.311, Train_accy 97.79, Test_accy 9.81:  60%|██████    | 6/10 [11:45<07:50, 117.56s/it]
Task 5, Epoch 7/10 => Loss 1.278, Train_accy 97.21, Test_accy 9.62:  60%|██████    | 6/10 [13:43<07:50, 117.56s/it]
Task 5, Epoch 7/10 => Loss 1.278, Train_accy 97.21, Test_accy 9.62:  70%|███████   | 7/10 [13:43<05:52, 117.44s/it]
Task 5, Epoch 8/10 => Loss 1.241, Train_accy 97.38, Test_accy 9.54:  70%|███████   | 7/10 [15:40<05:52, 117.44s/it]
Task 5, Epoch 8/10 => Loss 1.241, Train_accy 97.38, Test_accy 9.54:  80%|████████  | 8/10 [15:40<03:54, 117.42s/it]
Task 5, Epoch 9/10 => Loss 1.216, Train_accy 96.47, Test_accy 8.95:  80%|████████  | 8/10 [18:10<03:54, 117.42s/it]
Task 5, Epoch 9/10 => Loss 1.216, Train_accy 96.47, Test_accy 8.95:  90%|█████████ | 9/10 [18:10<02:07, 127.72s/it]
Task 5, Epoch 10/10 => Loss 1.185, Train_accy 96.07, Test_accy 9.14:  90%|█████████ | 9/10 [21:38<02:07, 127.72s/it]
Task 5, Epoch 10/10 => Loss 1.185, Train_accy 96.07, Test_accy 9.14: 100%|██████████| 10/10 [21:38<00:00, 152.38s/it]
Task 5, Epoch 10/10 => Loss 1.185, Train_accy 96.07, Test_accy 9.14: 100%|██████████| 10/10 [21:38<00:00, 129.85s/it]
2026-02-07 09:26:17,007 [finetune.py] => Task 5, Epoch 10/10 => Loss 1.185, Train_accy 96.07, Test_accy 9.14
2026-02-07 09:27:50,450 [trainer.py] => CNN: {'total': 9.14, '00-09': 0.0, '10-19': 0.0, '20-29': 0.0, '30-39': 0.0, '40-49': 0.0, '50-59': 0.0, '60-69': 0.0, '70-79': 0.7, '80-89': 2.16, '90-99': 89.36, 'old': 0.32, 'new': 89.36, 'harmonic': 0.64}
2026-02-07 09:27:50,451 [trainer.py] => CNN top1 curve: [87.49, 16.23, 12.74, 11.82, 10.06, 9.14]
2026-02-07 09:27:50,451 [trainer.py] => CNN top5 curve: [96.25, 41.26, 23.01, 19.72, 14.51, 15.58]
2026-02-07 09:27:50,451 [trainer.py] => Average Accuracy (CNN): 24.580000000000002

========================================
Finished food101_init50_inc10
Backbone: OpenCLIP_LAION400M
Average Accuracy (Top1): 24.58
Last Accuracy: 9.14
========================================

2026-02-08 22:31:34,543 [trainer.py] => config: ./configs/finetune/finetune_objectnet_B0_Inc20.json
2026-02-08 22:31:34,543 [trainer.py] => prefix: -
2026-02-08 22:31:34,543 [trainer.py] => dataset: objectnet
2026-02-08 22:31:34,543 [trainer.py] => memory_size: 0
2026-02-08 22:31:34,543 [trainer.py] => memory_per_class: 0
2026-02-08 22:31:34,543 [trainer.py] => fixed_memory: False
2026-02-08 22:31:34,543 [trainer.py] => shuffle: True
2026-02-08 22:31:34,543 [trainer.py] => init_cls: 20
2026-02-08 22:31:34,543 [trainer.py] => increment: 20
2026-02-08 22:31:34,543 [trainer.py] => model_name: finetune
2026-02-08 22:31:34,543 [trainer.py] => backbone_type: clip
2026-02-08 22:31:34,543 [trainer.py] => device: [device(type='cuda', index=7)]
2026-02-08 22:31:34,543 [trainer.py] => seed: 1993
2026-02-08 22:31:34,543 [trainer.py] => init_epoch: 10
2026-02-08 22:31:34,543 [trainer.py] => init_lr: 0.001
2026-02-08 22:31:34,543 [trainer.py] => init_milestones: [60, 120, 170]
2026-02-08 22:31:34,543 [trainer.py] => init_lr_decay: 0.1
2026-02-08 22:31:34,543 [trainer.py] => init_weight_decay: 0.0005
2026-02-08 22:31:34,543 [trainer.py] => epochs: 10
2026-02-08 22:31:34,543 [trainer.py] => lrate: 0.001
2026-02-08 22:31:34,543 [trainer.py] => milestones: [40, 70]
2026-02-08 22:31:34,543 [trainer.py] => lrate_decay: 0.1
2026-02-08 22:31:34,543 [trainer.py] => batch_size: 128
2026-02-08 22:31:34,543 [trainer.py] => weight_decay: 0.0002
2026-02-08 22:31:34,543 [trainer.py] => total_class_num: 200
['air freshener', 'alarm clock', 'backpack', 'baking sheet', 'banana', 'band aid', 'baseball bat', 'baseball glove', 'basket', 'bathrobe', 'battery', 'bed sheet', 'beer bottle', 'beer can', 'belt', 'bench', 'bicycle', 'bike pump', 'bills money', 'binder closed', 'biscuits', 'blanket', 'blender', 'blouse', 'board game', 'book closed', 'bookend', 'boots', 'bottle cap', 'bottle opener', 'bottle stopper', 'box', 'bracelet', 'bread knife', 'bread loaf', 'briefcase', 'brooch', 'broom', 'bucket', 'butchers knife', 'butter', 'button', 'calendar', 'can opener', 'candle', 'canned food', 'cd case', 'cellphone', 'cellphone case', 'cellphone charger', 'cereal', 'chair', 'cheese', 'chess piece', 'chocolate', 'chopstick', 'clothes hamper', 'clothes hanger', 'coaster', 'coffee beans', 'coffee french press', 'coffee grinder', 'coffee machine', 'coffee table', 'coin money', 'comb', 'combination lock', 'computer mouse', 'contact lens case', 'cooking oil bottle', 'cork', 'cutting board', 'deodorant', 'desk lamp', 'detergent', 'dish soap', 'document folder closed', 'dog bed', 'doormat', 'drawer open', 'dress', 'dress pants', 'dress shirt', 'dress shoe men', 'dress shoe women', 'drill', 'drinking cup', 'drinking straw', 'drying rack for clothes', 'drying rack for dishes', 'dust pan', 'dvd player', 'earbuds', 'earring', 'egg', 'egg carton', 'envelope', 'eraser white board', 'extension cable', 'eyeglasses', 'fan', 'figurine or statue', 'first aid kit', 'flashlight', 'floss container', 'flour container', 'fork', 'frying pan', 'full sized towel', 'glue container', 'hair brush', 'hair dryer', 'hairclip', 'hairtie', 'hammer', 'hand mirror', 'hand towel or rag', 'handbag', 'hat', 'headphones over ear', 'helmet', 'honey container', 'ice', 'ice cube tray', 'iron for clothes', 'ironing board', 'jam', 'jar', 'jeans', 'kettle', 'key chain', 'keyboard', 'ladle', 'lampshade', 'laptop charger', 'laptop open', 'leaf', 'leggings', 'lemon', 'letter opener', 'lettuce', 'light bulb', 'lighter', 'lipstick', 'loofah', 'magazine', 'makeup', 'makeup brush', 'marker', 'match', 'measuring cup', 'microwave', 'milk', 'mixing salad bowl', 'monitor', 'mouse pad', 'mouthwash', 'mug', 'multitool', 'nail clippers', 'nail fastener', 'nail file', 'nail polish', 'napkin', 'necklace', 'newspaper', 'night light', 'nightstand', 'notebook', 'notepad', 'nut for screw', 'orange', 'oven mitts', 'padlock', 'paint can', 'paintbrush', 'paper', 'paper bag', 'paper plates', 'paper towel', 'paperclip', 'peeler', 'pen', 'pencil', 'pepper shaker', 'pet food container', 'phone landline', 'photograph printed', 'pill bottle', 'pill organizer', 'pillow', 'pitcher', 'placemat', 'plastic bag', 'plastic cup', 'plastic wrap', 'plate', 'playing cards', 'pliers', 'plunger']
['itap of a {}.', 'a bad photo of the {}.', 'a origami {}.', 'a photo of the large {}.', 'a {} in a video game.', 'art of the {}.', 'a photo of the small {}.']
{'air_freshener': 0, 'alarm_clock': 1, 'backpack': 2, 'baking_sheet': 3, 'banana': 4, 'band_aid': 5, 'baseball_bat': 6, 'baseball_glove': 7, 'basket': 8, 'bathrobe': 9, 'battery': 10, 'bed_sheet': 11, 'beer_bottle': 12, 'beer_can': 13, 'belt': 14, 'bench': 15, 'bicycle': 16, 'bike_pump': 17, 'bills_money': 18, 'binder_closed': 19, 'biscuits': 20, 'blanket': 21, 'blender': 22, 'blouse': 23, 'board_game': 24, 'book_closed': 25, 'bookend': 26, 'boots': 27, 'bottle_cap': 28, 'bottle_opener': 29, 'bottle_stopper': 30, 'box': 31, 'bracelet': 32, 'bread_knife': 33, 'bread_loaf': 34, 'briefcase': 35, 'brooch': 36, 'broom': 37, 'bucket': 38, 'butchers_knife': 39, 'butter': 40, 'button': 41, 'calendar': 42, 'can_opener': 43, 'candle': 44, 'canned_food': 45, 'cd_case': 46, 'cellphone': 47, 'cellphone_case': 48, 'cellphone_charger': 49, 'cereal': 50, 'chair': 51, 'cheese': 52, 'chess_piece': 53, 'chocolate': 54, 'chopstick': 55, 'clothes_hamper': 56, 'clothes_hanger': 57, 'coaster': 58, 'coffee_beans': 59, 'coffee_french_press': 60, 'coffee_grinder': 61, 'coffee_machine': 62, 'coffee_table': 63, 'coin_money': 64, 'comb': 65, 'combination_lock': 66, 'computer_mouse': 67, 'contact_lens_case': 68, 'cooking_oil_bottle': 69, 'cork': 70, 'cutting_board': 71, 'deodorant': 72, 'desk_lamp': 73, 'detergent': 74, 'dish_soap': 75, 'document_folder_closed': 76, 'dog_bed': 77, 'doormat': 78, 'drawer_open': 79, 'dress': 80, 'dress_pants': 81, 'dress_shirt': 82, 'dress_shoe_men': 83, 'dress_shoe_women': 84, 'drill': 85, 'drinking_cup': 86, 'drinking_straw': 87, 'drying_rack_for_clothes': 88, 'drying_rack_for_dishes': 89, 'dust_pan': 90, 'dvd_player': 91, 'earbuds': 92, 'earring': 93, 'egg': 94, 'egg_carton': 95, 'envelope': 96, 'eraser_white_board': 97, 'extension_cable': 98, 'eyeglasses': 99, 'fan': 100, 'figurine_or_statue': 101, 'first_aid_kit': 102, 'flashlight': 103, 'floss_container': 104, 'flour_container': 105, 'fork': 106, 'frying_pan': 107, 'full_sized_towel': 108, 'glue_container': 109, 'hair_brush': 110, 'hair_dryer': 111, 'hairclip': 112, 'hairtie': 113, 'hammer': 114, 'hand_mirror': 115, 'hand_towel_or_rag': 116, 'handbag': 117, 'hat': 118, 'headphones_over_ear': 119, 'helmet': 120, 'honey_container': 121, 'ice': 122, 'ice_cube_tray': 123, 'iron_for_clothes': 124, 'ironing_board': 125, 'jam': 126, 'jar': 127, 'jeans': 128, 'kettle': 129, 'key_chain': 130, 'keyboard': 131, 'ladle': 132, 'lampshade': 133, 'laptop_charger': 134, 'laptop_open': 135, 'leaf': 136, 'leggings': 137, 'lemon': 138, 'letter_opener': 139, 'lettuce': 140, 'light_bulb': 141, 'lighter': 142, 'lipstick': 143, 'loofah': 144, 'magazine': 145, 'makeup': 146, 'makeup_brush': 147, 'marker': 148, 'match': 149, 'measuring_cup': 150, 'microwave': 151, 'milk': 152, 'mixing_salad_bowl': 153, 'monitor': 154, 'mouse_pad': 155, 'mouthwash': 156, 'mug': 157, 'multitool': 158, 'nail_clippers': 159, 'nail_fastener': 160, 'nail_file': 161, 'nail_polish': 162, 'napkin': 163, 'necklace': 164, 'newspaper': 165, 'night_light': 166, 'nightstand': 167, 'notebook': 168, 'notepad': 169, 'nut_for_screw': 170, 'orange': 171, 'oven_mitts': 172, 'padlock': 173, 'paint_can': 174, 'paintbrush': 175, 'paper': 176, 'paper_bag': 177, 'paper_plates': 178, 'paper_towel': 179, 'paperclip': 180, 'peeler': 181, 'pen': 182, 'pencil': 183, 'pepper_shaker': 184, 'pet_food_container': 185, 'phone_landline': 186, 'photograph_printed': 187, 'pill_bottle': 188, 'pill_organizer': 189, 'pillow': 190, 'pitcher': 191, 'placemat': 192, 'plastic_bag': 193, 'plastic_cup': 194, 'plastic_wrap': 195, 'plate': 196, 'playing_cards': 197, 'pliers': 198, 'plunger': 199}
2026-02-08 22:31:34,703 [data_manager.py] => [168, 136, 51, 9, 183, 101, 171, 99, 42, 159, 191, 70, 16, 188, 27, 10, 175, 26, 68, 187, 98, 6, 85, 35, 112, 43, 100, 0, 103, 181, 88, 59, 4, 2, 116, 174, 94, 80, 106, 1, 147, 17, 141, 131, 72, 23, 173, 54, 197, 118, 87, 32, 79, 104, 91, 19, 135, 107, 178, 36, 11, 199, 142, 8, 122, 3, 28, 57, 153, 172, 190, 56, 49, 44, 97, 62, 151, 169, 194, 55, 192, 12, 189, 78, 66, 180, 15, 137, 109, 134, 92, 119, 126, 52, 170, 40, 148, 65, 144, 64, 138, 45, 77, 89, 154, 90, 71, 193, 74, 30, 113, 143, 96, 84, 67, 50, 186, 156, 69, 21, 18, 111, 108, 58, 125, 157, 150, 110, 182, 129, 166, 83, 81, 60, 13, 165, 14, 176, 63, 117, 5, 22, 145, 121, 38, 41, 82, 127, 114, 20, 31, 53, 37, 163, 196, 130, 152, 162, 86, 76, 24, 34, 184, 149, 33, 128, 198, 155, 146, 167, 139, 120, 140, 102, 47, 25, 158, 123, 46, 164, 61, 7, 115, 75, 133, 160, 105, 132, 179, 124, 48, 73, 93, 39, 95, 195, 29, 177, 185, 161]
After shuffle, class_to_label is:  ['notebook', 'leaf', 'chair', 'bathrobe', 'pencil', 'figurine or statue', 'orange', 'eyeglasses', 'calendar', 'nail clippers', 'pitcher', 'cork', 'bicycle', 'pill bottle', 'boots', 'battery', 'paintbrush', 'bookend', 'contact lens case', 'photograph printed', 'extension cable', 'baseball bat', 'drill', 'briefcase', 'hairclip', 'can opener', 'fan', 'air freshener', 'flashlight', 'peeler', 'drying rack for clothes', 'coffee beans', 'banana', 'backpack', 'hand towel or rag', 'paint can', 'egg', 'dress', 'fork', 'alarm clock', 'makeup brush', 'bike pump', 'light bulb', 'keyboard', 'deodorant', 'blouse', 'padlock', 'chocolate', 'playing cards', 'hat', 'drinking straw', 'bracelet', 'drawer open', 'floss container', 'dvd player', 'binder closed', 'laptop open', 'frying pan', 'paper plates', 'brooch', 'bed sheet', 'plunger', 'lighter', 'basket', 'ice', 'baking sheet', 'bottle cap', 'clothes hanger', 'mixing salad bowl', 'oven mitts', 'pillow', 'clothes hamper', 'cellphone charger', 'candle', 'eraser white board', 'coffee machine', 'microwave', 'notepad', 'plastic cup', 'chopstick', 'placemat', 'beer bottle', 'pill organizer', 'doormat', 'combination lock', 'paperclip', 'bench', 'leggings', 'glue container', 'laptop charger', 'earbuds', 'headphones over ear', 'jam', 'cheese', 'nut for screw', 'butter', 'marker', 'comb', 'loofah', 'coin money', 'lemon', 'canned food', 'dog bed', 'drying rack for dishes', 'monitor', 'dust pan', 'cutting board', 'plastic bag', 'detergent', 'bottle stopper', 'hairtie', 'lipstick', 'envelope', 'dress shoe women', 'computer mouse', 'cereal', 'phone landline', 'mouthwash', 'cooking oil bottle', 'blanket', 'bills money', 'hair dryer', 'full sized towel', 'coaster', 'ironing board', 'mug', 'measuring cup', 'hair brush', 'pen', 'kettle', 'night light', 'dress shoe men', 'dress pants', 'coffee french press', 'beer can', 'newspaper', 'belt', 'paper', 'coffee table', 'handbag', 'band aid', 'blender', 'magazine', 'honey container', 'bucket', 'button', 'dress shirt', 'jar', 'hammer', 'biscuits', 'box', 'chess piece', 'broom', 'napkin', 'plate', 'key chain', 'milk', 'nail polish', 'drinking cup', 'document folder closed', 'board game', 'bread loaf', 'pepper shaker', 'match', 'bread knife', 'jeans', 'pliers', 'mouse pad', 'makeup', 'nightstand', 'letter opener', 'helmet', 'lettuce', 'first aid kit', 'cellphone', 'book closed', 'multitool', 'ice cube tray', 'cd case', 'necklace', 'coffee grinder', 'baseball glove', 'hand mirror', 'dish soap', 'lampshade', 'nail fastener', 'flour container', 'ladle', 'paper towel', 'iron for clothes', 'cellphone case', 'desk lamp', 'earring', 'butchers knife', 'egg carton', 'plastic wrap', 'bottle opener', 'paper bag', 'pet food container', 'nail file']
Training class stages: [20, 20, 20, 20, 20, 20, 20, 20, 20, 20]
Using CLIP model as the backbone
2026-02-08 22:31:35,959 [instantiator.py] => Created a temporary directory at /tmp/tmpukv5gdw1
2026-02-08 22:31:35,959 [instantiator.py] => Writing /tmp/tmpukv5gdw1/_remote_module_non_scriptable.py
2026-02-08 22:31:36,099 [factory.py] => Loaded ViT-B-16 model config.
2026-02-08 22:31:37,585 [factory.py] => Loading pretrained ViT-B-16 weights (/home/team/zhaohongwei/pretrained_models/open_clip_pytorch_model_laion400m_e32.bin).
/home/team/zhaohongwei/anaconda3/envs/mmcl/lib/python3.10/site-packages/torch/_utils.py:776: UserWarning: TypedStorage is deprecated. It will be removed in the future and UntypedStorage will be the only storage class. This should only matter to you if you are using storages directly.  To access UntypedStorage directly, use tensor.untyped_storage() instead of tensor.storage()
  return self.fget.__get__(instance, owner)()
Using CLIP model as the backbone
2026-02-08 22:31:38,074 [factory.py] => Loaded ViT-B-16 model config.
2026-02-08 22:31:39,419 [factory.py] => Loading pretrained ViT-B-16 weights (/home/team/zhaohongwei/pretrained_models/open_clip_pytorch_model_laion400m_e32.bin).
2026-02-08 22:31:39,922 [finetune.py] => Learning on 0-20

  0%|          | 0/10 [00:00<?, ?it/s]
Task 0, Epoch 1/10 => Loss 2.989, Train_accy 6.27, Test_accy 8.31:   0%|          | 0/10 [01:34<?, ?it/s]
Task 0, Epoch 1/10 => Loss 2.989, Train_accy 6.27, Test_accy 8.31:  10%|█         | 1/10 [01:34<14:10, 94.53s/it]
Task 0, Epoch 2/10 => Loss 2.964, Train_accy 16.25:  10%|█         | 1/10 [02:45<14:10, 94.53s/it]               
Task 0, Epoch 2/10 => Loss 2.964, Train_accy 16.25:  20%|██        | 2/10 [02:45<10:45, 80.72s/it]
Task 0, Epoch 3/10 => Loss 2.929, Train_accy 27.89:  20%|██        | 2/10 [03:59<10:45, 80.72s/it]
Task 0, Epoch 3/10 => Loss 2.929, Train_accy 27.89:  30%|███       | 3/10 [03:59<09:02, 77.50s/it]
Task 0, Epoch 4/10 => Loss 2.878, Train_accy 38.55:  30%|███       | 3/10 [05:09<09:02, 77.50s/it]
Task 0, Epoch 4/10 => Loss 2.878, Train_accy 38.55:  40%|████      | 4/10 [05:09<07:28, 74.67s/it]
Task 0, Epoch 5/10 => Loss 2.814, Train_accy 50.98:  40%|████      | 4/10 [06:17<07:28, 74.67s/it]
Task 0, Epoch 5/10 => Loss 2.814, Train_accy 50.98:  50%|█████     | 5/10 [06:17<06:01, 72.37s/it]
Task 0, Epoch 6/10 => Loss 2.738, Train_accy 62.24, Test_accy 64.51:  50%|█████     | 5/10 [07:51<06:01, 72.37s/it]
Task 0, Epoch 6/10 => Loss 2.738, Train_accy 62.24, Test_accy 64.51:  60%|██████    | 6/10 [07:51<05:18, 79.54s/it]
Task 0, Epoch 7/10 => Loss 2.650, Train_accy 73.57:  60%|██████    | 6/10 [09:01<05:18, 79.54s/it]                 
Task 0, Epoch 7/10 => Loss 2.650, Train_accy 73.57:  70%|███████   | 7/10 [09:01<03:49, 76.63s/it]
Task 0, Epoch 8/10 => Loss 2.969, Train_accy 9.83:  70%|███████   | 7/10 [10:13<03:49, 76.63s/it] 
Task 0, Epoch 8/10 => Loss 2.969, Train_accy 9.83:  80%|████████  | 8/10 [10:13<02:29, 74.99s/it]
Task 0, Epoch 9/10 => Loss 2.971, Train_accy 8.59:  80%|████████  | 8/10 [11:22<02:29, 74.99s/it]
Task 0, Epoch 9/10 => Loss 2.971, Train_accy 8.59:  90%|█████████ | 9/10 [11:22<01:13, 73.15s/it]
Task 0, Epoch 10/10 => Loss 2.948, Train_accy 11.15:  90%|█████████ | 9/10 [12:34<01:13, 73.15s/it]
Task 0, Epoch 10/10 => Loss 2.948, Train_accy 11.15: 100%|██████████| 10/10 [12:34<00:00, 72.85s/it]
Task 0, Epoch 10/10 => Loss 2.948, Train_accy 11.15: 100%|██████████| 10/10 [12:34<00:00, 75.47s/it]
2026-02-08 22:44:15,730 [finetune.py] => Task 0, Epoch 10/10 => Loss 2.948, Train_accy 11.15
2026-02-08 22:44:38,133 [trainer.py] => CNN: {'total': 11.41, '00-09': 15.33, '10-19': 5.59, 'old': 0, 'new': 11.41, 'harmonic': 0.0}
2026-02-08 22:44:38,133 [trainer.py] => CNN top1 curve: [11.41]
2026-02-08 22:44:38,134 [trainer.py] => CNN top5 curve: [42.39]
2026-02-08 22:44:38,134 [trainer.py] => Average Accuracy (CNN): 11.41
2026-02-08 22:44:38,137 [finetune.py] => Learning on 20-40

  0%|          | 0/10 [00:00<?, ?it/s]
Task 1, Epoch 1/10 => Loss 2.988, Train_accy 0.00, Test_accy 4.37:   0%|          | 0/10 [01:47<?, ?it/s]
Task 1, Epoch 1/10 => Loss 2.988, Train_accy 0.00, Test_accy 4.37:  10%|█         | 1/10 [01:47<16:05, 107.23s/it]
Task 1, Epoch 2/10 => Loss 2.961, Train_accy 2.88, Test_accy 5.04:  10%|█         | 1/10 [03:36<16:05, 107.23s/it]
Task 1, Epoch 2/10 => Loss 2.961, Train_accy 2.88, Test_accy 5.04:  20%|██        | 2/10 [03:36<14:25, 108.24s/it]
Task 1, Epoch 3/10 => Loss 2.946, Train_accy 9.04, Test_accy 4.97:  20%|██        | 2/10 [05:25<14:25, 108.24s/it]
Task 1, Epoch 3/10 => Loss 2.946, Train_accy 9.04, Test_accy 4.97:  30%|███       | 3/10 [05:25<12:40, 108.64s/it]
Task 1, Epoch 4/10 => Loss 2.932, Train_accy 11.81, Test_accy 5.86:  30%|███       | 3/10 [07:11<12:40, 108.64s/it]
Task 1, Epoch 4/10 => Loss 2.932, Train_accy 11.81, Test_accy 5.86:  40%|████      | 4/10 [07:11<10:46, 107.78s/it]
Task 1, Epoch 5/10 => Loss 2.918, Train_accy 14.18, Test_accy 6.60:  40%|████      | 4/10 [09:00<10:46, 107.78s/it]
Task 1, Epoch 5/10 => Loss 2.918, Train_accy 14.18, Test_accy 6.60:  50%|█████     | 5/10 [09:00<09:00, 108.19s/it]
Task 1, Epoch 6/10 => Loss 2.900, Train_accy 17.69, Test_accy 7.41:  50%|█████     | 5/10 [10:49<09:00, 108.19s/it]
Task 1, Epoch 6/10 => Loss 2.900, Train_accy 17.69, Test_accy 7.41:  60%|██████    | 6/10 [10:49<07:13, 108.42s/it]
Task 1, Epoch 7/10 => Loss 2.880, Train_accy 20.18, Test_accy 8.30:  60%|██████    | 6/10 [12:37<07:13, 108.42s/it]
Task 1, Epoch 7/10 => Loss 2.880, Train_accy 20.18, Test_accy 8.30:  70%|███████   | 7/10 [12:37<05:25, 108.41s/it]
Task 1, Epoch 8/10 => Loss 2.858, Train_accy 22.24, Test_accy 8.67:  70%|███████   | 7/10 [14:25<05:25, 108.41s/it]
Task 1, Epoch 8/10 => Loss 2.858, Train_accy 22.24, Test_accy 8.67:  80%|████████  | 8/10 [14:25<03:36, 108.04s/it]
Task 1, Epoch 9/10 => Loss 2.839, Train_accy 25.08, Test_accy 7.86:  80%|████████  | 8/10 [16:14<03:36, 108.04s/it]
Task 1, Epoch 9/10 => Loss 2.839, Train_accy 25.08, Test_accy 7.86:  90%|█████████ | 9/10 [16:14<01:48, 108.54s/it]
Task 1, Epoch 10/10 => Loss 2.818, Train_accy 26.22, Test_accy 8.67:  90%|█████████ | 9/10 [18:03<01:48, 108.54s/it]
Task 1, Epoch 10/10 => Loss 2.818, Train_accy 26.22, Test_accy 8.67: 100%|██████████| 10/10 [18:03<00:00, 108.68s/it]
Task 1, Epoch 10/10 => Loss 2.818, Train_accy 26.22, Test_accy 8.67: 100%|██████████| 10/10 [18:03<00:00, 108.38s/it]
2026-02-08 23:02:41,980 [finetune.py] => Task 1, Epoch 10/10 => Loss 2.818, Train_accy 26.22, Test_accy 8.67
2026-02-08 23:03:22,430 [trainer.py] => CNN: {'total': 8.67, '00-09': 0.47, '10-19': 0.0, '20-29': 9.32, '30-39': 26.81, 'old': 0.28, 'new': 18.0, 'harmonic': 0.55}
2026-02-08 23:03:22,431 [trainer.py] => CNN top1 curve: [11.41, 8.67]
2026-02-08 23:03:22,431 [trainer.py] => CNN top5 curve: [42.39, 26.32]
2026-02-08 23:03:22,431 [trainer.py] => Average Accuracy (CNN): 10.04
2026-02-08 23:03:22,433 [finetune.py] => Learning on 40-60

  0%|          | 0/10 [00:00<?, ?it/s]
Task 2, Epoch 1/10 => Loss 2.988, Train_accy 0.00, Test_accy 6.21:   0%|          | 0/10 [01:54<?, ?it/s]
Task 2, Epoch 1/10 => Loss 2.988, Train_accy 0.00, Test_accy 6.21:  10%|█         | 1/10 [01:54<17:10, 114.46s/it]
Task 2, Epoch 2/10 => Loss 2.957, Train_accy 0.48, Test_accy 6.05:  10%|█         | 1/10 [03:49<17:10, 114.46s/it]
Task 2, Epoch 2/10 => Loss 2.957, Train_accy 0.48, Test_accy 6.05:  20%|██        | 2/10 [03:49<15:18, 114.84s/it]
Task 2, Epoch 3/10 => Loss 2.931, Train_accy 4.54, Test_accy 4.74:  20%|██        | 2/10 [05:43<15:18, 114.84s/it]
Task 2, Epoch 3/10 => Loss 2.931, Train_accy 4.54, Test_accy 4.74:  30%|███       | 3/10 [05:43<13:21, 114.43s/it]
Task 2, Epoch 4/10 => Loss 2.901, Train_accy 10.72, Test_accy 5.90:  30%|███       | 3/10 [07:37<13:21, 114.43s/it]
Task 2, Epoch 4/10 => Loss 2.901, Train_accy 10.72, Test_accy 5.90:  40%|████      | 4/10 [07:37<11:25, 114.31s/it]
Task 2, Epoch 5/10 => Loss 2.862, Train_accy 21.22, Test_accy 5.75:  40%|████      | 4/10 [09:29<11:25, 114.31s/it]
Task 2, Epoch 5/10 => Loss 2.862, Train_accy 21.22, Test_accy 5.75:  50%|█████     | 5/10 [09:29<09:26, 113.35s/it]
Task 2, Epoch 6/10 => Loss 2.832, Train_accy 25.35, Test_accy 5.60:  50%|█████     | 5/10 [11:20<09:26, 113.35s/it]
Task 2, Epoch 6/10 => Loss 2.832, Train_accy 25.35, Test_accy 5.60:  60%|██████    | 6/10 [11:20<07:30, 112.65s/it]
Task 2, Epoch 7/10 => Loss 2.797, Train_accy 29.52, Test_accy 4.44:  60%|██████    | 6/10 [13:14<07:30, 112.65s/it]
Task 2, Epoch 7/10 => Loss 2.797, Train_accy 29.52, Test_accy 4.44:  70%|███████   | 7/10 [13:14<05:39, 113.19s/it]
Task 2, Epoch 8/10 => Loss 2.760, Train_accy 34.07, Test_accy 5.55:  70%|███████   | 7/10 [15:09<05:39, 113.19s/it]
Task 2, Epoch 8/10 => Loss 2.760, Train_accy 34.07, Test_accy 5.55:  80%|████████  | 8/10 [15:09<03:47, 113.50s/it]
Task 2, Epoch 9/10 => Loss 2.716, Train_accy 39.54, Test_accy 5.30:  80%|████████  | 8/10 [17:01<03:47, 113.50s/it]
Task 2, Epoch 9/10 => Loss 2.716, Train_accy 39.54, Test_accy 5.30:  90%|█████████ | 9/10 [17:01<01:53, 113.10s/it]
Task 2, Epoch 10/10 => Loss 2.674, Train_accy 45.83, Test_accy 5.65:  90%|█████████ | 9/10 [18:57<01:53, 113.10s/it]
Task 2, Epoch 10/10 => Loss 2.674, Train_accy 45.83, Test_accy 5.65: 100%|██████████| 10/10 [18:57<00:00, 114.04s/it]
Task 2, Epoch 10/10 => Loss 2.674, Train_accy 45.83, Test_accy 5.65: 100%|██████████| 10/10 [18:57<00:00, 113.74s/it]
2026-02-08 23:22:19,874 [finetune.py] => Task 2, Epoch 10/10 => Loss 2.674, Train_accy 45.83, Test_accy 5.65
2026-02-08 23:23:03,565 [trainer.py] => CNN: {'total': 5.65, '00-09': 0.0, '10-19': 0.0, '20-29': 0.0, '30-39': 0.0, '40-49': 15.9, '50-59': 19.61, 'old': 0.0, 'new': 17.69, 'harmonic': 0.0}
2026-02-08 23:23:03,565 [trainer.py] => CNN top1 curve: [11.41, 8.67, 5.65]
2026-02-08 23:23:03,565 [trainer.py] => CNN top5 curve: [42.39, 26.32, 18.67]
2026-02-08 23:23:03,566 [trainer.py] => Average Accuracy (CNN): 8.576666666666666
2026-02-08 23:23:03,568 [finetune.py] => Learning on 60-80

  0%|          | 0/10 [00:00<?, ?it/s]
Task 3, Epoch 1/10 => Loss 2.976, Train_accy 0.07, Test_accy 3.81:   0%|          | 0/10 [02:13<?, ?it/s]
Task 3, Epoch 1/10 => Loss 2.976, Train_accy 0.07, Test_accy 3.81:  10%|█         | 1/10 [02:13<20:04, 133.82s/it]
Task 3, Epoch 2/10 => Loss 2.927, Train_accy 5.40, Test_accy 4.63:  10%|█         | 1/10 [04:29<20:04, 133.82s/it]
Task 3, Epoch 2/10 => Loss 2.927, Train_accy 5.40, Test_accy 4.63:  20%|██        | 2/10 [04:29<17:59, 134.99s/it]
Task 3, Epoch 3/10 => Loss 2.890, Train_accy 11.95, Test_accy 5.04:  20%|██        | 2/10 [06:42<17:59, 134.99s/it]
Task 3, Epoch 3/10 => Loss 2.890, Train_accy 11.95, Test_accy 5.04:  30%|███       | 3/10 [06:42<15:37, 133.98s/it]
Task 3, Epoch 4/10 => Loss 2.849, Train_accy 19.68, Test_accy 4.97:  30%|███       | 3/10 [08:53<15:37, 133.98s/it]
Task 3, Epoch 4/10 => Loss 2.849, Train_accy 19.68, Test_accy 4.97:  40%|████      | 4/10 [08:53<13:16, 132.77s/it]
Task 3, Epoch 5/10 => Loss 2.808, Train_accy 23.71, Test_accy 4.03:  40%|████      | 4/10 [11:03<13:16, 132.77s/it]
Task 3, Epoch 5/10 => Loss 2.808, Train_accy 23.71, Test_accy 4.03:  50%|█████     | 5/10 [11:03<10:59, 131.89s/it]
Task 3, Epoch 6/10 => Loss 2.791, Train_accy 26.38, Test_accy 4.74:  50%|█████     | 5/10 [13:13<10:59, 131.89s/it]
Task 3, Epoch 6/10 => Loss 2.791, Train_accy 26.38, Test_accy 4.74:  60%|██████    | 6/10 [13:13<08:45, 131.29s/it]
Task 3, Epoch 7/10 => Loss 2.744, Train_accy 29.23, Test_accy 5.23:  60%|██████    | 6/10 [15:24<08:45, 131.29s/it]
Task 3, Epoch 7/10 => Loss 2.744, Train_accy 29.23, Test_accy 5.23:  70%|███████   | 7/10 [15:24<06:33, 131.10s/it]
Task 3, Epoch 8/10 => Loss 2.692, Train_accy 37.37, Test_accy 5.53:  70%|███████   | 7/10 [17:35<06:33, 131.10s/it]
Task 3, Epoch 8/10 => Loss 2.692, Train_accy 37.37, Test_accy 5.53:  80%|████████  | 8/10 [17:35<04:22, 131.06s/it]
Task 3, Epoch 9/10 => Loss 2.648, Train_accy 44.40, Test_accy 5.04:  80%|████████  | 8/10 [19:47<04:22, 131.06s/it]
Task 3, Epoch 9/10 => Loss 2.648, Train_accy 44.40, Test_accy 5.04:  90%|█████████ | 9/10 [19:47<02:11, 131.25s/it]
Task 3, Epoch 10/10 => Loss 2.617, Train_accy 47.28, Test_accy 5.86:  90%|█████████ | 9/10 [21:58<02:11, 131.25s/it]
Task 3, Epoch 10/10 => Loss 2.617, Train_accy 47.28, Test_accy 5.86: 100%|██████████| 10/10 [21:58<00:00, 131.18s/it]
Task 3, Epoch 10/10 => Loss 2.617, Train_accy 47.28, Test_accy 5.86: 100%|██████████| 10/10 [21:58<00:00, 131.82s/it]
2026-02-08 23:45:01,737 [finetune.py] => Task 3, Epoch 10/10 => Loss 2.617, Train_accy 47.28, Test_accy 5.86
2026-02-08 23:46:03,868 [trainer.py] => CNN: {'total': 5.86, '00-09': 0.0, '10-19': 0.0, '20-29': 0.0, '30-39': 0.0, '40-49': 0.0, '50-59': 0.0, '60-69': 23.9, '70-79': 21.15, 'old': 0.0, 'new': 22.59, 'harmonic': 0.0}
2026-02-08 23:46:03,868 [trainer.py] => CNN top1 curve: [11.41, 8.67, 5.65, 5.86]
2026-02-08 23:46:03,868 [trainer.py] => CNN top5 curve: [42.39, 26.32, 18.67, 17.15]
2026-02-08 23:46:03,869 [trainer.py] => Average Accuracy (CNN): 7.897499999999999
2026-02-08 23:46:03,872 [finetune.py] => Learning on 80-100

  0%|          | 0/10 [00:00<?, ?it/s]
Task 4, Epoch 1/10 => Loss 2.974, Train_accy 0.00, Test_accy 4.62:   0%|          | 0/10 [02:28<?, ?it/s]
Task 4, Epoch 1/10 => Loss 2.974, Train_accy 0.00, Test_accy 4.62:  10%|█         | 1/10 [02:28<22:19, 148.86s/it]
Task 4, Epoch 2/10 => Loss 2.914, Train_accy 2.15, Test_accy 4.89:  10%|█         | 1/10 [05:00<22:19, 148.86s/it]
Task 4, Epoch 2/10 => Loss 2.914, Train_accy 2.15, Test_accy 4.89:  20%|██        | 2/10 [05:00<20:02, 150.35s/it]
Task 4, Epoch 3/10 => Loss 2.854, Train_accy 8.66, Test_accy 5.44:  20%|██        | 2/10 [07:24<20:02, 150.35s/it]
Task 4, Epoch 3/10 => Loss 2.854, Train_accy 8.66, Test_accy 5.44:  30%|███       | 3/10 [07:24<17:13, 147.69s/it]
Task 4, Epoch 4/10 => Loss 2.793, Train_accy 25.62, Test_accy 5.32:  30%|███       | 3/10 [09:50<17:13, 147.69s/it]
Task 4, Epoch 4/10 => Loss 2.793, Train_accy 25.62, Test_accy 5.32:  40%|████      | 4/10 [09:50<14:40, 146.80s/it]
Task 4, Epoch 5/10 => Loss 2.728, Train_accy 38.58, Test_accy 5.08:  40%|████      | 4/10 [12:17<14:40, 146.80s/it]
Task 4, Epoch 5/10 => Loss 2.728, Train_accy 38.58, Test_accy 5.08:  50%|█████     | 5/10 [12:17<12:14, 146.81s/it]
Task 4, Epoch 6/10 => Loss 2.667, Train_accy 46.65, Test_accy 5.50:  50%|█████     | 5/10 [14:46<12:14, 146.81s/it]
Task 4, Epoch 6/10 => Loss 2.667, Train_accy 46.65, Test_accy 5.50:  60%|██████    | 6/10 [14:46<09:50, 147.62s/it]
Task 4, Epoch 7/10 => Loss 2.610, Train_accy 54.80, Test_accy 5.11:  60%|██████    | 6/10 [17:13<09:50, 147.62s/it]
Task 4, Epoch 7/10 => Loss 2.610, Train_accy 54.80, Test_accy 5.11:  70%|███████   | 7/10 [17:13<07:22, 147.41s/it]
Task 4, Epoch 8/10 => Loss 2.556, Train_accy 60.36, Test_accy 5.54:  70%|███████   | 7/10 [19:37<07:22, 147.41s/it]
Task 4, Epoch 8/10 => Loss 2.556, Train_accy 60.36, Test_accy 5.54:  80%|████████  | 8/10 [19:37<04:52, 146.37s/it]
Task 4, Epoch 9/10 => Loss 2.503, Train_accy 67.22, Test_accy 5.84:  80%|████████  | 8/10 [22:06<04:52, 146.37s/it]
Task 4, Epoch 9/10 => Loss 2.503, Train_accy 67.22, Test_accy 5.84:  90%|█████████ | 9/10 [22:06<02:27, 147.34s/it]
Task 4, Epoch 10/10 => Loss 2.455, Train_accy 72.82, Test_accy 5.66:  90%|█████████ | 9/10 [24:34<02:27, 147.34s/it]
Task 4, Epoch 10/10 => Loss 2.455, Train_accy 72.82, Test_accy 5.66: 100%|██████████| 10/10 [24:34<00:00, 147.30s/it]
Task 4, Epoch 10/10 => Loss 2.455, Train_accy 72.82, Test_accy 5.66: 100%|██████████| 10/10 [24:34<00:00, 147.40s/it]
2026-02-09 00:10:37,921 [finetune.py] => Task 4, Epoch 10/10 => Loss 2.455, Train_accy 72.82, Test_accy 5.66
2026-02-09 00:11:55,779 [trainer.py] => CNN: {'total': 5.66, '00-09': 0.0, '10-19': 0.0, '20-29': 0.0, '30-39': 0.0, '40-49': 0.0, '50-59': 0.0, '60-69': 0.0, '70-79': 0.0, '80-89': 23.92, '90-99': 36.69, 'old': 0.0, 'new': 31.2, 'harmonic': 0.0}
2026-02-09 00:11:55,780 [trainer.py] => CNN top1 curve: [11.41, 8.67, 5.65, 5.86, 5.66]
2026-02-09 00:11:55,780 [trainer.py] => CNN top5 curve: [42.39, 26.32, 18.67, 17.15, 15.81]
2026-02-09 00:11:55,780 [trainer.py] => Average Accuracy (CNN): 7.45
2026-02-09 00:11:55,783 [finetune.py] => Learning on 100-120

  0%|          | 0/10 [00:00<?, ?it/s]
Task 5, Epoch 1/10 => Loss 2.965, Train_accy 0.11, Test_accy 4.71:   0%|          | 0/10 [02:35<?, ?it/s]
Task 5, Epoch 1/10 => Loss 2.965, Train_accy 0.11, Test_accy 4.71:  10%|█         | 1/10 [02:35<23:18, 155.42s/it]
Task 5, Epoch 2/10 => Loss 2.873, Train_accy 9.86, Test_accy 6.69:  10%|█         | 1/10 [05:11<23:18, 155.42s/it]
Task 5, Epoch 2/10 => Loss 2.873, Train_accy 9.86, Test_accy 6.69:  20%|██        | 2/10 [05:11<20:45, 155.63s/it]
Task 5, Epoch 3/10 => Loss 2.802, Train_accy 28.66, Test_accy 5.95:  20%|██        | 2/10 [07:45<20:45, 155.63s/it]
Task 5, Epoch 3/10 => Loss 2.802, Train_accy 28.66, Test_accy 5.95:  30%|███       | 3/10 [07:45<18:05, 155.02s/it]
Task 5, Epoch 4/10 => Loss 2.726, Train_accy 37.71, Test_accy 6.10:  30%|███       | 3/10 [10:16<18:05, 155.02s/it]
Task 5, Epoch 4/10 => Loss 2.726, Train_accy 37.71, Test_accy 6.10:  40%|████      | 4/10 [10:16<15:20, 153.42s/it]
Task 5, Epoch 5/10 => Loss 2.662, Train_accy 44.01, Test_accy 6.97:  40%|████      | 4/10 [12:50<15:20, 153.42s/it]
Task 5, Epoch 5/10 => Loss 2.662, Train_accy 44.01, Test_accy 6.97:  50%|█████     | 5/10 [12:50<12:47, 153.56s/it]
Task 5, Epoch 6/10 => Loss 2.603, Train_accy 47.79, Test_accy 6.89:  50%|█████     | 5/10 [15:22<12:47, 153.56s/it]
Task 5, Epoch 6/10 => Loss 2.603, Train_accy 47.79, Test_accy 6.89:  60%|██████    | 6/10 [15:22<10:12, 153.22s/it]
Task 5, Epoch 7/10 => Loss 2.556, Train_accy 51.80, Test_accy 7.27:  60%|██████    | 6/10 [17:55<10:12, 153.22s/it]
Task 5, Epoch 7/10 => Loss 2.556, Train_accy 51.80, Test_accy 7.27:  70%|███████   | 7/10 [17:55<07:39, 153.02s/it]
Task 5, Epoch 8/10 => Loss 2.492, Train_accy 58.25, Test_accy 7.60:  70%|███████   | 7/10 [20:28<07:39, 153.02s/it]
Task 5, Epoch 8/10 => Loss 2.492, Train_accy 58.25, Test_accy 7.60:  80%|████████  | 8/10 [20:28<05:05, 152.99s/it]
Task 5, Epoch 9/10 => Loss 2.462, Train_accy 60.99, Test_accy 7.93:  80%|████████  | 8/10 [23:01<05:05, 152.99s/it]
Task 5, Epoch 9/10 => Loss 2.462, Train_accy 60.99, Test_accy 7.93:  90%|█████████ | 9/10 [23:01<02:32, 152.99s/it]
Task 5, Epoch 10/10 => Loss 2.421, Train_accy 65.55, Test_accy 8.54:  90%|█████████ | 9/10 [25:36<02:32, 152.99s/it]
Task 5, Epoch 10/10 => Loss 2.421, Train_accy 65.55, Test_accy 8.54: 100%|██████████| 10/10 [25:36<00:00, 153.54s/it]
Task 5, Epoch 10/10 => Loss 2.421, Train_accy 65.55, Test_accy 8.54: 100%|██████████| 10/10 [25:36<00:00, 153.61s/it]
2026-02-09 00:37:31,905 [finetune.py] => Task 5, Epoch 10/10 => Loss 2.421, Train_accy 65.55, Test_accy 8.54
2026-02-09 00:38:55,324 [trainer.py] => CNN: {'total': 8.54, '00-09': 0.0, '10-19': 0.0, '20-29': 0.0, '30-39': 0.0, '40-49': 0.0, '50-59': 0.0, '60-69': 0.0, '70-79': 0.0, '80-89': 0.0, '90-99': 0.0, '100-109': 33.44, '110-119': 63.0, 'old': 0.0, 'new': 49.71, 'harmonic': 0.0}
2026-02-09 00:38:55,325 [trainer.py] => CNN top1 curve: [11.41, 8.67, 5.65, 5.86, 5.66, 8.54]
2026-02-09 00:38:55,325 [trainer.py] => CNN top5 curve: [42.39, 26.32, 18.67, 17.15, 15.81, 17.0]
2026-02-09 00:38:55,325 [trainer.py] => Average Accuracy (CNN): 7.631666666666667
2026-02-09 00:38:55,328 [finetune.py] => Learning on 120-140

  0%|          | 0/10 [00:00<?, ?it/s]
Task 6, Epoch 1/10 => Loss 2.937, Train_accy 0.27, Test_accy 6.24:   0%|          | 0/10 [02:50<?, ?it/s]
Task 6, Epoch 1/10 => Loss 2.937, Train_accy 0.27, Test_accy 6.24:  10%|█         | 1/10 [02:50<25:37, 170.80s/it]
Task 6, Epoch 2/10 => Loss 2.813, Train_accy 11.55, Test_accy 6.33:  10%|█         | 1/10 [05:40<25:37, 170.80s/it]
Task 6, Epoch 2/10 => Loss 2.813, Train_accy 11.55, Test_accy 6.33:  20%|██        | 2/10 [05:40<22:42, 170.32s/it]
Task 6, Epoch 3/10 => Loss 2.717, Train_accy 33.49, Test_accy 6.53:  20%|██        | 2/10 [08:30<22:42, 170.32s/it]
Task 6, Epoch 3/10 => Loss 2.717, Train_accy 33.49, Test_accy 6.53:  30%|███       | 3/10 [08:30<19:51, 170.27s/it]
Task 6, Epoch 4/10 => Loss 2.643, Train_accy 47.12, Test_accy 6.74:  30%|███       | 3/10 [11:17<19:51, 170.27s/it]
Task 6, Epoch 4/10 => Loss 2.643, Train_accy 47.12, Test_accy 6.74:  40%|████      | 4/10 [11:17<16:52, 168.83s/it]
Task 6, Epoch 5/10 => Loss 2.575, Train_accy 55.47, Test_accy 7.18:  40%|████      | 4/10 [14:22<16:52, 168.83s/it]
Task 6, Epoch 5/10 => Loss 2.575, Train_accy 55.47, Test_accy 7.18:  50%|█████     | 5/10 [14:22<14:33, 174.69s/it]
Task 6, Epoch 6/10 => Loss 2.514, Train_accy 61.84, Test_accy 7.80:  50%|█████     | 5/10 [17:26<14:33, 174.69s/it]
Task 6, Epoch 6/10 => Loss 2.514, Train_accy 61.84, Test_accy 7.80:  60%|██████    | 6/10 [17:26<11:50, 177.68s/it]
Task 6, Epoch 7/10 => Loss 2.448, Train_accy 68.95, Test_accy 7.74:  60%|██████    | 6/10 [20:31<11:50, 177.68s/it]
Task 6, Epoch 7/10 => Loss 2.448, Train_accy 68.95, Test_accy 7.74:  70%|███████   | 7/10 [20:31<09:00, 180.23s/it]
Task 6, Epoch 8/10 => Loss 2.392, Train_accy 73.08, Test_accy 8.09:  70%|███████   | 7/10 [23:37<09:00, 180.23s/it]
Task 6, Epoch 8/10 => Loss 2.392, Train_accy 73.08, Test_accy 8.09:  80%|████████  | 8/10 [23:37<06:03, 181.91s/it]
Task 6, Epoch 9/10 => Loss 2.344, Train_accy 77.60, Test_accy 7.96:  80%|████████  | 8/10 [26:41<06:03, 181.91s/it]
Task 6, Epoch 9/10 => Loss 2.344, Train_accy 77.60, Test_accy 7.96:  90%|█████████ | 9/10 [26:41<03:02, 182.52s/it]
Task 6, Epoch 10/10 => Loss 2.287, Train_accy 82.85, Test_accy 8.37:  90%|█████████ | 9/10 [29:46<03:02, 182.52s/it]
Task 6, Epoch 10/10 => Loss 2.287, Train_accy 82.85, Test_accy 8.37: 100%|██████████| 10/10 [29:46<00:00, 183.53s/it]
Task 6, Epoch 10/10 => Loss 2.287, Train_accy 82.85, Test_accy 8.37: 100%|██████████| 10/10 [29:46<00:00, 178.68s/it]
2026-02-09 01:08:42,166 [finetune.py] => Task 6, Epoch 10/10 => Loss 2.287, Train_accy 82.85, Test_accy 8.37
2026-02-09 01:10:21,807 [trainer.py] => CNN: {'total': 8.37, '00-09': 0.0, '10-19': 0.0, '20-29': 0.0, '30-39': 0.0, '40-49': 0.0, '50-59': 0.0, '60-69': 0.0, '70-79': 0.0, '80-89': 0.0, '90-99': 0.0, '100-109': 0.0, '110-119': 0.0, '120-129': 58.77, '130-139': 57.28, 'old': 0.0, 'new': 58.05, 'harmonic': 0.0}
2026-02-09 01:10:21,808 [trainer.py] => CNN top1 curve: [11.41, 8.67, 5.65, 5.86, 5.66, 8.54, 8.37]
2026-02-09 01:10:21,808 [trainer.py] => CNN top5 curve: [42.39, 26.32, 18.67, 17.15, 15.81, 17.0, 17.36]
2026-02-09 01:10:21,808 [trainer.py] => Average Accuracy (CNN): 7.737142857142857
2026-02-09 01:10:21,813 [finetune.py] => Learning on 140-160

  0%|          | 0/10 [00:00<?, ?it/s]
Task 7, Epoch 1/10 => Loss 2.946, Train_accy 0.52, Test_accy 6.17:   0%|          | 0/10 [03:25<?, ?it/s]
Task 7, Epoch 1/10 => Loss 2.946, Train_accy 0.52, Test_accy 6.17:  10%|█         | 1/10 [03:25<30:47, 205.24s/it]
Task 7, Epoch 2/10 => Loss 2.813, Train_accy 9.61, Test_accy 7.83:  10%|█         | 1/10 [06:54<30:47, 205.24s/it]
Task 7, Epoch 2/10 => Loss 2.813, Train_accy 9.61, Test_accy 7.83:  20%|██        | 2/10 [06:54<27:40, 207.53s/it]
Task 7, Epoch 3/10 => Loss 2.700, Train_accy 38.00, Test_accy 7.69:  20%|██        | 2/10 [10:21<27:40, 207.53s/it]
Task 7, Epoch 3/10 => Loss 2.700, Train_accy 38.00, Test_accy 7.69:  30%|███       | 3/10 [10:21<24:12, 207.54s/it]
Task 7, Epoch 4/10 => Loss 2.610, Train_accy 56.02, Test_accy 7.31:  30%|███       | 3/10 [13:46<24:12, 207.54s/it]
Task 7, Epoch 4/10 => Loss 2.610, Train_accy 56.02, Test_accy 7.31:  40%|████      | 4/10 [13:46<20:39, 206.51s/it]
Task 7, Epoch 5/10 => Loss 2.529, Train_accy 66.32, Test_accy 7.20:  40%|████      | 4/10 [17:15<20:39, 206.51s/it]
Task 7, Epoch 5/10 => Loss 2.529, Train_accy 66.32, Test_accy 7.20:  50%|█████     | 5/10 [17:15<17:16, 207.34s/it]
Task 7, Epoch 6/10 => Loss 2.459, Train_accy 73.55, Test_accy 7.26:  50%|█████     | 5/10 [20:44<17:16, 207.34s/it]
Task 7, Epoch 6/10 => Loss 2.459, Train_accy 73.55, Test_accy 7.26:  60%|██████    | 6/10 [20:44<13:50, 207.69s/it]
Task 7, Epoch 7/10 => Loss 2.396, Train_accy 80.91, Test_accy 7.65:  60%|██████    | 6/10 [24:11<13:50, 207.69s/it]
Task 7, Epoch 7/10 => Loss 2.396, Train_accy 80.91, Test_accy 7.65:  70%|███████   | 7/10 [24:11<10:22, 207.61s/it]
Task 7, Epoch 8/10 => Loss 2.334, Train_accy 87.59, Test_accy 7.93:  70%|███████   | 7/10 [27:38<10:22, 207.61s/it]
Task 7, Epoch 8/10 => Loss 2.334, Train_accy 87.59, Test_accy 7.93:  80%|████████  | 8/10 [27:38<06:54, 207.48s/it]
Task 7, Epoch 9/10 => Loss 2.277, Train_accy 93.12, Test_accy 8.00:  80%|████████  | 8/10 [31:07<06:54, 207.48s/it]
Task 7, Epoch 9/10 => Loss 2.277, Train_accy 93.12, Test_accy 8.00:  90%|█████████ | 9/10 [31:07<03:28, 208.05s/it]
Task 7, Epoch 10/10 => Loss 2.226, Train_accy 96.44, Test_accy 7.97:  90%|█████████ | 9/10 [34:34<03:28, 208.05s/it]
Task 7, Epoch 10/10 => Loss 2.226, Train_accy 96.44, Test_accy 7.97: 100%|██████████| 10/10 [34:34<00:00, 207.48s/it]
Task 7, Epoch 10/10 => Loss 2.226, Train_accy 96.44, Test_accy 7.97: 100%|██████████| 10/10 [34:34<00:00, 207.42s/it]
2026-02-09 01:44:56,020 [finetune.py] => Task 7, Epoch 10/10 => Loss 2.226, Train_accy 96.44, Test_accy 7.97
2026-02-09 01:46:50,462 [trainer.py] => CNN: {'total': 7.97, '00-09': 0.0, '10-19': 0.0, '20-29': 0.0, '30-39': 0.0, '40-49': 0.0, '50-59': 0.0, '60-69': 0.0, '70-79': 0.0, '80-89': 0.0, '90-99': 0.0, '100-109': 0.0, '110-119': 0.0, '120-129': 0.0, '130-139': 0.0, '140-149': 58.18, '150-159': 57.73, 'old': 0.0, 'new': 57.96, 'harmonic': 0.0}
2026-02-09 01:46:50,463 [trainer.py] => CNN top1 curve: [11.41, 8.67, 5.65, 5.86, 5.66, 8.54, 8.37, 7.97]
2026-02-09 01:46:50,463 [trainer.py] => CNN top5 curve: [42.39, 26.32, 18.67, 17.15, 15.81, 17.0, 17.36, 14.4]
2026-02-09 01:46:50,463 [trainer.py] => Average Accuracy (CNN): 7.766249999999999
2026-02-09 01:46:50,467 [finetune.py] => Learning on 160-180

  0%|          | 0/10 [00:00<?, ?it/s]
Task 8, Epoch 1/10 => Loss 2.917, Train_accy 1.04, Test_accy 7.11:   0%|          | 0/10 [03:24<?, ?it/s]
Task 8, Epoch 1/10 => Loss 2.917, Train_accy 1.04, Test_accy 7.11:  10%|█         | 1/10 [03:24<30:41, 204.58s/it]
Task 8, Epoch 2/10 => Loss 2.763, Train_accy 24.78, Test_accy 6.76:  10%|█         | 1/10 [06:49<30:41, 204.58s/it]
Task 8, Epoch 2/10 => Loss 2.763, Train_accy 24.78, Test_accy 6.76:  20%|██        | 2/10 [06:49<27:19, 204.90s/it]
Task 8, Epoch 3/10 => Loss 2.655, Train_accy 43.21, Test_accy 5.82:  20%|██        | 2/10 [10:16<27:19, 204.90s/it]
Task 8, Epoch 3/10 => Loss 2.655, Train_accy 43.21, Test_accy 5.82:  30%|███       | 3/10 [10:16<24:00, 205.76s/it]
Task 8, Epoch 4/10 => Loss 2.571, Train_accy 49.72, Test_accy 5.96:  30%|███       | 3/10 [13:41<24:00, 205.76s/it]
Task 8, Epoch 4/10 => Loss 2.571, Train_accy 49.72, Test_accy 5.96:  40%|████      | 4/10 [13:41<20:32, 205.39s/it]
Task 8, Epoch 5/10 => Loss 2.502, Train_accy 59.35, Test_accy 6.01:  40%|████      | 4/10 [17:08<20:32, 205.39s/it]
Task 8, Epoch 5/10 => Loss 2.502, Train_accy 59.35, Test_accy 6.01:  50%|█████     | 5/10 [17:08<17:10, 206.07s/it]
Task 8, Epoch 6/10 => Loss 2.438, Train_accy 69.90, Test_accy 5.94:  50%|█████     | 5/10 [20:32<17:10, 206.07s/it]
Task 8, Epoch 6/10 => Loss 2.438, Train_accy 69.90, Test_accy 5.94:  60%|██████    | 6/10 [20:32<13:41, 205.40s/it]
Task 8, Epoch 7/10 => Loss 2.383, Train_accy 74.62, Test_accy 6.16:  60%|██████    | 6/10 [23:58<13:41, 205.40s/it]
Task 8, Epoch 7/10 => Loss 2.383, Train_accy 74.62, Test_accy 6.16:  70%|███████   | 7/10 [23:58<10:16, 205.65s/it]
Task 8, Epoch 8/10 => Loss 2.329, Train_accy 80.10, Test_accy 6.16:  70%|███████   | 7/10 [27:24<10:16, 205.65s/it]
Task 8, Epoch 8/10 => Loss 2.329, Train_accy 80.10, Test_accy 6.16:  80%|████████  | 8/10 [27:24<06:51, 205.67s/it]
Task 8, Epoch 9/10 => Loss 2.280, Train_accy 84.45, Test_accy 6.34:  80%|████████  | 8/10 [30:50<06:51, 205.67s/it]
Task 8, Epoch 9/10 => Loss 2.280, Train_accy 84.45, Test_accy 6.34:  90%|█████████ | 9/10 [30:50<03:25, 205.88s/it]
Task 8, Epoch 10/10 => Loss 2.239, Train_accy 88.85, Test_accy 6.17:  90%|█████████ | 9/10 [34:15<03:25, 205.88s/it]
Task 8, Epoch 10/10 => Loss 2.239, Train_accy 88.85, Test_accy 6.17: 100%|██████████| 10/10 [34:15<00:00, 205.63s/it]
Task 8, Epoch 10/10 => Loss 2.239, Train_accy 88.85, Test_accy 6.17: 100%|██████████| 10/10 [34:15<00:00, 205.60s/it]
2026-02-09 02:21:06,471 [finetune.py] => Task 8, Epoch 10/10 => Loss 2.239, Train_accy 88.85, Test_accy 6.17
2026-02-09 02:23:10,076 [trainer.py] => CNN: {'total': 6.17, '00-09': 0.0, '10-19': 0.0, '20-29': 0.0, '30-39': 0.0, '40-49': 0.0, '50-59': 0.0, '60-69': 0.0, '70-79': 0.0, '80-89': 0.0, '90-99': 0.0, '100-109': 0.0, '110-119': 0.0, '120-129': 0.0, '130-139': 0.0, '140-149': 0.0, '150-159': 0.0, '160-169': 63.22, '170-179': 53.67, 'old': 0.0, 'new': 58.66, 'harmonic': 0.0}
2026-02-09 02:23:10,076 [trainer.py] => CNN top1 curve: [11.41, 8.67, 5.65, 5.86, 5.66, 8.54, 8.37, 7.97, 6.17]
2026-02-09 02:23:10,076 [trainer.py] => CNN top5 curve: [42.39, 26.32, 18.67, 17.15, 15.81, 17.0, 17.36, 14.4, 13.25]
2026-02-09 02:23:10,077 [trainer.py] => Average Accuracy (CNN): 7.588888888888889
2026-02-09 02:23:10,081 [finetune.py] => Learning on 180-200

  0%|          | 0/10 [00:00<?, ?it/s]
Task 9, Epoch 1/10 => Loss 2.929, Train_accy 0.35, Test_accy 5.57:   0%|          | 0/10 [03:42<?, ?it/s]
Task 9, Epoch 1/10 => Loss 2.929, Train_accy 0.35, Test_accy 5.57:  10%|█         | 1/10 [03:42<33:19, 222.21s/it]
Task 9, Epoch 2/10 => Loss 2.787, Train_accy 17.27, Test_accy 5.97:  10%|█         | 1/10 [07:25<33:19, 222.21s/it]
Task 9, Epoch 2/10 => Loss 2.787, Train_accy 17.27, Test_accy 5.97:  20%|██        | 2/10 [07:25<29:43, 222.96s/it]
Task 9, Epoch 3/10 => Loss 2.678, Train_accy 43.60, Test_accy 5.46:  20%|██        | 2/10 [11:06<29:43, 222.96s/it]
Task 9, Epoch 3/10 => Loss 2.678, Train_accy 43.60, Test_accy 5.46:  30%|███       | 3/10 [11:06<25:55, 222.19s/it]
Task 9, Epoch 4/10 => Loss 2.590, Train_accy 61.07, Test_accy 5.30:  30%|███       | 3/10 [14:50<25:55, 222.19s/it]
Task 9, Epoch 4/10 => Loss 2.590, Train_accy 61.07, Test_accy 5.30:  40%|████      | 4/10 [14:50<22:15, 222.64s/it]
Task 9, Epoch 5/10 => Loss 2.505, Train_accy 69.58, Test_accy 5.42:  40%|████      | 4/10 [18:39<22:15, 222.64s/it]
Task 9, Epoch 5/10 => Loss 2.505, Train_accy 69.58, Test_accy 5.42:  50%|█████     | 5/10 [18:39<18:44, 224.85s/it]
Task 9, Epoch 6/10 => Loss 2.430, Train_accy 76.77, Test_accy 5.39:  50%|█████     | 5/10 [22:23<18:44, 224.85s/it]
Task 9, Epoch 6/10 => Loss 2.430, Train_accy 76.77, Test_accy 5.39:  60%|██████    | 6/10 [22:23<14:58, 224.75s/it]
Task 9, Epoch 7/10 => Loss 2.364, Train_accy 85.52, Test_accy 5.28:  60%|██████    | 6/10 [26:08<14:58, 224.75s/it]
Task 9, Epoch 7/10 => Loss 2.364, Train_accy 85.52, Test_accy 5.28:  70%|███████   | 7/10 [26:08<11:14, 224.67s/it]
Task 9, Epoch 8/10 => Loss 2.309, Train_accy 89.36, Test_accy 5.27:  70%|███████   | 7/10 [29:51<11:14, 224.67s/it]
Task 9, Epoch 8/10 => Loss 2.309, Train_accy 89.36, Test_accy 5.27:  80%|████████  | 8/10 [29:51<07:28, 224.13s/it]
Task 9, Epoch 9/10 => Loss 2.263, Train_accy 92.03, Test_accy 5.52:  80%|████████  | 8/10 [33:33<07:28, 224.13s/it]
Task 9, Epoch 9/10 => Loss 2.263, Train_accy 92.03, Test_accy 5.52:  90%|█████████ | 9/10 [33:33<03:43, 223.55s/it]
Task 9, Epoch 10/10 => Loss 2.215, Train_accy 95.25, Test_accy 5.37:  90%|█████████ | 9/10 [37:16<03:43, 223.55s/it]
Task 9, Epoch 10/10 => Loss 2.215, Train_accy 95.25, Test_accy 5.37: 100%|██████████| 10/10 [37:16<00:00, 223.44s/it]
Task 9, Epoch 10/10 => Loss 2.215, Train_accy 95.25, Test_accy 5.37: 100%|██████████| 10/10 [37:16<00:00, 223.66s/it]
2026-02-09 03:00:26,662 [finetune.py] => Task 9, Epoch 10/10 => Loss 2.215, Train_accy 95.25, Test_accy 5.37
2026-02-09 03:02:45,459 [trainer.py] => CNN: {'total': 5.37, '00-09': 0.0, '10-19': 0.0, '20-29': 0.0, '30-39': 0.0, '40-49': 0.0, '50-59': 0.0, '60-69': 0.0, '70-79': 0.0, '80-89': 0.0, '90-99': 0.0, '100-109': 0.0, '110-119': 0.0, '120-129': 0.0, '130-139': 0.0, '140-149': 0.0, '150-159': 0.0, '160-169': 0.0, '170-179': 0.0, '180-189': 50.17, '190-199': 58.24, 'old': 0.0, 'new': 54.69, 'harmonic': 0.0}
2026-02-09 03:02:45,459 [trainer.py] => CNN top1 curve: [11.41, 8.67, 5.65, 5.86, 5.66, 8.54, 8.37, 7.97, 6.17, 5.37]
2026-02-09 03:02:45,459 [trainer.py] => CNN top5 curve: [42.39, 26.32, 18.67, 17.15, 15.81, 17.0, 17.36, 14.4, 13.25, 11.0]
2026-02-09 03:02:45,459 [trainer.py] => Average Accuracy (CNN): 7.367

========================================
Finished objectnet_init20_inc20
Backbone: OpenCLIP_LAION400M
Average Accuracy (Top1): 7.37
Last Accuracy: 5.37
========================================

2026-02-07 09:27:53,113 [trainer.py] => config: ./configs/finetune/finetune_objectnet_B100_Inc20.json
2026-02-07 09:27:53,113 [trainer.py] => prefix: -
2026-02-07 09:27:53,113 [trainer.py] => dataset: objectnet
2026-02-07 09:27:53,113 [trainer.py] => memory_size: 0
2026-02-07 09:27:53,113 [trainer.py] => memory_per_class: 0
2026-02-07 09:27:53,113 [trainer.py] => fixed_memory: False
2026-02-07 09:27:53,113 [trainer.py] => shuffle: True
2026-02-07 09:27:53,113 [trainer.py] => init_cls: 100
2026-02-07 09:27:53,113 [trainer.py] => increment: 20
2026-02-07 09:27:53,113 [trainer.py] => model_name: finetune
2026-02-07 09:27:53,113 [trainer.py] => backbone_type: clip
2026-02-07 09:27:53,113 [trainer.py] => device: [device(type='cuda', index=7)]
2026-02-07 09:27:53,113 [trainer.py] => seed: 1993
2026-02-07 09:27:53,113 [trainer.py] => init_epoch: 10
2026-02-07 09:27:53,113 [trainer.py] => init_lr: 0.001
2026-02-07 09:27:53,113 [trainer.py] => init_milestones: [60, 120, 170]
2026-02-07 09:27:53,113 [trainer.py] => init_lr_decay: 0.1
2026-02-07 09:27:53,113 [trainer.py] => init_weight_decay: 0.0005
2026-02-07 09:27:53,113 [trainer.py] => epochs: 10
2026-02-07 09:27:53,113 [trainer.py] => lrate: 0.001
2026-02-07 09:27:53,113 [trainer.py] => milestones: [40, 70]
2026-02-07 09:27:53,113 [trainer.py] => lrate_decay: 0.1
2026-02-07 09:27:53,113 [trainer.py] => batch_size: 128
2026-02-07 09:27:53,113 [trainer.py] => weight_decay: 0.0002
2026-02-07 09:27:53,113 [trainer.py] => total_class_num: 200
['air freshener', 'alarm clock', 'backpack', 'baking sheet', 'banana', 'band aid', 'baseball bat', 'baseball glove', 'basket', 'bathrobe', 'battery', 'bed sheet', 'beer bottle', 'beer can', 'belt', 'bench', 'bicycle', 'bike pump', 'bills money', 'binder closed', 'biscuits', 'blanket', 'blender', 'blouse', 'board game', 'book closed', 'bookend', 'boots', 'bottle cap', 'bottle opener', 'bottle stopper', 'box', 'bracelet', 'bread knife', 'bread loaf', 'briefcase', 'brooch', 'broom', 'bucket', 'butchers knife', 'butter', 'button', 'calendar', 'can opener', 'candle', 'canned food', 'cd case', 'cellphone', 'cellphone case', 'cellphone charger', 'cereal', 'chair', 'cheese', 'chess piece', 'chocolate', 'chopstick', 'clothes hamper', 'clothes hanger', 'coaster', 'coffee beans', 'coffee french press', 'coffee grinder', 'coffee machine', 'coffee table', 'coin money', 'comb', 'combination lock', 'computer mouse', 'contact lens case', 'cooking oil bottle', 'cork', 'cutting board', 'deodorant', 'desk lamp', 'detergent', 'dish soap', 'document folder closed', 'dog bed', 'doormat', 'drawer open', 'dress', 'dress pants', 'dress shirt', 'dress shoe men', 'dress shoe women', 'drill', 'drinking cup', 'drinking straw', 'drying rack for clothes', 'drying rack for dishes', 'dust pan', 'dvd player', 'earbuds', 'earring', 'egg', 'egg carton', 'envelope', 'eraser white board', 'extension cable', 'eyeglasses', 'fan', 'figurine or statue', 'first aid kit', 'flashlight', 'floss container', 'flour container', 'fork', 'frying pan', 'full sized towel', 'glue container', 'hair brush', 'hair dryer', 'hairclip', 'hairtie', 'hammer', 'hand mirror', 'hand towel or rag', 'handbag', 'hat', 'headphones over ear', 'helmet', 'honey container', 'ice', 'ice cube tray', 'iron for clothes', 'ironing board', 'jam', 'jar', 'jeans', 'kettle', 'key chain', 'keyboard', 'ladle', 'lampshade', 'laptop charger', 'laptop open', 'leaf', 'leggings', 'lemon', 'letter opener', 'lettuce', 'light bulb', 'lighter', 'lipstick', 'loofah', 'magazine', 'makeup', 'makeup brush', 'marker', 'match', 'measuring cup', 'microwave', 'milk', 'mixing salad bowl', 'monitor', 'mouse pad', 'mouthwash', 'mug', 'multitool', 'nail clippers', 'nail fastener', 'nail file', 'nail polish', 'napkin', 'necklace', 'newspaper', 'night light', 'nightstand', 'notebook', 'notepad', 'nut for screw', 'orange', 'oven mitts', 'padlock', 'paint can', 'paintbrush', 'paper', 'paper bag', 'paper plates', 'paper towel', 'paperclip', 'peeler', 'pen', 'pencil', 'pepper shaker', 'pet food container', 'phone landline', 'photograph printed', 'pill bottle', 'pill organizer', 'pillow', 'pitcher', 'placemat', 'plastic bag', 'plastic cup', 'plastic wrap', 'plate', 'playing cards', 'pliers', 'plunger']
['itap of a {}.', 'a bad photo of the {}.', 'a origami {}.', 'a photo of the large {}.', 'a {} in a video game.', 'art of the {}.', 'a photo of the small {}.']
{'air_freshener': 0, 'alarm_clock': 1, 'backpack': 2, 'baking_sheet': 3, 'banana': 4, 'band_aid': 5, 'baseball_bat': 6, 'baseball_glove': 7, 'basket': 8, 'bathrobe': 9, 'battery': 10, 'bed_sheet': 11, 'beer_bottle': 12, 'beer_can': 13, 'belt': 14, 'bench': 15, 'bicycle': 16, 'bike_pump': 17, 'bills_money': 18, 'binder_closed': 19, 'biscuits': 20, 'blanket': 21, 'blender': 22, 'blouse': 23, 'board_game': 24, 'book_closed': 25, 'bookend': 26, 'boots': 27, 'bottle_cap': 28, 'bottle_opener': 29, 'bottle_stopper': 30, 'box': 31, 'bracelet': 32, 'bread_knife': 33, 'bread_loaf': 34, 'briefcase': 35, 'brooch': 36, 'broom': 37, 'bucket': 38, 'butchers_knife': 39, 'butter': 40, 'button': 41, 'calendar': 42, 'can_opener': 43, 'candle': 44, 'canned_food': 45, 'cd_case': 46, 'cellphone': 47, 'cellphone_case': 48, 'cellphone_charger': 49, 'cereal': 50, 'chair': 51, 'cheese': 52, 'chess_piece': 53, 'chocolate': 54, 'chopstick': 55, 'clothes_hamper': 56, 'clothes_hanger': 57, 'coaster': 58, 'coffee_beans': 59, 'coffee_french_press': 60, 'coffee_grinder': 61, 'coffee_machine': 62, 'coffee_table': 63, 'coin_money': 64, 'comb': 65, 'combination_lock': 66, 'computer_mouse': 67, 'contact_lens_case': 68, 'cooking_oil_bottle': 69, 'cork': 70, 'cutting_board': 71, 'deodorant': 72, 'desk_lamp': 73, 'detergent': 74, 'dish_soap': 75, 'document_folder_closed': 76, 'dog_bed': 77, 'doormat': 78, 'drawer_open': 79, 'dress': 80, 'dress_pants': 81, 'dress_shirt': 82, 'dress_shoe_men': 83, 'dress_shoe_women': 84, 'drill': 85, 'drinking_cup': 86, 'drinking_straw': 87, 'drying_rack_for_clothes': 88, 'drying_rack_for_dishes': 89, 'dust_pan': 90, 'dvd_player': 91, 'earbuds': 92, 'earring': 93, 'egg': 94, 'egg_carton': 95, 'envelope': 96, 'eraser_white_board': 97, 'extension_cable': 98, 'eyeglasses': 99, 'fan': 100, 'figurine_or_statue': 101, 'first_aid_kit': 102, 'flashlight': 103, 'floss_container': 104, 'flour_container': 105, 'fork': 106, 'frying_pan': 107, 'full_sized_towel': 108, 'glue_container': 109, 'hair_brush': 110, 'hair_dryer': 111, 'hairclip': 112, 'hairtie': 113, 'hammer': 114, 'hand_mirror': 115, 'hand_towel_or_rag': 116, 'handbag': 117, 'hat': 118, 'headphones_over_ear': 119, 'helmet': 120, 'honey_container': 121, 'ice': 122, 'ice_cube_tray': 123, 'iron_for_clothes': 124, 'ironing_board': 125, 'jam': 126, 'jar': 127, 'jeans': 128, 'kettle': 129, 'key_chain': 130, 'keyboard': 131, 'ladle': 132, 'lampshade': 133, 'laptop_charger': 134, 'laptop_open': 135, 'leaf': 136, 'leggings': 137, 'lemon': 138, 'letter_opener': 139, 'lettuce': 140, 'light_bulb': 141, 'lighter': 142, 'lipstick': 143, 'loofah': 144, 'magazine': 145, 'makeup': 146, 'makeup_brush': 147, 'marker': 148, 'match': 149, 'measuring_cup': 150, 'microwave': 151, 'milk': 152, 'mixing_salad_bowl': 153, 'monitor': 154, 'mouse_pad': 155, 'mouthwash': 156, 'mug': 157, 'multitool': 158, 'nail_clippers': 159, 'nail_fastener': 160, 'nail_file': 161, 'nail_polish': 162, 'napkin': 163, 'necklace': 164, 'newspaper': 165, 'night_light': 166, 'nightstand': 167, 'notebook': 168, 'notepad': 169, 'nut_for_screw': 170, 'orange': 171, 'oven_mitts': 172, 'padlock': 173, 'paint_can': 174, 'paintbrush': 175, 'paper': 176, 'paper_bag': 177, 'paper_plates': 178, 'paper_towel': 179, 'paperclip': 180, 'peeler': 181, 'pen': 182, 'pencil': 183, 'pepper_shaker': 184, 'pet_food_container': 185, 'phone_landline': 186, 'photograph_printed': 187, 'pill_bottle': 188, 'pill_organizer': 189, 'pillow': 190, 'pitcher': 191, 'placemat': 192, 'plastic_bag': 193, 'plastic_cup': 194, 'plastic_wrap': 195, 'plate': 196, 'playing_cards': 197, 'pliers': 198, 'plunger': 199}
2026-02-07 09:27:53,270 [data_manager.py] => [168, 136, 51, 9, 183, 101, 171, 99, 42, 159, 191, 70, 16, 188, 27, 10, 175, 26, 68, 187, 98, 6, 85, 35, 112, 43, 100, 0, 103, 181, 88, 59, 4, 2, 116, 174, 94, 80, 106, 1, 147, 17, 141, 131, 72, 23, 173, 54, 197, 118, 87, 32, 79, 104, 91, 19, 135, 107, 178, 36, 11, 199, 142, 8, 122, 3, 28, 57, 153, 172, 190, 56, 49, 44, 97, 62, 151, 169, 194, 55, 192, 12, 189, 78, 66, 180, 15, 137, 109, 134, 92, 119, 126, 52, 170, 40, 148, 65, 144, 64, 138, 45, 77, 89, 154, 90, 71, 193, 74, 30, 113, 143, 96, 84, 67, 50, 186, 156, 69, 21, 18, 111, 108, 58, 125, 157, 150, 110, 182, 129, 166, 83, 81, 60, 13, 165, 14, 176, 63, 117, 5, 22, 145, 121, 38, 41, 82, 127, 114, 20, 31, 53, 37, 163, 196, 130, 152, 162, 86, 76, 24, 34, 184, 149, 33, 128, 198, 155, 146, 167, 139, 120, 140, 102, 47, 25, 158, 123, 46, 164, 61, 7, 115, 75, 133, 160, 105, 132, 179, 124, 48, 73, 93, 39, 95, 195, 29, 177, 185, 161]
After shuffle, class_to_label is:  ['notebook', 'leaf', 'chair', 'bathrobe', 'pencil', 'figurine or statue', 'orange', 'eyeglasses', 'calendar', 'nail clippers', 'pitcher', 'cork', 'bicycle', 'pill bottle', 'boots', 'battery', 'paintbrush', 'bookend', 'contact lens case', 'photograph printed', 'extension cable', 'baseball bat', 'drill', 'briefcase', 'hairclip', 'can opener', 'fan', 'air freshener', 'flashlight', 'peeler', 'drying rack for clothes', 'coffee beans', 'banana', 'backpack', 'hand towel or rag', 'paint can', 'egg', 'dress', 'fork', 'alarm clock', 'makeup brush', 'bike pump', 'light bulb', 'keyboard', 'deodorant', 'blouse', 'padlock', 'chocolate', 'playing cards', 'hat', 'drinking straw', 'bracelet', 'drawer open', 'floss container', 'dvd player', 'binder closed', 'laptop open', 'frying pan', 'paper plates', 'brooch', 'bed sheet', 'plunger', 'lighter', 'basket', 'ice', 'baking sheet', 'bottle cap', 'clothes hanger', 'mixing salad bowl', 'oven mitts', 'pillow', 'clothes hamper', 'cellphone charger', 'candle', 'eraser white board', 'coffee machine', 'microwave', 'notepad', 'plastic cup', 'chopstick', 'placemat', 'beer bottle', 'pill organizer', 'doormat', 'combination lock', 'paperclip', 'bench', 'leggings', 'glue container', 'laptop charger', 'earbuds', 'headphones over ear', 'jam', 'cheese', 'nut for screw', 'butter', 'marker', 'comb', 'loofah', 'coin money', 'lemon', 'canned food', 'dog bed', 'drying rack for dishes', 'monitor', 'dust pan', 'cutting board', 'plastic bag', 'detergent', 'bottle stopper', 'hairtie', 'lipstick', 'envelope', 'dress shoe women', 'computer mouse', 'cereal', 'phone landline', 'mouthwash', 'cooking oil bottle', 'blanket', 'bills money', 'hair dryer', 'full sized towel', 'coaster', 'ironing board', 'mug', 'measuring cup', 'hair brush', 'pen', 'kettle', 'night light', 'dress shoe men', 'dress pants', 'coffee french press', 'beer can', 'newspaper', 'belt', 'paper', 'coffee table', 'handbag', 'band aid', 'blender', 'magazine', 'honey container', 'bucket', 'button', 'dress shirt', 'jar', 'hammer', 'biscuits', 'box', 'chess piece', 'broom', 'napkin', 'plate', 'key chain', 'milk', 'nail polish', 'drinking cup', 'document folder closed', 'board game', 'bread loaf', 'pepper shaker', 'match', 'bread knife', 'jeans', 'pliers', 'mouse pad', 'makeup', 'nightstand', 'letter opener', 'helmet', 'lettuce', 'first aid kit', 'cellphone', 'book closed', 'multitool', 'ice cube tray', 'cd case', 'necklace', 'coffee grinder', 'baseball glove', 'hand mirror', 'dish soap', 'lampshade', 'nail fastener', 'flour container', 'ladle', 'paper towel', 'iron for clothes', 'cellphone case', 'desk lamp', 'earring', 'butchers knife', 'egg carton', 'plastic wrap', 'bottle opener', 'paper bag', 'pet food container', 'nail file']
Training class stages: [100, 20, 20, 20, 20, 20]
Using CLIP model as the backbone
2026-02-07 09:27:54,492 [instantiator.py] => Created a temporary directory at /tmp/tmpzgccnbuu
2026-02-07 09:27:54,492 [instantiator.py] => Writing /tmp/tmpzgccnbuu/_remote_module_non_scriptable.py
2026-02-07 09:27:54,629 [factory.py] => Loaded ViT-B-16 model config.
2026-02-07 09:27:56,056 [factory.py] => Loading pretrained ViT-B-16 weights (/home/team/zhaohongwei/pretrained_models/open_clip_pytorch_model_laion400m_e32.bin).
/home/team/zhaohongwei/anaconda3/envs/mmcl/lib/python3.10/site-packages/torch/_utils.py:776: UserWarning: TypedStorage is deprecated. It will be removed in the future and UntypedStorage will be the only storage class. This should only matter to you if you are using storages directly.  To access UntypedStorage directly, use tensor.untyped_storage() instead of tensor.storage()
  return self.fget.__get__(instance, owner)()
Using CLIP model as the backbone
2026-02-07 09:27:56,521 [factory.py] => Loaded ViT-B-16 model config.
2026-02-07 09:27:57,881 [factory.py] => Loading pretrained ViT-B-16 weights (/home/team/zhaohongwei/pretrained_models/open_clip_pytorch_model_laion400m_e32.bin).
2026-02-07 09:27:58,342 [finetune.py] => Learning on 0-100

  0%|          | 0/10 [00:00<?, ?it/s]
Task 0, Epoch 1/10 => Loss 4.602, Train_accy 0.93, Test_accy 1.41:   0%|          | 0/10 [05:50<?, ?it/s]
Task 0, Epoch 1/10 => Loss 4.602, Train_accy 0.93, Test_accy 1.41:  10%|█         | 1/10 [05:50<52:38, 350.93s/it]
Task 0, Epoch 2/10 => Loss 4.591, Train_accy 1.60:  10%|█         | 1/10 [10:22<52:38, 350.93s/it]                
Task 0, Epoch 2/10 => Loss 4.591, Train_accy 1.60:  20%|██        | 2/10 [10:22<40:31, 303.97s/it]
Task 0, Epoch 3/10 => Loss 4.580, Train_accy 2.20:  20%|██        | 2/10 [14:51<40:31, 303.97s/it]
Task 0, Epoch 3/10 => Loss 4.580, Train_accy 2.20:  30%|███       | 3/10 [14:51<33:37, 288.19s/it]
Task 0, Epoch 4/10 => Loss 4.564, Train_accy 3.22:  30%|███       | 3/10 [19:21<33:37, 288.19s/it]
Task 0, Epoch 4/10 => Loss 4.564, Train_accy 3.22:  40%|████      | 4/10 [19:21<28:06, 281.08s/it]
Task 0, Epoch 5/10 => Loss 4.547, Train_accy 4.59:  40%|████      | 4/10 [23:51<28:06, 281.08s/it]
Task 0, Epoch 5/10 => Loss 4.547, Train_accy 4.59:  50%|█████     | 5/10 [23:51<23:05, 277.08s/it]
Task 0, Epoch 6/10 => Loss 4.529, Train_accy 6.43, Test_accy 5.87:  50%|█████     | 5/10 [29:33<23:05, 277.08s/it]
Task 0, Epoch 6/10 => Loss 4.529, Train_accy 6.43, Test_accy 5.87:  60%|██████    | 6/10 [29:33<19:56, 299.11s/it]
Task 0, Epoch 7/10 => Loss 4.506, Train_accy 8.25:  60%|██████    | 6/10 [34:55<19:56, 299.11s/it]                
Task 0, Epoch 7/10 => Loss 4.506, Train_accy 8.25:  70%|███████   | 7/10 [34:55<15:20, 306.73s/it]
Task 0, Epoch 8/10 => Loss 4.478, Train_accy 11.02:  70%|███████   | 7/10 [40:50<15:20, 306.73s/it]
Task 0, Epoch 8/10 => Loss 4.478, Train_accy 11.02:  80%|████████  | 8/10 [40:50<10:44, 322.13s/it]
Task 0, Epoch 9/10 => Loss 4.443, Train_accy 15.16:  80%|████████  | 8/10 [46:50<10:44, 322.13s/it]
Task 0, Epoch 9/10 => Loss 4.443, Train_accy 15.16:  90%|█████████ | 9/10 [46:50<05:33, 333.80s/it]
Task 0, Epoch 10/10 => Loss 4.404, Train_accy 19.81:  90%|█████████ | 9/10 [52:41<05:33, 333.80s/it]
Task 0, Epoch 10/10 => Loss 4.404, Train_accy 19.81: 100%|██████████| 10/10 [52:41<00:00, 339.25s/it]
Task 0, Epoch 10/10 => Loss 4.404, Train_accy 19.81: 100%|██████████| 10/10 [52:41<00:00, 316.19s/it]
2026-02-07 10:20:41,200 [finetune.py] => Task 0, Epoch 10/10 => Loss 4.404, Train_accy 19.81
2026-02-07 10:21:59,930 [trainer.py] => CNN: {'total': 19.27, '00-09': 28.3, '10-19': 20.98, '20-29': 10.87, '30-39': 40.69, '40-49': 12.23, '50-59': 13.4, '60-69': 18.68, '70-79': 7.55, '80-89': 7.84, '90-99': 27.22, 'old': 0, 'new': 19.27, 'harmonic': 0.0}
2026-02-07 10:21:59,931 [trainer.py] => CNN top1 curve: [19.27]
2026-02-07 10:21:59,931 [trainer.py] => CNN top5 curve: [48.78]
2026-02-07 10:21:59,931 [trainer.py] => Average Accuracy (CNN): 19.27
2026-02-07 10:21:59,937 [finetune.py] => Learning on 100-120

  0%|          | 0/10 [00:00<?, ?it/s]
Task 1, Epoch 1/10 => Loss 2.943, Train_accy 2.37, Test_accy 14.94:   0%|          | 0/10 [02:53<?, ?it/s]
Task 1, Epoch 1/10 => Loss 2.943, Train_accy 2.37, Test_accy 14.94:  10%|█         | 1/10 [02:53<26:05, 173.98s/it]
Task 1, Epoch 2/10 => Loss 2.812, Train_accy 23.17, Test_accy 12.97:  10%|█         | 1/10 [05:48<26:05, 173.98s/it]
Task 1, Epoch 2/10 => Loss 2.812, Train_accy 23.17, Test_accy 12.97:  20%|██        | 2/10 [05:48<23:13, 174.17s/it]
Task 1, Epoch 3/10 => Loss 2.707, Train_accy 46.16, Test_accy 10.18:  20%|██        | 2/10 [08:43<23:13, 174.17s/it]
Task 1, Epoch 3/10 => Loss 2.707, Train_accy 46.16, Test_accy 10.18:  30%|███       | 3/10 [08:43<20:22, 174.69s/it]
Task 1, Epoch 4/10 => Loss 2.629, Train_accy 52.24, Test_accy 9.63:  30%|███       | 3/10 [11:29<20:22, 174.69s/it] 
Task 1, Epoch 4/10 => Loss 2.629, Train_accy 52.24, Test_accy 9.63:  40%|████      | 4/10 [11:29<17:08, 171.35s/it]
Task 1, Epoch 5/10 => Loss 2.547, Train_accy 61.29, Test_accy 8.64:  40%|████      | 4/10 [14:21<17:08, 171.35s/it]
Task 1, Epoch 5/10 => Loss 2.547, Train_accy 61.29, Test_accy 8.64:  50%|█████     | 5/10 [14:21<14:16, 171.33s/it]
Task 1, Epoch 6/10 => Loss 2.500, Train_accy 64.18, Test_accy 10.06:  50%|█████     | 5/10 [17:00<14:16, 171.33s/it]
Task 1, Epoch 6/10 => Loss 2.500, Train_accy 64.18, Test_accy 10.06:  60%|██████    | 6/10 [17:00<11:09, 167.42s/it]
Task 1, Epoch 7/10 => Loss 2.446, Train_accy 69.67, Test_accy 10.21:  60%|██████    | 6/10 [19:55<11:09, 167.42s/it]
Task 1, Epoch 7/10 => Loss 2.446, Train_accy 69.67, Test_accy 10.21:  70%|███████   | 7/10 [19:55<08:29, 169.88s/it]
Task 1, Epoch 8/10 => Loss 2.444, Train_accy 68.74, Test_accy 10.44:  70%|███████   | 7/10 [22:52<08:29, 169.88s/it]
Task 1, Epoch 8/10 => Loss 2.444, Train_accy 68.74, Test_accy 10.44:  80%|████████  | 8/10 [22:52<05:43, 171.87s/it]
Task 1, Epoch 9/10 => Loss 2.361, Train_accy 76.79, Test_accy 11.12:  80%|████████  | 8/10 [25:49<05:43, 171.87s/it]
Task 1, Epoch 9/10 => Loss 2.361, Train_accy 76.79, Test_accy 11.12:  90%|█████████ | 9/10 [25:49<02:53, 173.52s/it]
Task 1, Epoch 10/10 => Loss 2.301, Train_accy 81.35, Test_accy 10.82:  90%|█████████ | 9/10 [28:39<02:53, 173.52s/it]
Task 1, Epoch 10/10 => Loss 2.301, Train_accy 81.35, Test_accy 10.82: 100%|██████████| 10/10 [28:39<00:00, 172.51s/it]
Task 1, Epoch 10/10 => Loss 2.301, Train_accy 81.35, Test_accy 10.82: 100%|██████████| 10/10 [28:39<00:00, 171.94s/it]
2026-02-07 10:50:39,394 [finetune.py] => Task 1, Epoch 10/10 => Loss 2.301, Train_accy 81.35, Test_accy 10.82
2026-02-07 10:52:03,394 [trainer.py] => CNN: {'total': 10.82, '00-09': 0.0, '10-19': 0.0, '20-29': 0.0, '30-39': 0.0, '40-49': 0.0, '50-59': 0.0, '60-69': 0.0, '70-79': 0.0, '80-89': 0.0, '90-99': 0.0, '100-109': 48.52, '110-119': 74.8, 'old': 0.0, 'new': 62.98, 'harmonic': 0.0}
2026-02-07 10:52:03,394 [trainer.py] => CNN top1 curve: [19.27, 10.82]
2026-02-07 10:52:03,394 [trainer.py] => CNN top5 curve: [48.78, 22.57]
2026-02-07 10:52:03,394 [trainer.py] => Average Accuracy (CNN): 15.045
2026-02-07 10:52:03,400 [finetune.py] => Learning on 120-140

  0%|          | 0/10 [00:00<?, ?it/s]
Task 2, Epoch 1/10 => Loss 2.946, Train_accy 0.15, Test_accy 9.06:   0%|          | 0/10 [03:08<?, ?it/s]
Task 2, Epoch 1/10 => Loss 2.946, Train_accy 0.15, Test_accy 9.06:  10%|█         | 1/10 [03:08<28:18, 188.73s/it]
Task 2, Epoch 2/10 => Loss 2.818, Train_accy 11.05, Test_accy 9.58:  10%|█         | 1/10 [06:17<28:18, 188.73s/it]
Task 2, Epoch 2/10 => Loss 2.818, Train_accy 11.05, Test_accy 9.58:  20%|██        | 2/10 [06:17<25:10, 188.87s/it]
Task 2, Epoch 3/10 => Loss 2.711, Train_accy 30.86, Test_accy 8.97:  20%|██        | 2/10 [09:12<25:10, 188.87s/it]
Task 2, Epoch 3/10 => Loss 2.711, Train_accy 30.86, Test_accy 8.97:  30%|███       | 3/10 [09:12<21:15, 182.25s/it]
Task 2, Epoch 4/10 => Loss 2.626, Train_accy 50.64, Test_accy 8.15:  30%|███       | 3/10 [12:04<21:15, 182.25s/it]
Task 2, Epoch 4/10 => Loss 2.626, Train_accy 50.64, Test_accy 8.15:  40%|████      | 4/10 [12:04<17:50, 178.40s/it]
Task 2, Epoch 5/10 => Loss 2.558, Train_accy 56.16, Test_accy 8.26:  40%|████      | 4/10 [14:56<17:50, 178.40s/it]
Task 2, Epoch 5/10 => Loss 2.558, Train_accy 56.16, Test_accy 8.26:  50%|█████     | 5/10 [14:56<14:41, 176.21s/it]
Task 2, Epoch 6/10 => Loss 2.490, Train_accy 64.08, Test_accy 8.41:  50%|█████     | 5/10 [17:50<14:41, 176.21s/it]
Task 2, Epoch 6/10 => Loss 2.490, Train_accy 64.08, Test_accy 8.41:  60%|██████    | 6/10 [17:50<11:41, 175.29s/it]
Task 2, Epoch 7/10 => Loss 2.430, Train_accy 70.84, Test_accy 8.61:  60%|██████    | 6/10 [20:38<11:41, 175.29s/it]
Task 2, Epoch 7/10 => Loss 2.430, Train_accy 70.84, Test_accy 8.61:  70%|███████   | 7/10 [20:38<08:38, 172.82s/it]
Task 2, Epoch 8/10 => Loss 2.364, Train_accy 78.56, Test_accy 8.95:  70%|███████   | 7/10 [23:27<08:38, 172.82s/it]
Task 2, Epoch 8/10 => Loss 2.364, Train_accy 78.56, Test_accy 8.95:  80%|████████  | 8/10 [23:27<05:43, 171.81s/it]
Task 2, Epoch 9/10 => Loss 2.311, Train_accy 82.62, Test_accy 8.76:  80%|████████  | 8/10 [26:16<05:43, 171.81s/it]
Task 2, Epoch 9/10 => Loss 2.311, Train_accy 82.62, Test_accy 8.76:  90%|█████████ | 9/10 [26:16<02:50, 170.85s/it]
Task 2, Epoch 10/10 => Loss 2.258, Train_accy 87.91, Test_accy 9.34:  90%|█████████ | 9/10 [29:03<02:50, 170.85s/it]
Task 2, Epoch 10/10 => Loss 2.258, Train_accy 87.91, Test_accy 9.34: 100%|██████████| 10/10 [29:03<00:00, 169.53s/it]
Task 2, Epoch 10/10 => Loss 2.258, Train_accy 87.91, Test_accy 9.34: 100%|██████████| 10/10 [29:03<00:00, 174.31s/it]
2026-02-07 11:21:06,509 [finetune.py] => Task 2, Epoch 10/10 => Loss 2.258, Train_accy 87.91, Test_accy 9.34
2026-02-07 11:22:46,528 [trainer.py] => CNN: {'total': 9.34, '00-09': 0.0, '10-19': 0.0, '20-29': 0.0, '30-39': 0.0, '40-49': 0.0, '50-59': 0.0, '60-69': 0.0, '70-79': 0.0, '80-89': 0.0, '90-99': 0.0, '100-109': 1.64, '110-119': 0.0, '120-129': 65.2, '130-139': 62.85, 'old': 0.13, 'new': 64.06, 'harmonic': 0.26}
2026-02-07 11:22:46,529 [trainer.py] => CNN top1 curve: [19.27, 10.82, 9.34]
2026-02-07 11:22:46,529 [trainer.py] => CNN top5 curve: [48.78, 22.57, 19.68]
2026-02-07 11:22:46,529 [trainer.py] => Average Accuracy (CNN): 13.143333333333333
2026-02-07 11:22:46,531 [finetune.py] => Learning on 140-160

  0%|          | 0/10 [00:00<?, ?it/s]
Task 3, Epoch 1/10 => Loss 2.936, Train_accy 0.52, Test_accy 7.50:   0%|          | 0/10 [03:00<?, ?it/s]
Task 3, Epoch 1/10 => Loss 2.936, Train_accy 0.52, Test_accy 7.50:  10%|█         | 1/10 [03:00<27:00, 180.09s/it]
Task 3, Epoch 2/10 => Loss 2.794, Train_accy 16.70, Test_accy 8.51:  10%|█         | 1/10 [06:02<27:00, 180.09s/it]
Task 3, Epoch 2/10 => Loss 2.794, Train_accy 16.70, Test_accy 8.51:  20%|██        | 2/10 [06:02<24:12, 181.56s/it]
Task 3, Epoch 3/10 => Loss 2.686, Train_accy 41.15, Test_accy 8.10:  20%|██        | 2/10 [09:04<24:12, 181.56s/it]
Task 3, Epoch 3/10 => Loss 2.686, Train_accy 41.15, Test_accy 8.10:  30%|███       | 3/10 [09:04<21:10, 181.47s/it]
Task 3, Epoch 4/10 => Loss 2.596, Train_accy 57.71, Test_accy 7.69:  30%|███       | 3/10 [12:05<21:10, 181.47s/it]
Task 3, Epoch 4/10 => Loss 2.596, Train_accy 57.71, Test_accy 7.69:  40%|████      | 4/10 [12:05<18:09, 181.54s/it]
Task 3, Epoch 5/10 => Loss 2.513, Train_accy 68.64, Test_accy 7.61:  40%|████      | 4/10 [15:05<18:09, 181.54s/it]
Task 3, Epoch 5/10 => Loss 2.513, Train_accy 68.64, Test_accy 7.61:  50%|█████     | 5/10 [15:05<15:05, 181.07s/it]
Task 3, Epoch 6/10 => Loss 2.442, Train_accy 76.69, Test_accy 8.00:  50%|█████     | 5/10 [18:08<15:05, 181.07s/it]
Task 3, Epoch 6/10 => Loss 2.442, Train_accy 76.69, Test_accy 8.00:  60%|██████    | 6/10 [18:08<12:05, 181.48s/it]
Task 3, Epoch 7/10 => Loss 2.371, Train_accy 83.78, Test_accy 8.21:  60%|██████    | 6/10 [21:09<12:05, 181.48s/it]
Task 3, Epoch 7/10 => Loss 2.371, Train_accy 83.78, Test_accy 8.21:  70%|███████   | 7/10 [21:09<09:04, 181.48s/it]
Task 3, Epoch 8/10 => Loss 2.313, Train_accy 89.07, Test_accy 8.02:  70%|███████   | 7/10 [24:10<09:04, 181.48s/it]
Task 3, Epoch 8/10 => Loss 2.313, Train_accy 89.07, Test_accy 8.02:  80%|████████  | 8/10 [24:10<06:02, 181.29s/it]
Task 3, Epoch 9/10 => Loss 2.264, Train_accy 91.39, Test_accy 8.73:  80%|████████  | 8/10 [27:11<06:02, 181.29s/it]
Task 3, Epoch 9/10 => Loss 2.264, Train_accy 91.39, Test_accy 8.73:  90%|█████████ | 9/10 [27:11<03:01, 181.13s/it]
Task 3, Epoch 10/10 => Loss 2.227, Train_accy 94.02, Test_accy 8.55:  90%|█████████ | 9/10 [30:09<03:01, 181.13s/it]
Task 3, Epoch 10/10 => Loss 2.227, Train_accy 94.02, Test_accy 8.55: 100%|██████████| 10/10 [30:09<00:00, 180.22s/it]
Task 3, Epoch 10/10 => Loss 2.227, Train_accy 94.02, Test_accy 8.55: 100%|██████████| 10/10 [30:09<00:00, 180.96s/it]
2026-02-07 11:52:56,102 [finetune.py] => Task 3, Epoch 10/10 => Loss 2.227, Train_accy 94.02, Test_accy 8.55
2026-02-07 11:54:49,872 [trainer.py] => CNN: {'total': 8.55, '00-09': 0.0, '10-19': 0.0, '20-29': 0.0, '30-39': 0.0, '40-49': 0.0, '50-59': 0.0, '60-69': 0.0, '70-79': 0.0, '80-89': 0.0, '90-99': 0.0, '100-109': 0.0, '110-119': 0.0, '120-129': 0.0, '130-139': 0.0, '140-149': 61.93, '150-159': 62.43, 'old': 0.0, 'new': 62.18, 'harmonic': 0.0}
2026-02-07 11:54:49,872 [trainer.py] => CNN top1 curve: [19.27, 10.82, 9.34, 8.55]
2026-02-07 11:54:49,873 [trainer.py] => CNN top5 curve: [48.78, 22.57, 19.68, 16.25]
2026-02-07 11:54:49,873 [trainer.py] => Average Accuracy (CNN): 11.995000000000001
2026-02-07 11:54:49,875 [finetune.py] => Learning on 160-180

  0%|          | 0/10 [00:00<?, ?it/s]
Task 4, Epoch 1/10 => Loss 2.931, Train_accy 0.16, Test_accy 7.06:   0%|          | 0/10 [03:00<?, ?it/s]
Task 4, Epoch 1/10 => Loss 2.931, Train_accy 0.16, Test_accy 7.06:  10%|█         | 1/10 [03:00<27:06, 180.72s/it]
Task 4, Epoch 2/10 => Loss 2.783, Train_accy 18.55, Test_accy 7.40:  10%|█         | 1/10 [06:02<27:06, 180.72s/it]
Task 4, Epoch 2/10 => Loss 2.783, Train_accy 18.55, Test_accy 7.40:  20%|██        | 2/10 [06:02<24:11, 181.41s/it]
Task 4, Epoch 3/10 => Loss 2.676, Train_accy 42.49, Test_accy 6.21:  20%|██        | 2/10 [09:04<24:11, 181.41s/it]
Task 4, Epoch 3/10 => Loss 2.676, Train_accy 42.49, Test_accy 6.21:  30%|███       | 3/10 [09:04<21:12, 181.77s/it]
Task 4, Epoch 4/10 => Loss 2.593, Train_accy 51.64, Test_accy 6.39:  30%|███       | 3/10 [12:07<21:12, 181.77s/it]
Task 4, Epoch 4/10 => Loss 2.593, Train_accy 51.64, Test_accy 6.39:  40%|████      | 4/10 [12:07<18:12, 182.14s/it]
Task 4, Epoch 5/10 => Loss 2.520, Train_accy 61.87, Test_accy 6.36:  40%|████      | 4/10 [15:12<18:12, 182.14s/it]
Task 4, Epoch 5/10 => Loss 2.520, Train_accy 61.87, Test_accy 6.36:  50%|█████     | 5/10 [15:12<15:15, 183.16s/it]
Task 4, Epoch 6/10 => Loss 2.456, Train_accy 70.22, Test_accy 6.27:  50%|█████     | 5/10 [18:14<15:15, 183.16s/it]
Task 4, Epoch 6/10 => Loss 2.456, Train_accy 70.22, Test_accy 6.27:  60%|██████    | 6/10 [18:14<12:11, 182.91s/it]
Task 4, Epoch 7/10 => Loss 2.394, Train_accy 76.38, Test_accy 6.31:  60%|██████    | 6/10 [21:17<12:11, 182.91s/it]
Task 4, Epoch 7/10 => Loss 2.394, Train_accy 76.38, Test_accy 6.31:  70%|███████   | 7/10 [21:17<09:08, 182.71s/it]
Task 4, Epoch 8/10 => Loss 2.342, Train_accy 80.82, Test_accy 6.29:  70%|███████   | 7/10 [24:20<09:08, 182.71s/it]
Task 4, Epoch 8/10 => Loss 2.342, Train_accy 80.82, Test_accy 6.29:  80%|████████  | 8/10 [24:20<06:05, 182.81s/it]
Task 4, Epoch 9/10 => Loss 2.297, Train_accy 83.77, Test_accy 6.24:  80%|████████  | 8/10 [27:23<06:05, 182.81s/it]
Task 4, Epoch 9/10 => Loss 2.297, Train_accy 83.77, Test_accy 6.24:  90%|█████████ | 9/10 [27:23<03:03, 183.05s/it]
Task 4, Epoch 10/10 => Loss 2.251, Train_accy 87.37, Test_accy 6.56:  90%|█████████ | 9/10 [30:26<03:03, 183.05s/it]
Task 4, Epoch 10/10 => Loss 2.251, Train_accy 87.37, Test_accy 6.56: 100%|██████████| 10/10 [30:26<00:00, 183.00s/it]
Task 4, Epoch 10/10 => Loss 2.251, Train_accy 87.37, Test_accy 6.56: 100%|██████████| 10/10 [30:26<00:00, 182.67s/it]
2026-02-07 12:25:16,601 [finetune.py] => Task 4, Epoch 10/10 => Loss 2.251, Train_accy 87.37, Test_accy 6.56
2026-02-07 12:27:16,689 [trainer.py] => CNN: {'total': 6.56, '00-09': 0.0, '10-19': 0.0, '20-29': 0.0, '30-39': 0.0, '40-49': 0.0, '50-59': 0.0, '60-69': 0.0, '70-79': 0.0, '80-89': 0.0, '90-99': 0.0, '100-109': 0.0, '110-119': 0.0, '120-129': 0.0, '130-139': 0.0, '140-149': 0.0, '150-159': 0.0, '160-169': 64.74, '170-179': 59.67, 'old': 0.0, 'new': 62.32, 'harmonic': 0.0}
2026-02-07 12:27:16,689 [trainer.py] => CNN top1 curve: [19.27, 10.82, 9.34, 8.55, 6.56]
2026-02-07 12:27:16,690 [trainer.py] => CNN top5 curve: [48.78, 22.57, 19.68, 16.25, 13.47]
2026-02-07 12:27:16,690 [trainer.py] => Average Accuracy (CNN): 10.908000000000001
2026-02-07 12:27:16,692 [finetune.py] => Learning on 180-200

  0%|          | 0/10 [00:00<?, ?it/s]
Task 5, Epoch 1/10 => Loss 2.925, Train_accy 0.67, Test_accy 5.13:   0%|          | 0/10 [03:22<?, ?it/s]
Task 5, Epoch 1/10 => Loss 2.925, Train_accy 0.67, Test_accy 5.13:  10%|█         | 1/10 [03:22<30:22, 202.48s/it]
Task 5, Epoch 2/10 => Loss 2.782, Train_accy 17.90, Test_accy 5.76:  10%|█         | 1/10 [06:51<30:22, 202.48s/it]
Task 5, Epoch 2/10 => Loss 2.782, Train_accy 17.90, Test_accy 5.76:  20%|██        | 2/10 [06:51<27:32, 206.54s/it]
Task 5, Epoch 3/10 => Loss 2.672, Train_accy 47.37, Test_accy 5.19:  20%|██        | 2/10 [10:20<27:32, 206.54s/it]
Task 5, Epoch 3/10 => Loss 2.672, Train_accy 47.37, Test_accy 5.19:  30%|███       | 3/10 [10:20<24:13, 207.65s/it]
Task 5, Epoch 4/10 => Loss 2.581, Train_accy 61.58, Test_accy 5.04:  30%|███       | 3/10 [13:47<24:13, 207.65s/it]
Task 5, Epoch 4/10 => Loss 2.581, Train_accy 61.58, Test_accy 5.04:  40%|████      | 4/10 [13:47<20:44, 207.40s/it]
Task 5, Epoch 5/10 => Loss 2.500, Train_accy 69.07, Test_accy 5.08:  40%|████      | 4/10 [17:15<20:44, 207.40s/it]
Task 5, Epoch 5/10 => Loss 2.500, Train_accy 69.07, Test_accy 5.08:  50%|█████     | 5/10 [17:15<17:16, 207.33s/it]
Task 5, Epoch 6/10 => Loss 2.424, Train_accy 75.39, Test_accy 5.24:  50%|█████     | 5/10 [20:44<17:16, 207.33s/it]
Task 5, Epoch 6/10 => Loss 2.424, Train_accy 75.39, Test_accy 5.24:  60%|██████    | 6/10 [20:44<13:52, 208.01s/it]
Task 5, Epoch 7/10 => Loss 2.356, Train_accy 82.73, Test_accy 5.63:  60%|██████    | 6/10 [24:12<13:52, 208.01s/it]
Task 5, Epoch 7/10 => Loss 2.356, Train_accy 82.73, Test_accy 5.63:  70%|███████   | 7/10 [24:12<10:24, 208.15s/it]
Task 5, Epoch 8/10 => Loss 2.295, Train_accy 89.25, Test_accy 5.64:  70%|███████   | 7/10 [27:40<10:24, 208.15s/it]
Task 5, Epoch 8/10 => Loss 2.295, Train_accy 89.25, Test_accy 5.64:  80%|████████  | 8/10 [27:40<06:56, 208.11s/it]
Task 5, Epoch 9/10 => Loss 2.251, Train_accy 92.50, Test_accy 5.82:  80%|████████  | 8/10 [31:10<06:56, 208.11s/it]
Task 5, Epoch 9/10 => Loss 2.251, Train_accy 92.50, Test_accy 5.82:  90%|█████████ | 9/10 [31:10<03:28, 208.46s/it]
Task 5, Epoch 10/10 => Loss 2.208, Train_accy 94.74, Test_accy 5.76:  90%|█████████ | 9/10 [34:38<03:28, 208.46s/it]
Task 5, Epoch 10/10 => Loss 2.208, Train_accy 94.74, Test_accy 5.76: 100%|██████████| 10/10 [34:38<00:00, 208.56s/it]
Task 5, Epoch 10/10 => Loss 2.208, Train_accy 94.74, Test_accy 5.76: 100%|██████████| 10/10 [34:38<00:00, 207.89s/it]
2026-02-07 13:01:55,571 [finetune.py] => Task 5, Epoch 10/10 => Loss 2.208, Train_accy 94.74, Test_accy 5.76
2026-02-07 13:04:14,460 [trainer.py] => CNN: {'total': 5.76, '00-09': 0.0, '10-19': 0.0, '20-29': 0.0, '30-39': 0.0, '40-49': 0.0, '50-59': 0.0, '60-69': 0.0, '70-79': 0.0, '80-89': 0.0, '90-99': 0.0, '100-109': 0.0, '110-119': 0.0, '120-129': 0.0, '130-139': 0.0, '140-149': 0.0, '150-159': 0.0, '160-169': 0.3, '170-179': 0.0, '180-189': 59.23, '190-199': 57.97, 'old': 0.02, 'new': 58.53, 'harmonic': 0.04}
2026-02-07 13:04:14,460 [trainer.py] => CNN top1 curve: [19.27, 10.82, 9.34, 8.55, 6.56, 5.76]
2026-02-07 13:04:14,460 [trainer.py] => CNN top5 curve: [48.78, 22.57, 19.68, 16.25, 13.47, 10.8]
2026-02-07 13:04:14,460 [trainer.py] => Average Accuracy (CNN): 10.05

========================================
Finished objectnet_init100_inc20
Backbone: OpenCLIP_LAION400M
Average Accuracy (Top1): 10.05
Last Accuracy: 5.76
========================================

