nohup: 忽略输入
2026-02-08 21:23:03,381 [trainer.py] => config: ./configs/l2p/l2p_aircraft_B0_Inc10.json
2026-02-08 21:23:03,381 [trainer.py] => prefix:  
2026-02-08 21:23:03,382 [trainer.py] => dataset: aircraft
2026-02-08 21:23:03,382 [trainer.py] => memory_size: 0
2026-02-08 21:23:03,382 [trainer.py] => memory_per_class: 0
2026-02-08 21:23:03,382 [trainer.py] => fixed_memory: False
2026-02-08 21:23:03,382 [trainer.py] => shuffle: True
2026-02-08 21:23:03,382 [trainer.py] => init_cls: 10
2026-02-08 21:23:03,382 [trainer.py] => increment: 10
2026-02-08 21:23:03,382 [trainer.py] => model_name: l2p
2026-02-08 21:23:03,382 [trainer.py] => backbone_type: clip
2026-02-08 21:23:03,382 [trainer.py] => get_original_backbone: True
2026-02-08 21:23:03,382 [trainer.py] => device: [device(type='cuda', index=7)]
2026-02-08 21:23:03,382 [trainer.py] => seed: 1993
2026-02-08 21:23:03,382 [trainer.py] => nb_classes: 100
2026-02-08 21:23:03,382 [trainer.py] => tuned_epoch: 10
2026-02-08 21:23:03,382 [trainer.py] => init_lr: 0.001875
2026-02-08 21:23:03,382 [trainer.py] => batch_size: 16
2026-02-08 21:23:03,382 [trainer.py] => weight_decay: 0
2026-02-08 21:23:03,382 [trainer.py] => min_lr: 1e-05
2026-02-08 21:23:03,382 [trainer.py] => optimizer: adam
2026-02-08 21:23:03,382 [trainer.py] => scheduler: constant
2026-02-08 21:23:03,382 [trainer.py] => reinit_optimizer: True
2026-02-08 21:23:03,382 [trainer.py] => global_pool: token
2026-02-08 21:23:03,382 [trainer.py] => head_type: prompt
2026-02-08 21:23:03,382 [trainer.py] => freeze: ['blocks', 'patch_embed', 'cls_token', 'norm', 'pos_embed']
2026-02-08 21:23:03,382 [trainer.py] => pretrained: True
2026-02-08 21:23:03,382 [trainer.py] => drop: 0.0
2026-02-08 21:23:03,382 [trainer.py] => drop_path: 0.0
2026-02-08 21:23:03,382 [trainer.py] => prompt_pool: True
2026-02-08 21:23:03,382 [trainer.py] => size: 10
2026-02-08 21:23:03,382 [trainer.py] => length: 5
2026-02-08 21:23:03,382 [trainer.py] => top_k: 5
2026-02-08 21:23:03,382 [trainer.py] => initializer: uniform
2026-02-08 21:23:03,383 [trainer.py] => prompt_key: True
2026-02-08 21:23:03,383 [trainer.py] => prompt_key_init: uniform
2026-02-08 21:23:03,383 [trainer.py] => use_prompt_mask: False
2026-02-08 21:23:03,383 [trainer.py] => shared_prompt_pool: False
2026-02-08 21:23:03,383 [trainer.py] => shared_prompt_key: False
2026-02-08 21:23:03,383 [trainer.py] => batchwise_prompt: True
2026-02-08 21:23:03,383 [trainer.py] => embedding_key: cls
2026-02-08 21:23:03,383 [trainer.py] => predefined_key: 
2026-02-08 21:23:03,383 [trainer.py] => pull_constraint: True
2026-02-08 21:23:03,383 [trainer.py] => pull_constraint_coeff: 0.1
2026-02-08 21:23:03,383 [trainer.py] => total_class_num: 100
['707-320', '727-200', '737-200', '737-300', '737-400', '737-500', '737-600', '737-700', '737-800', '737-900', '747-100', '747-200', '747-300', '747-400', '757-200', '757-300', '767-200', '767-300', '767-400', '777-200', '777-300', 'A300B4', 'A310', 'A318', 'A319', 'A320', 'A321', 'A330-200', 'A330-300', 'A340-200', 'A340-300', 'A340-500', 'A340-600', 'A380', 'ATR-42', 'ATR-72', 'An-12', 'BAE 146-200', 'BAE 146-300', 'BAE-125', 'Beechcraft 1900', 'Boeing 717', 'C-130', 'C-47', 'CRJ-200', 'CRJ-700', 'CRJ-900', 'Cessna 172', 'Cessna 208', 'Cessna 525', 'Cessna 560', 'Challenger 600', 'DC-10', 'DC-3', 'DC-6', 'DC-8', 'DC-9-30', 'DH-82', 'DHC-1', 'DHC-6', 'DHC-8-100', 'DHC-8-300', 'DR-400', 'Dornier 328', 'E-170', 'E-190', 'E-195', 'EMB-120', 'ERJ 135', 'ERJ 145', 'Embraer Legacy 600', 'Eurofighter Typhoon', 'F-16A/B', 'F/A-18', 'Falcon 2000', 'Falcon 900', 'Fokker 100', 'Fokker 50', 'Fokker 70', 'Global Express', 'Gulfstream IV', 'Gulfstream V', 'Hawk T1', 'Il-76', 'L-1011', 'MD-11', 'MD-80', 'MD-87', 'MD-90', 'Metroliner', 'Model B200', 'PA-28', 'SR-20', 'Saab 2000', 'Saab 340', 'Spitfire', 'Tornado', 'Tu-134', 'Tu-154', 'Yak-42']
['a photo of a {}, a type of aircraft.', 'a photo of the {}, a type of aircraft.']
{'707-320': 0, '727-200': 1, '737-200': 2, '737-300': 3, '737-400': 4, '737-500': 5, '737-600': 6, '737-700': 7, '737-800': 8, '737-900': 9, '747-100': 10, '747-200': 11, '747-300': 12, '747-400': 13, '757-200': 14, '757-300': 15, '767-200': 16, '767-300': 17, '767-400': 18, '777-200': 19, '777-300': 20, 'A300B4': 21, 'A310': 22, 'A318': 23, 'A319': 24, 'A320': 25, 'A321': 26, 'A330-200': 27, 'A330-300': 28, 'A340-200': 29, 'A340-300': 30, 'A340-500': 31, 'A340-600': 32, 'A380': 33, 'ATR-42': 34, 'ATR-72': 35, 'An-12': 36, 'BAE-125': 37, 'BAE-146-200': 38, 'BAE-146-300': 39, 'Beechcraft-1900': 40, 'Boeing-717': 41, 'C-130': 42, 'C-47': 43, 'CRJ-200': 44, 'CRJ-700': 45, 'CRJ-900': 46, 'Cessna-172': 47, 'Cessna-208': 48, 'Cessna-525': 49, 'Cessna-560': 50, 'Challenger-600': 51, 'DC-10': 52, 'DC-3': 53, 'DC-6': 54, 'DC-8': 55, 'DC-9-30': 56, 'DH-82': 57, 'DHC-1': 58, 'DHC-6': 59, 'DHC-8-100': 60, 'DHC-8-300': 61, 'DR-400': 62, 'Dornier-328': 63, 'E-170': 64, 'E-190': 65, 'E-195': 66, 'EMB-120': 67, 'ERJ-135': 68, 'ERJ-145': 69, 'Embraer-Legacy-600': 70, 'Eurofighter-Typhoon': 71, 'F': 72, 'F-16A': 73, 'Falcon-2000': 74, 'Falcon-900': 75, 'Fokker-100': 76, 'Fokker-50': 77, 'Fokker-70': 78, 'Global-Express': 79, 'Gulfstream-IV': 80, 'Gulfstream-V': 81, 'Hawk-T1': 82, 'Il-76': 83, 'L-1011': 84, 'MD-11': 85, 'MD-80': 86, 'MD-87': 87, 'MD-90': 88, 'Metroliner': 89, 'Model-B200': 90, 'PA-28': 91, 'SR-20': 92, 'Saab-2000': 93, 'Saab-340': 94, 'Spitfire': 95, 'Tornado': 96, 'Tu-134': 97, 'Tu-154': 98, 'Yak-42': 99}
2026-02-08 21:23:03,477 [data_manager.py] => [68, 56, 78, 8, 23, 84, 90, 65, 74, 76, 40, 89, 3, 92, 55, 9, 26, 80, 43, 38, 58, 70, 77, 1, 85, 19, 17, 50, 28, 53, 13, 81, 45, 82, 6, 59, 83, 16, 15, 44, 91, 41, 72, 60, 79, 52, 20, 10, 31, 54, 37, 95, 14, 71, 96, 98, 97, 2, 64, 66, 42, 22, 35, 86, 24, 34, 87, 21, 99, 0, 88, 27, 18, 94, 11, 12, 47, 25, 30, 46, 62, 69, 36, 61, 7, 63, 75, 5, 32, 4, 51, 48, 73, 93, 39, 67, 29, 49, 57, 33]
After shuffle, class_to_label is:  ['ERJ 135', 'DC-9-30', 'Fokker 70', '737-800', 'A318', 'L-1011', 'Model B200', 'E-190', 'Falcon 2000', 'Fokker 100', 'Beechcraft 1900', 'Metroliner', '737-300', 'SR-20', 'DC-8', '737-900', 'A321', 'Gulfstream IV', 'C-47', 'BAE 146-300', 'DHC-1', 'Embraer Legacy 600', 'Fokker 50', '727-200', 'MD-11', '777-200', '767-300', 'Cessna 560', 'A330-300', 'DC-3', '747-400', 'Gulfstream V', 'CRJ-700', 'Hawk T1', '737-600', 'DHC-6', 'Il-76', '767-200', '757-300', 'CRJ-200', 'PA-28', 'Boeing 717', 'F-16A/B', 'DHC-8-100', 'Global Express', 'DC-10', '777-300', '747-100', 'A340-500', 'DC-6', 'BAE 146-200', 'Spitfire', '757-200', 'Eurofighter Typhoon', 'Tornado', 'Tu-154', 'Tu-134', '737-200', 'E-170', 'E-195', 'C-130', 'A310', 'ATR-72', 'MD-80', 'A319', 'ATR-42', 'MD-87', 'A300B4', 'Yak-42', '707-320', 'MD-90', 'A330-200', '767-400', 'Saab 340', '747-200', '747-300', 'Cessna 172', 'A320', 'A340-300', 'CRJ-900', 'DR-400', 'ERJ 145', 'An-12', 'DHC-8-300', '737-700', 'Dornier 328', 'Falcon 900', '737-500', 'A340-600', '737-400', 'Challenger 600', 'Cessna 208', 'F/A-18', 'Saab 2000', 'BAE-125', 'EMB-120', 'A340-200', 'Cessna 525', 'DH-82', 'A380']
Training class stages: [10, 10, 10, 10, 10, 10, 10, 10, 10, 10]
Using CLIP model as the backbone
2026-02-08 21:23:04,696 [instantiator.py] => Created a temporary directory at /tmp/tmp9y1i03me
2026-02-08 21:23:04,697 [instantiator.py] => Writing /tmp/tmp9y1i03me/_remote_module_non_scriptable.py
2026-02-08 21:23:04,846 [factory.py] => Loaded ViT-B-16 model config.
2026-02-08 21:23:06,277 [factory.py] => Loading pretrained ViT-B-16 weights (/home/team/zhaohongwei/pretrained_models/open_clip_pytorch_model_laion400m_e32.bin).
/home/team/zhaohongwei/anaconda3/envs/mmcl/lib/python3.10/site-packages/torch/_utils.py:776: UserWarning: TypedStorage is deprecated. It will be removed in the future and UntypedStorage will be the only storage class. This should only matter to you if you are using storages directly.  To access UntypedStorage directly, use tensor.untyped_storage() instead of tensor.storage()
  return self.fget.__get__(instance, owner)()
2026-02-08 21:23:07,305 [l2p.py] => 86,457,956 model total parameters.
2026-02-08 21:23:07,305 [l2p.py] => 94,820 model training parameters.
2026-02-08 21:23:07,306 [l2p.py] => prompt.prompt: 38400
2026-02-08 21:23:07,306 [l2p.py] => prompt.prompt_key: 5120
2026-02-08 21:23:07,306 [l2p.py] => head.weight: 51200
2026-02-08 21:23:07,306 [l2p.py] => head.bias: 100
2026-02-08 21:23:07,306 [l2p.py] => Learning on 0-10

  0%|          | 0/10 [00:00<?, ?it/s]
Task 0, Epoch 1/10 => Loss 1.851, Train_accy 42.47, Test_accy 60.71:   0%|          | 0/10 [00:20<?, ?it/s]
Task 0, Epoch 1/10 => Loss 1.851, Train_accy 42.47, Test_accy 60.71:  10%|█         | 1/10 [00:20<03:07, 20.80s/it]
Task 0, Epoch 2/10 => Loss 1.138, Train_accy 74.55, Test_accy 69.35:  10%|█         | 1/10 [00:41<03:07, 20.80s/it]
Task 0, Epoch 2/10 => Loss 1.138, Train_accy 74.55, Test_accy 69.35:  20%|██        | 2/10 [00:41<02:44, 20.55s/it]
Task 0, Epoch 3/10 => Loss 0.799, Train_accy 81.17, Test_accy 75.89:  20%|██        | 2/10 [01:01<02:44, 20.55s/it]
Task 0, Epoch 3/10 => Loss 0.799, Train_accy 81.17, Test_accy 75.89:  30%|███       | 3/10 [01:01<02:22, 20.42s/it]
Task 0, Epoch 4/10 => Loss 0.571, Train_accy 86.75, Test_accy 81.25:  30%|███       | 3/10 [01:21<02:22, 20.42s/it]
Task 0, Epoch 4/10 => Loss 0.571, Train_accy 86.75, Test_accy 81.25:  40%|████      | 4/10 [01:21<02:02, 20.37s/it]
Task 0, Epoch 5/10 => Loss 0.415, Train_accy 87.50, Test_accy 80.65:  40%|████      | 4/10 [01:42<02:02, 20.37s/it]
Task 0, Epoch 5/10 => Loss 0.415, Train_accy 87.50, Test_accy 80.65:  50%|█████     | 5/10 [01:42<01:41, 20.33s/it]
Task 0, Epoch 6/10 => Loss 0.298, Train_accy 89.61, Test_accy 84.52:  50%|█████     | 5/10 [01:58<01:41, 20.33s/it]
Task 0, Epoch 6/10 => Loss 0.298, Train_accy 89.61, Test_accy 84.52:  60%|██████    | 6/10 [01:58<01:16, 19.12s/it]
Task 0, Epoch 7/10 => Loss 0.193, Train_accy 91.11, Test_accy 84.23:  60%|██████    | 6/10 [02:18<01:16, 19.12s/it]
Task 0, Epoch 7/10 => Loss 0.193, Train_accy 91.11, Test_accy 84.23:  70%|███████   | 7/10 [02:18<00:58, 19.45s/it]
Task 0, Epoch 8/10 => Loss 0.105, Train_accy 92.32, Test_accy 86.01:  70%|███████   | 7/10 [02:38<00:58, 19.45s/it]
Task 0, Epoch 8/10 => Loss 0.105, Train_accy 92.32, Test_accy 86.01:  80%|████████  | 8/10 [02:38<00:39, 19.66s/it]
Task 0, Epoch 9/10 => Loss 0.041, Train_accy 93.83, Test_accy 86.90:  80%|████████  | 8/10 [02:59<00:39, 19.66s/it]
Task 0, Epoch 9/10 => Loss 0.041, Train_accy 93.83, Test_accy 86.90:  90%|█████████ | 9/10 [02:59<00:19, 19.88s/it]
Task 0, Epoch 10/10 => Loss -0.023, Train_accy 94.58, Test_accy 86.31:  90%|█████████ | 9/10 [03:16<00:19, 19.88s/it]
Task 0, Epoch 10/10 => Loss -0.023, Train_accy 94.58, Test_accy 86.31: 100%|██████████| 10/10 [03:16<00:00, 19.00s/it]
Task 0, Epoch 10/10 => Loss -0.023, Train_accy 94.58, Test_accy 86.31: 100%|██████████| 10/10 [03:16<00:00, 19.64s/it]
2026-02-08 21:26:24,691 [l2p.py] => Task 0, Epoch 10/10 => Loss -0.023, Train_accy 94.58, Test_accy 86.31
2026-02-08 21:26:29,556 [trainer.py] => CNN: {'total': 86.31, '00-09': 86.31, 'old': 0, 'new': 86.31, 'harmonic': 0.0}
2026-02-08 21:26:29,556 [trainer.py] => CNN top1 curve: [86.31]
2026-02-08 21:26:29,557 [trainer.py] => CNN top5 curve: [99.7]
2026-02-08 21:26:29,557 [trainer.py] => Average Accuracy (CNN): 86.31
2026-02-08 21:26:29,557 [l2p.py] => Learning on 10-20

  0%|          | 0/10 [00:00<?, ?it/s]
Task 1, Epoch 1/10 => Loss 1.730, Train_accy 49.10, Test_accy 47.61:   0%|          | 0/10 [00:24<?, ?it/s]
Task 1, Epoch 1/10 => Loss 1.730, Train_accy 49.10, Test_accy 47.61:  10%|█         | 1/10 [00:24<03:42, 24.75s/it]
Task 1, Epoch 2/10 => Loss 0.943, Train_accy 76.73, Test_accy 52.09:  10%|█         | 1/10 [00:49<03:42, 24.75s/it]
Task 1, Epoch 2/10 => Loss 0.943, Train_accy 76.73, Test_accy 52.09:  20%|██        | 2/10 [00:49<03:17, 24.75s/it]
Task 1, Epoch 3/10 => Loss 0.630, Train_accy 83.63, Test_accy 54.03:  20%|██        | 2/10 [01:14<03:17, 24.75s/it]
Task 1, Epoch 3/10 => Loss 0.630, Train_accy 83.63, Test_accy 54.03:  30%|███       | 3/10 [01:14<02:52, 24.70s/it]
Task 1, Epoch 4/10 => Loss 0.426, Train_accy 89.49, Test_accy 60.75:  30%|███       | 3/10 [01:38<02:52, 24.70s/it]
Task 1, Epoch 4/10 => Loss 0.426, Train_accy 89.49, Test_accy 60.75:  40%|████      | 4/10 [01:38<02:27, 24.57s/it]
Task 1, Epoch 5/10 => Loss 0.300, Train_accy 92.34, Test_accy 61.19:  40%|████      | 4/10 [02:00<02:27, 24.57s/it]
Task 1, Epoch 5/10 => Loss 0.300, Train_accy 92.34, Test_accy 61.19:  50%|█████     | 5/10 [02:00<01:58, 23.71s/it]
Task 1, Epoch 6/10 => Loss 0.193, Train_accy 93.09, Test_accy 62.99:  50%|█████     | 5/10 [02:25<01:58, 23.71s/it]
Task 1, Epoch 6/10 => Loss 0.193, Train_accy 93.09, Test_accy 62.99:  60%|██████    | 6/10 [02:25<01:36, 24.02s/it]
Task 1, Epoch 7/10 => Loss 0.114, Train_accy 94.89, Test_accy 66.72:  60%|██████    | 6/10 [02:49<01:36, 24.02s/it]
Task 1, Epoch 7/10 => Loss 0.114, Train_accy 94.89, Test_accy 66.72:  70%|███████   | 7/10 [02:49<01:12, 24.20s/it]
Task 1, Epoch 8/10 => Loss 0.044, Train_accy 95.35, Test_accy 64.78:  70%|███████   | 7/10 [03:11<01:12, 24.20s/it]
Task 1, Epoch 8/10 => Loss 0.044, Train_accy 95.35, Test_accy 64.78:  80%|████████  | 8/10 [03:11<00:46, 23.23s/it]
Task 1, Epoch 9/10 => Loss -0.019, Train_accy 96.10, Test_accy 68.06:  80%|████████  | 8/10 [03:35<00:46, 23.23s/it]
Task 1, Epoch 9/10 => Loss -0.019, Train_accy 96.10, Test_accy 68.06:  90%|█████████ | 9/10 [03:35<00:23, 23.69s/it]
Task 1, Epoch 10/10 => Loss -0.068, Train_accy 97.15, Test_accy 67.46:  90%|█████████ | 9/10 [04:00<00:23, 23.69s/it]
Task 1, Epoch 10/10 => Loss -0.068, Train_accy 97.15, Test_accy 67.46: 100%|██████████| 10/10 [04:00<00:00, 24.02s/it]
Task 1, Epoch 10/10 => Loss -0.068, Train_accy 97.15, Test_accy 67.46: 100%|██████████| 10/10 [04:00<00:00, 24.05s/it]
2026-02-08 21:30:30,085 [l2p.py] => Task 1, Epoch 10/10 => Loss -0.068, Train_accy 97.15, Test_accy 67.46
2026-02-08 21:30:39,283 [trainer.py] => CNN: {'total': 67.46, '00-09': 63.99, '10-19': 70.96, 'old': 63.99, 'new': 70.96, 'harmonic': 67.3}
2026-02-08 21:30:39,283 [trainer.py] => CNN top1 curve: [86.31, 67.46]
2026-02-08 21:30:39,283 [trainer.py] => CNN top5 curve: [99.7, 97.91]
2026-02-08 21:30:39,283 [trainer.py] => Average Accuracy (CNN): 76.88499999999999
2026-02-08 21:30:39,283 [l2p.py] => Learning on 20-30

  0%|          | 0/10 [00:00<?, ?it/s]
Task 2, Epoch 1/10 => Loss 1.167, Train_accy 55.41, Test_accy 45.02:   0%|          | 0/10 [00:29<?, ?it/s]
Task 2, Epoch 1/10 => Loss 1.167, Train_accy 55.41, Test_accy 45.02:  10%|█         | 1/10 [00:29<04:24, 29.34s/it]
Task 2, Epoch 2/10 => Loss 0.450, Train_accy 78.83, Test_accy 46.22:  10%|█         | 1/10 [00:55<04:24, 29.34s/it]
Task 2, Epoch 2/10 => Loss 0.450, Train_accy 78.83, Test_accy 46.22:  20%|██        | 2/10 [00:55<03:40, 27.52s/it]
Task 2, Epoch 3/10 => Loss 0.277, Train_accy 80.63, Test_accy 47.31:  20%|██        | 2/10 [01:24<03:40, 27.52s/it]
Task 2, Epoch 3/10 => Loss 0.277, Train_accy 80.63, Test_accy 47.31:  30%|███       | 3/10 [01:24<03:17, 28.16s/it]
Task 2, Epoch 4/10 => Loss 0.151, Train_accy 84.38, Test_accy 48.90:  30%|███       | 3/10 [01:53<03:17, 28.16s/it]
Task 2, Epoch 4/10 => Loss 0.151, Train_accy 84.38, Test_accy 48.90:  40%|████      | 4/10 [01:53<02:50, 28.40s/it]
Task 2, Epoch 5/10 => Loss 0.089, Train_accy 86.94, Test_accy 50.50:  40%|████      | 4/10 [02:19<02:50, 28.40s/it]
Task 2, Epoch 5/10 => Loss 0.089, Train_accy 86.94, Test_accy 50.50:  50%|█████     | 5/10 [02:19<02:17, 27.53s/it]
Task 2, Epoch 6/10 => Loss 0.025, Train_accy 88.14, Test_accy 51.59:  50%|█████     | 5/10 [02:48<02:17, 27.53s/it]
Task 2, Epoch 6/10 => Loss 0.025, Train_accy 88.14, Test_accy 51.59:  60%|██████    | 6/10 [02:48<01:52, 28.13s/it]
Task 2, Epoch 7/10 => Loss -0.018, Train_accy 89.34, Test_accy 53.39:  60%|██████    | 6/10 [03:17<01:52, 28.13s/it]
Task 2, Epoch 7/10 => Loss -0.018, Train_accy 89.34, Test_accy 53.39:  70%|███████   | 7/10 [03:17<01:25, 28.52s/it]
Task 2, Epoch 8/10 => Loss -0.049, Train_accy 90.39, Test_accy 53.98:  70%|███████   | 7/10 [03:47<01:25, 28.52s/it]
Task 2, Epoch 8/10 => Loss -0.049, Train_accy 90.39, Test_accy 53.98:  80%|████████  | 8/10 [03:47<00:57, 28.76s/it]
Task 2, Epoch 9/10 => Loss -0.092, Train_accy 92.79, Test_accy 54.18:  80%|████████  | 8/10 [04:12<00:57, 28.76s/it]
Task 2, Epoch 9/10 => Loss -0.092, Train_accy 92.79, Test_accy 54.18:  90%|█████████ | 9/10 [04:12<00:27, 27.81s/it]
Task 2, Epoch 10/10 => Loss -0.114, Train_accy 94.44, Test_accy 55.78:  90%|█████████ | 9/10 [04:42<00:27, 27.81s/it]
Task 2, Epoch 10/10 => Loss -0.114, Train_accy 94.44, Test_accy 55.78: 100%|██████████| 10/10 [04:42<00:00, 28.23s/it]
Task 2, Epoch 10/10 => Loss -0.114, Train_accy 94.44, Test_accy 55.78: 100%|██████████| 10/10 [04:42<00:00, 28.21s/it]
2026-02-08 21:35:21,354 [l2p.py] => Task 2, Epoch 10/10 => Loss -0.114, Train_accy 94.44, Test_accy 55.78
2026-02-08 21:35:34,847 [trainer.py] => CNN: {'total': 55.78, '00-09': 54.76, '10-19': 70.36, '20-29': 42.22, 'old': 62.54, 'new': 42.22, 'harmonic': 50.41}
2026-02-08 21:35:34,847 [trainer.py] => CNN top1 curve: [86.31, 67.46, 55.78]
2026-02-08 21:35:34,847 [trainer.py] => CNN top5 curve: [99.7, 97.91, 91.83]
2026-02-08 21:35:34,847 [trainer.py] => Average Accuracy (CNN): 69.85
2026-02-08 21:35:34,847 [l2p.py] => Learning on 30-40

  0%|          | 0/10 [00:00<?, ?it/s]
Task 3, Epoch 1/10 => Loss 0.985, Train_accy 64.32, Test_accy 42.41:   0%|          | 0/10 [00:30<?, ?it/s]
Task 3, Epoch 1/10 => Loss 0.985, Train_accy 64.32, Test_accy 42.41:  10%|█         | 1/10 [00:30<04:37, 30.86s/it]
Task 3, Epoch 2/10 => Loss 0.210, Train_accy 87.11, Test_accy 43.38:  10%|█         | 1/10 [01:04<04:37, 30.86s/it]
Task 3, Epoch 2/10 => Loss 0.210, Train_accy 87.11, Test_accy 43.38:  20%|██        | 2/10 [01:04<04:19, 32.48s/it]
Task 3, Epoch 3/10 => Loss 0.031, Train_accy 91.75, Test_accy 45.03:  20%|██        | 2/10 [01:38<04:19, 32.48s/it]
Task 3, Epoch 3/10 => Loss 0.031, Train_accy 91.75, Test_accy 45.03:  30%|███       | 3/10 [01:38<03:51, 33.07s/it]
Task 3, Epoch 4/10 => Loss -0.053, Train_accy 92.05, Test_accy 47.57:  30%|███       | 3/10 [02:11<03:51, 33.07s/it]
Task 3, Epoch 4/10 => Loss -0.053, Train_accy 92.05, Test_accy 47.57:  40%|████      | 4/10 [02:11<03:19, 33.29s/it]
Task 3, Epoch 5/10 => Loss -0.121, Train_accy 94.60, Test_accy 48.84:  40%|████      | 4/10 [02:42<03:19, 33.29s/it]
Task 3, Epoch 5/10 => Loss -0.121, Train_accy 94.60, Test_accy 48.84:  50%|█████     | 5/10 [02:42<02:41, 32.27s/it]
Task 3, Epoch 6/10 => Loss -0.166, Train_accy 96.40, Test_accy 48.84:  50%|█████     | 5/10 [03:15<02:41, 32.27s/it]
Task 3, Epoch 6/10 => Loss -0.166, Train_accy 96.40, Test_accy 48.84:  60%|██████    | 6/10 [03:15<02:09, 32.49s/it]
Task 3, Epoch 7/10 => Loss -0.193, Train_accy 97.00, Test_accy 50.04:  60%|██████    | 6/10 [03:45<02:09, 32.49s/it]
Task 3, Epoch 7/10 => Loss -0.193, Train_accy 97.00, Test_accy 50.04:  70%|███████   | 7/10 [03:45<01:35, 31.67s/it]
Task 3, Epoch 8/10 => Loss -0.224, Train_accy 97.75, Test_accy 50.93:  70%|███████   | 7/10 [04:18<01:35, 31.67s/it]
Task 3, Epoch 8/10 => Loss -0.224, Train_accy 97.75, Test_accy 50.93:  80%|████████  | 8/10 [04:18<01:04, 32.27s/it]
Task 3, Epoch 9/10 => Loss -0.242, Train_accy 98.65, Test_accy 51.68:  80%|████████  | 8/10 [04:52<01:04, 32.27s/it]
Task 3, Epoch 9/10 => Loss -0.242, Train_accy 98.65, Test_accy 51.68:  90%|█████████ | 9/10 [04:52<00:32, 32.67s/it]
Task 3, Epoch 10/10 => Loss -0.261, Train_accy 99.10, Test_accy 51.61:  90%|█████████ | 9/10 [05:25<00:32, 32.67s/it]
Task 3, Epoch 10/10 => Loss -0.261, Train_accy 99.10, Test_accy 51.61: 100%|██████████| 10/10 [05:25<00:00, 32.91s/it]
Task 3, Epoch 10/10 => Loss -0.261, Train_accy 99.10, Test_accy 51.61: 100%|██████████| 10/10 [05:25<00:00, 32.58s/it]
2026-02-08 21:41:00,643 [l2p.py] => Task 3, Epoch 10/10 => Loss -0.261, Train_accy 99.10, Test_accy 51.61
2026-02-08 21:41:14,734 [trainer.py] => CNN: {'total': 51.61, '00-09': 51.79, '10-19': 66.77, '20-29': 41.32, '30-39': 46.55, 'old': 53.29, 'new': 46.55, 'harmonic': 49.69}
2026-02-08 21:41:14,734 [trainer.py] => CNN top1 curve: [86.31, 67.46, 55.78, 51.61]
2026-02-08 21:41:14,734 [trainer.py] => CNN top5 curve: [99.7, 97.91, 91.83, 88.33]
2026-02-08 21:41:14,734 [trainer.py] => Average Accuracy (CNN): 65.28999999999999
2026-02-08 21:41:14,734 [l2p.py] => Learning on 40-50

  0%|          | 0/10 [00:00<?, ?it/s]
Task 4, Epoch 1/10 => Loss 0.891, Train_accy 66.32, Test_accy 41.94:   0%|          | 0/10 [00:37<?, ?it/s]
Task 4, Epoch 1/10 => Loss 0.891, Train_accy 66.32, Test_accy 41.94:  10%|█         | 1/10 [00:37<05:34, 37.18s/it]
Task 4, Epoch 2/10 => Loss 0.151, Train_accy 87.87, Test_accy 42.36:  10%|█         | 1/10 [01:11<05:34, 37.18s/it]
Task 4, Epoch 2/10 => Loss 0.151, Train_accy 87.87, Test_accy 42.36:  20%|██        | 2/10 [01:11<04:42, 35.31s/it]
Task 4, Epoch 3/10 => Loss 0.009, Train_accy 91.02, Test_accy 43.32:  20%|██        | 2/10 [01:49<04:42, 35.31s/it]
Task 4, Epoch 3/10 => Loss 0.009, Train_accy 91.02, Test_accy 43.32:  30%|███       | 3/10 [01:49<04:15, 36.49s/it]
Task 4, Epoch 4/10 => Loss -0.071, Train_accy 92.51, Test_accy 43.38:  30%|███       | 3/10 [02:27<04:15, 36.49s/it]
Task 4, Epoch 4/10 => Loss -0.071, Train_accy 92.51, Test_accy 43.38:  40%|████      | 4/10 [02:27<03:42, 37.08s/it]
Task 4, Epoch 5/10 => Loss -0.118, Train_accy 93.71, Test_accy 44.70:  40%|████      | 4/10 [03:03<03:42, 37.08s/it]
Task 4, Epoch 5/10 => Loss -0.118, Train_accy 93.71, Test_accy 44.70:  50%|█████     | 5/10 [03:03<03:04, 36.92s/it]
Task 4, Epoch 6/10 => Loss -0.160, Train_accy 94.46, Test_accy 44.76:  50%|█████     | 5/10 [03:39<03:04, 36.92s/it]
Task 4, Epoch 6/10 => Loss -0.160, Train_accy 94.46, Test_accy 44.76:  60%|██████    | 6/10 [03:39<02:26, 36.70s/it]
Task 4, Epoch 7/10 => Loss -0.191, Train_accy 95.66, Test_accy 45.66:  60%|██████    | 6/10 [04:17<02:26, 36.70s/it]
Task 4, Epoch 7/10 => Loss -0.191, Train_accy 95.66, Test_accy 45.66:  70%|███████   | 7/10 [04:17<01:50, 36.96s/it]
Task 4, Epoch 8/10 => Loss -0.213, Train_accy 96.26, Test_accy 46.08:  70%|███████   | 7/10 [04:52<01:50, 36.96s/it]
Task 4, Epoch 8/10 => Loss -0.213, Train_accy 96.26, Test_accy 46.08:  80%|████████  | 8/10 [04:52<01:12, 36.19s/it]
Task 4, Epoch 9/10 => Loss -0.232, Train_accy 97.16, Test_accy 46.91:  80%|████████  | 8/10 [05:30<01:12, 36.19s/it]
Task 4, Epoch 9/10 => Loss -0.232, Train_accy 97.16, Test_accy 46.91:  90%|█████████ | 9/10 [05:30<00:36, 36.77s/it]
Task 4, Epoch 10/10 => Loss -0.249, Train_accy 98.20, Test_accy 47.63:  90%|█████████ | 9/10 [06:07<00:36, 36.77s/it]
Task 4, Epoch 10/10 => Loss -0.249, Train_accy 98.20, Test_accy 47.63: 100%|██████████| 10/10 [06:07<00:00, 37.12s/it]
Task 4, Epoch 10/10 => Loss -0.249, Train_accy 98.20, Test_accy 47.63: 100%|██████████| 10/10 [06:07<00:00, 36.80s/it]
2026-02-08 21:47:22,699 [l2p.py] => Task 4, Epoch 10/10 => Loss -0.249, Train_accy 98.20, Test_accy 47.63
2026-02-08 21:47:41,321 [trainer.py] => CNN: {'total': 47.63, '00-09': 52.08, '10-19': 62.28, '20-29': 42.51, '30-39': 45.95, '40-49': 35.24, 'old': 50.71, 'new': 35.24, 'harmonic': 41.58}
2026-02-08 21:47:41,321 [trainer.py] => CNN top1 curve: [86.31, 67.46, 55.78, 51.61, 47.63]
2026-02-08 21:47:41,322 [trainer.py] => CNN top5 curve: [99.7, 97.91, 91.83, 88.33, 86.52]
2026-02-08 21:47:41,322 [trainer.py] => Average Accuracy (CNN): 61.757999999999996
2026-02-08 21:47:41,322 [l2p.py] => Learning on 50-60

  0%|          | 0/10 [00:00<?, ?it/s]
Task 5, Epoch 1/10 => Loss 0.894, Train_accy 64.21, Test_accy 40.37:   0%|          | 0/10 [00:41<?, ?it/s]
Task 5, Epoch 1/10 => Loss 0.894, Train_accy 64.21, Test_accy 40.37:  10%|█         | 1/10 [00:41<06:13, 41.50s/it]
Task 5, Epoch 2/10 => Loss 0.158, Train_accy 90.08, Test_accy 40.27:  10%|█         | 1/10 [01:19<06:13, 41.50s/it]
Task 5, Epoch 2/10 => Loss 0.158, Train_accy 90.08, Test_accy 40.27:  20%|██        | 2/10 [01:19<05:17, 39.69s/it]
Task 5, Epoch 3/10 => Loss -0.015, Train_accy 93.38, Test_accy 40.37:  20%|██        | 2/10 [02:02<05:17, 39.69s/it]
Task 5, Epoch 3/10 => Loss -0.015, Train_accy 93.38, Test_accy 40.37:  30%|███       | 3/10 [02:02<04:45, 40.84s/it]
Task 5, Epoch 4/10 => Loss -0.103, Train_accy 95.04, Test_accy 40.47:  30%|███       | 3/10 [02:44<04:45, 40.84s/it]
Task 5, Epoch 4/10 => Loss -0.103, Train_accy 95.04, Test_accy 40.47:  40%|████      | 4/10 [02:44<04:07, 41.33s/it]
Task 5, Epoch 5/10 => Loss -0.153, Train_accy 95.94, Test_accy 40.87:  40%|████      | 4/10 [03:22<04:07, 41.33s/it]
Task 5, Epoch 5/10 => Loss -0.153, Train_accy 95.94, Test_accy 40.87:  50%|█████     | 5/10 [03:22<03:21, 40.40s/it]
Task 5, Epoch 6/10 => Loss -0.195, Train_accy 96.84, Test_accy 41.32:  50%|█████     | 5/10 [04:04<03:21, 40.40s/it]
Task 5, Epoch 6/10 => Loss -0.195, Train_accy 96.84, Test_accy 41.32:  60%|██████    | 6/10 [04:04<02:43, 40.90s/it]
Task 5, Epoch 7/10 => Loss -0.224, Train_accy 97.59, Test_accy 41.62:  60%|██████    | 6/10 [04:43<02:43, 40.90s/it]
Task 5, Epoch 7/10 => Loss -0.224, Train_accy 97.59, Test_accy 41.62:  70%|███████   | 7/10 [04:43<02:00, 40.06s/it]
Task 5, Epoch 8/10 => Loss -0.246, Train_accy 98.20, Test_accy 42.86:  70%|███████   | 7/10 [05:24<02:00, 40.06s/it]
Task 5, Epoch 8/10 => Loss -0.246, Train_accy 98.20, Test_accy 42.86:  80%|████████  | 8/10 [05:24<01:20, 40.46s/it]
Task 5, Epoch 9/10 => Loss -0.266, Train_accy 98.50, Test_accy 42.66:  80%|████████  | 8/10 [06:02<01:20, 40.46s/it]
Task 5, Epoch 9/10 => Loss -0.266, Train_accy 98.50, Test_accy 42.66:  90%|█████████ | 9/10 [06:02<00:39, 39.64s/it]
Task 5, Epoch 10/10 => Loss -0.280, Train_accy 99.10, Test_accy 43.26:  90%|█████████ | 9/10 [06:44<00:39, 39.64s/it]
Task 5, Epoch 10/10 => Loss -0.280, Train_accy 99.10, Test_accy 43.26: 100%|██████████| 10/10 [06:44<00:00, 40.45s/it]
Task 5, Epoch 10/10 => Loss -0.280, Train_accy 99.10, Test_accy 43.26: 100%|██████████| 10/10 [06:44<00:00, 40.46s/it]
2026-02-08 21:54:25,927 [l2p.py] => Task 5, Epoch 10/10 => Loss -0.280, Train_accy 99.10, Test_accy 43.26
2026-02-08 21:54:52,508 [trainer.py] => CNN: {'total': 43.26, '00-09': 57.44, '10-19': 50.0, '20-29': 35.03, '30-39': 43.24, '40-49': 21.69, '50-59': 51.94, 'old': 41.52, 'new': 51.94, 'harmonic': 46.15}
2026-02-08 21:54:52,509 [trainer.py] => CNN top1 curve: [86.31, 67.46, 55.78, 51.61, 47.63, 43.26]
2026-02-08 21:54:52,510 [trainer.py] => CNN top5 curve: [99.7, 97.91, 91.83, 88.33, 86.52, 84.58]
2026-02-08 21:54:52,510 [trainer.py] => Average Accuracy (CNN): 58.67499999999999
2026-02-08 21:54:52,510 [l2p.py] => Learning on 60-70

  0%|          | 0/10 [00:00<?, ?it/s]
Task 6, Epoch 1/10 => Loss 1.177, Train_accy 51.65, Test_accy 36.22:   0%|          | 0/10 [00:46<?, ?it/s]
Task 6, Epoch 1/10 => Loss 1.177, Train_accy 51.65, Test_accy 36.22:  10%|█         | 1/10 [00:46<06:56, 46.26s/it]
Task 6, Epoch 2/10 => Loss 0.482, Train_accy 74.85, Test_accy 35.83:  10%|█         | 1/10 [01:29<06:56, 46.26s/it]
Task 6, Epoch 2/10 => Loss 0.482, Train_accy 74.85, Test_accy 35.83:  20%|██        | 2/10 [01:29<05:53, 44.22s/it]
Task 6, Epoch 3/10 => Loss 0.268, Train_accy 80.84, Test_accy 36.13:  20%|██        | 2/10 [02:14<05:53, 44.22s/it]
Task 6, Epoch 3/10 => Loss 0.268, Train_accy 80.84, Test_accy 36.13:  30%|███       | 3/10 [02:14<05:12, 44.70s/it]
Task 6, Epoch 4/10 => Loss 0.171, Train_accy 84.58, Test_accy 36.52:  30%|███       | 3/10 [02:56<05:12, 44.70s/it]
Task 6, Epoch 4/10 => Loss 0.171, Train_accy 84.58, Test_accy 36.52:  40%|████      | 4/10 [02:56<04:23, 43.85s/it]
Task 6, Epoch 5/10 => Loss 0.093, Train_accy 86.83, Test_accy 36.90:  40%|████      | 4/10 [03:43<04:23, 43.85s/it]
Task 6, Epoch 5/10 => Loss 0.093, Train_accy 86.83, Test_accy 36.90:  50%|█████     | 5/10 [03:43<03:44, 44.89s/it]
Task 6, Epoch 6/10 => Loss 0.032, Train_accy 88.92, Test_accy 37.46:  50%|█████     | 5/10 [04:28<03:44, 44.89s/it]
Task 6, Epoch 6/10 => Loss 0.032, Train_accy 88.92, Test_accy 37.46:  60%|██████    | 6/10 [04:28<02:59, 44.88s/it]
Task 6, Epoch 7/10 => Loss -0.022, Train_accy 90.57, Test_accy 37.89:  60%|██████    | 6/10 [05:13<02:59, 44.88s/it]
Task 6, Epoch 7/10 => Loss -0.022, Train_accy 90.57, Test_accy 37.89:  70%|███████   | 7/10 [05:13<02:14, 44.90s/it]
Task 6, Epoch 8/10 => Loss -0.058, Train_accy 92.37, Test_accy 38.40:  70%|███████   | 7/10 [05:58<02:14, 44.90s/it]
Task 6, Epoch 8/10 => Loss -0.058, Train_accy 92.37, Test_accy 38.40:  80%|████████  | 8/10 [05:58<01:29, 44.83s/it]
Task 6, Epoch 9/10 => Loss -0.097, Train_accy 93.86, Test_accy 38.40:  80%|████████  | 8/10 [06:43<01:29, 44.83s/it]
Task 6, Epoch 9/10 => Loss -0.097, Train_accy 93.86, Test_accy 38.40:  90%|█████████ | 9/10 [06:43<00:44, 44.89s/it]
Task 6, Epoch 10/10 => Loss -0.127, Train_accy 93.41, Test_accy 39.26:  90%|█████████ | 9/10 [07:29<00:44, 44.89s/it]
Task 6, Epoch 10/10 => Loss -0.127, Train_accy 93.41, Test_accy 39.26: 100%|██████████| 10/10 [07:29<00:00, 45.42s/it]
Task 6, Epoch 10/10 => Loss -0.127, Train_accy 93.41, Test_accy 39.26: 100%|██████████| 10/10 [07:29<00:00, 44.97s/it]
2026-02-08 22:02:22,243 [l2p.py] => Task 6, Epoch 10/10 => Loss -0.127, Train_accy 93.41, Test_accy 39.26
2026-02-08 22:02:53,031 [trainer.py] => CNN: {'total': 39.26, '00-09': 55.06, '10-19': 43.41, '20-29': 32.63, '30-39': 42.64, '40-49': 22.89, '50-59': 45.67, '60-69': 32.23, 'old': 40.42, 'new': 32.23, 'harmonic': 35.86}
2026-02-08 22:02:53,032 [trainer.py] => CNN top1 curve: [86.31, 67.46, 55.78, 51.61, 47.63, 43.26, 39.26]
2026-02-08 22:02:53,032 [trainer.py] => CNN top5 curve: [99.7, 97.91, 91.83, 88.33, 86.52, 84.58, 79.07]
2026-02-08 22:02:53,032 [trainer.py] => Average Accuracy (CNN): 55.90142857142856
2026-02-08 22:02:53,032 [l2p.py] => Learning on 70-80

  0%|          | 0/10 [00:00<?, ?it/s]
Task 7, Epoch 1/10 => Loss 1.079, Train_accy 57.19, Test_accy 34.15:   0%|          | 0/10 [00:47<?, ?it/s]
Task 7, Epoch 1/10 => Loss 1.079, Train_accy 57.19, Test_accy 34.15:  10%|█         | 1/10 [00:47<07:03, 47.10s/it]
Task 7, Epoch 2/10 => Loss 0.376, Train_accy 80.84, Test_accy 33.77:  10%|█         | 1/10 [01:36<07:03, 47.10s/it]
Task 7, Epoch 2/10 => Loss 0.376, Train_accy 80.84, Test_accy 33.77:  20%|██        | 2/10 [01:36<06:28, 48.54s/it]
Task 7, Epoch 3/10 => Loss 0.209, Train_accy 82.63, Test_accy 33.43:  20%|██        | 2/10 [02:25<06:28, 48.54s/it]
Task 7, Epoch 3/10 => Loss 0.209, Train_accy 82.63, Test_accy 33.43:  30%|███       | 3/10 [02:25<05:42, 48.89s/it]
Task 7, Epoch 4/10 => Loss 0.113, Train_accy 86.23, Test_accy 33.51:  30%|███       | 3/10 [03:16<05:42, 48.89s/it]
Task 7, Epoch 4/10 => Loss 0.113, Train_accy 86.23, Test_accy 33.51:  40%|████      | 4/10 [03:16<04:57, 49.61s/it]
Task 7, Epoch 5/10 => Loss 0.037, Train_accy 88.92, Test_accy 34.00:  40%|████      | 4/10 [04:03<04:57, 49.61s/it]
Task 7, Epoch 5/10 => Loss 0.037, Train_accy 88.92, Test_accy 34.00:  50%|█████     | 5/10 [04:03<04:03, 48.67s/it]
Task 7, Epoch 6/10 => Loss -0.010, Train_accy 89.22, Test_accy 33.58:  50%|█████     | 5/10 [04:53<04:03, 48.67s/it]
Task 7, Epoch 6/10 => Loss -0.010, Train_accy 89.22, Test_accy 33.58:  60%|██████    | 6/10 [04:53<03:16, 49.08s/it]
Task 7, Epoch 7/10 => Loss -0.050, Train_accy 90.12, Test_accy 33.73:  60%|██████    | 6/10 [05:39<03:16, 49.08s/it]
Task 7, Epoch 7/10 => Loss -0.050, Train_accy 90.12, Test_accy 33.73:  70%|███████   | 7/10 [05:39<02:23, 47.96s/it]
Task 7, Epoch 8/10 => Loss -0.083, Train_accy 92.37, Test_accy 33.62:  70%|███████   | 7/10 [06:29<02:23, 47.96s/it]
Task 7, Epoch 8/10 => Loss -0.083, Train_accy 92.37, Test_accy 33.62:  80%|████████  | 8/10 [06:29<01:37, 48.79s/it]
Task 7, Epoch 9/10 => Loss -0.116, Train_accy 93.11, Test_accy 33.66:  80%|████████  | 8/10 [07:20<01:37, 48.79s/it]
Task 7, Epoch 9/10 => Loss -0.116, Train_accy 93.11, Test_accy 33.66:  90%|█████████ | 9/10 [07:20<00:49, 49.45s/it]
Task 7, Epoch 10/10 => Loss -0.139, Train_accy 94.01, Test_accy 34.26:  90%|█████████ | 9/10 [08:07<00:49, 49.45s/it]
Task 7, Epoch 10/10 => Loss -0.139, Train_accy 94.01, Test_accy 34.26: 100%|██████████| 10/10 [08:07<00:00, 48.77s/it]
Task 7, Epoch 10/10 => Loss -0.139, Train_accy 94.01, Test_accy 34.26: 100%|██████████| 10/10 [08:07<00:00, 48.79s/it]
2026-02-08 22:11:00,975 [l2p.py] => Task 7, Epoch 10/10 => Loss -0.139, Train_accy 94.01, Test_accy 34.26
2026-02-08 22:11:35,859 [trainer.py] => CNN: {'total': 34.26, '00-09': 43.45, '10-19': 40.72, '20-29': 37.13, '30-39': 38.74, '40-49': 28.31, '50-59': 37.31, '60-69': 22.89, '70-79': 25.3, 'old': 35.53, 'new': 25.3, 'harmonic': 29.55}
2026-02-08 22:11:35,859 [trainer.py] => CNN top1 curve: [86.31, 67.46, 55.78, 51.61, 47.63, 43.26, 39.26, 34.26]
2026-02-08 22:11:35,859 [trainer.py] => CNN top5 curve: [99.7, 97.91, 91.83, 88.33, 86.52, 84.58, 79.07, 72.68]
2026-02-08 22:11:35,859 [trainer.py] => Average Accuracy (CNN): 53.19624999999999
2026-02-08 22:11:35,859 [l2p.py] => Learning on 80-90

  0%|          | 0/10 [00:00<?, ?it/s]
Task 8, Epoch 1/10 => Loss 0.990, Train_accy 57.87, Test_accy 31.22:   0%|          | 0/10 [00:51<?, ?it/s]
Task 8, Epoch 1/10 => Loss 0.990, Train_accy 57.87, Test_accy 31.22:  10%|█         | 1/10 [00:51<07:40, 51.22s/it]
Task 8, Epoch 2/10 => Loss 0.248, Train_accy 80.21, Test_accy 31.36:  10%|█         | 1/10 [01:46<07:40, 51.22s/it]
Task 8, Epoch 2/10 => Loss 0.248, Train_accy 80.21, Test_accy 31.36:  20%|██        | 2/10 [01:46<07:08, 53.60s/it]
Task 8, Epoch 3/10 => Loss 0.086, Train_accy 86.21, Test_accy 31.62:  20%|██        | 2/10 [02:38<07:08, 53.60s/it]
Task 8, Epoch 3/10 => Loss 0.086, Train_accy 86.21, Test_accy 31.62:  30%|███       | 3/10 [02:38<06:09, 52.76s/it]
Task 8, Epoch 4/10 => Loss 0.004, Train_accy 89.66, Test_accy 31.49:  30%|███       | 3/10 [03:32<06:09, 52.76s/it]
Task 8, Epoch 4/10 => Loss 0.004, Train_accy 89.66, Test_accy 31.49:  40%|████      | 4/10 [03:32<05:21, 53.51s/it]
Task 8, Epoch 5/10 => Loss -0.056, Train_accy 91.60, Test_accy 31.69:  40%|████      | 4/10 [04:24<05:21, 53.51s/it]
Task 8, Epoch 5/10 => Loss -0.056, Train_accy 91.60, Test_accy 31.69:  50%|█████     | 5/10 [04:24<04:23, 52.71s/it]
Task 8, Epoch 6/10 => Loss -0.099, Train_accy 93.10, Test_accy 31.66:  50%|█████     | 5/10 [05:19<04:23, 52.71s/it]
Task 8, Epoch 6/10 => Loss -0.099, Train_accy 93.10, Test_accy 31.66:  60%|██████    | 6/10 [05:19<03:34, 53.60s/it]
Task 8, Epoch 7/10 => Loss -0.134, Train_accy 94.45, Test_accy 32.06:  60%|██████    | 6/10 [06:11<03:34, 53.60s/it]
Task 8, Epoch 7/10 => Loss -0.134, Train_accy 94.45, Test_accy 32.06:  70%|███████   | 7/10 [06:11<02:38, 52.96s/it]
Task 8, Epoch 8/10 => Loss -0.162, Train_accy 94.75, Test_accy 31.69:  70%|███████   | 7/10 [07:06<02:38, 52.96s/it]
Task 8, Epoch 8/10 => Loss -0.162, Train_accy 94.75, Test_accy 31.69:  80%|████████  | 8/10 [07:06<01:47, 53.59s/it]
Task 8, Epoch 9/10 => Loss -0.187, Train_accy 96.40, Test_accy 32.12:  80%|████████  | 8/10 [07:57<01:47, 53.59s/it]
Task 8, Epoch 9/10 => Loss -0.187, Train_accy 96.40, Test_accy 32.12:  90%|█████████ | 9/10 [07:57<00:52, 52.83s/it]
Task 8, Epoch 10/10 => Loss -0.201, Train_accy 95.65, Test_accy 32.09:  90%|█████████ | 9/10 [08:52<00:52, 52.83s/it]
Task 8, Epoch 10/10 => Loss -0.201, Train_accy 95.65, Test_accy 32.09: 100%|██████████| 10/10 [08:52<00:00, 53.61s/it]
Task 8, Epoch 10/10 => Loss -0.201, Train_accy 95.65, Test_accy 32.09: 100%|██████████| 10/10 [08:52<00:00, 53.26s/it]
2026-02-08 22:20:28,483 [l2p.py] => Task 8, Epoch 10/10 => Loss -0.201, Train_accy 95.65, Test_accy 32.09
2026-02-08 22:21:07,880 [trainer.py] => CNN: {'total': 32.09, '00-09': 52.08, '10-19': 46.11, '20-29': 35.63, '30-39': 42.04, '40-49': 22.89, '50-59': 33.43, '60-69': 21.39, '70-79': 18.07, '80-89': 16.82, 'old': 34.0, 'new': 16.82, 'harmonic': 22.51}
2026-02-08 22:21:07,881 [trainer.py] => CNN top1 curve: [86.31, 67.46, 55.78, 51.61, 47.63, 43.26, 39.26, 34.26, 32.09]
2026-02-08 22:21:07,881 [trainer.py] => CNN top5 curve: [99.7, 97.91, 91.83, 88.33, 86.52, 84.58, 79.07, 72.68, 70.84]
2026-02-08 22:21:07,881 [trainer.py] => Average Accuracy (CNN): 50.85111111111111
2026-02-08 22:21:07,881 [l2p.py] => Learning on 90-100

  0%|          | 0/10 [00:00<?, ?it/s]
Task 9, Epoch 1/10 => Loss 0.783, Train_accy 70.36, Test_accy 28.71:   0%|          | 0/10 [00:56<?, ?it/s]
Task 9, Epoch 1/10 => Loss 0.783, Train_accy 70.36, Test_accy 28.71:  10%|█         | 1/10 [00:56<08:26, 56.24s/it]
Task 9, Epoch 2/10 => Loss 0.036, Train_accy 93.26, Test_accy 28.71:  10%|█         | 1/10 [01:51<08:26, 56.24s/it]
Task 9, Epoch 2/10 => Loss 0.036, Train_accy 93.26, Test_accy 28.71:  20%|██        | 2/10 [01:51<07:23, 55.38s/it]
Task 9, Epoch 3/10 => Loss -0.120, Train_accy 95.96, Test_accy 28.68:  20%|██        | 2/10 [02:50<07:23, 55.38s/it]
Task 9, Epoch 3/10 => Loss -0.120, Train_accy 95.96, Test_accy 28.68:  30%|███       | 3/10 [02:50<06:42, 57.43s/it]
Task 9, Epoch 4/10 => Loss -0.189, Train_accy 98.35, Test_accy 29.22:  30%|███       | 3/10 [03:50<06:42, 57.43s/it]
Task 9, Epoch 4/10 => Loss -0.189, Train_accy 98.35, Test_accy 29.22:  40%|████      | 4/10 [03:50<05:49, 58.30s/it]
Task 9, Epoch 5/10 => Loss -0.234, Train_accy 98.80, Test_accy 29.43:  40%|████      | 4/10 [04:46<05:49, 58.30s/it]
Task 9, Epoch 5/10 => Loss -0.234, Train_accy 98.80, Test_accy 29.43:  50%|█████     | 5/10 [04:46<04:47, 57.42s/it]
Task 9, Epoch 6/10 => Loss -0.266, Train_accy 99.25, Test_accy 29.55:  50%|█████     | 5/10 [05:41<04:47, 57.42s/it]
Task 9, Epoch 6/10 => Loss -0.266, Train_accy 99.25, Test_accy 29.55:  60%|██████    | 6/10 [05:41<03:46, 56.53s/it]
Task 9, Epoch 7/10 => Loss -0.289, Train_accy 99.25, Test_accy 29.91:  60%|██████    | 6/10 [06:40<03:46, 56.53s/it]
Task 9, Epoch 7/10 => Loss -0.289, Train_accy 99.25, Test_accy 29.91:  70%|███████   | 7/10 [06:40<02:52, 57.43s/it]
Task 9, Epoch 8/10 => Loss -0.304, Train_accy 99.40, Test_accy 30.00:  70%|███████   | 7/10 [07:36<02:52, 57.43s/it]
Task 9, Epoch 8/10 => Loss -0.304, Train_accy 99.40, Test_accy 30.00:  80%|████████  | 8/10 [07:36<01:54, 57.04s/it]
Task 9, Epoch 9/10 => Loss -0.317, Train_accy 99.55, Test_accy 29.70:  80%|████████  | 8/10 [08:35<01:54, 57.04s/it]
Task 9, Epoch 9/10 => Loss -0.317, Train_accy 99.55, Test_accy 29.70:  90%|█████████ | 9/10 [08:35<00:57, 57.65s/it]
Task 9, Epoch 10/10 => Loss -0.327, Train_accy 99.85, Test_accy 30.12:  90%|█████████ | 9/10 [09:31<00:57, 57.65s/it]
Task 9, Epoch 10/10 => Loss -0.327, Train_accy 99.85, Test_accy 30.12: 100%|██████████| 10/10 [09:31<00:00, 57.03s/it]
Task 9, Epoch 10/10 => Loss -0.327, Train_accy 99.85, Test_accy 30.12: 100%|██████████| 10/10 [09:31<00:00, 57.13s/it]
2026-02-08 22:30:39,209 [l2p.py] => Task 9, Epoch 10/10 => Loss -0.327, Train_accy 99.85, Test_accy 30.12
2026-02-08 22:31:22,573 [trainer.py] => CNN: {'total': 30.12, '00-09': 51.49, '10-19': 50.3, '20-29': 33.23, '30-39': 40.54, '40-49': 19.88, '50-59': 32.84, '60-69': 17.47, '70-79': 10.84, '80-89': 20.42, '90-99': 23.8, 'old': 30.82, 'new': 23.8, 'harmonic': 26.86}
2026-02-08 22:31:22,574 [trainer.py] => CNN top1 curve: [86.31, 67.46, 55.78, 51.61, 47.63, 43.26, 39.26, 34.26, 32.09, 30.12]
2026-02-08 22:31:22,574 [trainer.py] => CNN top5 curve: [99.7, 97.91, 91.83, 88.33, 86.52, 84.58, 79.07, 72.68, 70.84, 67.51]
2026-02-08 22:31:22,574 [trainer.py] => Average Accuracy (CNN): 48.778

========================================
Finished aircraft_init10_inc10
Backbone: OpenCLIP_LAION400M
Average Accuracy (Top1): 48.78
Last Accuracy: 30.12
========================================

2026-02-08 22:31:25,294 [trainer.py] => config: ./configs/l2p/l2p_aircraft_B50_Inc10.json
2026-02-08 22:31:25,294 [trainer.py] => prefix:  
2026-02-08 22:31:25,294 [trainer.py] => dataset: aircraft
2026-02-08 22:31:25,294 [trainer.py] => memory_size: 0
2026-02-08 22:31:25,294 [trainer.py] => memory_per_class: 0
2026-02-08 22:31:25,294 [trainer.py] => fixed_memory: False
2026-02-08 22:31:25,294 [trainer.py] => shuffle: True
2026-02-08 22:31:25,294 [trainer.py] => init_cls: 50
2026-02-08 22:31:25,294 [trainer.py] => increment: 10
2026-02-08 22:31:25,294 [trainer.py] => model_name: l2p
2026-02-08 22:31:25,294 [trainer.py] => backbone_type: clip
2026-02-08 22:31:25,294 [trainer.py] => get_original_backbone: True
2026-02-08 22:31:25,294 [trainer.py] => device: [device(type='cuda', index=7)]
2026-02-08 22:31:25,294 [trainer.py] => seed: 1993
2026-02-08 22:31:25,294 [trainer.py] => nb_classes: 100
2026-02-08 22:31:25,294 [trainer.py] => tuned_epoch: 10
2026-02-08 22:31:25,294 [trainer.py] => init_lr: 0.001875
2026-02-08 22:31:25,294 [trainer.py] => batch_size: 16
2026-02-08 22:31:25,294 [trainer.py] => weight_decay: 0
2026-02-08 22:31:25,294 [trainer.py] => min_lr: 1e-05
2026-02-08 22:31:25,294 [trainer.py] => optimizer: adam
2026-02-08 22:31:25,294 [trainer.py] => scheduler: constant
2026-02-08 22:31:25,294 [trainer.py] => reinit_optimizer: True
2026-02-08 22:31:25,294 [trainer.py] => global_pool: token
2026-02-08 22:31:25,295 [trainer.py] => head_type: prompt
2026-02-08 22:31:25,295 [trainer.py] => freeze: ['blocks', 'patch_embed', 'cls_token', 'norm', 'pos_embed']
2026-02-08 22:31:25,295 [trainer.py] => pretrained: True
2026-02-08 22:31:25,295 [trainer.py] => drop: 0.0
2026-02-08 22:31:25,295 [trainer.py] => drop_path: 0.0
2026-02-08 22:31:25,295 [trainer.py] => prompt_pool: True
2026-02-08 22:31:25,295 [trainer.py] => size: 10
2026-02-08 22:31:25,295 [trainer.py] => length: 5
2026-02-08 22:31:25,295 [trainer.py] => top_k: 5
2026-02-08 22:31:25,295 [trainer.py] => initializer: uniform
2026-02-08 22:31:25,295 [trainer.py] => prompt_key: True
2026-02-08 22:31:25,295 [trainer.py] => prompt_key_init: uniform
2026-02-08 22:31:25,295 [trainer.py] => use_prompt_mask: False
2026-02-08 22:31:25,295 [trainer.py] => shared_prompt_pool: False
2026-02-08 22:31:25,295 [trainer.py] => shared_prompt_key: False
2026-02-08 22:31:25,295 [trainer.py] => batchwise_prompt: True
2026-02-08 22:31:25,295 [trainer.py] => embedding_key: cls
2026-02-08 22:31:25,295 [trainer.py] => predefined_key: 
2026-02-08 22:31:25,295 [trainer.py] => pull_constraint: True
2026-02-08 22:31:25,295 [trainer.py] => pull_constraint_coeff: 0.1
2026-02-08 22:31:25,295 [trainer.py] => total_class_num: 100
['707-320', '727-200', '737-200', '737-300', '737-400', '737-500', '737-600', '737-700', '737-800', '737-900', '747-100', '747-200', '747-300', '747-400', '757-200', '757-300', '767-200', '767-300', '767-400', '777-200', '777-300', 'A300B4', 'A310', 'A318', 'A319', 'A320', 'A321', 'A330-200', 'A330-300', 'A340-200', 'A340-300', 'A340-500', 'A340-600', 'A380', 'ATR-42', 'ATR-72', 'An-12', 'BAE 146-200', 'BAE 146-300', 'BAE-125', 'Beechcraft 1900', 'Boeing 717', 'C-130', 'C-47', 'CRJ-200', 'CRJ-700', 'CRJ-900', 'Cessna 172', 'Cessna 208', 'Cessna 525', 'Cessna 560', 'Challenger 600', 'DC-10', 'DC-3', 'DC-6', 'DC-8', 'DC-9-30', 'DH-82', 'DHC-1', 'DHC-6', 'DHC-8-100', 'DHC-8-300', 'DR-400', 'Dornier 328', 'E-170', 'E-190', 'E-195', 'EMB-120', 'ERJ 135', 'ERJ 145', 'Embraer Legacy 600', 'Eurofighter Typhoon', 'F-16A/B', 'F/A-18', 'Falcon 2000', 'Falcon 900', 'Fokker 100', 'Fokker 50', 'Fokker 70', 'Global Express', 'Gulfstream IV', 'Gulfstream V', 'Hawk T1', 'Il-76', 'L-1011', 'MD-11', 'MD-80', 'MD-87', 'MD-90', 'Metroliner', 'Model B200', 'PA-28', 'SR-20', 'Saab 2000', 'Saab 340', 'Spitfire', 'Tornado', 'Tu-134', 'Tu-154', 'Yak-42']
['a photo of a {}, a type of aircraft.', 'a photo of the {}, a type of aircraft.']
{'707-320': 0, '727-200': 1, '737-200': 2, '737-300': 3, '737-400': 4, '737-500': 5, '737-600': 6, '737-700': 7, '737-800': 8, '737-900': 9, '747-100': 10, '747-200': 11, '747-300': 12, '747-400': 13, '757-200': 14, '757-300': 15, '767-200': 16, '767-300': 17, '767-400': 18, '777-200': 19, '777-300': 20, 'A300B4': 21, 'A310': 22, 'A318': 23, 'A319': 24, 'A320': 25, 'A321': 26, 'A330-200': 27, 'A330-300': 28, 'A340-200': 29, 'A340-300': 30, 'A340-500': 31, 'A340-600': 32, 'A380': 33, 'ATR-42': 34, 'ATR-72': 35, 'An-12': 36, 'BAE-125': 37, 'BAE-146-200': 38, 'BAE-146-300': 39, 'Beechcraft-1900': 40, 'Boeing-717': 41, 'C-130': 42, 'C-47': 43, 'CRJ-200': 44, 'CRJ-700': 45, 'CRJ-900': 46, 'Cessna-172': 47, 'Cessna-208': 48, 'Cessna-525': 49, 'Cessna-560': 50, 'Challenger-600': 51, 'DC-10': 52, 'DC-3': 53, 'DC-6': 54, 'DC-8': 55, 'DC-9-30': 56, 'DH-82': 57, 'DHC-1': 58, 'DHC-6': 59, 'DHC-8-100': 60, 'DHC-8-300': 61, 'DR-400': 62, 'Dornier-328': 63, 'E-170': 64, 'E-190': 65, 'E-195': 66, 'EMB-120': 67, 'ERJ-135': 68, 'ERJ-145': 69, 'Embraer-Legacy-600': 70, 'Eurofighter-Typhoon': 71, 'F': 72, 'F-16A': 73, 'Falcon-2000': 74, 'Falcon-900': 75, 'Fokker-100': 76, 'Fokker-50': 77, 'Fokker-70': 78, 'Global-Express': 79, 'Gulfstream-IV': 80, 'Gulfstream-V': 81, 'Hawk-T1': 82, 'Il-76': 83, 'L-1011': 84, 'MD-11': 85, 'MD-80': 86, 'MD-87': 87, 'MD-90': 88, 'Metroliner': 89, 'Model-B200': 90, 'PA-28': 91, 'SR-20': 92, 'Saab-2000': 93, 'Saab-340': 94, 'Spitfire': 95, 'Tornado': 96, 'Tu-134': 97, 'Tu-154': 98, 'Yak-42': 99}
2026-02-08 22:31:25,423 [data_manager.py] => [68, 56, 78, 8, 23, 84, 90, 65, 74, 76, 40, 89, 3, 92, 55, 9, 26, 80, 43, 38, 58, 70, 77, 1, 85, 19, 17, 50, 28, 53, 13, 81, 45, 82, 6, 59, 83, 16, 15, 44, 91, 41, 72, 60, 79, 52, 20, 10, 31, 54, 37, 95, 14, 71, 96, 98, 97, 2, 64, 66, 42, 22, 35, 86, 24, 34, 87, 21, 99, 0, 88, 27, 18, 94, 11, 12, 47, 25, 30, 46, 62, 69, 36, 61, 7, 63, 75, 5, 32, 4, 51, 48, 73, 93, 39, 67, 29, 49, 57, 33]
After shuffle, class_to_label is:  ['ERJ 135', 'DC-9-30', 'Fokker 70', '737-800', 'A318', 'L-1011', 'Model B200', 'E-190', 'Falcon 2000', 'Fokker 100', 'Beechcraft 1900', 'Metroliner', '737-300', 'SR-20', 'DC-8', '737-900', 'A321', 'Gulfstream IV', 'C-47', 'BAE 146-300', 'DHC-1', 'Embraer Legacy 600', 'Fokker 50', '727-200', 'MD-11', '777-200', '767-300', 'Cessna 560', 'A330-300', 'DC-3', '747-400', 'Gulfstream V', 'CRJ-700', 'Hawk T1', '737-600', 'DHC-6', 'Il-76', '767-200', '757-300', 'CRJ-200', 'PA-28', 'Boeing 717', 'F-16A/B', 'DHC-8-100', 'Global Express', 'DC-10', '777-300', '747-100', 'A340-500', 'DC-6', 'BAE 146-200', 'Spitfire', '757-200', 'Eurofighter Typhoon', 'Tornado', 'Tu-154', 'Tu-134', '737-200', 'E-170', 'E-195', 'C-130', 'A310', 'ATR-72', 'MD-80', 'A319', 'ATR-42', 'MD-87', 'A300B4', 'Yak-42', '707-320', 'MD-90', 'A330-200', '767-400', 'Saab 340', '747-200', '747-300', 'Cessna 172', 'A320', 'A340-300', 'CRJ-900', 'DR-400', 'ERJ 145', 'An-12', 'DHC-8-300', '737-700', 'Dornier 328', 'Falcon 900', '737-500', 'A340-600', '737-400', 'Challenger 600', 'Cessna 208', 'F/A-18', 'Saab 2000', 'BAE-125', 'EMB-120', 'A340-200', 'Cessna 525', 'DH-82', 'A380']
Training class stages: [50, 10, 10, 10, 10, 10]
Using CLIP model as the backbone
2026-02-08 22:31:26,598 [instantiator.py] => Created a temporary directory at /tmp/tmpg5xjs945
2026-02-08 22:31:26,599 [instantiator.py] => Writing /tmp/tmpg5xjs945/_remote_module_non_scriptable.py
2026-02-08 22:31:26,737 [factory.py] => Loaded ViT-B-16 model config.
2026-02-08 22:31:28,165 [factory.py] => Loading pretrained ViT-B-16 weights (/home/team/zhaohongwei/pretrained_models/open_clip_pytorch_model_laion400m_e32.bin).
/home/team/zhaohongwei/anaconda3/envs/mmcl/lib/python3.10/site-packages/torch/_utils.py:776: UserWarning: TypedStorage is deprecated. It will be removed in the future and UntypedStorage will be the only storage class. This should only matter to you if you are using storages directly.  To access UntypedStorage directly, use tensor.untyped_storage() instead of tensor.storage()
  return self.fget.__get__(instance, owner)()
2026-02-08 22:31:29,181 [l2p.py] => 86,457,956 model total parameters.
2026-02-08 22:31:29,182 [l2p.py] => 94,820 model training parameters.
2026-02-08 22:31:29,182 [l2p.py] => prompt.prompt: 38400
2026-02-08 22:31:29,182 [l2p.py] => prompt.prompt_key: 5120
2026-02-08 22:31:29,182 [l2p.py] => head.weight: 51200
2026-02-08 22:31:29,182 [l2p.py] => head.bias: 100
2026-02-08 22:31:29,182 [l2p.py] => Learning on 0-50

  0%|          | 0/10 [00:00<?, ?it/s]
Task 0, Epoch 1/10 => Loss 2.523, Train_accy 34.13, Test_accy 51.71:   0%|          | 0/10 [01:02<?, ?it/s]
Task 0, Epoch 1/10 => Loss 2.523, Train_accy 34.13, Test_accy 51.71:  10%|█         | 1/10 [01:02<09:19, 62.21s/it]
Task 0, Epoch 2/10 => Loss 1.213, Train_accy 61.66, Test_accy 62.19:  10%|█         | 1/10 [01:58<09:19, 62.21s/it]
Task 0, Epoch 2/10 => Loss 1.213, Train_accy 61.66, Test_accy 62.19:  20%|██        | 2/10 [01:58<07:48, 58.51s/it]
Task 0, Epoch 3/10 => Loss 0.718, Train_accy 72.98, Test_accy 66.33:  20%|██        | 2/10 [03:09<07:48, 58.51s/it]
Task 0, Epoch 3/10 => Loss 0.718, Train_accy 72.98, Test_accy 66.33:  30%|███       | 3/10 [03:09<07:30, 64.34s/it]
Task 0, Epoch 4/10 => Loss 0.481, Train_accy 77.87, Test_accy 66.99:  30%|███       | 3/10 [04:20<07:30, 64.34s/it]
Task 0, Epoch 4/10 => Loss 0.481, Train_accy 77.87, Test_accy 66.99:  40%|████      | 4/10 [04:20<06:42, 67.05s/it]
Task 0, Epoch 5/10 => Loss 0.334, Train_accy 81.72, Test_accy 69.92:  40%|████      | 4/10 [05:31<06:42, 67.05s/it]
Task 0, Epoch 5/10 => Loss 0.334, Train_accy 81.72, Test_accy 69.92:  50%|█████     | 5/10 [05:31<05:42, 68.57s/it]
Task 0, Epoch 6/10 => Loss 0.224, Train_accy 84.87, Test_accy 70.40:  50%|█████     | 5/10 [06:43<05:42, 68.57s/it]
Task 0, Epoch 6/10 => Loss 0.224, Train_accy 84.87, Test_accy 70.40:  60%|██████    | 6/10 [06:43<04:37, 69.50s/it]
Task 0, Epoch 7/10 => Loss 0.145, Train_accy 87.12, Test_accy 70.88:  60%|██████    | 6/10 [07:54<04:37, 69.50s/it]
Task 0, Epoch 7/10 => Loss 0.145, Train_accy 87.12, Test_accy 70.88:  70%|███████   | 7/10 [07:54<03:30, 70.05s/it]
Task 0, Epoch 8/10 => Loss 0.076, Train_accy 88.86, Test_accy 71.18:  70%|███████   | 7/10 [09:00<03:30, 70.05s/it]
Task 0, Epoch 8/10 => Loss 0.076, Train_accy 88.86, Test_accy 71.18:  80%|████████  | 8/10 [09:00<02:17, 68.75s/it]
Task 0, Epoch 9/10 => Loss 0.022, Train_accy 90.99, Test_accy 73.28:  80%|████████  | 8/10 [10:10<02:17, 68.75s/it]
Task 0, Epoch 9/10 => Loss 0.022, Train_accy 90.99, Test_accy 73.28:  90%|█████████ | 9/10 [10:10<01:09, 69.35s/it]
Task 0, Epoch 10/10 => Loss -0.025, Train_accy 92.64, Test_accy 72.62:  90%|█████████ | 9/10 [11:22<01:09, 69.35s/it]
Task 0, Epoch 10/10 => Loss -0.025, Train_accy 92.64, Test_accy 72.62: 100%|██████████| 10/10 [11:22<00:00, 70.10s/it]
Task 0, Epoch 10/10 => Loss -0.025, Train_accy 92.64, Test_accy 72.62: 100%|██████████| 10/10 [11:22<00:00, 68.28s/it]
2026-02-08 22:42:52,915 [l2p.py] => Task 0, Epoch 10/10 => Loss -0.025, Train_accy 92.64, Test_accy 72.62
2026-02-08 22:43:08,446 [trainer.py] => CNN: {'total': 72.62, '00-09': 75.6, '10-19': 78.44, '20-29': 61.38, '30-39': 73.27, '40-49': 74.4, 'old': 0, 'new': 72.62, 'harmonic': 0.0}
2026-02-08 22:43:08,446 [trainer.py] => CNN top1 curve: [72.62]
2026-02-08 22:43:08,446 [trainer.py] => CNN top5 curve: [95.15]
2026-02-08 22:43:08,447 [trainer.py] => Average Accuracy (CNN): 72.62
2026-02-08 22:43:08,447 [l2p.py] => Learning on 50-60

  0%|          | 0/10 [00:00<?, ?it/s]
Task 1, Epoch 1/10 => Loss 1.567, Train_accy 52.93, Test_accy 60.48:   0%|          | 0/10 [00:24<?, ?it/s]
Task 1, Epoch 1/10 => Loss 1.567, Train_accy 52.93, Test_accy 60.48:  10%|█         | 1/10 [00:24<03:38, 24.27s/it]
Task 1, Epoch 2/10 => Loss 0.798, Train_accy 79.70, Test_accy 60.48:  10%|█         | 1/10 [01:00<03:38, 24.27s/it]
Task 1, Epoch 2/10 => Loss 0.798, Train_accy 79.70, Test_accy 60.48:  20%|██        | 2/10 [01:00<04:08, 31.05s/it]
Task 1, Epoch 3/10 => Loss 0.520, Train_accy 85.41, Test_accy 60.48:  20%|██        | 2/10 [01:23<04:08, 31.05s/it]
Task 1, Epoch 3/10 => Loss 0.520, Train_accy 85.41, Test_accy 60.48:  30%|███       | 3/10 [01:23<03:13, 27.60s/it]
Task 1, Epoch 4/10 => Loss 0.359, Train_accy 89.77, Test_accy 60.48:  30%|███       | 3/10 [01:45<03:13, 27.60s/it]
Task 1, Epoch 4/10 => Loss 0.359, Train_accy 89.77, Test_accy 60.48:  40%|████      | 4/10 [01:45<02:32, 25.47s/it]
Task 1, Epoch 5/10 => Loss 0.238, Train_accy 93.68, Test_accy 60.48:  40%|████      | 4/10 [02:20<02:32, 25.47s/it]
Task 1, Epoch 5/10 => Loss 0.238, Train_accy 93.68, Test_accy 60.48:  50%|█████     | 5/10 [02:20<02:23, 28.73s/it]
Task 1, Epoch 6/10 => Loss 0.148, Train_accy 93.98, Test_accy 60.33:  50%|█████     | 5/10 [02:46<02:23, 28.73s/it]
Task 1, Epoch 6/10 => Loss 0.148, Train_accy 93.98, Test_accy 60.33:  60%|██████    | 6/10 [02:46<01:52, 28.00s/it]
Task 1, Epoch 7/10 => Loss 0.070, Train_accy 95.34, Test_accy 60.63:  60%|██████    | 6/10 [03:09<01:52, 28.00s/it]
Task 1, Epoch 7/10 => Loss 0.070, Train_accy 95.34, Test_accy 60.63:  70%|███████   | 7/10 [03:09<01:18, 26.33s/it]
Task 1, Epoch 8/10 => Loss 0.009, Train_accy 96.69, Test_accy 60.48:  70%|███████   | 7/10 [03:30<01:18, 26.33s/it]
Task 1, Epoch 8/10 => Loss 0.009, Train_accy 96.69, Test_accy 60.48:  80%|████████  | 8/10 [03:30<00:49, 24.57s/it]
Task 1, Epoch 9/10 => Loss -0.047, Train_accy 96.54, Test_accy 60.88:  80%|████████  | 8/10 [04:01<00:49, 24.57s/it]
Task 1, Epoch 9/10 => Loss -0.047, Train_accy 96.54, Test_accy 60.88:  90%|█████████ | 9/10 [04:01<00:26, 26.47s/it]
Task 1, Epoch 10/10 => Loss -0.101, Train_accy 97.89, Test_accy 60.73:  90%|█████████ | 9/10 [04:32<00:26, 26.47s/it]
Task 1, Epoch 10/10 => Loss -0.101, Train_accy 97.89, Test_accy 60.73: 100%|██████████| 10/10 [04:32<00:00, 27.92s/it]
Task 1, Epoch 10/10 => Loss -0.101, Train_accy 97.89, Test_accy 60.73: 100%|██████████| 10/10 [04:32<00:00, 27.24s/it]
2026-02-08 22:47:40,833 [l2p.py] => Task 1, Epoch 10/10 => Loss -0.101, Train_accy 97.89, Test_accy 60.73
2026-02-08 22:47:54,466 [trainer.py] => CNN: {'total': 60.73, '00-09': 74.7, '10-19': 77.54, '20-29': 55.09, '30-39': 70.27, '40-49': 72.59, '50-59': 14.33, 'old': 70.04, 'new': 14.33, 'harmonic': 23.79}
2026-02-08 22:47:54,466 [trainer.py] => CNN top1 curve: [72.62, 60.73]
2026-02-08 22:47:54,467 [trainer.py] => CNN top5 curve: [95.15, 93.16]
2026-02-08 22:47:54,467 [trainer.py] => Average Accuracy (CNN): 66.675
2026-02-08 22:47:54,467 [l2p.py] => Learning on 60-70

  0%|          | 0/10 [00:00<?, ?it/s]
Task 2, Epoch 1/10 => Loss 1.193, Train_accy 53.89, Test_accy 52.44:   0%|          | 0/10 [00:23<?, ?it/s]
Task 2, Epoch 1/10 => Loss 1.193, Train_accy 53.89, Test_accy 52.44:  10%|█         | 1/10 [00:23<03:35, 23.89s/it]
Task 2, Epoch 2/10 => Loss 0.477, Train_accy 79.34, Test_accy 51.54:  10%|█         | 1/10 [00:53<03:35, 23.89s/it]
Task 2, Epoch 2/10 => Loss 0.477, Train_accy 79.34, Test_accy 51.54:  20%|██        | 2/10 [00:53<03:39, 27.47s/it]
Task 2, Epoch 3/10 => Loss 0.253, Train_accy 82.19, Test_accy 51.54:  20%|██        | 2/10 [01:29<03:39, 27.47s/it]
Task 2, Epoch 3/10 => Loss 0.253, Train_accy 82.19, Test_accy 51.54:  30%|███       | 3/10 [01:29<03:39, 31.34s/it]
Task 2, Epoch 4/10 => Loss 0.165, Train_accy 81.74, Test_accy 51.20:  30%|███       | 3/10 [01:54<03:39, 31.34s/it]
Task 2, Epoch 4/10 => Loss 0.165, Train_accy 81.74, Test_accy 51.20:  40%|████      | 4/10 [01:54<02:52, 28.73s/it]
Task 2, Epoch 5/10 => Loss 0.067, Train_accy 88.62, Test_accy 51.33:  40%|████      | 4/10 [02:17<02:52, 28.73s/it]
Task 2, Epoch 5/10 => Loss 0.067, Train_accy 88.62, Test_accy 51.33:  50%|█████     | 5/10 [02:17<02:13, 26.61s/it]
Task 2, Epoch 6/10 => Loss -0.001, Train_accy 91.32, Test_accy 51.41:  50%|█████     | 5/10 [02:50<02:13, 26.61s/it]
Task 2, Epoch 6/10 => Loss -0.001, Train_accy 91.32, Test_accy 51.41:  60%|██████    | 6/10 [02:50<01:54, 28.69s/it]
Task 2, Epoch 7/10 => Loss -0.031, Train_accy 91.47, Test_accy 51.41:  60%|██████    | 6/10 [03:23<01:54, 28.69s/it]
Task 2, Epoch 7/10 => Loss -0.031, Train_accy 91.47, Test_accy 51.41:  70%|███████   | 7/10 [03:23<01:30, 30.21s/it]
Task 2, Epoch 8/10 => Loss -0.078, Train_accy 93.26, Test_accy 51.67:  70%|███████   | 7/10 [03:48<01:30, 30.21s/it]
Task 2, Epoch 8/10 => Loss -0.078, Train_accy 93.26, Test_accy 51.67:  80%|████████  | 8/10 [03:48<00:56, 28.42s/it]
Task 2, Epoch 9/10 => Loss -0.114, Train_accy 94.76, Test_accy 51.76:  80%|████████  | 8/10 [04:10<00:56, 28.42s/it]
Task 2, Epoch 9/10 => Loss -0.114, Train_accy 94.76, Test_accy 51.76:  90%|█████████ | 9/10 [04:10<00:26, 26.67s/it]
Task 2, Epoch 10/10 => Loss -0.145, Train_accy 95.81, Test_accy 52.18:  90%|█████████ | 9/10 [04:48<00:26, 26.67s/it]
Task 2, Epoch 10/10 => Loss -0.145, Train_accy 95.81, Test_accy 52.18: 100%|██████████| 10/10 [04:48<00:00, 29.93s/it]
Task 2, Epoch 10/10 => Loss -0.145, Train_accy 95.81, Test_accy 52.18: 100%|██████████| 10/10 [04:48<00:00, 28.81s/it]
2026-02-08 22:52:42,589 [l2p.py] => Task 2, Epoch 10/10 => Loss -0.145, Train_accy 95.81, Test_accy 52.18
2026-02-08 22:53:03,836 [trainer.py] => CNN: {'total': 52.18, '00-09': 69.64, '10-19': 68.26, '20-29': 59.88, '30-39': 72.37, '40-49': 72.59, '50-59': 7.76, '60-69': 14.76, 'old': 58.38, 'new': 14.76, 'harmonic': 23.56}
2026-02-08 22:53:03,837 [trainer.py] => CNN top1 curve: [72.62, 60.73, 52.18]
2026-02-08 22:53:03,837 [trainer.py] => CNN top5 curve: [95.15, 93.16, 86.86]
2026-02-08 22:53:03,837 [trainer.py] => Average Accuracy (CNN): 61.843333333333334
2026-02-08 22:53:03,837 [l2p.py] => Learning on 70-80

  0%|          | 0/10 [00:00<?, ?it/s]
Task 3, Epoch 1/10 => Loss 1.084, Train_accy 57.04, Test_accy 45.80:   0%|          | 0/10 [00:26<?, ?it/s]
Task 3, Epoch 1/10 => Loss 1.084, Train_accy 57.04, Test_accy 45.80:  10%|█         | 1/10 [00:26<04:00, 26.72s/it]
Task 3, Epoch 2/10 => Loss 0.392, Train_accy 78.59, Test_accy 45.35:  10%|█         | 1/10 [00:51<04:00, 26.72s/it]
Task 3, Epoch 2/10 => Loss 0.392, Train_accy 78.59, Test_accy 45.35:  20%|██        | 2/10 [00:51<03:25, 25.75s/it]
Task 3, Epoch 3/10 => Loss 0.201, Train_accy 84.13, Test_accy 45.43:  20%|██        | 2/10 [01:33<03:25, 25.75s/it]
Task 3, Epoch 3/10 => Loss 0.201, Train_accy 84.13, Test_accy 45.43:  30%|███       | 3/10 [01:33<03:52, 33.15s/it]
Task 3, Epoch 4/10 => Loss 0.110, Train_accy 85.78, Test_accy 45.28:  30%|███       | 3/10 [02:02<03:52, 33.15s/it]
Task 3, Epoch 4/10 => Loss 0.110, Train_accy 85.78, Test_accy 45.28:  40%|████      | 4/10 [02:02<03:08, 31.43s/it]
Task 3, Epoch 5/10 => Loss 0.038, Train_accy 89.52, Test_accy 45.05:  40%|████      | 4/10 [02:29<03:08, 31.43s/it]
Task 3, Epoch 5/10 => Loss 0.038, Train_accy 89.52, Test_accy 45.05:  50%|█████     | 5/10 [02:29<02:28, 29.64s/it]
Task 3, Epoch 6/10 => Loss -0.016, Train_accy 89.67, Test_accy 45.01:  50%|█████     | 5/10 [03:02<02:28, 29.64s/it]
Task 3, Epoch 6/10 => Loss -0.016, Train_accy 89.67, Test_accy 45.01:  60%|██████    | 6/10 [03:02<02:03, 30.84s/it]
Task 3, Epoch 7/10 => Loss -0.045, Train_accy 90.57, Test_accy 45.01:  60%|██████    | 6/10 [03:39<02:03, 30.84s/it]
Task 3, Epoch 7/10 => Loss -0.045, Train_accy 90.57, Test_accy 45.01:  70%|███████   | 7/10 [03:39<01:38, 32.88s/it]
Task 3, Epoch 8/10 => Loss -0.092, Train_accy 92.66, Test_accy 44.98:  70%|███████   | 7/10 [04:05<01:38, 32.88s/it]
Task 3, Epoch 8/10 => Loss -0.092, Train_accy 92.66, Test_accy 44.98:  80%|████████  | 8/10 [04:05<01:01, 30.91s/it]
Task 3, Epoch 9/10 => Loss -0.118, Train_accy 93.71, Test_accy 44.79:  80%|████████  | 8/10 [04:30<01:01, 30.91s/it]
Task 3, Epoch 9/10 => Loss -0.118, Train_accy 93.71, Test_accy 44.79:  90%|█████████ | 9/10 [04:30<00:29, 29.05s/it]
Task 3, Epoch 10/10 => Loss -0.146, Train_accy 94.31, Test_accy 44.68:  90%|█████████ | 9/10 [05:14<00:29, 29.05s/it]
Task 3, Epoch 10/10 => Loss -0.146, Train_accy 94.31, Test_accy 44.68: 100%|██████████| 10/10 [05:14<00:00, 33.69s/it]
Task 3, Epoch 10/10 => Loss -0.146, Train_accy 94.31, Test_accy 44.68: 100%|██████████| 10/10 [05:14<00:00, 31.50s/it]
2026-02-08 22:58:18,840 [l2p.py] => Task 3, Epoch 10/10 => Loss -0.146, Train_accy 94.31, Test_accy 44.68
2026-02-08 22:58:37,079 [trainer.py] => CNN: {'total': 44.68, '00-09': 67.26, '10-19': 70.66, '20-29': 57.78, '30-39': 69.07, '40-49': 72.89, '50-59': 5.07, '60-69': 9.64, '70-79': 4.82, 'old': 50.34, 'new': 4.82, 'harmonic': 8.8}
2026-02-08 22:58:37,080 [trainer.py] => CNN top1 curve: [72.62, 60.73, 52.18, 44.68]
2026-02-08 22:58:37,080 [trainer.py] => CNN top5 curve: [95.15, 93.16, 86.86, 80.25]
2026-02-08 22:58:37,080 [trainer.py] => Average Accuracy (CNN): 57.5525
2026-02-08 22:58:37,080 [l2p.py] => Learning on 80-90

  0%|          | 0/10 [00:00<?, ?it/s]
Task 4, Epoch 1/10 => Loss 0.923, Train_accy 62.22, Test_accy 40.49:   0%|          | 0/10 [00:29<?, ?it/s]
Task 4, Epoch 1/10 => Loss 0.923, Train_accy 62.22, Test_accy 40.49:  10%|█         | 1/10 [00:29<04:26, 29.65s/it]
Task 4, Epoch 2/10 => Loss 0.226, Train_accy 82.16, Test_accy 40.32:  10%|█         | 1/10 [01:05<04:26, 29.65s/it]
Task 4, Epoch 2/10 => Loss 0.226, Train_accy 82.16, Test_accy 40.32:  20%|██        | 2/10 [01:05<04:25, 33.16s/it]
Task 4, Epoch 3/10 => Loss 0.065, Train_accy 87.86, Test_accy 40.09:  20%|██        | 2/10 [01:43<04:25, 33.16s/it]
Task 4, Epoch 3/10 => Loss 0.065, Train_accy 87.86, Test_accy 40.09:  30%|███       | 3/10 [01:43<04:08, 35.45s/it]
Task 4, Epoch 4/10 => Loss -0.011, Train_accy 90.70, Test_accy 40.15:  30%|███       | 3/10 [02:12<04:08, 35.45s/it]
Task 4, Epoch 4/10 => Loss -0.011, Train_accy 90.70, Test_accy 40.15:  40%|████      | 4/10 [02:12<03:16, 32.78s/it]
Task 4, Epoch 5/10 => Loss -0.069, Train_accy 92.50, Test_accy 39.52:  40%|████      | 4/10 [02:41<03:16, 32.78s/it]
Task 4, Epoch 5/10 => Loss -0.069, Train_accy 92.50, Test_accy 39.52:  50%|█████     | 5/10 [02:41<02:37, 31.51s/it]
Task 4, Epoch 6/10 => Loss -0.109, Train_accy 94.15, Test_accy 39.85:  50%|█████     | 5/10 [03:26<02:37, 31.51s/it]
Task 4, Epoch 6/10 => Loss -0.109, Train_accy 94.15, Test_accy 39.85:  60%|██████    | 6/10 [03:26<02:24, 36.16s/it]
Task 4, Epoch 7/10 => Loss -0.144, Train_accy 94.60, Test_accy 39.55:  60%|██████    | 6/10 [03:55<02:24, 36.16s/it]
Task 4, Epoch 7/10 => Loss -0.144, Train_accy 94.60, Test_accy 39.55:  70%|███████   | 7/10 [03:55<01:41, 33.75s/it]
Task 4, Epoch 8/10 => Loss -0.167, Train_accy 95.20, Test_accy 39.72:  70%|███████   | 7/10 [04:22<01:41, 33.75s/it]
Task 4, Epoch 8/10 => Loss -0.167, Train_accy 95.20, Test_accy 39.72:  80%|████████  | 8/10 [04:22<01:03, 31.54s/it]
Task 4, Epoch 9/10 => Loss -0.197, Train_accy 95.80, Test_accy 39.89:  80%|████████  | 8/10 [04:51<01:03, 31.54s/it]
Task 4, Epoch 9/10 => Loss -0.197, Train_accy 95.80, Test_accy 39.89:  90%|█████████ | 9/10 [04:51<00:30, 30.94s/it]
Task 4, Epoch 10/10 => Loss -0.217, Train_accy 97.00, Test_accy 40.02:  90%|█████████ | 9/10 [05:27<00:30, 30.94s/it]
Task 4, Epoch 10/10 => Loss -0.217, Train_accy 97.00, Test_accy 40.02: 100%|██████████| 10/10 [05:27<00:00, 32.35s/it]
Task 4, Epoch 10/10 => Loss -0.217, Train_accy 97.00, Test_accy 40.02: 100%|██████████| 10/10 [05:27<00:00, 32.73s/it]
2026-02-08 23:04:04,394 [l2p.py] => Task 4, Epoch 10/10 => Loss -0.217, Train_accy 97.00, Test_accy 40.02
2026-02-08 23:04:36,994 [trainer.py] => CNN: {'total': 40.02, '00-09': 67.86, '10-19': 67.37, '20-29': 55.99, '30-39': 75.08, '40-49': 72.59, '50-59': 4.48, '60-69': 9.64, '70-79': 3.92, '80-89': 3.0, 'old': 44.64, 'new': 3.0, 'harmonic': 5.62}
2026-02-08 23:04:36,995 [trainer.py] => CNN top1 curve: [72.62, 60.73, 52.18, 44.68, 40.02]
2026-02-08 23:04:36,995 [trainer.py] => CNN top5 curve: [95.15, 93.16, 86.86, 80.25, 74.74]
2026-02-08 23:04:36,995 [trainer.py] => Average Accuracy (CNN): 54.04600000000001
2026-02-08 23:04:36,995 [l2p.py] => Learning on 90-100

  0%|          | 0/10 [00:00<?, ?it/s]
Task 5, Epoch 1/10 => Loss 0.793, Train_accy 72.75, Test_accy 35.13:   0%|          | 0/10 [00:30<?, ?it/s]
Task 5, Epoch 1/10 => Loss 0.793, Train_accy 72.75, Test_accy 35.13:  10%|█         | 1/10 [00:30<04:36, 30.76s/it]
Task 5, Epoch 2/10 => Loss 0.026, Train_accy 94.01, Test_accy 35.19:  10%|█         | 1/10 [01:02<04:36, 30.76s/it]
Task 5, Epoch 2/10 => Loss 0.026, Train_accy 94.01, Test_accy 35.19:  20%|██        | 2/10 [01:02<04:08, 31.11s/it]
Task 5, Epoch 3/10 => Loss -0.125, Train_accy 97.16, Test_accy 34.77:  20%|██        | 2/10 [01:52<04:08, 31.11s/it]
Task 5, Epoch 3/10 => Loss -0.125, Train_accy 97.16, Test_accy 34.77:  30%|███       | 3/10 [01:52<04:40, 40.02s/it]
Task 5, Epoch 4/10 => Loss -0.196, Train_accy 98.20, Test_accy 34.38:  30%|███       | 3/10 [02:23<04:40, 40.02s/it]
Task 5, Epoch 4/10 => Loss -0.196, Train_accy 98.20, Test_accy 34.38:  40%|████      | 4/10 [02:23<03:38, 36.37s/it]
Task 5, Epoch 5/10 => Loss -0.235, Train_accy 98.50, Test_accy 34.23:  40%|████      | 4/10 [02:54<03:38, 36.37s/it]
Task 5, Epoch 5/10 => Loss -0.235, Train_accy 98.50, Test_accy 34.23:  50%|█████     | 5/10 [02:54<02:51, 34.29s/it]
Task 5, Epoch 6/10 => Loss -0.266, Train_accy 99.10, Test_accy 34.50:  50%|█████     | 5/10 [03:45<02:51, 34.29s/it]
Task 5, Epoch 6/10 => Loss -0.266, Train_accy 99.10, Test_accy 34.50:  60%|██████    | 6/10 [03:45<02:40, 40.22s/it]
Task 5, Epoch 7/10 => Loss -0.290, Train_accy 99.55, Test_accy 34.50:  60%|██████    | 6/10 [04:16<02:40, 40.22s/it]
Task 5, Epoch 7/10 => Loss -0.290, Train_accy 99.55, Test_accy 34.50:  70%|███████   | 7/10 [04:16<01:51, 37.11s/it]
Task 5, Epoch 8/10 => Loss -0.305, Train_accy 99.55, Test_accy 34.71:  70%|███████   | 7/10 [04:47<01:51, 37.11s/it]
Task 5, Epoch 8/10 => Loss -0.305, Train_accy 99.55, Test_accy 34.71:  80%|████████  | 8/10 [04:47<01:10, 35.01s/it]
Task 5, Epoch 9/10 => Loss -0.321, Train_accy 99.70, Test_accy 34.14:  80%|████████  | 8/10 [05:38<01:10, 35.01s/it]
Task 5, Epoch 9/10 => Loss -0.321, Train_accy 99.70, Test_accy 34.14:  90%|█████████ | 9/10 [05:38<00:40, 40.19s/it]
Task 5, Epoch 10/10 => Loss -0.330, Train_accy 99.70, Test_accy 34.32:  90%|█████████ | 9/10 [06:09<00:40, 40.19s/it]
Task 5, Epoch 10/10 => Loss -0.330, Train_accy 99.70, Test_accy 34.32: 100%|██████████| 10/10 [06:09<00:00, 37.28s/it]
Task 5, Epoch 10/10 => Loss -0.330, Train_accy 99.70, Test_accy 34.32: 100%|██████████| 10/10 [06:09<00:00, 36.94s/it]
2026-02-08 23:10:46,416 [l2p.py] => Task 5, Epoch 10/10 => Loss -0.330, Train_accy 99.70, Test_accy 34.32
2026-02-08 23:11:09,378 [trainer.py] => CNN: {'total': 34.32, '00-09': 59.52, '10-19': 64.07, '20-29': 53.29, '30-39': 71.77, '40-49': 70.18, '50-59': 5.67, '60-69': 7.83, '70-79': 0.6, '80-89': 3.3, '90-99': 6.63, 'old': 37.39, 'new': 6.63, 'harmonic': 11.26}
2026-02-08 23:11:09,378 [trainer.py] => CNN top1 curve: [72.62, 60.73, 52.18, 44.68, 40.02, 34.32]
2026-02-08 23:11:09,378 [trainer.py] => CNN top5 curve: [95.15, 93.16, 86.86, 80.25, 74.74, 70.54]
2026-02-08 23:11:09,378 [trainer.py] => Average Accuracy (CNN): 50.75833333333333

========================================
Finished aircraft_init50_inc10
Backbone: OpenCLIP_LAION400M
Average Accuracy (Top1): 50.76
Last Accuracy: 34.32
========================================

2026-02-08 23:11:12,036 [trainer.py] => config: ./configs/l2p/l2p_cifar_B0_Inc10.json
2026-02-08 23:11:12,036 [trainer.py] => prefix:  
2026-02-08 23:11:12,036 [trainer.py] => dataset: cifar224
2026-02-08 23:11:12,037 [trainer.py] => memory_size: 0
2026-02-08 23:11:12,037 [trainer.py] => memory_per_class: 0
2026-02-08 23:11:12,037 [trainer.py] => fixed_memory: False
2026-02-08 23:11:12,037 [trainer.py] => shuffle: True
2026-02-08 23:11:12,037 [trainer.py] => init_cls: 10
2026-02-08 23:11:12,037 [trainer.py] => increment: 10
2026-02-08 23:11:12,037 [trainer.py] => model_name: l2p
2026-02-08 23:11:12,037 [trainer.py] => backbone_type: clip
2026-02-08 23:11:12,037 [trainer.py] => get_original_backbone: True
2026-02-08 23:11:12,037 [trainer.py] => device: [device(type='cuda', index=7)]
2026-02-08 23:11:12,037 [trainer.py] => seed: 1993
2026-02-08 23:11:12,037 [trainer.py] => tuned_epoch: 10
2026-02-08 23:11:12,037 [trainer.py] => init_lr: 0.001875
2026-02-08 23:11:12,037 [trainer.py] => batch_size: 16
2026-02-08 23:11:12,037 [trainer.py] => weight_decay: 0
2026-02-08 23:11:12,037 [trainer.py] => min_lr: 1e-05
2026-02-08 23:11:12,037 [trainer.py] => optimizer: adam
2026-02-08 23:11:12,037 [trainer.py] => scheduler: constant
2026-02-08 23:11:12,037 [trainer.py] => reinit_optimizer: True
2026-02-08 23:11:12,037 [trainer.py] => global_pool: token
2026-02-08 23:11:12,037 [trainer.py] => head_type: prompt
2026-02-08 23:11:12,037 [trainer.py] => freeze: ['blocks', 'patch_embed', 'cls_token', 'norm', 'pos_embed']
2026-02-08 23:11:12,037 [trainer.py] => pretrained: True
2026-02-08 23:11:12,037 [trainer.py] => drop: 0.0
2026-02-08 23:11:12,037 [trainer.py] => drop_path: 0.0
2026-02-08 23:11:12,037 [trainer.py] => prompt_pool: True
2026-02-08 23:11:12,037 [trainer.py] => size: 10
2026-02-08 23:11:12,037 [trainer.py] => length: 5
2026-02-08 23:11:12,037 [trainer.py] => top_k: 5
2026-02-08 23:11:12,037 [trainer.py] => initializer: uniform
2026-02-08 23:11:12,037 [trainer.py] => prompt_key: True
2026-02-08 23:11:12,037 [trainer.py] => prompt_key_init: uniform
2026-02-08 23:11:12,037 [trainer.py] => use_prompt_mask: False
2026-02-08 23:11:12,038 [trainer.py] => shared_prompt_pool: False
2026-02-08 23:11:12,038 [trainer.py] => shared_prompt_key: False
2026-02-08 23:11:12,038 [trainer.py] => batchwise_prompt: True
2026-02-08 23:11:12,038 [trainer.py] => embedding_key: cls
2026-02-08 23:11:12,038 [trainer.py] => predefined_key: 
2026-02-08 23:11:12,038 [trainer.py] => pull_constraint: True
2026-02-08 23:11:12,038 [trainer.py] => pull_constraint_coeff: 0.1
2026-02-08 23:11:12,038 [trainer.py] => nb_classes: 100
2026-02-08 23:11:12,038 [trainer.py] => total_class_num: 100
['apple', 'aquarium fish', 'baby', 'bear', 'beaver', 'bed', 'bee', 'beetle', 'bicycle', 'bottle', 'bowl', 'boy', 'bridge', 'bus', 'butterfly', 'camel', 'can', 'castle', 'caterpillar', 'cattle', 'chair', 'chimpanzee', 'clock', 'cloud', 'cockroach', 'couch', 'crab', 'crocodile', 'cup', 'dinosaur', 'dolphin', 'elephant', 'flatfish', 'forest', 'fox', 'girl', 'hamster', 'house', 'kangaroo', 'keyboard', 'lamp', 'lawn mower', 'leopard', 'lion', 'lizard', 'lobster', 'man', 'maple tree', 'motorcycle', 'mountain', 'mouse', 'mushroom', 'oak tree', 'orange', 'orchid', 'otter', 'palm tree', 'pear', 'pickup truck', 'pine tree', 'plain', 'plate', 'poppy', 'porcupine', 'possum', 'rabbit', 'raccoon', 'ray', 'road', 'rocket', 'rose', 'sea', 'seal', 'shark', 'shrew', 'skunk', 'skyscraper', 'snail', 'snake', 'spider', 'squirrel', 'streetcar', 'sunflower', 'sweet pepper', 'table', 'tank', 'telephone', 'television', 'tiger', 'tractor', 'train', 'trout', 'tulip', 'turtle', 'wardrobe', 'whale', 'willow tree', 'wolf', 'woman', 'worm']
['a photo of a {}.', 'a blurry photo of a {}.', 'a black and white photo of a {}.', 'a low contrast photo of a {}.', 'a high contrast photo of a {}.', 'a bad photo of a {}.', 'a good photo of a {}.', 'a photo of a small {}.', 'a photo of a big {}.', 'a photo of the {}.', 'a blurry photo of the {}.', 'a black and white photo of the {}.', 'a low contrast photo of the {}.', 'a high contrast photo of the {}.', 'a bad photo of the {}.', 'a good photo of the {}.', 'a photo of the small {}.', 'a photo of the big {}.']
2026-02-08 23:11:13,144 [data_manager.py] => [68, 56, 78, 8, 23, 84, 90, 65, 74, 76, 40, 89, 3, 92, 55, 9, 26, 80, 43, 38, 58, 70, 77, 1, 85, 19, 17, 50, 28, 53, 13, 81, 45, 82, 6, 59, 83, 16, 15, 44, 91, 41, 72, 60, 79, 52, 20, 10, 31, 54, 37, 95, 14, 71, 96, 98, 97, 2, 64, 66, 42, 22, 35, 86, 24, 34, 87, 21, 99, 0, 88, 27, 18, 94, 11, 12, 47, 25, 30, 46, 62, 69, 36, 61, 7, 63, 75, 5, 32, 4, 51, 48, 73, 93, 39, 67, 29, 49, 57, 33]
After shuffle, class_to_label is:  ['road', 'palm tree', 'snake', 'bicycle', 'cloud', 'table', 'train', 'rabbit', 'shrew', 'skyscraper', 'lamp', 'tractor', 'bear', 'tulip', 'otter', 'bottle', 'crab', 'squirrel', 'lion', 'kangaroo', 'pickup truck', 'rose', 'snail', 'aquarium fish', 'tank', 'cattle', 'castle', 'mouse', 'cup', 'orange', 'bus', 'streetcar', 'lobster', 'sunflower', 'bee', 'pine tree', 'sweet pepper', 'can', 'camel', 'lizard', 'trout', 'lawn mower', 'seal', 'plain', 'spider', 'oak tree', 'chair', 'bowl', 'elephant', 'orchid', 'house', 'whale', 'butterfly', 'sea', 'willow tree', 'woman', 'wolf', 'baby', 'possum', 'raccoon', 'leopard', 'clock', 'girl', 'telephone', 'cockroach', 'fox', 'television', 'chimpanzee', 'worm', 'apple', 'tiger', 'crocodile', 'caterpillar', 'wardrobe', 'boy', 'bridge', 'maple tree', 'couch', 'dolphin', 'man', 'poppy', 'rocket', 'hamster', 'plate', 'beetle', 'porcupine', 'skunk', 'bed', 'flatfish', 'beaver', 'mushroom', 'motorcycle', 'shark', 'turtle', 'keyboard', 'ray', 'dinosaur', 'mountain', 'pear', 'forest']
Training class stages: [10, 10, 10, 10, 10, 10, 10, 10, 10, 10]
Using CLIP model as the backbone
2026-02-08 23:11:14,461 [instantiator.py] => Created a temporary directory at /tmp/tmpn0n99_j8
2026-02-08 23:11:14,461 [instantiator.py] => Writing /tmp/tmpn0n99_j8/_remote_module_non_scriptable.py
2026-02-08 23:11:14,594 [factory.py] => Loaded ViT-B-16 model config.
2026-02-08 23:11:16,030 [factory.py] => Loading pretrained ViT-B-16 weights (/home/team/zhaohongwei/pretrained_models/open_clip_pytorch_model_laion400m_e32.bin).
/home/team/zhaohongwei/anaconda3/envs/mmcl/lib/python3.10/site-packages/torch/_utils.py:776: UserWarning: TypedStorage is deprecated. It will be removed in the future and UntypedStorage will be the only storage class. This should only matter to you if you are using storages directly.  To access UntypedStorage directly, use tensor.untyped_storage() instead of tensor.storage()
  return self.fget.__get__(instance, owner)()
2026-02-08 23:11:17,059 [l2p.py] => 86,457,956 model total parameters.
2026-02-08 23:11:17,060 [l2p.py] => 94,820 model training parameters.
2026-02-08 23:11:17,060 [l2p.py] => prompt.prompt: 38400
2026-02-08 23:11:17,060 [l2p.py] => prompt.prompt_key: 5120
2026-02-08 23:11:17,060 [l2p.py] => head.weight: 51200
2026-02-08 23:11:17,060 [l2p.py] => head.bias: 100
2026-02-08 23:11:17,060 [l2p.py] => Learning on 0-10

  0%|          | 0/10 [00:00<?, ?it/s]
Task 0, Epoch 1/10 => Loss 0.316, Train_accy 90.24, Test_accy 97.30:   0%|          | 0/10 [01:25<?, ?it/s]
Task 0, Epoch 1/10 => Loss 0.316, Train_accy 90.24, Test_accy 97.30:  10%|█         | 1/10 [01:25<12:53, 85.91s/it]
Task 0, Epoch 2/10 => Loss -0.174, Train_accy 97.64, Test_accy 97.50:  10%|█         | 1/10 [02:51<12:53, 85.91s/it]
Task 0, Epoch 2/10 => Loss -0.174, Train_accy 97.64, Test_accy 97.50:  20%|██        | 2/10 [02:51<11:24, 85.56s/it]
Task 0, Epoch 3/10 => Loss -0.269, Train_accy 98.34, Test_accy 97.80:  20%|██        | 2/10 [04:03<11:24, 85.56s/it]
Task 0, Epoch 3/10 => Loss -0.269, Train_accy 98.34, Test_accy 97.80:  30%|███       | 3/10 [04:03<09:16, 79.53s/it]
Task 0, Epoch 4/10 => Loss -0.302, Train_accy 98.96, Test_accy 97.70:  30%|███       | 3/10 [05:22<09:16, 79.53s/it]
Task 0, Epoch 4/10 => Loss -0.302, Train_accy 98.96, Test_accy 97.70:  40%|████      | 4/10 [05:22<07:54, 79.14s/it]
Task 0, Epoch 5/10 => Loss -0.312, Train_accy 99.06, Test_accy 98.30:  40%|████      | 4/10 [06:45<07:54, 79.14s/it]
Task 0, Epoch 5/10 => Loss -0.312, Train_accy 99.06, Test_accy 98.30:  50%|█████     | 5/10 [06:45<06:42, 80.55s/it]
Task 0, Epoch 6/10 => Loss -0.321, Train_accy 99.38, Test_accy 98.40:  50%|█████     | 5/10 [08:05<06:42, 80.55s/it]
Task 0, Epoch 6/10 => Loss -0.321, Train_accy 99.38, Test_accy 98.40:  60%|██████    | 6/10 [08:05<05:21, 80.34s/it]
Task 0, Epoch 7/10 => Loss -0.327, Train_accy 99.64, Test_accy 98.10:  60%|██████    | 6/10 [09:16<05:21, 80.34s/it]
Task 0, Epoch 7/10 => Loss -0.327, Train_accy 99.64, Test_accy 98.10:  70%|███████   | 7/10 [09:16<03:52, 77.36s/it]
Task 0, Epoch 8/10 => Loss -0.331, Train_accy 99.70, Test_accy 98.20:  70%|███████   | 7/10 [10:41<03:52, 77.36s/it]
Task 0, Epoch 8/10 => Loss -0.331, Train_accy 99.70, Test_accy 98.20:  80%|████████  | 8/10 [10:41<02:39, 79.77s/it]
Task 0, Epoch 9/10 => Loss -0.335, Train_accy 99.86, Test_accy 98.40:  80%|████████  | 8/10 [11:47<02:39, 79.77s/it]
Task 0, Epoch 9/10 => Loss -0.335, Train_accy 99.86, Test_accy 98.40:  90%|█████████ | 9/10 [11:47<01:15, 75.53s/it]
Task 0, Epoch 10/10 => Loss -0.338, Train_accy 99.88, Test_accy 98.20:  90%|█████████ | 9/10 [13:10<01:15, 75.53s/it]
Task 0, Epoch 10/10 => Loss -0.338, Train_accy 99.88, Test_accy 98.20: 100%|██████████| 10/10 [13:10<00:00, 77.84s/it]
Task 0, Epoch 10/10 => Loss -0.338, Train_accy 99.88, Test_accy 98.20: 100%|██████████| 10/10 [13:10<00:00, 79.05s/it]
2026-02-08 23:24:28,094 [l2p.py] => Task 0, Epoch 10/10 => Loss -0.338, Train_accy 99.88, Test_accy 98.20
2026-02-08 23:24:35,080 [trainer.py] => CNN: {'total': 98.2, '00-09': 98.2, 'old': 0, 'new': 98.2, 'harmonic': 0.0}
2026-02-08 23:24:35,080 [trainer.py] => CNN top1 curve: [98.2]
2026-02-08 23:24:35,080 [trainer.py] => CNN top5 curve: [100.0]
2026-02-08 23:24:35,081 [trainer.py] => Average Accuracy (CNN): 98.2
2026-02-08 23:24:35,081 [l2p.py] => Learning on 10-20

  0%|          | 0/10 [00:00<?, ?it/s]
Task 1, Epoch 1/10 => Loss 0.571, Train_accy 82.12, Test_accy 74.15:   0%|          | 0/10 [01:17<?, ?it/s]
Task 1, Epoch 1/10 => Loss 0.571, Train_accy 82.12, Test_accy 74.15:  10%|█         | 1/10 [01:17<11:33, 77.10s/it]
Task 1, Epoch 2/10 => Loss -0.045, Train_accy 94.10, Test_accy 79.70:  10%|█         | 1/10 [02:44<11:33, 77.10s/it]
Task 1, Epoch 2/10 => Loss -0.045, Train_accy 94.10, Test_accy 79.70:  20%|██        | 2/10 [02:44<11:03, 82.95s/it]
Task 1, Epoch 3/10 => Loss -0.169, Train_accy 95.60, Test_accy 82.60:  20%|██        | 2/10 [04:14<11:03, 82.95s/it]
Task 1, Epoch 3/10 => Loss -0.169, Train_accy 95.60, Test_accy 82.60:  30%|███       | 3/10 [04:14<10:05, 86.49s/it]
Task 1, Epoch 4/10 => Loss -0.227, Train_accy 96.46, Test_accy 86.00:  30%|███       | 3/10 [05:25<10:05, 86.49s/it]
Task 1, Epoch 4/10 => Loss -0.227, Train_accy 96.46, Test_accy 86.00:  40%|████      | 4/10 [05:25<08:02, 80.40s/it]
Task 1, Epoch 5/10 => Loss -0.255, Train_accy 96.84, Test_accy 87.50:  40%|████      | 4/10 [06:57<08:02, 80.40s/it]
Task 1, Epoch 5/10 => Loss -0.255, Train_accy 96.84, Test_accy 87.50:  50%|█████     | 5/10 [06:57<07:02, 84.46s/it]
Task 1, Epoch 6/10 => Loss -0.268, Train_accy 97.54, Test_accy 88.70:  50%|█████     | 5/10 [08:28<07:02, 84.46s/it]
Task 1, Epoch 6/10 => Loss -0.268, Train_accy 97.54, Test_accy 88.70:  60%|██████    | 6/10 [08:28<05:47, 86.82s/it]
Task 1, Epoch 7/10 => Loss -0.280, Train_accy 98.12, Test_accy 89.75:  60%|██████    | 6/10 [09:40<05:47, 86.82s/it]
Task 1, Epoch 7/10 => Loss -0.280, Train_accy 98.12, Test_accy 89.75:  70%|███████   | 7/10 [09:40<04:05, 81.95s/it]
Task 1, Epoch 8/10 => Loss -0.290, Train_accy 98.28, Test_accy 90.50:  70%|███████   | 7/10 [11:12<04:05, 81.95s/it]
Task 1, Epoch 8/10 => Loss -0.290, Train_accy 98.28, Test_accy 90.50:  80%|████████  | 8/10 [11:12<02:49, 85.00s/it]
Task 1, Epoch 9/10 => Loss -0.298, Train_accy 98.54, Test_accy 90.95:  80%|████████  | 8/10 [12:39<02:49, 85.00s/it]
Task 1, Epoch 9/10 => Loss -0.298, Train_accy 98.54, Test_accy 90.95:  90%|█████████ | 9/10 [12:39<01:25, 85.56s/it]
Task 1, Epoch 10/10 => Loss -0.304, Train_accy 98.90, Test_accy 91.50:  90%|█████████ | 9/10 [13:56<01:25, 85.56s/it]
Task 1, Epoch 10/10 => Loss -0.304, Train_accy 98.90, Test_accy 91.50: 100%|██████████| 10/10 [13:56<00:00, 82.96s/it]
Task 1, Epoch 10/10 => Loss -0.304, Train_accy 98.90, Test_accy 91.50: 100%|██████████| 10/10 [13:56<00:00, 83.64s/it]
2026-02-08 23:38:31,479 [l2p.py] => Task 1, Epoch 10/10 => Loss -0.304, Train_accy 98.90, Test_accy 91.50
2026-02-08 23:38:43,720 [trainer.py] => CNN: {'total': 91.5, '00-09': 96.4, '10-19': 86.6, 'old': 96.4, 'new': 86.6, 'harmonic': 91.24}
2026-02-08 23:38:43,721 [trainer.py] => CNN top1 curve: [98.2, 91.5]
2026-02-08 23:38:43,721 [trainer.py] => CNN top5 curve: [100.0, 99.4]
2026-02-08 23:38:43,721 [trainer.py] => Average Accuracy (CNN): 94.85
2026-02-08 23:38:43,721 [l2p.py] => Learning on 20-30

  0%|          | 0/10 [00:00<?, ?it/s]
Task 2, Epoch 1/10 => Loss -0.091, Train_accy 95.50, Test_accy 75.67:   0%|          | 0/10 [01:40<?, ?it/s]
Task 2, Epoch 1/10 => Loss -0.091, Train_accy 95.50, Test_accy 75.67:  10%|█         | 1/10 [01:40<15:01, 100.16s/it]
Task 2, Epoch 2/10 => Loss -0.283, Train_accy 98.46, Test_accy 80.20:  10%|█         | 1/10 [03:16<15:01, 100.16s/it]
Task 2, Epoch 2/10 => Loss -0.283, Train_accy 98.46, Test_accy 80.20:  20%|██        | 2/10 [03:16<13:03, 97.89s/it] 
Task 2, Epoch 3/10 => Loss -0.300, Train_accy 98.92, Test_accy 82.90:  20%|██        | 2/10 [04:40<13:03, 97.89s/it]
Task 2, Epoch 3/10 => Loss -0.300, Train_accy 98.92, Test_accy 82.90:  30%|███       | 3/10 [04:40<10:41, 91.67s/it]
Task 2, Epoch 4/10 => Loss -0.310, Train_accy 99.20, Test_accy 84.63:  30%|███       | 3/10 [06:13<10:41, 91.67s/it]
Task 2, Epoch 4/10 => Loss -0.310, Train_accy 99.20, Test_accy 84.63:  40%|████      | 4/10 [06:13<09:12, 92.11s/it]
Task 2, Epoch 5/10 => Loss -0.318, Train_accy 99.38, Test_accy 85.43:  40%|████      | 4/10 [07:32<09:12, 92.11s/it]
Task 2, Epoch 5/10 => Loss -0.318, Train_accy 99.38, Test_accy 85.43:  50%|█████     | 5/10 [07:32<07:16, 87.32s/it]
Task 2, Epoch 6/10 => Loss -0.323, Train_accy 99.68, Test_accy 85.53:  50%|█████     | 5/10 [09:08<07:16, 87.32s/it]
Task 2, Epoch 6/10 => Loss -0.323, Train_accy 99.68, Test_accy 85.53:  60%|██████    | 6/10 [09:08<06:01, 90.39s/it]
Task 2, Epoch 7/10 => Loss -0.327, Train_accy 99.84, Test_accy 86.90:  60%|██████    | 6/10 [10:37<06:01, 90.39s/it]
Task 2, Epoch 7/10 => Loss -0.327, Train_accy 99.84, Test_accy 86.90:  70%|███████   | 7/10 [10:37<04:29, 89.99s/it]
Task 2, Epoch 8/10 => Loss -0.330, Train_accy 99.92, Test_accy 87.27:  70%|███████   | 7/10 [12:04<04:29, 89.99s/it]
Task 2, Epoch 8/10 => Loss -0.330, Train_accy 99.92, Test_accy 87.27:  80%|████████  | 8/10 [12:04<02:58, 89.04s/it]
Task 2, Epoch 9/10 => Loss -0.331, Train_accy 99.90, Test_accy 87.17:  80%|████████  | 8/10 [13:38<02:58, 89.04s/it]
Task 2, Epoch 9/10 => Loss -0.331, Train_accy 99.90, Test_accy 87.17:  90%|█████████ | 9/10 [13:38<01:30, 90.52s/it]
Task 2, Epoch 10/10 => Loss -0.332, Train_accy 99.96, Test_accy 87.70:  90%|█████████ | 9/10 [14:57<01:30, 90.52s/it]
Task 2, Epoch 10/10 => Loss -0.332, Train_accy 99.96, Test_accy 87.70: 100%|██████████| 10/10 [14:57<00:00, 86.89s/it]
Task 2, Epoch 10/10 => Loss -0.332, Train_accy 99.96, Test_accy 87.70: 100%|██████████| 10/10 [14:57<00:00, 89.74s/it]
2026-02-08 23:53:41,148 [l2p.py] => Task 2, Epoch 10/10 => Loss -0.332, Train_accy 99.96, Test_accy 87.70
2026-02-08 23:54:10,241 [trainer.py] => CNN: {'total': 87.7, '00-09': 92.5, '10-19': 81.7, '20-29': 88.9, 'old': 87.1, 'new': 88.9, 'harmonic': 87.99}
2026-02-08 23:54:10,241 [trainer.py] => CNN top1 curve: [98.2, 91.5, 87.7]
2026-02-08 23:54:10,241 [trainer.py] => CNN top5 curve: [100.0, 99.4, 99.23]
2026-02-08 23:54:10,241 [trainer.py] => Average Accuracy (CNN): 92.46666666666665
2026-02-08 23:54:10,242 [l2p.py] => Learning on 30-40

  0%|          | 0/10 [00:00<?, ?it/s]
Task 3, Epoch 1/10 => Loss -0.029, Train_accy 93.50, Test_accy 72.03:   0%|          | 0/10 [01:35<?, ?it/s]
Task 3, Epoch 1/10 => Loss -0.029, Train_accy 93.50, Test_accy 72.03:  10%|█         | 1/10 [01:35<14:21, 95.72s/it]
Task 3, Epoch 2/10 => Loss -0.221, Train_accy 96.12, Test_accy 76.82:  10%|█         | 1/10 [03:18<14:21, 95.72s/it]
Task 3, Epoch 2/10 => Loss -0.221, Train_accy 96.12, Test_accy 76.82:  20%|██        | 2/10 [03:18<13:16, 99.61s/it]
Task 3, Epoch 3/10 => Loss -0.245, Train_accy 96.70, Test_accy 78.90:  20%|██        | 2/10 [04:49<13:16, 99.61s/it]
Task 3, Epoch 3/10 => Loss -0.245, Train_accy 96.70, Test_accy 78.90:  30%|███       | 3/10 [04:49<11:10, 95.81s/it]
Task 3, Epoch 4/10 => Loss -0.263, Train_accy 97.46, Test_accy 80.00:  30%|███       | 3/10 [06:27<11:10, 95.81s/it]
Task 3, Epoch 4/10 => Loss -0.263, Train_accy 97.46, Test_accy 80.00:  40%|████      | 4/10 [06:27<09:41, 96.86s/it]
Task 3, Epoch 5/10 => Loss -0.274, Train_accy 97.76, Test_accy 81.00:  40%|████      | 4/10 [08:08<09:41, 96.86s/it]
Task 3, Epoch 5/10 => Loss -0.274, Train_accy 97.76, Test_accy 81.00:  50%|█████     | 5/10 [08:08<08:10, 98.18s/it]
Task 3, Epoch 6/10 => Loss -0.287, Train_accy 98.42, Test_accy 81.55:  50%|█████     | 5/10 [09:39<08:10, 98.18s/it]
Task 3, Epoch 6/10 => Loss -0.287, Train_accy 98.42, Test_accy 81.55:  60%|██████    | 6/10 [09:39<06:23, 95.97s/it]
Task 3, Epoch 7/10 => Loss -0.293, Train_accy 98.44, Test_accy 82.35:  60%|██████    | 6/10 [11:19<06:23, 95.97s/it]
Task 3, Epoch 7/10 => Loss -0.293, Train_accy 98.44, Test_accy 82.35:  70%|███████   | 7/10 [11:19<04:51, 97.22s/it]
Task 3, Epoch 8/10 => Loss -0.301, Train_accy 98.84, Test_accy 82.90:  70%|███████   | 7/10 [12:59<04:51, 97.22s/it]
Task 3, Epoch 8/10 => Loss -0.301, Train_accy 98.84, Test_accy 82.90:  80%|████████  | 8/10 [12:59<03:16, 98.17s/it]
Task 3, Epoch 9/10 => Loss -0.304, Train_accy 99.02, Test_accy 83.12:  80%|████████  | 8/10 [14:29<03:16, 98.17s/it]
Task 3, Epoch 9/10 => Loss -0.304, Train_accy 99.02, Test_accy 83.12:  90%|█████████ | 9/10 [14:29<01:35, 95.53s/it]
Task 3, Epoch 10/10 => Loss -0.308, Train_accy 99.04, Test_accy 83.50:  90%|█████████ | 9/10 [16:10<01:35, 95.53s/it]
Task 3, Epoch 10/10 => Loss -0.308, Train_accy 99.04, Test_accy 83.50: 100%|██████████| 10/10 [16:10<00:00, 97.08s/it]
Task 3, Epoch 10/10 => Loss -0.308, Train_accy 99.04, Test_accy 83.50: 100%|██████████| 10/10 [16:10<00:00, 97.03s/it]
2026-02-09 00:10:20,573 [l2p.py] => Task 3, Epoch 10/10 => Loss -0.308, Train_accy 99.04, Test_accy 83.50
2026-02-09 00:10:46,623 [trainer.py] => CNN: {'total': 83.5, '00-09': 91.9, '10-19': 78.2, '20-29': 86.7, '30-39': 77.2, 'old': 85.6, 'new': 77.2, 'harmonic': 81.18}
2026-02-09 00:10:46,624 [trainer.py] => CNN top1 curve: [98.2, 91.5, 87.7, 83.5]
2026-02-09 00:10:46,624 [trainer.py] => CNN top5 curve: [100.0, 99.4, 99.23, 98.32]
2026-02-09 00:10:46,624 [trainer.py] => Average Accuracy (CNN): 90.225
2026-02-09 00:10:46,624 [l2p.py] => Learning on 40-50

  0%|          | 0/10 [00:00<?, ?it/s]
Task 4, Epoch 1/10 => Loss -0.122, Train_accy 96.44, Test_accy 70.16:   0%|          | 0/10 [01:31<?, ?it/s]
Task 4, Epoch 1/10 => Loss -0.122, Train_accy 96.44, Test_accy 70.16:  10%|█         | 1/10 [01:31<13:41, 91.26s/it]
Task 4, Epoch 2/10 => Loss -0.295, Train_accy 99.04, Test_accy 74.40:  10%|█         | 1/10 [03:25<13:41, 91.26s/it]
Task 4, Epoch 2/10 => Loss -0.295, Train_accy 99.04, Test_accy 74.40:  20%|██        | 2/10 [03:25<13:59, 104.98s/it]
Task 4, Epoch 3/10 => Loss -0.311, Train_accy 99.46, Test_accy 76.06:  20%|██        | 2/10 [05:14<13:59, 104.98s/it]
Task 4, Epoch 3/10 => Loss -0.311, Train_accy 99.46, Test_accy 76.06:  30%|███       | 3/10 [05:14<12:26, 106.70s/it]
Task 4, Epoch 4/10 => Loss -0.319, Train_accy 99.70, Test_accy 78.04:  30%|███       | 3/10 [06:54<12:26, 106.70s/it]
Task 4, Epoch 4/10 => Loss -0.319, Train_accy 99.70, Test_accy 78.04:  40%|████      | 4/10 [06:54<10:23, 103.87s/it]
Task 4, Epoch 5/10 => Loss -0.324, Train_accy 99.80, Test_accy 78.86:  40%|████      | 4/10 [08:41<10:23, 103.87s/it]
Task 4, Epoch 5/10 => Loss -0.324, Train_accy 99.80, Test_accy 78.86:  50%|█████     | 5/10 [08:41<08:45, 105.13s/it]
Task 4, Epoch 6/10 => Loss -0.328, Train_accy 99.94, Test_accy 79.72:  50%|█████     | 5/10 [10:33<08:45, 105.13s/it]
Task 4, Epoch 6/10 => Loss -0.328, Train_accy 99.94, Test_accy 79.72:  60%|██████    | 6/10 [10:33<07:09, 107.33s/it]
Task 4, Epoch 7/10 => Loss -0.331, Train_accy 99.98, Test_accy 80.54:  60%|██████    | 6/10 [12:18<07:09, 107.33s/it]
Task 4, Epoch 7/10 => Loss -0.331, Train_accy 99.98, Test_accy 80.54:  70%|███████   | 7/10 [12:18<05:19, 106.66s/it]
Task 4, Epoch 8/10 => Loss -0.332, Train_accy 99.98, Test_accy 80.66:  70%|███████   | 7/10 [13:59<05:19, 106.66s/it]
Task 4, Epoch 8/10 => Loss -0.332, Train_accy 99.98, Test_accy 80.66:  80%|████████  | 8/10 [13:59<03:29, 104.79s/it]
Task 4, Epoch 9/10 => Loss -0.333, Train_accy 100.00, Test_accy 81.52:  80%|████████  | 8/10 [15:50<03:29, 104.79s/it]
Task 4, Epoch 9/10 => Loss -0.333, Train_accy 100.00, Test_accy 81.52:  90%|█████████ | 9/10 [15:50<01:46, 106.79s/it]
Task 4, Epoch 10/10 => Loss -0.334, Train_accy 100.00, Test_accy 81.48:  90%|█████████ | 9/10 [17:43<01:46, 106.79s/it]
Task 4, Epoch 10/10 => Loss -0.334, Train_accy 100.00, Test_accy 81.48: 100%|██████████| 10/10 [17:43<00:00, 108.65s/it]
Task 4, Epoch 10/10 => Loss -0.334, Train_accy 100.00, Test_accy 81.48: 100%|██████████| 10/10 [17:43<00:00, 106.32s/it]
2026-02-09 00:28:29,830 [l2p.py] => Task 4, Epoch 10/10 => Loss -0.334, Train_accy 100.00, Test_accy 81.48
2026-02-09 00:29:02,828 [trainer.py] => CNN: {'total': 81.48, '00-09': 89.8, '10-19': 72.5, '20-29': 83.9, '30-39': 76.6, '40-49': 84.6, 'old': 80.7, 'new': 84.6, 'harmonic': 82.6}
2026-02-09 00:29:02,828 [trainer.py] => CNN top1 curve: [98.2, 91.5, 87.7, 83.5, 81.48]
2026-02-09 00:29:02,828 [trainer.py] => CNN top5 curve: [100.0, 99.4, 99.23, 98.32, 98.12]
2026-02-09 00:29:02,828 [trainer.py] => Average Accuracy (CNN): 88.476
2026-02-09 00:29:02,828 [l2p.py] => Learning on 50-60

  0%|          | 0/10 [00:00<?, ?it/s]
Task 5, Epoch 1/10 => Loss -0.053, Train_accy 94.20, Test_accy 74.97:   0%|          | 0/10 [02:00<?, ?it/s]
Task 5, Epoch 1/10 => Loss -0.053, Train_accy 94.20, Test_accy 74.97:  10%|█         | 1/10 [02:00<18:05, 120.64s/it]
Task 5, Epoch 2/10 => Loss -0.259, Train_accy 97.60, Test_accy 76.90:  10%|█         | 1/10 [03:39<18:05, 120.64s/it]
Task 5, Epoch 2/10 => Loss -0.259, Train_accy 97.60, Test_accy 76.90:  20%|██        | 2/10 [03:39<14:20, 107.62s/it]
Task 5, Epoch 3/10 => Loss -0.287, Train_accy 98.40, Test_accy 78.70:  20%|██        | 2/10 [05:40<14:20, 107.62s/it]
Task 5, Epoch 3/10 => Loss -0.287, Train_accy 98.40, Test_accy 78.70:  30%|███       | 3/10 [05:40<13:16, 113.73s/it]
Task 5, Epoch 4/10 => Loss -0.302, Train_accy 98.72, Test_accy 79.23:  30%|███       | 3/10 [07:38<13:16, 113.73s/it]
Task 5, Epoch 4/10 => Loss -0.302, Train_accy 98.72, Test_accy 79.23:  40%|████      | 4/10 [07:38<11:32, 115.37s/it]
Task 5, Epoch 5/10 => Loss -0.313, Train_accy 99.30, Test_accy 80.03:  40%|████      | 4/10 [09:19<11:32, 115.37s/it]
Task 5, Epoch 5/10 => Loss -0.313, Train_accy 99.30, Test_accy 80.03:  50%|█████     | 5/10 [09:19<09:10, 110.19s/it]
Task 5, Epoch 6/10 => Loss -0.321, Train_accy 99.50, Test_accy 80.35:  50%|█████     | 5/10 [11:15<09:10, 110.19s/it]
Task 5, Epoch 6/10 => Loss -0.321, Train_accy 99.50, Test_accy 80.35:  60%|██████    | 6/10 [11:15<07:28, 112.22s/it]
Task 5, Epoch 7/10 => Loss -0.327, Train_accy 99.62, Test_accy 80.03:  60%|██████    | 6/10 [12:55<07:28, 112.22s/it]
Task 5, Epoch 7/10 => Loss -0.327, Train_accy 99.62, Test_accy 80.03:  70%|███████   | 7/10 [12:55<05:25, 108.34s/it]
Task 5, Epoch 8/10 => Loss -0.332, Train_accy 99.82, Test_accy 80.03:  70%|███████   | 7/10 [14:53<05:25, 108.34s/it]
Task 5, Epoch 8/10 => Loss -0.332, Train_accy 99.82, Test_accy 80.03:  80%|████████  | 8/10 [14:53<03:42, 111.28s/it]
Task 5, Epoch 9/10 => Loss -0.336, Train_accy 99.96, Test_accy 80.02:  80%|████████  | 8/10 [16:50<03:42, 111.28s/it]
Task 5, Epoch 9/10 => Loss -0.336, Train_accy 99.96, Test_accy 80.02:  90%|█████████ | 9/10 [16:50<01:53, 113.17s/it]
Task 5, Epoch 10/10 => Loss -0.337, Train_accy 99.98, Test_accy 80.23:  90%|█████████ | 9/10 [18:30<01:53, 113.17s/it]
Task 5, Epoch 10/10 => Loss -0.337, Train_accy 99.98, Test_accy 80.23: 100%|██████████| 10/10 [18:30<00:00, 109.25s/it]
Task 5, Epoch 10/10 => Loss -0.337, Train_accy 99.98, Test_accy 80.23: 100%|██████████| 10/10 [18:30<00:00, 111.09s/it]
2026-02-09 00:47:33,807 [l2p.py] => Task 5, Epoch 10/10 => Loss -0.337, Train_accy 99.98, Test_accy 80.23
2026-02-09 00:48:33,137 [trainer.py] => CNN: {'total': 80.23, '00-09': 86.9, '10-19': 77.7, '20-29': 83.4, '30-39': 74.6, '40-49': 77.8, '50-59': 81.0, 'old': 80.08, 'new': 81.0, 'harmonic': 80.54}
2026-02-09 00:48:33,137 [trainer.py] => CNN top1 curve: [98.2, 91.5, 87.7, 83.5, 81.48, 80.23]
2026-02-09 00:48:33,138 [trainer.py] => CNN top5 curve: [100.0, 99.4, 99.23, 98.32, 98.12, 97.77]
2026-02-09 00:48:33,138 [trainer.py] => Average Accuracy (CNN): 87.10166666666667
2026-02-09 00:48:33,138 [l2p.py] => Learning on 60-70

  0%|          | 0/10 [00:00<?, ?it/s]
Task 6, Epoch 1/10 => Loss -0.102, Train_accy 96.00, Test_accy 71.21:   0%|          | 0/10 [01:46<?, ?it/s]
Task 6, Epoch 1/10 => Loss -0.102, Train_accy 96.00, Test_accy 71.21:  10%|█         | 1/10 [01:46<15:58, 106.49s/it]
Task 6, Epoch 2/10 => Loss -0.287, Train_accy 99.02, Test_accy 73.23:  10%|█         | 1/10 [05:43<15:58, 106.49s/it]
Task 6, Epoch 2/10 => Loss -0.287, Train_accy 99.02, Test_accy 73.23:  20%|██        | 2/10 [05:43<24:26, 183.29s/it]
Task 6, Epoch 3/10 => Loss -0.302, Train_accy 99.28, Test_accy 75.20:  20%|██        | 2/10 [09:41<24:26, 183.29s/it]
Task 6, Epoch 3/10 => Loss -0.302, Train_accy 99.28, Test_accy 75.20:  30%|███       | 3/10 [09:41<24:16, 208.05s/it]
Task 6, Epoch 4/10 => Loss -0.311, Train_accy 99.56, Test_accy 76.56:  30%|███       | 3/10 [13:33<24:16, 208.05s/it]
Task 6, Epoch 4/10 => Loss -0.311, Train_accy 99.56, Test_accy 76.56:  40%|████      | 4/10 [13:33<21:46, 217.68s/it]
Task 6, Epoch 5/10 => Loss -0.317, Train_accy 99.76, Test_accy 77.20:  40%|████      | 4/10 [17:25<21:46, 217.68s/it]
Task 6, Epoch 5/10 => Loss -0.317, Train_accy 99.76, Test_accy 77.20:  50%|█████     | 5/10 [17:25<18:33, 222.75s/it]
Task 6, Epoch 6/10 => Loss -0.322, Train_accy 99.90, Test_accy 77.71:  50%|█████     | 5/10 [21:20<18:33, 222.75s/it]
Task 6, Epoch 6/10 => Loss -0.322, Train_accy 99.90, Test_accy 77.71:  60%|██████    | 6/10 [21:20<15:08, 227.17s/it]
Task 6, Epoch 7/10 => Loss -0.325, Train_accy 99.98, Test_accy 78.43:  60%|██████    | 6/10 [25:18<15:08, 227.17s/it]
Task 6, Epoch 7/10 => Loss -0.325, Train_accy 99.98, Test_accy 78.43:  70%|███████   | 7/10 [25:18<11:31, 230.41s/it]
Task 6, Epoch 8/10 => Loss -0.327, Train_accy 99.96, Test_accy 78.81:  70%|███████   | 7/10 [29:15<11:31, 230.41s/it]
Task 6, Epoch 8/10 => Loss -0.327, Train_accy 99.96, Test_accy 78.81:  80%|████████  | 8/10 [29:15<07:45, 232.51s/it]
Task 6, Epoch 9/10 => Loss -0.328, Train_accy 100.00, Test_accy 79.20:  80%|████████  | 8/10 [33:23<07:45, 232.51s/it]
Task 6, Epoch 9/10 => Loss -0.328, Train_accy 100.00, Test_accy 79.20:  90%|█████████ | 9/10 [33:23<03:57, 237.41s/it]
Task 6, Epoch 10/10 => Loss -0.329, Train_accy 100.00, Test_accy 79.13:  90%|█████████ | 9/10 [37:22<03:57, 237.41s/it]
Task 6, Epoch 10/10 => Loss -0.329, Train_accy 100.00, Test_accy 79.13: 100%|██████████| 10/10 [37:22<00:00, 237.92s/it]
Task 6, Epoch 10/10 => Loss -0.329, Train_accy 100.00, Test_accy 79.13: 100%|██████████| 10/10 [37:22<00:00, 224.23s/it]
2026-02-09 01:25:55,506 [l2p.py] => Task 6, Epoch 10/10 => Loss -0.329, Train_accy 100.00, Test_accy 79.13
2026-02-09 01:27:34,639 [trainer.py] => CNN: {'total': 79.13, '00-09': 87.4, '10-19': 75.7, '20-29': 83.5, '30-39': 76.5, '40-49': 74.8, '50-59': 74.5, '60-69': 81.5, 'old': 78.73, 'new': 81.5, 'harmonic': 80.09}
2026-02-09 01:27:34,639 [trainer.py] => CNN top1 curve: [98.2, 91.5, 87.7, 83.5, 81.48, 80.23, 79.13]
2026-02-09 01:27:34,640 [trainer.py] => CNN top5 curve: [100.0, 99.4, 99.23, 98.32, 98.12, 97.77, 97.8]
2026-02-09 01:27:34,640 [trainer.py] => Average Accuracy (CNN): 85.96285714285715
2026-02-09 01:27:34,640 [l2p.py] => Learning on 70-80

  0%|          | 0/10 [00:00<?, ?it/s]
Task 7, Epoch 1/10 => Loss -0.064, Train_accy 94.34, Test_accy 70.86:   0%|          | 0/10 [04:14<?, ?it/s]
Task 7, Epoch 1/10 => Loss -0.064, Train_accy 94.34, Test_accy 70.86:  10%|█         | 1/10 [04:14<38:11, 254.63s/it]
Task 7, Epoch 2/10 => Loss -0.259, Train_accy 97.74, Test_accy 72.09:  10%|█         | 1/10 [08:37<38:11, 254.63s/it]
Task 7, Epoch 2/10 => Loss -0.259, Train_accy 97.74, Test_accy 72.09:  20%|██        | 2/10 [08:37<34:33, 259.22s/it]
Task 7, Epoch 3/10 => Loss -0.282, Train_accy 98.52, Test_accy 72.92:  20%|██        | 2/10 [12:48<34:33, 259.22s/it]
Task 7, Epoch 3/10 => Loss -0.282, Train_accy 98.52, Test_accy 72.92:  30%|███       | 3/10 [12:48<29:48, 255.46s/it]
Task 7, Epoch 4/10 => Loss -0.296, Train_accy 98.98, Test_accy 73.59:  30%|███       | 3/10 [16:59<29:48, 255.46s/it]
Task 7, Epoch 4/10 => Loss -0.296, Train_accy 98.98, Test_accy 73.59:  40%|████      | 4/10 [16:59<25:22, 253.81s/it]
Task 7, Epoch 5/10 => Loss -0.305, Train_accy 99.06, Test_accy 74.58:  40%|████      | 4/10 [21:08<25:22, 253.81s/it]
Task 7, Epoch 5/10 => Loss -0.305, Train_accy 99.06, Test_accy 74.58:  50%|█████     | 5/10 [21:08<20:59, 252.00s/it]
Task 7, Epoch 6/10 => Loss -0.313, Train_accy 99.50, Test_accy 75.31:  50%|█████     | 5/10 [25:18<20:59, 252.00s/it]
Task 7, Epoch 6/10 => Loss -0.313, Train_accy 99.50, Test_accy 75.31:  60%|██████    | 6/10 [25:18<16:45, 251.33s/it]
Task 7, Epoch 7/10 => Loss -0.318, Train_accy 99.50, Test_accy 75.53:  60%|██████    | 6/10 [29:28<16:45, 251.33s/it]
Task 7, Epoch 7/10 => Loss -0.318, Train_accy 99.50, Test_accy 75.53:  70%|███████   | 7/10 [29:28<12:33, 251.10s/it]
Task 7, Epoch 8/10 => Loss -0.323, Train_accy 99.66, Test_accy 75.58:  70%|███████   | 7/10 [33:43<12:33, 251.10s/it]
Task 7, Epoch 8/10 => Loss -0.323, Train_accy 99.66, Test_accy 75.58:  80%|████████  | 8/10 [33:43<08:24, 252.26s/it]
Task 7, Epoch 9/10 => Loss -0.326, Train_accy 99.72, Test_accy 76.06:  80%|████████  | 8/10 [38:01<08:24, 252.26s/it]
Task 7, Epoch 9/10 => Loss -0.326, Train_accy 99.72, Test_accy 76.06:  90%|█████████ | 9/10 [38:01<04:14, 254.01s/it]
Task 7, Epoch 10/10 => Loss -0.329, Train_accy 99.78, Test_accy 76.12:  90%|█████████ | 9/10 [42:11<04:14, 254.01s/it]
Task 7, Epoch 10/10 => Loss -0.329, Train_accy 99.78, Test_accy 76.12: 100%|██████████| 10/10 [42:11<00:00, 252.90s/it]
Task 7, Epoch 10/10 => Loss -0.329, Train_accy 99.78, Test_accy 76.12: 100%|██████████| 10/10 [42:11<00:00, 253.18s/it]
2026-02-09 02:09:46,481 [l2p.py] => Task 7, Epoch 10/10 => Loss -0.329, Train_accy 99.78, Test_accy 76.12
2026-02-09 02:11:48,720 [trainer.py] => CNN: {'total': 76.11, '00-09': 85.3, '10-19': 76.5, '20-29': 81.7, '30-39': 70.4, '40-49': 74.5, '50-59': 74.7, '60-69': 77.9, '70-79': 67.9, 'old': 77.29, 'new': 67.9, 'harmonic': 72.29}
2026-02-09 02:11:48,720 [trainer.py] => CNN top1 curve: [98.2, 91.5, 87.7, 83.5, 81.48, 80.23, 79.13, 76.11]
2026-02-09 02:11:48,720 [trainer.py] => CNN top5 curve: [100.0, 99.4, 99.23, 98.32, 98.12, 97.77, 97.8, 96.82]
2026-02-09 02:11:48,720 [trainer.py] => Average Accuracy (CNN): 84.73125
2026-02-09 02:11:48,721 [l2p.py] => Learning on 80-90

  0%|          | 0/10 [00:00<?, ?it/s]
Task 8, Epoch 1/10 => Loss -0.022, Train_accy 93.16, Test_accy 69.42:   0%|          | 0/10 [04:21<?, ?it/s]
Task 8, Epoch 1/10 => Loss -0.022, Train_accy 93.16, Test_accy 69.42:  10%|█         | 1/10 [04:21<39:09, 261.06s/it]
Task 8, Epoch 2/10 => Loss -0.245, Train_accy 96.80, Test_accy 70.06:  10%|█         | 1/10 [08:46<39:09, 261.06s/it]
Task 8, Epoch 2/10 => Loss -0.245, Train_accy 96.80, Test_accy 70.06:  20%|██        | 2/10 [08:46<35:10, 263.77s/it]
Task 8, Epoch 3/10 => Loss -0.272, Train_accy 97.76, Test_accy 71.28:  20%|██        | 2/10 [13:12<35:10, 263.77s/it]
Task 8, Epoch 3/10 => Loss -0.272, Train_accy 97.76, Test_accy 71.28:  30%|███       | 3/10 [13:12<30:52, 264.61s/it]
Task 8, Epoch 4/10 => Loss -0.291, Train_accy 98.36, Test_accy 72.21:  30%|███       | 3/10 [17:36<30:52, 264.61s/it]
Task 8, Epoch 4/10 => Loss -0.291, Train_accy 98.36, Test_accy 72.21:  40%|████      | 4/10 [17:36<26:27, 264.54s/it]
Task 8, Epoch 5/10 => Loss -0.303, Train_accy 98.64, Test_accy 72.62:  40%|████      | 4/10 [21:59<26:27, 264.54s/it]
Task 8, Epoch 5/10 => Loss -0.303, Train_accy 98.64, Test_accy 72.62:  50%|█████     | 5/10 [21:59<21:59, 263.94s/it]
Task 8, Epoch 6/10 => Loss -0.311, Train_accy 99.18, Test_accy 73.17:  50%|█████     | 5/10 [26:21<21:59, 263.94s/it]
Task 8, Epoch 6/10 => Loss -0.311, Train_accy 99.18, Test_accy 73.17:  60%|██████    | 6/10 [26:21<17:33, 263.38s/it]
Task 8, Epoch 7/10 => Loss -0.317, Train_accy 99.16, Test_accy 73.38:  60%|██████    | 6/10 [30:48<17:33, 263.38s/it]
Task 8, Epoch 7/10 => Loss -0.317, Train_accy 99.16, Test_accy 73.38:  70%|███████   | 7/10 [30:48<13:13, 264.58s/it]
Task 8, Epoch 8/10 => Loss -0.323, Train_accy 99.46, Test_accy 73.37:  70%|███████   | 7/10 [35:19<13:13, 264.58s/it]
Task 8, Epoch 8/10 => Loss -0.323, Train_accy 99.46, Test_accy 73.37:  80%|████████  | 8/10 [35:19<08:53, 266.62s/it]
Task 8, Epoch 9/10 => Loss -0.328, Train_accy 99.70, Test_accy 73.32:  80%|████████  | 8/10 [39:43<08:53, 266.62s/it]
Task 8, Epoch 9/10 => Loss -0.328, Train_accy 99.70, Test_accy 73.32:  90%|█████████ | 9/10 [39:43<04:25, 265.80s/it]
Task 8, Epoch 10/10 => Loss -0.331, Train_accy 99.74, Test_accy 73.83:  90%|█████████ | 9/10 [44:07<04:25, 265.80s/it]
Task 8, Epoch 10/10 => Loss -0.331, Train_accy 99.74, Test_accy 73.83: 100%|██████████| 10/10 [44:07<00:00, 265.19s/it]
Task 8, Epoch 10/10 => Loss -0.331, Train_accy 99.74, Test_accy 73.83: 100%|██████████| 10/10 [44:07<00:00, 264.78s/it]
2026-02-09 02:55:56,541 [l2p.py] => Task 8, Epoch 10/10 => Loss -0.331, Train_accy 99.74, Test_accy 73.83
2026-02-09 02:58:17,094 [trainer.py] => CNN: {'total': 73.83, '00-09': 85.2, '10-19': 74.5, '20-29': 82.1, '30-39': 72.7, '40-49': 72.2, '50-59': 72.1, '60-69': 73.7, '70-79': 64.1, '80-89': 67.9, 'old': 74.58, 'new': 67.9, 'harmonic': 71.08}
2026-02-09 02:58:17,094 [trainer.py] => CNN top1 curve: [98.2, 91.5, 87.7, 83.5, 81.48, 80.23, 79.13, 76.11, 73.83]
2026-02-09 02:58:17,094 [trainer.py] => CNN top5 curve: [100.0, 99.4, 99.23, 98.32, 98.12, 97.77, 97.8, 96.82, 96.36]
2026-02-09 02:58:17,094 [trainer.py] => Average Accuracy (CNN): 83.52000000000001
2026-02-09 02:58:17,094 [l2p.py] => Learning on 90-100

  0%|          | 0/10 [00:00<?, ?it/s]
Task 9, Epoch 1/10 => Loss -0.031, Train_accy 92.70, Test_accy 67.37:   0%|          | 0/10 [04:24<?, ?it/s]
Task 9, Epoch 1/10 => Loss -0.031, Train_accy 92.70, Test_accy 67.37:  10%|█         | 1/10 [04:24<39:37, 264.13s/it]
Task 9, Epoch 2/10 => Loss -0.225, Train_accy 96.34, Test_accy 69.27:  10%|█         | 1/10 [08:17<39:37, 264.13s/it]
Task 9, Epoch 2/10 => Loss -0.225, Train_accy 96.34, Test_accy 69.27:  20%|██        | 2/10 [08:17<32:46, 245.87s/it]
Task 9, Epoch 3/10 => Loss -0.250, Train_accy 97.06, Test_accy 70.42:  20%|██        | 2/10 [12:08<32:46, 245.87s/it]
Task 9, Epoch 3/10 => Loss -0.250, Train_accy 97.06, Test_accy 70.42:  30%|███       | 3/10 [12:08<27:55, 239.37s/it]
Task 9, Epoch 4/10 => Loss -0.268, Train_accy 97.56, Test_accy 70.79:  30%|███       | 3/10 [16:00<27:55, 239.37s/it]
Task 9, Epoch 4/10 => Loss -0.268, Train_accy 97.56, Test_accy 70.79:  40%|████      | 4/10 [16:00<23:38, 236.39s/it]
Task 9, Epoch 5/10 => Loss -0.280, Train_accy 97.96, Test_accy 71.06:  40%|████      | 4/10 [19:52<23:38, 236.39s/it]
Task 9, Epoch 5/10 => Loss -0.280, Train_accy 97.96, Test_accy 71.06:  50%|█████     | 5/10 [19:52<19:33, 234.75s/it]
Task 9, Epoch 6/10 => Loss -0.292, Train_accy 98.44, Test_accy 71.38:  50%|█████     | 5/10 [23:38<19:33, 234.75s/it]
Task 9, Epoch 6/10 => Loss -0.292, Train_accy 98.44, Test_accy 71.38:  60%|██████    | 6/10 [23:38<15:26, 231.62s/it]
Task 9, Epoch 7/10 => Loss -0.299, Train_accy 98.72, Test_accy 71.63:  60%|██████    | 6/10 [27:31<15:26, 231.62s/it]
Task 9, Epoch 7/10 => Loss -0.299, Train_accy 98.72, Test_accy 71.63:  70%|███████   | 7/10 [27:31<11:36, 232.30s/it]
Task 9, Epoch 8/10 => Loss -0.306, Train_accy 98.94, Test_accy 72.38:  70%|███████   | 7/10 [31:26<11:36, 232.30s/it]
Task 9, Epoch 8/10 => Loss -0.306, Train_accy 98.94, Test_accy 72.38:  80%|████████  | 8/10 [31:26<07:45, 232.96s/it]
Task 9, Epoch 9/10 => Loss -0.312, Train_accy 99.18, Test_accy 72.30:  80%|████████  | 8/10 [35:20<07:45, 232.96s/it]
Task 9, Epoch 9/10 => Loss -0.312, Train_accy 99.18, Test_accy 72.30:  90%|█████████ | 9/10 [35:20<03:53, 233.31s/it]
Task 9, Epoch 10/10 => Loss -0.318, Train_accy 99.62, Test_accy 72.48:  90%|█████████ | 9/10 [39:14<03:53, 233.31s/it]
Task 9, Epoch 10/10 => Loss -0.318, Train_accy 99.62, Test_accy 72.48: 100%|██████████| 10/10 [39:14<00:00, 233.60s/it]
Task 9, Epoch 10/10 => Loss -0.318, Train_accy 99.62, Test_accy 72.48: 100%|██████████| 10/10 [39:14<00:00, 235.45s/it]
2026-02-09 03:37:31,656 [l2p.py] => Task 9, Epoch 10/10 => Loss -0.318, Train_accy 99.62, Test_accy 72.48
2026-02-09 03:39:36,802 [trainer.py] => CNN: {'total': 72.47, '00-09': 83.1, '10-19': 72.1, '20-29': 81.8, '30-39': 72.4, '40-49': 72.1, '50-59': 70.0, '60-69': 72.0, '70-79': 65.2, '80-89': 60.6, '90-99': 75.4, 'old': 72.14, 'new': 75.4, 'harmonic': 73.73}
2026-02-09 03:39:36,802 [trainer.py] => CNN top1 curve: [98.2, 91.5, 87.7, 83.5, 81.48, 80.23, 79.13, 76.11, 73.83, 72.47]
2026-02-09 03:39:36,802 [trainer.py] => CNN top5 curve: [100.0, 99.4, 99.23, 98.32, 98.12, 97.77, 97.8, 96.82, 96.36, 94.96]
2026-02-09 03:39:36,802 [trainer.py] => Average Accuracy (CNN): 82.415

========================================
Finished cifar224_init10_inc10
Backbone: OpenCLIP_LAION400M
Average Accuracy (Top1): 82.42
Last Accuracy: 72.47
========================================

2026-02-09 03:39:39,634 [trainer.py] => config: ./configs/l2p/l2p_cifar_B50_Inc10.json
2026-02-09 03:39:39,634 [trainer.py] => prefix:  
2026-02-09 03:39:39,634 [trainer.py] => dataset: cifar224
2026-02-09 03:39:39,634 [trainer.py] => memory_size: 0
2026-02-09 03:39:39,634 [trainer.py] => memory_per_class: 0
2026-02-09 03:39:39,634 [trainer.py] => fixed_memory: False
2026-02-09 03:39:39,634 [trainer.py] => shuffle: True
2026-02-09 03:39:39,634 [trainer.py] => init_cls: 50
2026-02-09 03:39:39,634 [trainer.py] => increment: 10
2026-02-09 03:39:39,634 [trainer.py] => model_name: l2p
2026-02-09 03:39:39,634 [trainer.py] => backbone_type: clip
2026-02-09 03:39:39,634 [trainer.py] => get_original_backbone: True
2026-02-09 03:39:39,634 [trainer.py] => device: [device(type='cuda', index=7)]
2026-02-09 03:39:39,634 [trainer.py] => seed: 1993
2026-02-09 03:39:39,634 [trainer.py] => tuned_epoch: 10
2026-02-09 03:39:39,634 [trainer.py] => init_lr: 0.001875
2026-02-09 03:39:39,634 [trainer.py] => batch_size: 16
2026-02-09 03:39:39,634 [trainer.py] => weight_decay: 0
2026-02-09 03:39:39,634 [trainer.py] => min_lr: 1e-05
2026-02-09 03:39:39,634 [trainer.py] => optimizer: adam
2026-02-09 03:39:39,635 [trainer.py] => scheduler: constant
2026-02-09 03:39:39,635 [trainer.py] => reinit_optimizer: True
2026-02-09 03:39:39,635 [trainer.py] => global_pool: token
2026-02-09 03:39:39,635 [trainer.py] => head_type: prompt
2026-02-09 03:39:39,635 [trainer.py] => freeze: ['blocks', 'patch_embed', 'cls_token', 'norm', 'pos_embed']
2026-02-09 03:39:39,635 [trainer.py] => pretrained: True
2026-02-09 03:39:39,635 [trainer.py] => drop: 0.0
2026-02-09 03:39:39,635 [trainer.py] => drop_path: 0.0
2026-02-09 03:39:39,635 [trainer.py] => prompt_pool: True
2026-02-09 03:39:39,635 [trainer.py] => size: 10
2026-02-09 03:39:39,635 [trainer.py] => length: 5
2026-02-09 03:39:39,635 [trainer.py] => top_k: 5
2026-02-09 03:39:39,635 [trainer.py] => initializer: uniform
2026-02-09 03:39:39,635 [trainer.py] => prompt_key: True
2026-02-09 03:39:39,635 [trainer.py] => prompt_key_init: uniform
2026-02-09 03:39:39,635 [trainer.py] => use_prompt_mask: False
2026-02-09 03:39:39,635 [trainer.py] => shared_prompt_pool: False
2026-02-09 03:39:39,635 [trainer.py] => shared_prompt_key: False
2026-02-09 03:39:39,635 [trainer.py] => batchwise_prompt: True
2026-02-09 03:39:39,635 [trainer.py] => embedding_key: cls
2026-02-09 03:39:39,635 [trainer.py] => predefined_key: 
2026-02-09 03:39:39,635 [trainer.py] => pull_constraint: True
2026-02-09 03:39:39,635 [trainer.py] => pull_constraint_coeff: 0.1
2026-02-09 03:39:39,635 [trainer.py] => nb_classes: 100
2026-02-09 03:39:39,635 [trainer.py] => total_class_num: 100
['apple', 'aquarium fish', 'baby', 'bear', 'beaver', 'bed', 'bee', 'beetle', 'bicycle', 'bottle', 'bowl', 'boy', 'bridge', 'bus', 'butterfly', 'camel', 'can', 'castle', 'caterpillar', 'cattle', 'chair', 'chimpanzee', 'clock', 'cloud', 'cockroach', 'couch', 'crab', 'crocodile', 'cup', 'dinosaur', 'dolphin', 'elephant', 'flatfish', 'forest', 'fox', 'girl', 'hamster', 'house', 'kangaroo', 'keyboard', 'lamp', 'lawn mower', 'leopard', 'lion', 'lizard', 'lobster', 'man', 'maple tree', 'motorcycle', 'mountain', 'mouse', 'mushroom', 'oak tree', 'orange', 'orchid', 'otter', 'palm tree', 'pear', 'pickup truck', 'pine tree', 'plain', 'plate', 'poppy', 'porcupine', 'possum', 'rabbit', 'raccoon', 'ray', 'road', 'rocket', 'rose', 'sea', 'seal', 'shark', 'shrew', 'skunk', 'skyscraper', 'snail', 'snake', 'spider', 'squirrel', 'streetcar', 'sunflower', 'sweet pepper', 'table', 'tank', 'telephone', 'television', 'tiger', 'tractor', 'train', 'trout', 'tulip', 'turtle', 'wardrobe', 'whale', 'willow tree', 'wolf', 'woman', 'worm']
['a photo of a {}.', 'a blurry photo of a {}.', 'a black and white photo of a {}.', 'a low contrast photo of a {}.', 'a high contrast photo of a {}.', 'a bad photo of a {}.', 'a good photo of a {}.', 'a photo of a small {}.', 'a photo of a big {}.', 'a photo of the {}.', 'a blurry photo of the {}.', 'a black and white photo of the {}.', 'a low contrast photo of the {}.', 'a high contrast photo of the {}.', 'a bad photo of the {}.', 'a good photo of the {}.', 'a photo of the small {}.', 'a photo of the big {}.']
2026-02-09 03:39:40,811 [data_manager.py] => [68, 56, 78, 8, 23, 84, 90, 65, 74, 76, 40, 89, 3, 92, 55, 9, 26, 80, 43, 38, 58, 70, 77, 1, 85, 19, 17, 50, 28, 53, 13, 81, 45, 82, 6, 59, 83, 16, 15, 44, 91, 41, 72, 60, 79, 52, 20, 10, 31, 54, 37, 95, 14, 71, 96, 98, 97, 2, 64, 66, 42, 22, 35, 86, 24, 34, 87, 21, 99, 0, 88, 27, 18, 94, 11, 12, 47, 25, 30, 46, 62, 69, 36, 61, 7, 63, 75, 5, 32, 4, 51, 48, 73, 93, 39, 67, 29, 49, 57, 33]
After shuffle, class_to_label is:  ['road', 'palm tree', 'snake', 'bicycle', 'cloud', 'table', 'train', 'rabbit', 'shrew', 'skyscraper', 'lamp', 'tractor', 'bear', 'tulip', 'otter', 'bottle', 'crab', 'squirrel', 'lion', 'kangaroo', 'pickup truck', 'rose', 'snail', 'aquarium fish', 'tank', 'cattle', 'castle', 'mouse', 'cup', 'orange', 'bus', 'streetcar', 'lobster', 'sunflower', 'bee', 'pine tree', 'sweet pepper', 'can', 'camel', 'lizard', 'trout', 'lawn mower', 'seal', 'plain', 'spider', 'oak tree', 'chair', 'bowl', 'elephant', 'orchid', 'house', 'whale', 'butterfly', 'sea', 'willow tree', 'woman', 'wolf', 'baby', 'possum', 'raccoon', 'leopard', 'clock', 'girl', 'telephone', 'cockroach', 'fox', 'television', 'chimpanzee', 'worm', 'apple', 'tiger', 'crocodile', 'caterpillar', 'wardrobe', 'boy', 'bridge', 'maple tree', 'couch', 'dolphin', 'man', 'poppy', 'rocket', 'hamster', 'plate', 'beetle', 'porcupine', 'skunk', 'bed', 'flatfish', 'beaver', 'mushroom', 'motorcycle', 'shark', 'turtle', 'keyboard', 'ray', 'dinosaur', 'mountain', 'pear', 'forest']
Training class stages: [50, 10, 10, 10, 10, 10]
Using CLIP model as the backbone
2026-02-09 03:39:42,367 [instantiator.py] => Created a temporary directory at /tmp/tmpxdidrwic
2026-02-09 03:39:42,367 [instantiator.py] => Writing /tmp/tmpxdidrwic/_remote_module_non_scriptable.py
2026-02-09 03:39:42,505 [factory.py] => Loaded ViT-B-16 model config.
2026-02-09 03:39:44,081 [factory.py] => Loading pretrained ViT-B-16 weights (/home/team/zhaohongwei/pretrained_models/open_clip_pytorch_model_laion400m_e32.bin).
/home/team/zhaohongwei/anaconda3/envs/mmcl/lib/python3.10/site-packages/torch/_utils.py:776: UserWarning: TypedStorage is deprecated. It will be removed in the future and UntypedStorage will be the only storage class. This should only matter to you if you are using storages directly.  To access UntypedStorage directly, use tensor.untyped_storage() instead of tensor.storage()
  return self.fget.__get__(instance, owner)()
2026-02-09 03:39:45,057 [l2p.py] => 86,457,956 model total parameters.
2026-02-09 03:39:45,057 [l2p.py] => 94,820 model training parameters.
2026-02-09 03:39:45,058 [l2p.py] => prompt.prompt: 38400
2026-02-09 03:39:45,058 [l2p.py] => prompt.prompt_key: 5120
2026-02-09 03:39:45,058 [l2p.py] => head.weight: 51200
2026-02-09 03:39:45,058 [l2p.py] => head.bias: 100
2026-02-09 03:39:45,058 [l2p.py] => Learning on 0-50

  0%|          | 0/10 [00:00<?, ?it/s]
Task 0, Epoch 1/10 => Loss 0.368, Train_accy 83.39, Test_accy 89.30:   0%|          | 0/10 [10:04<?, ?it/s]
Task 0, Epoch 1/10 => Loss 0.368, Train_accy 83.39, Test_accy 89.30:  10%|█         | 1/10 [10:04<1:30:40, 604.52s/it]
Task 0, Epoch 2/10 => Loss -0.045, Train_accy 90.71, Test_accy 89.98:  10%|█         | 1/10 [20:07<1:30:40, 604.52s/it]
Task 0, Epoch 2/10 => Loss -0.045, Train_accy 90.71, Test_accy 89.98:  20%|██        | 2/10 [20:07<1:20:30, 603.84s/it]
Task 0, Epoch 3/10 => Loss -0.099, Train_accy 92.17, Test_accy 89.80:  20%|██        | 2/10 [30:12<1:20:30, 603.84s/it]
Task 0, Epoch 3/10 => Loss -0.099, Train_accy 92.17, Test_accy 89.80:  30%|███       | 3/10 [30:12<1:10:27, 603.97s/it]
Task 0, Epoch 4/10 => Loss -0.135, Train_accy 93.41, Test_accy 90.22:  30%|███       | 3/10 [40:16<1:10:27, 603.97s/it]
Task 0, Epoch 4/10 => Loss -0.135, Train_accy 93.41, Test_accy 90.22:  40%|████      | 4/10 [40:16<1:00:24, 604.13s/it]
Task 0, Epoch 5/10 => Loss -0.160, Train_accy 94.16, Test_accy 90.18:  40%|████      | 4/10 [50:21<1:00:24, 604.13s/it]
Task 0, Epoch 5/10 => Loss -0.160, Train_accy 94.16, Test_accy 90.18:  50%|█████     | 5/10 [50:21<50:21, 604.37s/it]  
Task 0, Epoch 6/10 => Loss -0.180, Train_accy 94.91, Test_accy 90.16:  50%|█████     | 5/10 [1:00:25<50:21, 604.37s/it]
Task 0, Epoch 6/10 => Loss -0.180, Train_accy 94.91, Test_accy 90.16:  60%|██████    | 6/10 [1:00:25<40:17, 604.37s/it]
Task 0, Epoch 7/10 => Loss -0.195, Train_accy 95.41, Test_accy 90.04:  60%|██████    | 6/10 [1:10:29<40:17, 604.37s/it]
Task 0, Epoch 7/10 => Loss -0.195, Train_accy 95.41, Test_accy 90.04:  70%|███████   | 7/10 [1:10:29<30:12, 604.31s/it]
Task 0, Epoch 8/10 => Loss -0.210, Train_accy 95.93, Test_accy 90.04:  70%|███████   | 7/10 [1:20:33<30:12, 604.31s/it]
Task 0, Epoch 8/10 => Loss -0.210, Train_accy 95.93, Test_accy 90.04:  80%|████████  | 8/10 [1:20:33<20:08, 604.21s/it]
Task 0, Epoch 9/10 => Loss -0.221, Train_accy 96.15, Test_accy 90.52:  80%|████████  | 8/10 [1:30:37<20:08, 604.21s/it]
Task 0, Epoch 9/10 => Loss -0.221, Train_accy 96.15, Test_accy 90.52:  90%|█████████ | 9/10 [1:30:37<10:04, 604.16s/it]
Task 0, Epoch 10/10 => Loss -0.230, Train_accy 96.52, Test_accy 90.56:  90%|█████████ | 9/10 [1:40:43<10:04, 604.16s/it]
Task 0, Epoch 10/10 => Loss -0.230, Train_accy 96.52, Test_accy 90.56: 100%|██████████| 10/10 [1:40:43<00:00, 604.55s/it]
Task 0, Epoch 10/10 => Loss -0.230, Train_accy 96.52, Test_accy 90.56: 100%|██████████| 10/10 [1:40:43<00:00, 604.32s/it]
2026-02-09 05:20:29,407 [l2p.py] => Task 0, Epoch 10/10 => Loss -0.230, Train_accy 96.52, Test_accy 90.56
2026-02-09 05:21:32,699 [trainer.py] => CNN: {'total': 90.56, '00-09': 92.6, '10-19': 88.7, '20-29': 92.7, '30-39': 89.5, '40-49': 89.3, 'old': 0, 'new': 90.56, 'harmonic': 0.0}
2026-02-09 05:21:32,699 [trainer.py] => CNN top1 curve: [90.56]
2026-02-09 05:21:32,700 [trainer.py] => CNN top5 curve: [99.08]
2026-02-09 05:21:32,700 [trainer.py] => Average Accuracy (CNN): 90.56
2026-02-09 05:21:32,700 [l2p.py] => Learning on 50-60

  0%|          | 0/10 [00:00<?, ?it/s]
Task 1, Epoch 1/10 => Loss 0.487, Train_accy 85.12, Test_accy 78.90:   0%|          | 0/10 [03:04<?, ?it/s]
Task 1, Epoch 1/10 => Loss 0.487, Train_accy 85.12, Test_accy 78.90:  10%|█         | 1/10 [03:04<27:36, 184.10s/it]
Task 1, Epoch 2/10 => Loss -0.096, Train_accy 95.88, Test_accy 81.12:  10%|█         | 1/10 [06:08<27:36, 184.10s/it]
Task 1, Epoch 2/10 => Loss -0.096, Train_accy 95.88, Test_accy 81.12:  20%|██        | 2/10 [06:08<24:33, 184.23s/it]
Task 1, Epoch 3/10 => Loss -0.210, Train_accy 97.10, Test_accy 82.22:  20%|██        | 2/10 [09:12<24:33, 184.23s/it]
Task 1, Epoch 3/10 => Loss -0.210, Train_accy 97.10, Test_accy 82.22:  30%|███       | 3/10 [09:12<21:28, 184.14s/it]
Task 1, Epoch 4/10 => Loss -0.263, Train_accy 97.78, Test_accy 83.15:  30%|███       | 3/10 [12:17<21:28, 184.14s/it]
Task 1, Epoch 4/10 => Loss -0.263, Train_accy 97.78, Test_accy 83.15:  40%|████      | 4/10 [12:17<18:26, 184.37s/it]
Task 1, Epoch 5/10 => Loss -0.290, Train_accy 98.58, Test_accy 83.78:  40%|████      | 4/10 [15:21<18:26, 184.37s/it]
Task 1, Epoch 5/10 => Loss -0.290, Train_accy 98.58, Test_accy 83.78:  50%|█████     | 5/10 [15:21<15:21, 184.28s/it]
Task 1, Epoch 6/10 => Loss -0.301, Train_accy 98.84, Test_accy 84.70:  50%|█████     | 5/10 [18:25<15:21, 184.28s/it]
Task 1, Epoch 6/10 => Loss -0.301, Train_accy 98.84, Test_accy 84.70:  60%|██████    | 6/10 [18:25<12:17, 184.29s/it]
Task 1, Epoch 7/10 => Loss -0.311, Train_accy 99.30, Test_accy 84.80:  60%|██████    | 6/10 [21:29<12:17, 184.29s/it]
Task 1, Epoch 7/10 => Loss -0.311, Train_accy 99.30, Test_accy 84.80:  70%|███████   | 7/10 [21:29<09:12, 184.20s/it]
Task 1, Epoch 8/10 => Loss -0.317, Train_accy 99.26, Test_accy 85.30:  70%|███████   | 7/10 [24:33<09:12, 184.20s/it]
Task 1, Epoch 8/10 => Loss -0.317, Train_accy 99.26, Test_accy 85.30:  80%|████████  | 8/10 [24:33<06:08, 184.08s/it]
Task 1, Epoch 9/10 => Loss -0.324, Train_accy 99.68, Test_accy 85.97:  80%|████████  | 8/10 [27:37<06:08, 184.08s/it]
Task 1, Epoch 9/10 => Loss -0.324, Train_accy 99.68, Test_accy 85.97:  90%|█████████ | 9/10 [27:37<03:04, 184.21s/it]
Task 1, Epoch 10/10 => Loss -0.329, Train_accy 99.86, Test_accy 86.35:  90%|█████████ | 9/10 [30:41<03:04, 184.21s/it]
Task 1, Epoch 10/10 => Loss -0.329, Train_accy 99.86, Test_accy 86.35: 100%|██████████| 10/10 [30:41<00:00, 184.09s/it]
Task 1, Epoch 10/10 => Loss -0.329, Train_accy 99.86, Test_accy 86.35: 100%|██████████| 10/10 [30:41<00:00, 184.18s/it]
2026-02-09 05:52:14,546 [l2p.py] => Task 1, Epoch 10/10 => Loss -0.329, Train_accy 99.86, Test_accy 86.35
2026-02-09 05:53:29,856 [trainer.py] => CNN: {'total': 86.35, '00-09': 91.6, '10-19': 87.5, '20-29': 91.5, '30-39': 89.2, '40-49': 86.8, '50-59': 71.5, 'old': 89.32, 'new': 71.5, 'harmonic': 79.42}
2026-02-09 05:53:29,856 [trainer.py] => CNN top1 curve: [90.56, 86.35]
2026-02-09 05:53:29,856 [trainer.py] => CNN top5 curve: [99.08, 98.52]
2026-02-09 05:53:29,856 [trainer.py] => Average Accuracy (CNN): 88.455
2026-02-09 05:53:29,856 [l2p.py] => Learning on 60-70

  0%|          | 0/10 [00:00<?, ?it/s]
Task 2, Epoch 1/10 => Loss -0.088, Train_accy 95.66, Test_accy 73.76:   0%|          | 0/10 [03:16<?, ?it/s]
Task 2, Epoch 1/10 => Loss -0.088, Train_accy 95.66, Test_accy 73.76:  10%|█         | 1/10 [03:16<29:32, 196.92s/it]
Task 2, Epoch 2/10 => Loss -0.282, Train_accy 98.90, Test_accy 75.54:  10%|█         | 1/10 [06:33<29:32, 196.92s/it]
Task 2, Epoch 2/10 => Loss -0.282, Train_accy 98.90, Test_accy 75.54:  20%|██        | 2/10 [06:33<26:15, 197.00s/it]
Task 2, Epoch 3/10 => Loss -0.301, Train_accy 99.38, Test_accy 76.97:  20%|██        | 2/10 [09:50<26:15, 197.00s/it]
Task 2, Epoch 3/10 => Loss -0.301, Train_accy 99.38, Test_accy 76.97:  30%|███       | 3/10 [09:50<22:58, 196.98s/it]
Task 2, Epoch 4/10 => Loss -0.311, Train_accy 99.58, Test_accy 78.39:  30%|███       | 3/10 [12:59<22:58, 196.98s/it]
Task 2, Epoch 4/10 => Loss -0.311, Train_accy 99.58, Test_accy 78.39:  40%|████      | 4/10 [12:59<19:23, 193.84s/it]
Task 2, Epoch 5/10 => Loss -0.317, Train_accy 99.76, Test_accy 79.20:  40%|████      | 4/10 [16:18<19:23, 193.84s/it]
Task 2, Epoch 5/10 => Loss -0.317, Train_accy 99.76, Test_accy 79.20:  50%|█████     | 5/10 [16:18<16:18, 195.62s/it]
Task 2, Epoch 6/10 => Loss -0.322, Train_accy 99.84, Test_accy 79.77:  50%|█████     | 5/10 [19:36<16:18, 195.62s/it]
Task 2, Epoch 6/10 => Loss -0.322, Train_accy 99.84, Test_accy 79.77:  60%|██████    | 6/10 [19:36<13:05, 196.26s/it]
Task 2, Epoch 7/10 => Loss -0.325, Train_accy 99.92, Test_accy 80.94:  60%|██████    | 6/10 [22:53<13:05, 196.26s/it]
Task 2, Epoch 7/10 => Loss -0.325, Train_accy 99.92, Test_accy 80.94:  70%|███████   | 7/10 [22:53<09:49, 196.64s/it]
Task 2, Epoch 8/10 => Loss -0.327, Train_accy 99.98, Test_accy 81.39:  70%|███████   | 7/10 [26:12<09:49, 196.64s/it]
Task 2, Epoch 8/10 => Loss -0.327, Train_accy 99.98, Test_accy 81.39:  80%|████████  | 8/10 [26:12<06:34, 197.37s/it]
Task 2, Epoch 9/10 => Loss -0.328, Train_accy 99.98, Test_accy 81.51:  80%|████████  | 8/10 [29:30<06:34, 197.37s/it]
Task 2, Epoch 9/10 => Loss -0.328, Train_accy 99.98, Test_accy 81.51:  90%|█████████ | 9/10 [29:30<03:17, 197.48s/it]
Task 2, Epoch 10/10 => Loss -0.326, Train_accy 99.88, Test_accy 81.34:  90%|█████████ | 9/10 [32:48<03:17, 197.48s/it]
Task 2, Epoch 10/10 => Loss -0.326, Train_accy 99.88, Test_accy 81.34: 100%|██████████| 10/10 [32:48<00:00, 197.66s/it]
Task 2, Epoch 10/10 => Loss -0.326, Train_accy 99.88, Test_accy 81.34: 100%|██████████| 10/10 [32:48<00:00, 196.84s/it]
2026-02-09 06:26:18,345 [l2p.py] => Task 2, Epoch 10/10 => Loss -0.326, Train_accy 99.88, Test_accy 81.34
2026-02-09 06:27:46,588 [trainer.py] => CNN: {'total': 81.34, '00-09': 89.9, '10-19': 86.3, '20-29': 89.5, '30-39': 85.3, '40-49': 83.7, '50-59': 64.7, '60-69': 70.0, 'old': 83.23, 'new': 70.0, 'harmonic': 76.04}
2026-02-09 06:27:46,589 [trainer.py] => CNN top1 curve: [90.56, 86.35, 81.34]
2026-02-09 06:27:46,589 [trainer.py] => CNN top5 curve: [99.08, 98.52, 97.87]
2026-02-09 06:27:46,589 [trainer.py] => Average Accuracy (CNN): 86.08333333333333
2026-02-09 06:27:46,589 [l2p.py] => Learning on 70-80

  0%|          | 0/10 [00:00<?, ?it/s]
Task 3, Epoch 1/10 => Loss -0.065, Train_accy 94.94, Test_accy 71.53:   0%|          | 0/10 [03:30<?, ?it/s]
Task 3, Epoch 1/10 => Loss -0.065, Train_accy 94.94, Test_accy 71.53:  10%|█         | 1/10 [03:30<31:35, 210.63s/it]
Task 3, Epoch 2/10 => Loss -0.259, Train_accy 97.68, Test_accy 71.92:  10%|█         | 1/10 [07:01<31:35, 210.63s/it]
Task 3, Epoch 2/10 => Loss -0.259, Train_accy 97.68, Test_accy 71.92:  20%|██        | 2/10 [07:01<28:07, 210.88s/it]
Task 3, Epoch 3/10 => Loss -0.280, Train_accy 98.36, Test_accy 72.78:  20%|██        | 2/10 [10:32<28:07, 210.88s/it]
Task 3, Epoch 3/10 => Loss -0.280, Train_accy 98.36, Test_accy 72.78:  30%|███       | 3/10 [10:32<24:34, 210.69s/it]
Task 3, Epoch 4/10 => Loss -0.291, Train_accy 98.66, Test_accy 73.55:  30%|███       | 3/10 [14:02<24:34, 210.69s/it]
Task 3, Epoch 4/10 => Loss -0.291, Train_accy 98.66, Test_accy 73.55:  40%|████      | 4/10 [14:02<21:03, 210.51s/it]
Task 3, Epoch 5/10 => Loss -0.299, Train_accy 98.88, Test_accy 74.06:  40%|████      | 4/10 [17:34<21:03, 210.51s/it]
Task 3, Epoch 5/10 => Loss -0.299, Train_accy 98.88, Test_accy 74.06:  50%|█████     | 5/10 [17:34<17:35, 211.07s/it]
Task 3, Epoch 6/10 => Loss -0.309, Train_accy 99.10, Test_accy 74.61:  50%|█████     | 5/10 [21:04<17:35, 211.07s/it]
Task 3, Epoch 6/10 => Loss -0.309, Train_accy 99.10, Test_accy 74.61:  60%|██████    | 6/10 [21:04<14:03, 210.81s/it]
Task 3, Epoch 7/10 => Loss -0.314, Train_accy 99.40, Test_accy 75.22:  60%|██████    | 6/10 [24:35<14:03, 210.81s/it]
Task 3, Epoch 7/10 => Loss -0.314, Train_accy 99.40, Test_accy 75.22:  70%|███████   | 7/10 [24:35<10:31, 210.65s/it]
Task 3, Epoch 8/10 => Loss -0.317, Train_accy 99.50, Test_accy 76.26:  70%|███████   | 7/10 [28:06<10:31, 210.65s/it]
Task 3, Epoch 8/10 => Loss -0.317, Train_accy 99.50, Test_accy 76.26:  80%|████████  | 8/10 [28:06<07:01, 210.82s/it]
Task 3, Epoch 9/10 => Loss -0.321, Train_accy 99.54, Test_accy 76.62:  80%|████████  | 8/10 [31:33<07:01, 210.82s/it]
Task 3, Epoch 9/10 => Loss -0.321, Train_accy 99.54, Test_accy 76.62:  90%|█████████ | 9/10 [31:33<03:29, 209.75s/it]
Task 3, Epoch 10/10 => Loss -0.323, Train_accy 99.54, Test_accy 76.58:  90%|█████████ | 9/10 [35:02<03:29, 209.75s/it]
Task 3, Epoch 10/10 => Loss -0.323, Train_accy 99.54, Test_accy 76.58: 100%|██████████| 10/10 [35:02<00:00, 209.41s/it]
Task 3, Epoch 10/10 => Loss -0.323, Train_accy 99.54, Test_accy 76.58: 100%|██████████| 10/10 [35:02<00:00, 210.23s/it]
2026-02-09 07:02:48,961 [l2p.py] => Task 3, Epoch 10/10 => Loss -0.323, Train_accy 99.54, Test_accy 76.58
2026-02-09 07:04:28,985 [trainer.py] => CNN: {'total': 76.58, '00-09': 88.4, '10-19': 84.8, '20-29': 89.4, '30-39': 85.5, '40-49': 84.3, '50-59': 66.4, '60-69': 65.8, '70-79': 48.0, 'old': 80.66, 'new': 48.0, 'harmonic': 60.18}
2026-02-09 07:04:28,986 [trainer.py] => CNN top1 curve: [90.56, 86.35, 81.34, 76.58]
2026-02-09 07:04:28,986 [trainer.py] => CNN top5 curve: [99.08, 98.52, 97.87, 97.39]
2026-02-09 07:04:28,986 [trainer.py] => Average Accuracy (CNN): 83.7075
2026-02-09 07:04:28,986 [l2p.py] => Learning on 80-90

  0%|          | 0/10 [00:00<?, ?it/s]
Task 4, Epoch 1/10 => Loss 0.007, Train_accy 92.86, Test_accy 68.67:   0%|          | 0/10 [03:41<?, ?it/s]
Task 4, Epoch 1/10 => Loss 0.007, Train_accy 92.86, Test_accy 68.67:  10%|█         | 1/10 [03:41<33:15, 221.70s/it]
Task 4, Epoch 2/10 => Loss -0.233, Train_accy 96.70, Test_accy 69.60:  10%|█         | 1/10 [07:23<33:15, 221.70s/it]
Task 4, Epoch 2/10 => Loss -0.233, Train_accy 96.70, Test_accy 69.60:  20%|██        | 2/10 [07:23<29:34, 221.83s/it]
Task 4, Epoch 3/10 => Loss -0.265, Train_accy 97.52, Test_accy 70.08:  20%|██        | 2/10 [11:05<29:34, 221.83s/it]
Task 4, Epoch 3/10 => Loss -0.265, Train_accy 97.52, Test_accy 70.08:  30%|███       | 3/10 [11:05<25:52, 221.79s/it]
Task 4, Epoch 4/10 => Loss -0.282, Train_accy 98.12, Test_accy 70.72:  30%|███       | 3/10 [14:46<25:52, 221.79s/it]
Task 4, Epoch 4/10 => Loss -0.282, Train_accy 98.12, Test_accy 70.72:  40%|████      | 4/10 [14:46<22:10, 221.73s/it]
Task 4, Epoch 5/10 => Loss -0.294, Train_accy 98.64, Test_accy 70.97:  40%|████      | 4/10 [18:28<22:10, 221.73s/it]
Task 4, Epoch 5/10 => Loss -0.294, Train_accy 98.64, Test_accy 70.97:  50%|█████     | 5/10 [18:28<18:29, 221.81s/it]
Task 4, Epoch 6/10 => Loss -0.300, Train_accy 98.60, Test_accy 71.30:  50%|█████     | 5/10 [22:11<18:29, 221.81s/it]
Task 4, Epoch 6/10 => Loss -0.300, Train_accy 98.60, Test_accy 71.30:  60%|██████    | 6/10 [22:11<14:48, 222.06s/it]
Task 4, Epoch 7/10 => Loss -0.308, Train_accy 98.84, Test_accy 71.66:  60%|██████    | 6/10 [25:53<14:48, 222.06s/it]
Task 4, Epoch 7/10 => Loss -0.308, Train_accy 98.84, Test_accy 71.66:  70%|███████   | 7/10 [25:53<11:06, 222.05s/it]
Task 4, Epoch 8/10 => Loss -0.315, Train_accy 99.26, Test_accy 71.96:  70%|███████   | 7/10 [29:35<11:06, 222.05s/it]
Task 4, Epoch 8/10 => Loss -0.315, Train_accy 99.26, Test_accy 71.96:  80%|████████  | 8/10 [29:35<07:23, 221.92s/it]
Task 4, Epoch 9/10 => Loss -0.318, Train_accy 99.30, Test_accy 72.81:  80%|████████  | 8/10 [33:16<07:23, 221.92s/it]
Task 4, Epoch 9/10 => Loss -0.318, Train_accy 99.30, Test_accy 72.81:  90%|█████████ | 9/10 [33:16<03:41, 221.84s/it]
Task 4, Epoch 10/10 => Loss -0.323, Train_accy 99.52, Test_accy 72.83:  90%|█████████ | 9/10 [36:58<03:41, 221.84s/it]
Task 4, Epoch 10/10 => Loss -0.323, Train_accy 99.52, Test_accy 72.83: 100%|██████████| 10/10 [36:58<00:00, 221.84s/it]
Task 4, Epoch 10/10 => Loss -0.323, Train_accy 99.52, Test_accy 72.83: 100%|██████████| 10/10 [36:58<00:00, 221.87s/it]
2026-02-09 07:41:27,725 [l2p.py] => Task 4, Epoch 10/10 => Loss -0.323, Train_accy 99.52, Test_accy 72.83
2026-02-09 07:43:20,492 [trainer.py] => CNN: {'total': 72.83, '00-09': 89.7, '10-19': 85.6, '20-29': 89.8, '30-39': 88.0, '40-49': 86.4, '50-59': 66.1, '60-69': 65.0, '70-79': 41.1, '80-89': 43.8, 'old': 76.46, 'new': 43.8, 'harmonic': 55.7}
2026-02-09 07:43:20,493 [trainer.py] => CNN top1 curve: [90.56, 86.35, 81.34, 76.58, 72.83]
2026-02-09 07:43:20,493 [trainer.py] => CNN top5 curve: [99.08, 98.52, 97.87, 97.39, 96.57]
2026-02-09 07:43:20,493 [trainer.py] => Average Accuracy (CNN): 81.532
2026-02-09 07:43:20,493 [l2p.py] => Learning on 90-100

  0%|          | 0/10 [00:00<?, ?it/s]
Task 5, Epoch 1/10 => Loss -0.031, Train_accy 92.44, Test_accy 66.06:   0%|          | 0/10 [03:54<?, ?it/s]
Task 5, Epoch 1/10 => Loss -0.031, Train_accy 92.44, Test_accy 66.06:  10%|█         | 1/10 [03:54<35:08, 234.32s/it]
Task 5, Epoch 2/10 => Loss -0.228, Train_accy 96.18, Test_accy 66.73:  10%|█         | 1/10 [07:48<35:08, 234.32s/it]
Task 5, Epoch 2/10 => Loss -0.228, Train_accy 96.18, Test_accy 66.73:  20%|██        | 2/10 [07:48<31:12, 234.12s/it]
Task 5, Epoch 3/10 => Loss -0.256, Train_accy 97.00, Test_accy 67.57:  20%|██        | 2/10 [11:42<31:12, 234.12s/it]
Task 5, Epoch 3/10 => Loss -0.256, Train_accy 97.00, Test_accy 67.57:  30%|███       | 3/10 [11:42<27:20, 234.29s/it]
Task 5, Epoch 4/10 => Loss -0.273, Train_accy 97.78, Test_accy 68.03:  30%|███       | 3/10 [15:37<27:20, 234.29s/it]
Task 5, Epoch 4/10 => Loss -0.273, Train_accy 97.78, Test_accy 68.03:  40%|████      | 4/10 [15:37<23:26, 234.39s/it]
Task 5, Epoch 5/10 => Loss -0.286, Train_accy 98.20, Test_accy 68.74:  40%|████      | 4/10 [19:32<23:26, 234.39s/it]
Task 5, Epoch 5/10 => Loss -0.286, Train_accy 98.20, Test_accy 68.74:  50%|█████     | 5/10 [19:32<19:32, 234.53s/it]
Task 5, Epoch 6/10 => Loss -0.297, Train_accy 98.66, Test_accy 69.05:  50%|█████     | 5/10 [23:26<19:32, 234.53s/it]
Task 5, Epoch 6/10 => Loss -0.297, Train_accy 98.66, Test_accy 69.05:  60%|██████    | 6/10 [23:26<15:38, 234.50s/it]
Task 5, Epoch 7/10 => Loss -0.304, Train_accy 99.00, Test_accy 69.43:  60%|██████    | 6/10 [27:20<15:38, 234.50s/it]
Task 5, Epoch 7/10 => Loss -0.304, Train_accy 99.00, Test_accy 69.43:  70%|███████   | 7/10 [27:20<11:43, 234.37s/it]
Task 5, Epoch 8/10 => Loss -0.311, Train_accy 99.26, Test_accy 69.72:  70%|███████   | 7/10 [31:14<11:43, 234.37s/it]
Task 5, Epoch 8/10 => Loss -0.311, Train_accy 99.26, Test_accy 69.72:  80%|████████  | 8/10 [31:14<07:48, 234.28s/it]
Task 5, Epoch 9/10 => Loss -0.316, Train_accy 99.40, Test_accy 70.07:  80%|████████  | 8/10 [35:09<07:48, 234.28s/it]
Task 5, Epoch 9/10 => Loss -0.316, Train_accy 99.40, Test_accy 70.07:  90%|█████████ | 9/10 [35:09<03:54, 234.33s/it]
Task 5, Epoch 10/10 => Loss -0.321, Train_accy 99.44, Test_accy 70.27:  90%|█████████ | 9/10 [39:03<03:54, 234.33s/it]
Task 5, Epoch 10/10 => Loss -0.321, Train_accy 99.44, Test_accy 70.27: 100%|██████████| 10/10 [39:03<00:00, 234.36s/it]
Task 5, Epoch 10/10 => Loss -0.321, Train_accy 99.44, Test_accy 70.27: 100%|██████████| 10/10 [39:03<00:00, 234.36s/it]
2026-02-09 08:22:24,196 [l2p.py] => Task 5, Epoch 10/10 => Loss -0.321, Train_accy 99.44, Test_accy 70.27
2026-02-09 08:24:29,675 [trainer.py] => CNN: {'total': 70.27, '00-09': 88.3, '10-19': 85.0, '20-29': 90.0, '30-39': 88.7, '40-49': 86.0, '50-59': 65.2, '60-69': 61.4, '70-79': 41.5, '80-89': 44.4, '90-99': 52.2, 'old': 72.28, 'new': 52.2, 'harmonic': 60.62}
2026-02-09 08:24:29,675 [trainer.py] => CNN top1 curve: [90.56, 86.35, 81.34, 76.58, 72.83, 70.27]
2026-02-09 08:24:29,675 [trainer.py] => CNN top5 curve: [99.08, 98.52, 97.87, 97.39, 96.57, 95.98]
2026-02-09 08:24:29,675 [trainer.py] => Average Accuracy (CNN): 79.65499999999999

========================================
Finished cifar224_init50_inc10
Backbone: OpenCLIP_LAION400M
Average Accuracy (Top1): 79.65
Last Accuracy: 70.27
========================================

2026-02-09 08:24:32,548 [trainer.py] => config: ./configs/l2p/l2p_cars_B0_Inc10.json
2026-02-09 08:24:32,548 [trainer.py] => prefix:  
2026-02-09 08:24:32,548 [trainer.py] => dataset: cars
2026-02-09 08:24:32,548 [trainer.py] => memory_size: 0
2026-02-09 08:24:32,548 [trainer.py] => memory_per_class: 0
2026-02-09 08:24:32,548 [trainer.py] => fixed_memory: False
2026-02-09 08:24:32,548 [trainer.py] => shuffle: True
2026-02-09 08:24:32,548 [trainer.py] => init_cls: 10
2026-02-09 08:24:32,548 [trainer.py] => increment: 10
2026-02-09 08:24:32,548 [trainer.py] => model_name: l2p
2026-02-09 08:24:32,548 [trainer.py] => backbone_type: clip
2026-02-09 08:24:32,549 [trainer.py] => get_original_backbone: True
2026-02-09 08:24:32,549 [trainer.py] => device: [device(type='cuda', index=7)]
2026-02-09 08:24:32,549 [trainer.py] => seed: 1993
2026-02-09 08:24:32,549 [trainer.py] => tuned_epoch: 10
2026-02-09 08:24:32,549 [trainer.py] => init_lr: 0.001875
2026-02-09 08:24:32,549 [trainer.py] => batch_size: 16
2026-02-09 08:24:32,549 [trainer.py] => weight_decay: 0
2026-02-09 08:24:32,549 [trainer.py] => min_lr: 1e-05
2026-02-09 08:24:32,549 [trainer.py] => optimizer: adam
2026-02-09 08:24:32,549 [trainer.py] => scheduler: constant
2026-02-09 08:24:32,549 [trainer.py] => reinit_optimizer: True
2026-02-09 08:24:32,549 [trainer.py] => global_pool: token
2026-02-09 08:24:32,549 [trainer.py] => head_type: prompt
2026-02-09 08:24:32,549 [trainer.py] => freeze: ['blocks', 'patch_embed', 'cls_token', 'norm', 'pos_embed']
2026-02-09 08:24:32,549 [trainer.py] => pretrained: True
2026-02-09 08:24:32,549 [trainer.py] => drop: 0.0
2026-02-09 08:24:32,549 [trainer.py] => drop_path: 0.0
2026-02-09 08:24:32,549 [trainer.py] => prompt_pool: True
2026-02-09 08:24:32,549 [trainer.py] => size: 10
2026-02-09 08:24:32,549 [trainer.py] => length: 5
2026-02-09 08:24:32,549 [trainer.py] => top_k: 5
2026-02-09 08:24:32,549 [trainer.py] => initializer: uniform
2026-02-09 08:24:32,549 [trainer.py] => prompt_key: True
2026-02-09 08:24:32,549 [trainer.py] => prompt_key_init: uniform
2026-02-09 08:24:32,549 [trainer.py] => use_prompt_mask: False
2026-02-09 08:24:32,549 [trainer.py] => shared_prompt_pool: False
2026-02-09 08:24:32,549 [trainer.py] => shared_prompt_key: False
2026-02-09 08:24:32,549 [trainer.py] => batchwise_prompt: True
2026-02-09 08:24:32,549 [trainer.py] => embedding_key: cls
2026-02-09 08:24:32,549 [trainer.py] => predefined_key: 
2026-02-09 08:24:32,549 [trainer.py] => pull_constraint: True
2026-02-09 08:24:32,550 [trainer.py] => pull_constraint_coeff: 0.1
2026-02-09 08:24:32,550 [trainer.py] => nb_classes: 100
2026-02-09 08:24:32,550 [trainer.py] => total_class_num: 100
['AM General Hummer SUV 2000', 'Acura Integra Type R 2001', 'Acura RL Sedan 2012', 'Acura TL Sedan 2012', 'Acura TL Type-S 2008', 'Acura TSX Sedan 2012', 'Acura ZDX Hatchback 2012', 'Aston Martin V8 Vantage Convertible 2012', 'Aston Martin V8 Vantage Coupe 2012', 'Aston Martin Virage Convertible 2012', 'Aston Martin Virage Coupe 2012', 'Audi 100 Sedan 1994', 'Audi 100 Wagon 1994', 'Audi A5 Coupe 2012', 'Audi R8 Coupe 2012', 'Audi RS 4 Convertible 2008', 'Audi S4 Sedan 2007', 'Audi S4 Sedan 2012', 'Audi S5 Convertible 2012', 'Audi S5 Coupe 2012', 'Audi S6 Sedan 2011', 'Audi TTS Coupe 2012', 'Audi TT Hatchback 2011', 'Audi TT RS Coupe 2012', 'Audi V8 Sedan 1994', 'BMW 1 Series Convertible 2012', 'BMW 1 Series Coupe 2012', 'BMW 3 Series Sedan 2012', 'BMW 3 Series Wagon 2012', 'BMW 6 Series Convertible 2007', 'BMW ActiveHybrid 5 Sedan 2012', 'BMW M3 Coupe 2012', 'BMW M5 Sedan 2010', 'BMW M6 Convertible 2010', 'BMW X3 SUV 2012', 'BMW X5 SUV 2007', 'BMW X6 SUV 2012', 'BMW Z4 Convertible 2012', 'Bentley Arnage Sedan 2009', 'Bentley Continental Flying Spur Sedan 2007', 'Bentley Continental GT Coupe 2007', 'Bentley Continental GT Coupe 2012', 'Bentley Continental Supersports Conv. Convertible 2012', 'Bentley Mulsanne Sedan 2011', 'Bugatti Veyron 16.4 Convertible 2009', 'Bugatti Veyron 16.4 Coupe 2009', 'Buick Enclave SUV 2012', 'Buick Rainier SUV 2007', 'Buick Regal GS 2012', 'Buick Verano Sedan 2012', 'Cadillac CTS-V Sedan 2012', 'Cadillac Escalade EXT Crew Cab 2007', 'Cadillac SRX SUV 2012', 'Chevrolet Avalanche Crew Cab 2012', 'Chevrolet Camaro Convertible 2012', 'Chevrolet Cobalt SS 2010', 'Chevrolet Corvette Convertible 2012', 'Chevrolet Corvette Ron Fellows Edition Z06 2007', 'Chevrolet Corvette ZR1 2012', 'Chevrolet Express Cargo Van 2007', 'Chevrolet Express Van 2007', 'Chevrolet HHR SS 2010', 'Chevrolet Impala Sedan 2007', 'Chevrolet Malibu Hybrid Sedan 2010', 'Chevrolet Malibu Sedan 2007', 'Chevrolet Monte Carlo Coupe 2007', 'Chevrolet Silverado 1500 Classic Extended Cab 2007', 'Chevrolet Silverado 1500 Extended Cab 2012', 'Chevrolet Silverado 1500 Hybrid Crew Cab 2012', 'Chevrolet Silverado 1500 Regular Cab 2012', 'Chevrolet Silverado 2500HD Regular Cab 2012', 'Chevrolet Sonic Sedan 2012', 'Chevrolet Tahoe Hybrid SUV 2012', 'Chevrolet TrailBlazer SS 2009', 'Chevrolet Traverse SUV 2012', 'Chrysler 300 SRT-8 2010', 'Chrysler Aspen SUV 2009', 'Chrysler Crossfire Convertible 2008', 'Chrysler PT Cruiser Convertible 2008', 'Chrysler Sebring Convertible 2010', 'Chrysler Town and Country Minivan 2012', 'Daewoo Nubira Wagon 2002', 'Dodge Caliber Wagon 2007', 'Dodge Caliber Wagon 2012', 'Dodge Caravan Minivan 1997', 'Dodge Challenger SRT8 2011', 'Dodge Charger SRT-8 2009', 'Dodge Charger Sedan 2012', 'Dodge Dakota Club Cab 2007', 'Dodge Dakota Crew Cab 2010', 'Dodge Durango SUV 2007', 'Dodge Durango SUV 2012', 'Dodge Journey SUV 2012', 'Dodge Magnum Wagon 2008', 'Dodge Ram Pickup 3500 Crew Cab 2010', 'Dodge Ram Pickup 3500 Quad Cab 2009', 'Dodge Sprinter Cargo Van 2009', 'Eagle Talon Hatchback 1998', 'FIAT 500 Abarth 2012', 'FIAT 500 Convertible 2012', 'Ferrari 458 Italia Convertible 2012', 'Ferrari 458 Italia Coupe 2012']
['a photo of a {}.', 'a photo of the {}.', 'a photo of my {}.', 'i love my {}!', 'a photo of my dirty {}.', 'a photo of my clean {}.', 'a photo of my new {}.', 'a photo of my old {}.']
{'AM_General_Hummer_SUV_2000': 0, 'Acura_Integra_Type_R_2001': 1, 'Acura_RL_Sedan_2012': 2, 'Acura_TL_Sedan_2012': 3, 'Acura_TL_Type-S_2008': 4, 'Acura_TSX_Sedan_2012': 5, 'Acura_ZDX_Hatchback_2012': 6, 'Aston_Martin_V8_Vantage_Convertible_2012': 7, 'Aston_Martin_V8_Vantage_Coupe_2012': 8, 'Aston_Martin_Virage_Convertible_2012': 9, 'Aston_Martin_Virage_Coupe_2012': 10, 'Audi_100_Sedan_1994': 11, 'Audi_100_Wagon_1994': 12, 'Audi_A5_Coupe_2012': 13, 'Audi_R8_Coupe_2012': 14, 'Audi_RS_4_Convertible_2008': 15, 'Audi_S4_Sedan_2007': 16, 'Audi_S4_Sedan_2012': 17, 'Audi_S5_Convertible_2012': 18, 'Audi_S5_Coupe_2012': 19, 'Audi_S6_Sedan_2011': 20, 'Audi_TTS_Coupe_2012': 21, 'Audi_TT_Hatchback_2011': 22, 'Audi_TT_RS_Coupe_2012': 23, 'Audi_V8_Sedan_1994': 24, 'BMW_1_Series_Convertible_2012': 25, 'BMW_1_Series_Coupe_2012': 26, 'BMW_3_Series_Sedan_2012': 27, 'BMW_3_Series_Wagon_2012': 28, 'BMW_6_Series_Convertible_2007': 29, 'BMW_ActiveHybrid_5_Sedan_2012': 30, 'BMW_M3_Coupe_2012': 31, 'BMW_M5_Sedan_2010': 32, 'BMW_M6_Convertible_2010': 33, 'BMW_X3_SUV_2012': 34, 'BMW_X5_SUV_2007': 35, 'BMW_X6_SUV_2012': 36, 'BMW_Z4_Convertible_2012': 37, 'Bentley_Arnage_Sedan_2009': 38, 'Bentley_Continental_Flying_Spur_Sedan_2007': 39, 'Bentley_Continental_GT_Coupe_2007': 40, 'Bentley_Continental_GT_Coupe_2012': 41, 'Bentley_Continental_Supersports_Conv._Convertible_2012': 42, 'Bentley_Mulsanne_Sedan_2011': 43, 'Bugatti_Veyron_16.4_Convertible_2009': 44, 'Bugatti_Veyron_16.4_Coupe_2009': 45, 'Buick_Enclave_SUV_2012': 46, 'Buick_Rainier_SUV_2007': 47, 'Buick_Regal_GS_2012': 48, 'Buick_Verano_Sedan_2012': 49, 'Cadillac_CTS-V_Sedan_2012': 50, 'Cadillac_Escalade_EXT_Crew_Cab_2007': 51, 'Cadillac_SRX_SUV_2012': 52, 'Chevrolet_Avalanche_Crew_Cab_2012': 53, 'Chevrolet_Camaro_Convertible_2012': 54, 'Chevrolet_Cobalt_SS_2010': 55, 'Chevrolet_Corvette_Convertible_2012': 56, 'Chevrolet_Corvette_Ron_Fellows_Edition_Z06_2007': 57, 'Chevrolet_Corvette_ZR1_2012': 58, 'Chevrolet_Express_Cargo_Van_2007': 59, 'Chevrolet_Express_Van_2007': 60, 'Chevrolet_HHR_SS_2010': 61, 'Chevrolet_Impala_Sedan_2007': 62, 'Chevrolet_Malibu_Hybrid_Sedan_2010': 63, 'Chevrolet_Malibu_Sedan_2007': 64, 'Chevrolet_Monte_Carlo_Coupe_2007': 65, 'Chevrolet_Silverado_1500_Classic_Extended_Cab_2007': 66, 'Chevrolet_Silverado_1500_Extended_Cab_2012': 67, 'Chevrolet_Silverado_1500_Hybrid_Crew_Cab_2012': 68, 'Chevrolet_Silverado_1500_Regular_Cab_2012': 69, 'Chevrolet_Silverado_2500HD_Regular_Cab_2012': 70, 'Chevrolet_Sonic_Sedan_2012': 71, 'Chevrolet_Tahoe_Hybrid_SUV_2012': 72, 'Chevrolet_TrailBlazer_SS_2009': 73, 'Chevrolet_Traverse_SUV_2012': 74, 'Chrysler_300_SRT-8_2010': 75, 'Chrysler_Aspen_SUV_2009': 76, 'Chrysler_Crossfire_Convertible_2008': 77, 'Chrysler_PT_Cruiser_Convertible_2008': 78, 'Chrysler_Sebring_Convertible_2010': 79, 'Chrysler_Town_and_Country_Minivan_2012': 80, 'Daewoo_Nubira_Wagon_2002': 81, 'Dodge_Caliber_Wagon_2007': 82, 'Dodge_Caliber_Wagon_2012': 83, 'Dodge_Caravan_Minivan_1997': 84, 'Dodge_Challenger_SRT8_2011': 85, 'Dodge_Charger_SRT-8_2009': 86, 'Dodge_Charger_Sedan_2012': 87, 'Dodge_Dakota_Club_Cab_2007': 88, 'Dodge_Dakota_Crew_Cab_2010': 89, 'Dodge_Durango_SUV_2007': 90, 'Dodge_Durango_SUV_2012': 91, 'Dodge_Journey_SUV_2012': 92, 'Dodge_Magnum_Wagon_2008': 93, 'Dodge_Ram_Pickup_3500_Crew_Cab_2010': 94, 'Dodge_Ram_Pickup_3500_Quad_Cab_2009': 95, 'Dodge_Sprinter_Cargo_Van_2009': 96, 'Eagle_Talon_Hatchback_1998': 97, 'Ferrari_458_Italia_Convertible_2012': 98, 'Ferrari_458_Italia_Coupe_2012': 99}
2026-02-09 08:24:32,650 [data_manager.py] => [68, 56, 78, 8, 23, 84, 90, 65, 74, 76, 40, 89, 3, 92, 55, 9, 26, 80, 43, 38, 58, 70, 77, 1, 85, 19, 17, 50, 28, 53, 13, 81, 45, 82, 6, 59, 83, 16, 15, 44, 91, 41, 72, 60, 79, 52, 20, 10, 31, 54, 37, 95, 14, 71, 96, 98, 97, 2, 64, 66, 42, 22, 35, 86, 24, 34, 87, 21, 99, 0, 88, 27, 18, 94, 11, 12, 47, 25, 30, 46, 62, 69, 36, 61, 7, 63, 75, 5, 32, 4, 51, 48, 73, 93, 39, 67, 29, 49, 57, 33]
After shuffle, class_to_label is:  ['Chevrolet Silverado 1500 Hybrid Crew Cab 2012', 'Chevrolet Corvette Convertible 2012', 'Chrysler PT Cruiser Convertible 2008', 'Aston Martin V8 Vantage Coupe 2012', 'Audi TT RS Coupe 2012', 'Dodge Caravan Minivan 1997', 'Dodge Durango SUV 2007', 'Chevrolet Monte Carlo Coupe 2007', 'Chevrolet Traverse SUV 2012', 'Chrysler Aspen SUV 2009', 'Bentley Continental GT Coupe 2007', 'Dodge Dakota Crew Cab 2010', 'Acura TL Sedan 2012', 'Dodge Journey SUV 2012', 'Chevrolet Cobalt SS 2010', 'Aston Martin Virage Convertible 2012', 'BMW 1 Series Coupe 2012', 'Chrysler Town and Country Minivan 2012', 'Bentley Mulsanne Sedan 2011', 'Bentley Arnage Sedan 2009', 'Chevrolet Corvette ZR1 2012', 'Chevrolet Silverado 2500HD Regular Cab 2012', 'Chrysler Crossfire Convertible 2008', 'Acura Integra Type R 2001', 'Dodge Challenger SRT8 2011', 'Audi S5 Coupe 2012', 'Audi S4 Sedan 2012', 'Cadillac CTS-V Sedan 2012', 'BMW 3 Series Wagon 2012', 'Chevrolet Avalanche Crew Cab 2012', 'Audi A5 Coupe 2012', 'Daewoo Nubira Wagon 2002', 'Bugatti Veyron 16.4 Coupe 2009', 'Dodge Caliber Wagon 2007', 'Acura ZDX Hatchback 2012', 'Chevrolet Express Cargo Van 2007', 'Dodge Caliber Wagon 2012', 'Audi S4 Sedan 2007', 'Audi RS 4 Convertible 2008', 'Bugatti Veyron 16.4 Convertible 2009', 'Dodge Durango SUV 2012', 'Bentley Continental GT Coupe 2012', 'Chevrolet Tahoe Hybrid SUV 2012', 'Chevrolet Express Van 2007', 'Chrysler Sebring Convertible 2010', 'Cadillac SRX SUV 2012', 'Audi S6 Sedan 2011', 'Aston Martin Virage Coupe 2012', 'BMW M3 Coupe 2012', 'Chevrolet Camaro Convertible 2012', 'BMW Z4 Convertible 2012', 'Dodge Ram Pickup 3500 Quad Cab 2009', 'Audi R8 Coupe 2012', 'Chevrolet Sonic Sedan 2012', 'Dodge Sprinter Cargo Van 2009', 'FIAT 500 Abarth 2012', 'Eagle Talon Hatchback 1998', 'Acura RL Sedan 2012', 'Chevrolet Malibu Sedan 2007', 'Chevrolet Silverado 1500 Classic Extended Cab 2007', 'Bentley Continental Supersports Conv. Convertible 2012', 'Audi TT Hatchback 2011', 'BMW X5 SUV 2007', 'Dodge Charger SRT-8 2009', 'Audi V8 Sedan 1994', 'BMW X3 SUV 2012', 'Dodge Charger Sedan 2012', 'Audi TTS Coupe 2012', 'FIAT 500 Convertible 2012', 'AM General Hummer SUV 2000', 'Dodge Dakota Club Cab 2007', 'BMW 3 Series Sedan 2012', 'Audi S5 Convertible 2012', 'Dodge Ram Pickup 3500 Crew Cab 2010', 'Audi 100 Sedan 1994', 'Audi 100 Wagon 1994', 'Buick Rainier SUV 2007', 'BMW 1 Series Convertible 2012', 'BMW ActiveHybrid 5 Sedan 2012', 'Buick Enclave SUV 2012', 'Chevrolet Impala Sedan 2007', 'Chevrolet Silverado 1500 Regular Cab 2012', 'BMW X6 SUV 2012', 'Chevrolet HHR SS 2010', 'Aston Martin V8 Vantage Convertible 2012', 'Chevrolet Malibu Hybrid Sedan 2010', 'Chrysler 300 SRT-8 2010', 'Acura TSX Sedan 2012', 'BMW M5 Sedan 2010', 'Acura TL Type-S 2008', 'Cadillac Escalade EXT Crew Cab 2007', 'Buick Regal GS 2012', 'Chevrolet TrailBlazer SS 2009', 'Dodge Magnum Wagon 2008', 'Bentley Continental Flying Spur Sedan 2007', 'Chevrolet Silverado 1500 Extended Cab 2012', 'BMW 6 Series Convertible 2007', 'Buick Verano Sedan 2012', 'Chevrolet Corvette Ron Fellows Edition Z06 2007', 'BMW M6 Convertible 2010']
Training class stages: [10, 10, 10, 10, 10, 10, 10, 10, 10, 10]
Using CLIP model as the backbone
2026-02-09 08:24:33,921 [instantiator.py] => Created a temporary directory at /tmp/tmpjihglhcy
2026-02-09 08:24:33,922 [instantiator.py] => Writing /tmp/tmpjihglhcy/_remote_module_non_scriptable.py
2026-02-09 08:24:34,060 [factory.py] => Loaded ViT-B-16 model config.
2026-02-09 08:24:35,499 [factory.py] => Loading pretrained ViT-B-16 weights (/home/team/zhaohongwei/pretrained_models/open_clip_pytorch_model_laion400m_e32.bin).
/home/team/zhaohongwei/anaconda3/envs/mmcl/lib/python3.10/site-packages/torch/_utils.py:776: UserWarning: TypedStorage is deprecated. It will be removed in the future and UntypedStorage will be the only storage class. This should only matter to you if you are using storages directly.  To access UntypedStorage directly, use tensor.untyped_storage() instead of tensor.storage()
  return self.fget.__get__(instance, owner)()
2026-02-09 08:24:36,579 [l2p.py] => 86,457,956 model total parameters.
2026-02-09 08:24:36,579 [l2p.py] => 94,820 model training parameters.
2026-02-09 08:24:36,580 [l2p.py] => prompt.prompt: 38400
2026-02-09 08:24:36,580 [l2p.py] => prompt.prompt_key: 5120
2026-02-09 08:24:36,580 [l2p.py] => head.weight: 51200
2026-02-09 08:24:36,580 [l2p.py] => head.bias: 100
2026-02-09 08:24:36,580 [l2p.py] => Learning on 0-10

  0%|          | 0/10 [00:00<?, ?it/s]
Task 0, Epoch 1/10 => Loss 1.530, Train_accy 66.43, Test_accy 93.63:   0%|          | 0/10 [00:15<?, ?it/s]
Task 0, Epoch 1/10 => Loss 1.530, Train_accy 66.43, Test_accy 93.63:  10%|█         | 1/10 [00:15<02:20, 15.59s/it]
Task 0, Epoch 2/10 => Loss 0.449, Train_accy 98.14, Test_accy 97.88:  10%|█         | 1/10 [00:31<02:20, 15.59s/it]
Task 0, Epoch 2/10 => Loss 0.449, Train_accy 98.14, Test_accy 97.88:  20%|██        | 2/10 [00:31<02:04, 15.57s/it]
Task 0, Epoch 3/10 => Loss 0.164, Train_accy 98.37, Test_accy 98.58:  20%|██        | 2/10 [00:46<02:04, 15.57s/it]
Task 0, Epoch 3/10 => Loss 0.164, Train_accy 98.37, Test_accy 98.58:  30%|███       | 3/10 [00:46<01:48, 15.56s/it]
Task 0, Epoch 4/10 => Loss 0.065, Train_accy 98.83, Test_accy 98.58:  30%|███       | 3/10 [01:01<01:48, 15.56s/it]
Task 0, Epoch 4/10 => Loss 0.065, Train_accy 98.83, Test_accy 98.58:  40%|████      | 4/10 [01:01<01:32, 15.38s/it]
Task 0, Epoch 5/10 => Loss 0.008, Train_accy 99.30, Test_accy 98.82:  40%|████      | 4/10 [01:17<01:32, 15.38s/it]
Task 0, Epoch 5/10 => Loss 0.008, Train_accy 99.30, Test_accy 98.82:  50%|█████     | 5/10 [01:17<01:17, 15.41s/it]
Task 0, Epoch 6/10 => Loss -0.033, Train_accy 99.53, Test_accy 98.82:  50%|█████     | 5/10 [01:32<01:17, 15.41s/it]
Task 0, Epoch 6/10 => Loss -0.033, Train_accy 99.53, Test_accy 98.82:  60%|██████    | 6/10 [01:32<01:01, 15.47s/it]
Task 0, Epoch 7/10 => Loss -0.065, Train_accy 100.00, Test_accy 98.82:  60%|██████    | 6/10 [01:48<01:01, 15.47s/it]
Task 0, Epoch 7/10 => Loss -0.065, Train_accy 100.00, Test_accy 98.82:  70%|███████   | 7/10 [01:48<00:46, 15.51s/it]
Task 0, Epoch 8/10 => Loss -0.093, Train_accy 99.77, Test_accy 98.58:  70%|███████   | 7/10 [02:04<00:46, 15.51s/it] 
Task 0, Epoch 8/10 => Loss -0.093, Train_accy 99.77, Test_accy 98.58:  80%|████████  | 8/10 [02:04<00:31, 15.54s/it]
Task 0, Epoch 9/10 => Loss -0.118, Train_accy 100.00, Test_accy 98.82:  80%|████████  | 8/10 [02:19<00:31, 15.54s/it]
Task 0, Epoch 9/10 => Loss -0.118, Train_accy 100.00, Test_accy 98.82:  90%|█████████ | 9/10 [02:19<00:15, 15.44s/it]
Task 0, Epoch 10/10 => Loss -0.140, Train_accy 100.00, Test_accy 99.06:  90%|█████████ | 9/10 [02:34<00:15, 15.44s/it]
Task 0, Epoch 10/10 => Loss -0.140, Train_accy 100.00, Test_accy 99.06: 100%|██████████| 10/10 [02:34<00:00, 15.49s/it]
Task 0, Epoch 10/10 => Loss -0.140, Train_accy 100.00, Test_accy 99.06: 100%|██████████| 10/10 [02:34<00:00, 15.49s/it]
2026-02-09 08:27:12,511 [l2p.py] => Task 0, Epoch 10/10 => Loss -0.140, Train_accy 100.00, Test_accy 99.06
2026-02-09 08:27:18,271 [trainer.py] => CNN: {'total': 99.06, '00-09': 99.06, 'old': 0, 'new': 99.06, 'harmonic': 0.0}
2026-02-09 08:27:18,272 [trainer.py] => CNN top1 curve: [99.06]
2026-02-09 08:27:18,272 [trainer.py] => CNN top5 curve: [100.0]
2026-02-09 08:27:18,272 [trainer.py] => Average Accuracy (CNN): 99.06
2026-02-09 08:27:18,272 [l2p.py] => Learning on 10-20

  0%|          | 0/10 [00:00<?, ?it/s]
Task 1, Epoch 1/10 => Loss 1.474, Train_accy 67.49, Test_accy 59.95:   0%|          | 0/10 [00:19<?, ?it/s]
Task 1, Epoch 1/10 => Loss 1.474, Train_accy 67.49, Test_accy 59.95:  10%|█         | 1/10 [00:19<02:57, 19.76s/it]
Task 1, Epoch 2/10 => Loss 0.447, Train_accy 98.76, Test_accy 79.37:  10%|█         | 1/10 [00:39<02:57, 19.76s/it]
Task 1, Epoch 2/10 => Loss 0.447, Train_accy 98.76, Test_accy 79.37:  20%|██        | 2/10 [00:39<02:39, 19.92s/it]
Task 1, Epoch 3/10 => Loss 0.173, Train_accy 99.50, Test_accy 89.08:  20%|██        | 2/10 [00:59<02:39, 19.92s/it]
Task 1, Epoch 3/10 => Loss 0.173, Train_accy 99.50, Test_accy 89.08:  30%|███       | 3/10 [00:59<02:19, 19.92s/it]
Task 1, Epoch 4/10 => Loss 0.060, Train_accy 99.75, Test_accy 92.84:  30%|███       | 3/10 [01:19<02:19, 19.92s/it]
Task 1, Epoch 4/10 => Loss 0.060, Train_accy 99.75, Test_accy 92.84:  40%|████      | 4/10 [01:19<01:59, 19.95s/it]
Task 1, Epoch 5/10 => Loss 0.006, Train_accy 100.00, Test_accy 95.15:  40%|████      | 4/10 [01:39<01:59, 19.95s/it]
Task 1, Epoch 5/10 => Loss 0.006, Train_accy 100.00, Test_accy 95.15:  50%|█████     | 5/10 [01:39<01:39, 19.82s/it]
Task 1, Epoch 6/10 => Loss -0.035, Train_accy 100.00, Test_accy 96.24:  50%|█████     | 5/10 [01:59<01:39, 19.82s/it]
Task 1, Epoch 6/10 => Loss -0.035, Train_accy 100.00, Test_accy 96.24:  60%|██████    | 6/10 [01:59<01:19, 19.89s/it]
Task 1, Epoch 7/10 => Loss -0.065, Train_accy 100.00, Test_accy 96.60:  60%|██████    | 6/10 [02:18<01:19, 19.89s/it]
Task 1, Epoch 7/10 => Loss -0.065, Train_accy 100.00, Test_accy 96.60:  70%|███████   | 7/10 [02:18<00:59, 19.77s/it]
Task 1, Epoch 8/10 => Loss -0.089, Train_accy 100.00, Test_accy 96.60:  70%|███████   | 7/10 [02:38<00:59, 19.77s/it]
Task 1, Epoch 8/10 => Loss -0.089, Train_accy 100.00, Test_accy 96.60:  80%|████████  | 8/10 [02:38<00:39, 19.81s/it]
Task 1, Epoch 9/10 => Loss -0.113, Train_accy 100.00, Test_accy 96.84:  80%|████████  | 8/10 [02:58<00:39, 19.81s/it]
Task 1, Epoch 9/10 => Loss -0.113, Train_accy 100.00, Test_accy 96.84:  90%|█████████ | 9/10 [02:58<00:19, 19.91s/it]
Task 1, Epoch 10/10 => Loss -0.133, Train_accy 100.00, Test_accy 96.72:  90%|█████████ | 9/10 [03:18<00:19, 19.91s/it]
Task 1, Epoch 10/10 => Loss -0.133, Train_accy 100.00, Test_accy 96.72: 100%|██████████| 10/10 [03:18<00:00, 19.91s/it]
Task 1, Epoch 10/10 => Loss -0.133, Train_accy 100.00, Test_accy 96.72: 100%|██████████| 10/10 [03:18<00:00, 19.88s/it]
2026-02-09 08:30:37,082 [l2p.py] => Task 1, Epoch 10/10 => Loss -0.133, Train_accy 100.00, Test_accy 96.72
2026-02-09 08:30:47,870 [trainer.py] => CNN: {'total': 96.72, '00-09': 95.28, '10-19': 98.25, 'old': 95.28, 'new': 98.25, 'harmonic': 96.74}
2026-02-09 08:30:47,871 [trainer.py] => CNN top1 curve: [99.06, 96.72]
2026-02-09 08:30:47,871 [trainer.py] => CNN top5 curve: [100.0, 100.0]
2026-02-09 08:30:47,871 [trainer.py] => Average Accuracy (CNN): 97.89
2026-02-09 08:30:47,871 [l2p.py] => Learning on 20-30

  0%|          | 0/10 [00:00<?, ?it/s]
Task 2, Epoch 1/10 => Loss 1.131, Train_accy 77.65, Test_accy 70.42:   0%|          | 0/10 [00:25<?, ?it/s]
Task 2, Epoch 1/10 => Loss 1.131, Train_accy 77.65, Test_accy 70.42:  10%|█         | 1/10 [00:25<03:48, 25.37s/it]
Task 2, Epoch 2/10 => Loss 0.168, Train_accy 96.94, Test_accy 79.90:  10%|█         | 1/10 [00:50<03:48, 25.37s/it]
Task 2, Epoch 2/10 => Loss 0.168, Train_accy 96.94, Test_accy 79.90:  20%|██        | 2/10 [00:50<03:22, 25.33s/it]
Task 2, Epoch 3/10 => Loss -0.018, Train_accy 98.59, Test_accy 82.96:  20%|██        | 2/10 [01:16<03:22, 25.33s/it]
Task 2, Epoch 3/10 => Loss -0.018, Train_accy 98.59, Test_accy 82.96:  30%|███       | 3/10 [01:16<02:59, 25.60s/it]
Task 2, Epoch 4/10 => Loss -0.082, Train_accy 98.82, Test_accy 84.65:  30%|███       | 3/10 [01:42<02:59, 25.60s/it]
Task 2, Epoch 4/10 => Loss -0.082, Train_accy 98.82, Test_accy 84.65:  40%|████      | 4/10 [01:42<02:34, 25.67s/it]
Task 2, Epoch 5/10 => Loss -0.130, Train_accy 100.00, Test_accy 86.25:  40%|████      | 4/10 [02:07<02:34, 25.67s/it]
Task 2, Epoch 5/10 => Loss -0.130, Train_accy 100.00, Test_accy 86.25:  50%|█████     | 5/10 [02:07<02:07, 25.56s/it]
Task 2, Epoch 6/10 => Loss -0.156, Train_accy 99.53, Test_accy 88.34:  50%|█████     | 5/10 [02:33<02:07, 25.56s/it] 
Task 2, Epoch 6/10 => Loss -0.156, Train_accy 99.53, Test_accy 88.34:  60%|██████    | 6/10 [02:33<01:42, 25.69s/it]
Task 2, Epoch 7/10 => Loss -0.180, Train_accy 99.76, Test_accy 89.95:  60%|██████    | 6/10 [02:59<01:42, 25.69s/it]
Task 2, Epoch 7/10 => Loss -0.180, Train_accy 99.76, Test_accy 89.95:  70%|███████   | 7/10 [02:59<01:16, 25.61s/it]
Task 2, Epoch 8/10 => Loss -0.202, Train_accy 100.00, Test_accy 91.00:  70%|███████   | 7/10 [03:24<01:16, 25.61s/it]
Task 2, Epoch 8/10 => Loss -0.202, Train_accy 100.00, Test_accy 91.00:  80%|████████  | 8/10 [03:24<00:51, 25.68s/it]
Task 2, Epoch 9/10 => Loss -0.217, Train_accy 100.00, Test_accy 91.56:  80%|████████  | 8/10 [03:50<00:51, 25.68s/it]
Task 2, Epoch 9/10 => Loss -0.217, Train_accy 100.00, Test_accy 91.56:  90%|█████████ | 9/10 [03:50<00:25, 25.74s/it]
Task 2, Epoch 10/10 => Loss -0.232, Train_accy 100.00, Test_accy 92.44:  90%|█████████ | 9/10 [04:16<00:25, 25.74s/it]
Task 2, Epoch 10/10 => Loss -0.232, Train_accy 100.00, Test_accy 92.44: 100%|██████████| 10/10 [04:16<00:00, 25.64s/it]
Task 2, Epoch 10/10 => Loss -0.232, Train_accy 100.00, Test_accy 92.44: 100%|██████████| 10/10 [04:16<00:00, 25.62s/it]
2026-02-09 08:35:04,116 [l2p.py] => Task 2, Epoch 10/10 => Loss -0.232, Train_accy 100.00, Test_accy 92.44
2026-02-09 08:35:20,240 [trainer.py] => CNN: {'total': 92.44, '00-09': 93.63, '10-19': 98.75, '20-29': 85.24, 'old': 96.12, 'new': 85.24, 'harmonic': 90.35}
2026-02-09 08:35:20,240 [trainer.py] => CNN top1 curve: [99.06, 96.72, 92.44]
2026-02-09 08:35:20,240 [trainer.py] => CNN top5 curve: [100.0, 100.0, 99.84]
2026-02-09 08:35:20,240 [trainer.py] => Average Accuracy (CNN): 96.07333333333334
2026-02-09 08:35:20,241 [l2p.py] => Learning on 30-40

  0%|          | 0/10 [00:00<?, ?it/s]
Task 3, Epoch 1/10 => Loss 1.118, Train_accy 67.51, Test_accy 70.60:   0%|          | 0/10 [00:30<?, ?it/s]
Task 3, Epoch 1/10 => Loss 1.118, Train_accy 67.51, Test_accy 70.60:  10%|█         | 1/10 [00:30<04:32, 30.30s/it]
Task 3, Epoch 2/10 => Loss 0.258, Train_accy 88.92, Test_accy 76.41:  10%|█         | 1/10 [00:52<04:32, 30.30s/it]
Task 3, Epoch 2/10 => Loss 0.258, Train_accy 88.92, Test_accy 76.41:  20%|██        | 2/10 [00:52<03:24, 25.54s/it]
Task 3, Epoch 3/10 => Loss 0.059, Train_accy 92.70, Test_accy 79.22:  20%|██        | 2/10 [01:21<03:24, 25.54s/it]
Task 3, Epoch 3/10 => Loss 0.059, Train_accy 92.70, Test_accy 79.22:  30%|███       | 3/10 [01:21<03:09, 27.09s/it]
Task 3, Epoch 4/10 => Loss -0.026, Train_accy 94.96, Test_accy 81.66:  30%|███       | 3/10 [01:50<03:09, 27.09s/it]
Task 3, Epoch 4/10 => Loss -0.026, Train_accy 94.96, Test_accy 81.66:  40%|████      | 4/10 [01:50<02:48, 28.06s/it]
Task 3, Epoch 5/10 => Loss -0.080, Train_accy 95.21, Test_accy 83.44:  40%|████      | 4/10 [02:20<02:48, 28.06s/it]
Task 3, Epoch 5/10 => Loss -0.080, Train_accy 95.21, Test_accy 83.44:  50%|█████     | 5/10 [02:20<02:23, 28.65s/it]
Task 3, Epoch 6/10 => Loss -0.113, Train_accy 95.47, Test_accy 84.78:  50%|█████     | 5/10 [02:49<02:23, 28.65s/it]
Task 3, Epoch 6/10 => Loss -0.113, Train_accy 95.47, Test_accy 84.78:  60%|██████    | 6/10 [02:49<01:55, 28.77s/it]
Task 3, Epoch 7/10 => Loss -0.139, Train_accy 95.97, Test_accy 86.12:  60%|██████    | 6/10 [03:18<01:55, 28.77s/it]
Task 3, Epoch 7/10 => Loss -0.139, Train_accy 95.97, Test_accy 86.12:  70%|███████   | 7/10 [03:18<01:26, 28.85s/it]
Task 3, Epoch 8/10 => Loss -0.162, Train_accy 96.73, Test_accy 87.59:  70%|███████   | 7/10 [03:48<01:26, 28.85s/it]
Task 3, Epoch 8/10 => Loss -0.162, Train_accy 96.73, Test_accy 87.59:  80%|████████  | 8/10 [03:48<00:58, 29.05s/it]
Task 3, Epoch 9/10 => Loss -0.177, Train_accy 97.23, Test_accy 87.84:  80%|████████  | 8/10 [04:17<00:58, 29.05s/it]
Task 3, Epoch 9/10 => Loss -0.177, Train_accy 97.23, Test_accy 87.84:  90%|█████████ | 9/10 [04:17<00:29, 29.22s/it]
Task 3, Epoch 10/10 => Loss -0.191, Train_accy 96.98, Test_accy 88.08:  90%|█████████ | 9/10 [04:47<00:29, 29.22s/it]
Task 3, Epoch 10/10 => Loss -0.191, Train_accy 96.98, Test_accy 88.08: 100%|██████████| 10/10 [04:47<00:00, 29.42s/it]
Task 3, Epoch 10/10 => Loss -0.191, Train_accy 96.98, Test_accy 88.08: 100%|██████████| 10/10 [04:47<00:00, 28.77s/it]
2026-02-09 08:40:07,908 [l2p.py] => Task 3, Epoch 10/10 => Loss -0.191, Train_accy 96.98, Test_accy 88.08
2026-02-09 08:40:28,388 [trainer.py] => CNN: {'total': 88.08, '00-09': 93.4, '10-19': 97.75, '20-29': 84.05, '30-39': 76.79, 'old': 91.64, 'new': 76.79, 'harmonic': 83.56}
2026-02-09 08:40:28,389 [trainer.py] => CNN top1 curve: [99.06, 96.72, 92.44, 88.08]
2026-02-09 08:40:28,389 [trainer.py] => CNN top5 curve: [100.0, 100.0, 99.84, 99.69]
2026-02-09 08:40:28,389 [trainer.py] => Average Accuracy (CNN): 94.075
2026-02-09 08:40:28,389 [l2p.py] => Learning on 40-50

  0%|          | 0/10 [00:00<?, ?it/s]
Task 4, Epoch 1/10 => Loss 0.958, Train_accy 78.87, Test_accy 71.34:   0%|          | 0/10 [00:34<?, ?it/s]
Task 4, Epoch 1/10 => Loss 0.958, Train_accy 78.87, Test_accy 71.34:  10%|█         | 1/10 [00:34<05:10, 34.49s/it]
Task 4, Epoch 2/10 => Loss -0.056, Train_accy 100.00, Test_accy 74.29:  10%|█         | 1/10 [01:08<05:10, 34.49s/it]
Task 4, Epoch 2/10 => Loss -0.056, Train_accy 100.00, Test_accy 74.29:  20%|██        | 2/10 [01:08<04:35, 34.43s/it]
Task 4, Epoch 3/10 => Loss -0.215, Train_accy 100.00, Test_accy 76.79:  20%|██        | 2/10 [01:43<04:35, 34.43s/it]
Task 4, Epoch 3/10 => Loss -0.215, Train_accy 100.00, Test_accy 76.79:  30%|███       | 3/10 [01:43<04:02, 34.62s/it]
Task 4, Epoch 4/10 => Loss -0.255, Train_accy 100.00, Test_accy 79.20:  30%|███       | 3/10 [02:18<04:02, 34.62s/it]
Task 4, Epoch 4/10 => Loss -0.255, Train_accy 100.00, Test_accy 79.20:  40%|████      | 4/10 [02:18<03:27, 34.66s/it]
Task 4, Epoch 5/10 => Loss -0.273, Train_accy 100.00, Test_accy 80.18:  40%|████      | 4/10 [02:52<03:27, 34.66s/it]
Task 4, Epoch 5/10 => Loss -0.273, Train_accy 100.00, Test_accy 80.18:  50%|█████     | 5/10 [02:52<02:52, 34.52s/it]
Task 4, Epoch 6/10 => Loss -0.286, Train_accy 100.00, Test_accy 81.06:  50%|█████     | 5/10 [03:27<02:52, 34.52s/it]
Task 4, Epoch 6/10 => Loss -0.286, Train_accy 100.00, Test_accy 81.06:  60%|██████    | 6/10 [03:27<02:18, 34.58s/it]
Task 4, Epoch 7/10 => Loss -0.295, Train_accy 100.00, Test_accy 81.70:  60%|██████    | 6/10 [04:01<02:18, 34.58s/it]
Task 4, Epoch 7/10 => Loss -0.295, Train_accy 100.00, Test_accy 81.70:  70%|███████   | 7/10 [04:01<01:43, 34.58s/it]
Task 4, Epoch 8/10 => Loss -0.301, Train_accy 100.00, Test_accy 82.24:  70%|███████   | 7/10 [04:36<01:43, 34.58s/it]
Task 4, Epoch 8/10 => Loss -0.301, Train_accy 100.00, Test_accy 82.24:  80%|████████  | 8/10 [04:36<01:08, 34.48s/it]
Task 4, Epoch 9/10 => Loss -0.305, Train_accy 100.00, Test_accy 82.48:  80%|████████  | 8/10 [05:10<01:08, 34.48s/it]
Task 4, Epoch 9/10 => Loss -0.305, Train_accy 100.00, Test_accy 82.48:  90%|█████████ | 9/10 [05:10<00:34, 34.54s/it]
Task 4, Epoch 10/10 => Loss -0.309, Train_accy 100.00, Test_accy 82.34:  90%|█████████ | 9/10 [05:45<00:34, 34.54s/it]
Task 4, Epoch 10/10 => Loss -0.309, Train_accy 100.00, Test_accy 82.34: 100%|██████████| 10/10 [05:45<00:00, 34.47s/it]
Task 4, Epoch 10/10 => Loss -0.309, Train_accy 100.00, Test_accy 82.34: 100%|██████████| 10/10 [05:45<00:00, 34.53s/it]
2026-02-09 08:46:13,666 [l2p.py] => Task 4, Epoch 10/10 => Loss -0.309, Train_accy 100.00, Test_accy 82.34
2026-02-09 08:46:39,235 [trainer.py] => CNN: {'total': 82.34, '00-09': 92.22, '10-19': 93.0, '20-29': 78.81, '30-39': 70.66, '40-49': 76.37, 'old': 83.8, 'new': 76.37, 'harmonic': 79.91}
2026-02-09 08:46:39,236 [trainer.py] => CNN top1 curve: [99.06, 96.72, 92.44, 88.08, 82.34]
2026-02-09 08:46:39,236 [trainer.py] => CNN top5 curve: [100.0, 100.0, 99.84, 99.69, 99.71]
2026-02-09 08:46:39,236 [trainer.py] => Average Accuracy (CNN): 91.728
2026-02-09 08:46:39,237 [l2p.py] => Learning on 50-60

  0%|          | 0/10 [00:00<?, ?it/s]
Task 5, Epoch 1/10 => Loss 0.877, Train_accy 83.49, Test_accy 69.11:   0%|          | 0/10 [00:39<?, ?it/s]
Task 5, Epoch 1/10 => Loss 0.877, Train_accy 83.49, Test_accy 69.11:  10%|█         | 1/10 [00:39<05:57, 39.76s/it]
Task 5, Epoch 2/10 => Loss -0.088, Train_accy 99.76, Test_accy 72.05:  10%|█         | 1/10 [01:19<05:57, 39.76s/it]
Task 5, Epoch 2/10 => Loss -0.088, Train_accy 99.76, Test_accy 72.05:  20%|██        | 2/10 [01:19<05:18, 39.80s/it]
Task 5, Epoch 3/10 => Loss -0.213, Train_accy 99.76, Test_accy 75.32:  20%|██        | 2/10 [01:59<05:18, 39.80s/it]
Task 5, Epoch 3/10 => Loss -0.213, Train_accy 99.76, Test_accy 75.32:  30%|███       | 3/10 [01:59<04:37, 39.69s/it]
Task 5, Epoch 4/10 => Loss -0.248, Train_accy 99.76, Test_accy 77.64:  30%|███       | 3/10 [02:39<04:37, 39.69s/it]
Task 5, Epoch 4/10 => Loss -0.248, Train_accy 99.76, Test_accy 77.64:  40%|████      | 4/10 [02:39<03:59, 39.85s/it]
Task 5, Epoch 5/10 => Loss -0.265, Train_accy 100.00, Test_accy 78.82:  40%|████      | 4/10 [03:19<03:59, 39.85s/it]
Task 5, Epoch 5/10 => Loss -0.265, Train_accy 100.00, Test_accy 78.82:  50%|█████     | 5/10 [03:19<03:19, 39.88s/it]
Task 5, Epoch 6/10 => Loss -0.275, Train_accy 100.00, Test_accy 79.76:  50%|█████     | 5/10 [03:58<03:19, 39.88s/it]
Task 5, Epoch 6/10 => Loss -0.275, Train_accy 100.00, Test_accy 79.76:  60%|██████    | 6/10 [03:58<02:39, 39.84s/it]
Task 5, Epoch 7/10 => Loss -0.284, Train_accy 100.00, Test_accy 80.46:  60%|██████    | 6/10 [04:38<02:39, 39.84s/it]
Task 5, Epoch 7/10 => Loss -0.284, Train_accy 100.00, Test_accy 80.46:  70%|███████   | 7/10 [04:38<01:59, 39.74s/it]
Task 5, Epoch 8/10 => Loss -0.289, Train_accy 100.00, Test_accy 81.07:  70%|███████   | 7/10 [05:18<01:59, 39.74s/it]
Task 5, Epoch 8/10 => Loss -0.289, Train_accy 100.00, Test_accy 81.07:  80%|████████  | 8/10 [05:18<01:19, 39.75s/it]
Task 5, Epoch 9/10 => Loss -0.292, Train_accy 100.00, Test_accy 81.40:  80%|████████  | 8/10 [05:58<01:19, 39.75s/it]
Task 5, Epoch 9/10 => Loss -0.292, Train_accy 100.00, Test_accy 81.40:  90%|█████████ | 9/10 [05:58<00:39, 39.78s/it]
Task 5, Epoch 10/10 => Loss -0.295, Train_accy 100.00, Test_accy 81.88:  90%|█████████ | 9/10 [06:38<00:39, 39.78s/it]
Task 5, Epoch 10/10 => Loss -0.295, Train_accy 100.00, Test_accy 81.88: 100%|██████████| 10/10 [06:38<00:00, 39.90s/it]
Task 5, Epoch 10/10 => Loss -0.295, Train_accy 100.00, Test_accy 81.88: 100%|██████████| 10/10 [06:38<00:00, 39.82s/it]
2026-02-09 08:53:17,495 [l2p.py] => Task 5, Epoch 10/10 => Loss -0.295, Train_accy 100.00, Test_accy 81.88
2026-02-09 08:53:48,027 [trainer.py] => CNN: {'total': 81.88, '00-09': 94.34, '10-19': 92.75, '20-29': 76.43, '30-39': 69.39, '40-49': 77.11, '50-59': 80.63, 'old': 82.14, 'new': 80.63, 'harmonic': 81.38}
2026-02-09 08:53:48,028 [trainer.py] => CNN top1 curve: [99.06, 96.72, 92.44, 88.08, 82.34, 81.88]
2026-02-09 08:53:48,028 [trainer.py] => CNN top5 curve: [100.0, 100.0, 99.84, 99.69, 99.71, 99.43]
2026-02-09 08:53:48,028 [trainer.py] => Average Accuracy (CNN): 90.08666666666666
2026-02-09 08:53:48,029 [l2p.py] => Learning on 60-70

  0%|          | 0/10 [00:00<?, ?it/s]
Task 6, Epoch 1/10 => Loss 0.974, Train_accy 72.90, Test_accy 71.50:   0%|          | 0/10 [00:44<?, ?it/s]
Task 6, Epoch 1/10 => Loss 0.974, Train_accy 72.90, Test_accy 71.50:  10%|█         | 1/10 [00:44<06:41, 44.58s/it]
Task 6, Epoch 2/10 => Loss 0.111, Train_accy 89.21, Test_accy 72.24:  10%|█         | 1/10 [01:29<06:41, 44.58s/it]
Task 6, Epoch 2/10 => Loss 0.111, Train_accy 89.21, Test_accy 72.24:  20%|██        | 2/10 [01:29<05:57, 44.68s/it]
Task 6, Epoch 3/10 => Loss -0.049, Train_accy 93.29, Test_accy 74.09:  20%|██        | 2/10 [02:14<05:57, 44.68s/it]
Task 6, Epoch 3/10 => Loss -0.049, Train_accy 93.29, Test_accy 74.09:  30%|███       | 3/10 [02:14<05:13, 44.73s/it]
Task 6, Epoch 4/10 => Loss -0.114, Train_accy 95.20, Test_accy 75.35:  30%|███       | 3/10 [02:59<05:13, 44.73s/it]
Task 6, Epoch 4/10 => Loss -0.114, Train_accy 95.20, Test_accy 75.35:  40%|████      | 4/10 [02:59<04:29, 44.97s/it]
Task 6, Epoch 5/10 => Loss -0.152, Train_accy 94.96, Test_accy 76.40:  40%|████      | 4/10 [03:44<04:29, 44.97s/it]
Task 6, Epoch 5/10 => Loss -0.152, Train_accy 94.96, Test_accy 76.40:  50%|█████     | 5/10 [03:44<03:44, 44.86s/it]
Task 6, Epoch 6/10 => Loss -0.180, Train_accy 95.68, Test_accy 77.13:  50%|█████     | 5/10 [04:29<03:44, 44.86s/it]
Task 6, Epoch 6/10 => Loss -0.180, Train_accy 95.68, Test_accy 77.13:  60%|██████    | 6/10 [04:29<02:59, 44.89s/it]
Task 6, Epoch 7/10 => Loss -0.192, Train_accy 96.16, Test_accy 77.59:  60%|██████    | 6/10 [05:13<02:59, 44.89s/it]
Task 6, Epoch 7/10 => Loss -0.192, Train_accy 96.16, Test_accy 77.59:  70%|███████   | 7/10 [05:13<02:14, 44.77s/it]
Task 6, Epoch 8/10 => Loss -0.208, Train_accy 96.40, Test_accy 78.04:  70%|███████   | 7/10 [05:58<02:14, 44.77s/it]
Task 6, Epoch 8/10 => Loss -0.208, Train_accy 96.40, Test_accy 78.04:  80%|████████  | 8/10 [05:58<01:29, 44.89s/it]
Task 6, Epoch 9/10 => Loss -0.204, Train_accy 95.44, Test_accy 78.46:  80%|████████  | 8/10 [06:43<01:29, 44.89s/it]
Task 6, Epoch 9/10 => Loss -0.204, Train_accy 95.44, Test_accy 78.46:  90%|█████████ | 9/10 [06:43<00:44, 44.74s/it]
Task 6, Epoch 10/10 => Loss -0.232, Train_accy 97.60, Test_accy 78.53:  90%|█████████ | 9/10 [07:27<00:44, 44.74s/it]
Task 6, Epoch 10/10 => Loss -0.232, Train_accy 97.60, Test_accy 78.53: 100%|██████████| 10/10 [07:27<00:00, 44.71s/it]
Task 6, Epoch 10/10 => Loss -0.232, Train_accy 97.60, Test_accy 78.53: 100%|██████████| 10/10 [07:27<00:00, 44.78s/it]
2026-02-09 09:01:15,851 [l2p.py] => Task 6, Epoch 10/10 => Loss -0.232, Train_accy 97.60, Test_accy 78.53
2026-02-09 09:01:51,418 [trainer.py] => CNN: {'total': 78.53, '00-09': 91.04, '10-19': 92.25, '20-29': 75.95, '30-39': 70.66, '40-49': 76.87, '50-59': 73.37, '60-69': 69.19, 'old': 80.09, 'new': 69.19, 'harmonic': 74.24}
2026-02-09 09:01:51,419 [trainer.py] => CNN top1 curve: [99.06, 96.72, 92.44, 88.08, 82.34, 81.88, 78.53]
2026-02-09 09:01:51,419 [trainer.py] => CNN top5 curve: [100.0, 100.0, 99.84, 99.69, 99.71, 99.43, 98.81]
2026-02-09 09:01:51,419 [trainer.py] => Average Accuracy (CNN): 88.43571428571428
2026-02-09 09:01:51,419 [l2p.py] => Learning on 70-80

  0%|          | 0/10 [00:00<?, ?it/s]
Task 7, Epoch 1/10 => Loss 1.029, Train_accy 71.92, Test_accy 69.01:   0%|          | 0/10 [00:49<?, ?it/s]
Task 7, Epoch 1/10 => Loss 1.029, Train_accy 71.92, Test_accy 69.01:  10%|█         | 1/10 [00:49<07:26, 49.60s/it]
Task 7, Epoch 2/10 => Loss 0.067, Train_accy 95.81, Test_accy 69.78:  10%|█         | 1/10 [01:27<07:26, 49.60s/it]
Task 7, Epoch 2/10 => Loss 0.067, Train_accy 95.81, Test_accy 69.78:  20%|██        | 2/10 [01:27<05:43, 42.96s/it]
Task 7, Epoch 3/10 => Loss -0.117, Train_accy 98.03, Test_accy 70.76:  20%|██        | 2/10 [01:52<05:43, 42.96s/it]
Task 7, Epoch 3/10 => Loss -0.117, Train_accy 98.03, Test_accy 70.76:  30%|███       | 3/10 [01:52<04:01, 34.49s/it]
Task 7, Epoch 4/10 => Loss -0.180, Train_accy 98.77, Test_accy 71.92:  30%|███       | 3/10 [02:16<04:01, 34.49s/it]
Task 7, Epoch 4/10 => Loss -0.180, Train_accy 98.77, Test_accy 71.92:  40%|████      | 4/10 [02:16<03:03, 30.57s/it]
Task 7, Epoch 5/10 => Loss -0.216, Train_accy 99.26, Test_accy 73.03:  40%|████      | 4/10 [02:41<03:03, 30.57s/it]
Task 7, Epoch 5/10 => Loss -0.216, Train_accy 99.26, Test_accy 73.03:  50%|█████     | 5/10 [02:41<02:21, 28.36s/it]
Task 7, Epoch 6/10 => Loss -0.236, Train_accy 99.51, Test_accy 73.52:  50%|█████     | 5/10 [03:05<02:21, 28.36s/it]
Task 7, Epoch 6/10 => Loss -0.236, Train_accy 99.51, Test_accy 73.52:  60%|██████    | 6/10 [03:05<01:48, 27.08s/it]
Task 7, Epoch 7/10 => Loss -0.252, Train_accy 99.51, Test_accy 74.32:  60%|██████    | 6/10 [03:30<01:48, 27.08s/it]
Task 7, Epoch 7/10 => Loss -0.252, Train_accy 99.51, Test_accy 74.32:  70%|███████   | 7/10 [03:30<01:18, 26.31s/it]
Task 7, Epoch 8/10 => Loss -0.262, Train_accy 99.51, Test_accy 74.87:  70%|███████   | 7/10 [03:55<01:18, 26.31s/it]
Task 7, Epoch 8/10 => Loss -0.262, Train_accy 99.51, Test_accy 74.87:  80%|████████  | 8/10 [03:55<00:51, 25.84s/it]
Task 7, Epoch 9/10 => Loss -0.271, Train_accy 99.51, Test_accy 75.15:  80%|████████  | 8/10 [04:20<00:51, 25.84s/it]
Task 7, Epoch 9/10 => Loss -0.271, Train_accy 99.51, Test_accy 75.15:  90%|█████████ | 9/10 [04:20<00:25, 25.46s/it]
Task 7, Epoch 10/10 => Loss -0.275, Train_accy 99.51, Test_accy 75.39:  90%|█████████ | 9/10 [04:44<00:25, 25.46s/it]
Task 7, Epoch 10/10 => Loss -0.275, Train_accy 99.51, Test_accy 75.39: 100%|██████████| 10/10 [04:44<00:00, 25.23s/it]
Task 7, Epoch 10/10 => Loss -0.275, Train_accy 99.51, Test_accy 75.39: 100%|██████████| 10/10 [04:44<00:00, 28.48s/it]
2026-02-09 09:06:36,247 [l2p.py] => Task 7, Epoch 10/10 => Loss -0.275, Train_accy 99.51, Test_accy 75.39
2026-02-09 09:06:56,307 [trainer.py] => CNN: {'total': 75.39, '00-09': 89.62, '10-19': 91.5, '20-29': 75.95, '30-39': 69.13, '40-49': 77.61, '50-59': 71.43, '60-69': 67.48, '70-79': 59.65, 'old': 77.59, 'new': 59.65, 'harmonic': 67.45}
2026-02-09 09:06:56,308 [trainer.py] => CNN top1 curve: [99.06, 96.72, 92.44, 88.08, 82.34, 81.88, 78.53, 75.39]
2026-02-09 09:06:56,308 [trainer.py] => CNN top5 curve: [100.0, 100.0, 99.84, 99.69, 99.71, 99.43, 98.81, 98.37]
2026-02-09 09:06:56,308 [trainer.py] => Average Accuracy (CNN): 86.80499999999999
2026-02-09 09:06:56,309 [l2p.py] => Learning on 80-90

  0%|          | 0/10 [00:00<?, ?it/s]
Task 8, Epoch 1/10 => Loss 0.978, Train_accy 74.94, Test_accy 67.05:   0%|          | 0/10 [00:27<?, ?it/s]
Task 8, Epoch 1/10 => Loss 0.978, Train_accy 74.94, Test_accy 67.05:  10%|█         | 1/10 [00:27<04:06, 27.34s/it]
Task 8, Epoch 2/10 => Loss -0.011, Train_accy 98.11, Test_accy 68.76:  10%|█         | 1/10 [00:54<04:06, 27.34s/it]
Task 8, Epoch 2/10 => Loss -0.011, Train_accy 98.11, Test_accy 68.76:  20%|██        | 2/10 [00:54<03:39, 27.44s/it]
Task 8, Epoch 3/10 => Loss -0.173, Train_accy 99.05, Test_accy 69.68:  20%|██        | 2/10 [01:22<03:39, 27.44s/it]
Task 8, Epoch 3/10 => Loss -0.173, Train_accy 99.05, Test_accy 69.68:  30%|███       | 3/10 [01:22<03:12, 27.50s/it]
Task 8, Epoch 4/10 => Loss -0.227, Train_accy 99.29, Test_accy 70.34:  30%|███       | 3/10 [01:49<03:12, 27.50s/it]
Task 8, Epoch 4/10 => Loss -0.227, Train_accy 99.29, Test_accy 70.34:  40%|████      | 4/10 [01:49<02:44, 27.41s/it]
Task 8, Epoch 5/10 => Loss -0.253, Train_accy 99.53, Test_accy 70.66:  40%|████      | 4/10 [02:17<02:44, 27.41s/it]
Task 8, Epoch 5/10 => Loss -0.253, Train_accy 99.53, Test_accy 70.66:  50%|█████     | 5/10 [02:17<02:16, 27.38s/it]
Task 8, Epoch 6/10 => Loss -0.270, Train_accy 100.00, Test_accy 71.15:  50%|█████     | 5/10 [02:44<02:16, 27.38s/it]
Task 8, Epoch 6/10 => Loss -0.270, Train_accy 100.00, Test_accy 71.15:  60%|██████    | 6/10 [02:44<01:49, 27.39s/it]
Task 8, Epoch 7/10 => Loss -0.283, Train_accy 99.76, Test_accy 71.32:  60%|██████    | 6/10 [03:11<01:49, 27.39s/it] 
Task 8, Epoch 7/10 => Loss -0.283, Train_accy 99.76, Test_accy 71.32:  70%|███████   | 7/10 [03:11<01:22, 27.35s/it]
Task 8, Epoch 8/10 => Loss -0.293, Train_accy 100.00, Test_accy 71.70:  70%|███████   | 7/10 [03:39<01:22, 27.35s/it]
Task 8, Epoch 8/10 => Loss -0.293, Train_accy 100.00, Test_accy 71.70:  80%|████████  | 8/10 [03:39<00:54, 27.38s/it]
Task 8, Epoch 9/10 => Loss -0.299, Train_accy 100.00, Test_accy 71.86:  80%|████████  | 8/10 [04:06<00:54, 27.38s/it]
Task 8, Epoch 9/10 => Loss -0.299, Train_accy 100.00, Test_accy 71.86:  90%|█████████ | 9/10 [04:06<00:27, 27.41s/it]
Task 8, Epoch 10/10 => Loss -0.304, Train_accy 100.00, Test_accy 72.10:  90%|█████████ | 9/10 [04:33<00:27, 27.41s/it]
Task 8, Epoch 10/10 => Loss -0.304, Train_accy 100.00, Test_accy 72.10: 100%|██████████| 10/10 [04:33<00:00, 27.35s/it]
Task 8, Epoch 10/10 => Loss -0.304, Train_accy 100.00, Test_accy 72.10: 100%|██████████| 10/10 [04:33<00:00, 27.38s/it]
2026-02-09 09:11:30,150 [l2p.py] => Task 8, Epoch 10/10 => Loss -0.304, Train_accy 100.00, Test_accy 72.10
2026-02-09 09:11:52,619 [trainer.py] => CNN: {'total': 72.1, '00-09': 89.62, '10-19': 89.75, '20-29': 75.24, '30-39': 66.07, '40-49': 78.86, '50-59': 75.06, '60-69': 62.35, '70-79': 54.14, '80-89': 57.28, 'old': 74.01, 'new': 57.28, 'harmonic': 64.58}
2026-02-09 09:11:52,620 [trainer.py] => CNN top1 curve: [99.06, 96.72, 92.44, 88.08, 82.34, 81.88, 78.53, 75.39, 72.1]
2026-02-09 09:11:52,620 [trainer.py] => CNN top5 curve: [100.0, 100.0, 99.84, 99.69, 99.71, 99.43, 98.81, 98.37, 98.1]
2026-02-09 09:11:52,620 [trainer.py] => Average Accuracy (CNN): 85.1711111111111
2026-02-09 09:11:52,620 [l2p.py] => Learning on 90-100

  0%|          | 0/10 [00:00<?, ?it/s]
Task 9, Epoch 1/10 => Loss 0.888, Train_accy 70.73, Test_accy 64.76:   0%|          | 0/10 [00:29<?, ?it/s]
Task 9, Epoch 1/10 => Loss 0.888, Train_accy 70.73, Test_accy 64.76:  10%|█         | 1/10 [00:29<04:26, 29.60s/it]
Task 9, Epoch 2/10 => Loss 0.015, Train_accy 95.37, Test_accy 65.39:  10%|█         | 1/10 [00:59<04:26, 29.60s/it]
Task 9, Epoch 2/10 => Loss 0.015, Train_accy 95.37, Test_accy 65.39:  20%|██        | 2/10 [00:59<03:56, 29.61s/it]
Task 9, Epoch 3/10 => Loss -0.134, Train_accy 95.61, Test_accy 66.72:  20%|██        | 2/10 [01:28<03:56, 29.61s/it]
Task 9, Epoch 3/10 => Loss -0.134, Train_accy 95.61, Test_accy 66.72:  30%|███       | 3/10 [01:28<03:27, 29.65s/it]
Task 9, Epoch 4/10 => Loss -0.183, Train_accy 97.80, Test_accy 67.82:  30%|███       | 3/10 [01:58<03:27, 29.65s/it]
Task 9, Epoch 4/10 => Loss -0.183, Train_accy 97.80, Test_accy 67.82:  40%|████      | 4/10 [01:58<02:57, 29.59s/it]
Task 9, Epoch 5/10 => Loss -0.218, Train_accy 98.78, Test_accy 68.72:  40%|████      | 4/10 [02:27<02:57, 29.59s/it]
Task 9, Epoch 5/10 => Loss -0.218, Train_accy 98.78, Test_accy 68.72:  50%|█████     | 5/10 [02:27<02:27, 29.54s/it]
Task 9, Epoch 6/10 => Loss -0.241, Train_accy 99.02, Test_accy 69.43:  50%|█████     | 5/10 [02:57<02:27, 29.54s/it]
Task 9, Epoch 6/10 => Loss -0.241, Train_accy 99.02, Test_accy 69.43:  60%|██████    | 6/10 [02:57<01:58, 29.56s/it]
Task 9, Epoch 7/10 => Loss -0.254, Train_accy 99.27, Test_accy 69.85:  60%|██████    | 6/10 [03:27<01:58, 29.56s/it]
Task 9, Epoch 7/10 => Loss -0.254, Train_accy 99.27, Test_accy 69.85:  70%|███████   | 7/10 [03:27<01:28, 29.57s/it]
Task 9, Epoch 8/10 => Loss -0.268, Train_accy 99.51, Test_accy 70.14:  70%|███████   | 7/10 [03:56<01:28, 29.57s/it]
Task 9, Epoch 8/10 => Loss -0.268, Train_accy 99.51, Test_accy 70.14:  80%|████████  | 8/10 [03:56<00:59, 29.55s/it]
Task 9, Epoch 9/10 => Loss -0.277, Train_accy 99.51, Test_accy 70.46:  80%|████████  | 8/10 [04:26<00:59, 29.55s/it]
Task 9, Epoch 9/10 => Loss -0.277, Train_accy 99.51, Test_accy 70.46:  90%|█████████ | 9/10 [04:26<00:29, 29.68s/it]
Task 9, Epoch 10/10 => Loss -0.281, Train_accy 100.00, Test_accy 70.56:  90%|█████████ | 9/10 [04:56<00:29, 29.68s/it]
Task 9, Epoch 10/10 => Loss -0.281, Train_accy 100.00, Test_accy 70.56: 100%|██████████| 10/10 [04:56<00:00, 29.74s/it]
Task 9, Epoch 10/10 => Loss -0.281, Train_accy 100.00, Test_accy 70.56: 100%|██████████| 10/10 [04:56<00:00, 29.64s/it]
2026-02-09 09:16:49,024 [l2p.py] => Task 9, Epoch 10/10 => Loss -0.281, Train_accy 100.00, Test_accy 70.56
2026-02-09 09:17:14,288 [trainer.py] => CNN: {'total': 70.56, '00-09': 91.04, '10-19': 87.0, '20-29': 78.33, '30-39': 65.82, '40-49': 78.11, '50-59': 71.67, '60-69': 62.35, '70-79': 55.64, '80-89': 55.61, '90-99': 59.26, 'old': 71.81, 'new': 59.26, 'harmonic': 64.93}
2026-02-09 09:17:14,288 [trainer.py] => CNN top1 curve: [99.06, 96.72, 92.44, 88.08, 82.34, 81.88, 78.53, 75.39, 72.1, 70.56]
2026-02-09 09:17:14,288 [trainer.py] => CNN top5 curve: [100.0, 100.0, 99.84, 99.69, 99.71, 99.43, 98.81, 98.37, 98.1, 97.8]
2026-02-09 09:17:14,288 [trainer.py] => Average Accuracy (CNN): 83.71

========================================
Finished cars_init10_inc10
Backbone: OpenCLIP_LAION400M
Average Accuracy (Top1): 83.71
Last Accuracy: 70.56
========================================

2026-02-09 09:17:17,057 [trainer.py] => config: ./configs/l2p/l2p_cars_B50_Inc10.json
2026-02-09 09:17:17,058 [trainer.py] => prefix:  
2026-02-09 09:17:17,058 [trainer.py] => dataset: cars
2026-02-09 09:17:17,058 [trainer.py] => memory_size: 0
2026-02-09 09:17:17,058 [trainer.py] => memory_per_class: 0
2026-02-09 09:17:17,058 [trainer.py] => fixed_memory: False
2026-02-09 09:17:17,058 [trainer.py] => shuffle: True
2026-02-09 09:17:17,058 [trainer.py] => init_cls: 50
2026-02-09 09:17:17,058 [trainer.py] => increment: 10
2026-02-09 09:17:17,058 [trainer.py] => model_name: l2p
2026-02-09 09:17:17,058 [trainer.py] => backbone_type: clip
2026-02-09 09:17:17,058 [trainer.py] => get_original_backbone: True
2026-02-09 09:17:17,058 [trainer.py] => device: [device(type='cuda', index=7)]
2026-02-09 09:17:17,058 [trainer.py] => seed: 1993
2026-02-09 09:17:17,058 [trainer.py] => tuned_epoch: 10
2026-02-09 09:17:17,058 [trainer.py] => init_lr: 0.001875
2026-02-09 09:17:17,058 [trainer.py] => batch_size: 16
2026-02-09 09:17:17,058 [trainer.py] => weight_decay: 0
2026-02-09 09:17:17,058 [trainer.py] => min_lr: 1e-05
2026-02-09 09:17:17,058 [trainer.py] => optimizer: adam
2026-02-09 09:17:17,058 [trainer.py] => scheduler: constant
2026-02-09 09:17:17,058 [trainer.py] => reinit_optimizer: True
2026-02-09 09:17:17,058 [trainer.py] => global_pool: token
2026-02-09 09:17:17,058 [trainer.py] => head_type: prompt
2026-02-09 09:17:17,058 [trainer.py] => freeze: ['blocks', 'patch_embed', 'cls_token', 'norm', 'pos_embed']
2026-02-09 09:17:17,058 [trainer.py] => pretrained: True
2026-02-09 09:17:17,058 [trainer.py] => drop: 0.0
2026-02-09 09:17:17,058 [trainer.py] => drop_path: 0.0
2026-02-09 09:17:17,058 [trainer.py] => prompt_pool: True
2026-02-09 09:17:17,058 [trainer.py] => size: 10
2026-02-09 09:17:17,058 [trainer.py] => length: 5
2026-02-09 09:17:17,058 [trainer.py] => top_k: 5
2026-02-09 09:17:17,058 [trainer.py] => initializer: uniform
2026-02-09 09:17:17,058 [trainer.py] => prompt_key: True
2026-02-09 09:17:17,059 [trainer.py] => prompt_key_init: uniform
2026-02-09 09:17:17,059 [trainer.py] => use_prompt_mask: False
2026-02-09 09:17:17,059 [trainer.py] => shared_prompt_pool: False
2026-02-09 09:17:17,059 [trainer.py] => shared_prompt_key: False
2026-02-09 09:17:17,059 [trainer.py] => batchwise_prompt: True
2026-02-09 09:17:17,059 [trainer.py] => embedding_key: cls
2026-02-09 09:17:17,059 [trainer.py] => predefined_key: 
2026-02-09 09:17:17,059 [trainer.py] => pull_constraint: True
2026-02-09 09:17:17,059 [trainer.py] => pull_constraint_coeff: 0.1
2026-02-09 09:17:17,059 [trainer.py] => nb_classes: 100
2026-02-09 09:17:17,059 [trainer.py] => total_class_num: 100
['AM General Hummer SUV 2000', 'Acura Integra Type R 2001', 'Acura RL Sedan 2012', 'Acura TL Sedan 2012', 'Acura TL Type-S 2008', 'Acura TSX Sedan 2012', 'Acura ZDX Hatchback 2012', 'Aston Martin V8 Vantage Convertible 2012', 'Aston Martin V8 Vantage Coupe 2012', 'Aston Martin Virage Convertible 2012', 'Aston Martin Virage Coupe 2012', 'Audi 100 Sedan 1994', 'Audi 100 Wagon 1994', 'Audi A5 Coupe 2012', 'Audi R8 Coupe 2012', 'Audi RS 4 Convertible 2008', 'Audi S4 Sedan 2007', 'Audi S4 Sedan 2012', 'Audi S5 Convertible 2012', 'Audi S5 Coupe 2012', 'Audi S6 Sedan 2011', 'Audi TTS Coupe 2012', 'Audi TT Hatchback 2011', 'Audi TT RS Coupe 2012', 'Audi V8 Sedan 1994', 'BMW 1 Series Convertible 2012', 'BMW 1 Series Coupe 2012', 'BMW 3 Series Sedan 2012', 'BMW 3 Series Wagon 2012', 'BMW 6 Series Convertible 2007', 'BMW ActiveHybrid 5 Sedan 2012', 'BMW M3 Coupe 2012', 'BMW M5 Sedan 2010', 'BMW M6 Convertible 2010', 'BMW X3 SUV 2012', 'BMW X5 SUV 2007', 'BMW X6 SUV 2012', 'BMW Z4 Convertible 2012', 'Bentley Arnage Sedan 2009', 'Bentley Continental Flying Spur Sedan 2007', 'Bentley Continental GT Coupe 2007', 'Bentley Continental GT Coupe 2012', 'Bentley Continental Supersports Conv. Convertible 2012', 'Bentley Mulsanne Sedan 2011', 'Bugatti Veyron 16.4 Convertible 2009', 'Bugatti Veyron 16.4 Coupe 2009', 'Buick Enclave SUV 2012', 'Buick Rainier SUV 2007', 'Buick Regal GS 2012', 'Buick Verano Sedan 2012', 'Cadillac CTS-V Sedan 2012', 'Cadillac Escalade EXT Crew Cab 2007', 'Cadillac SRX SUV 2012', 'Chevrolet Avalanche Crew Cab 2012', 'Chevrolet Camaro Convertible 2012', 'Chevrolet Cobalt SS 2010', 'Chevrolet Corvette Convertible 2012', 'Chevrolet Corvette Ron Fellows Edition Z06 2007', 'Chevrolet Corvette ZR1 2012', 'Chevrolet Express Cargo Van 2007', 'Chevrolet Express Van 2007', 'Chevrolet HHR SS 2010', 'Chevrolet Impala Sedan 2007', 'Chevrolet Malibu Hybrid Sedan 2010', 'Chevrolet Malibu Sedan 2007', 'Chevrolet Monte Carlo Coupe 2007', 'Chevrolet Silverado 1500 Classic Extended Cab 2007', 'Chevrolet Silverado 1500 Extended Cab 2012', 'Chevrolet Silverado 1500 Hybrid Crew Cab 2012', 'Chevrolet Silverado 1500 Regular Cab 2012', 'Chevrolet Silverado 2500HD Regular Cab 2012', 'Chevrolet Sonic Sedan 2012', 'Chevrolet Tahoe Hybrid SUV 2012', 'Chevrolet TrailBlazer SS 2009', 'Chevrolet Traverse SUV 2012', 'Chrysler 300 SRT-8 2010', 'Chrysler Aspen SUV 2009', 'Chrysler Crossfire Convertible 2008', 'Chrysler PT Cruiser Convertible 2008', 'Chrysler Sebring Convertible 2010', 'Chrysler Town and Country Minivan 2012', 'Daewoo Nubira Wagon 2002', 'Dodge Caliber Wagon 2007', 'Dodge Caliber Wagon 2012', 'Dodge Caravan Minivan 1997', 'Dodge Challenger SRT8 2011', 'Dodge Charger SRT-8 2009', 'Dodge Charger Sedan 2012', 'Dodge Dakota Club Cab 2007', 'Dodge Dakota Crew Cab 2010', 'Dodge Durango SUV 2007', 'Dodge Durango SUV 2012', 'Dodge Journey SUV 2012', 'Dodge Magnum Wagon 2008', 'Dodge Ram Pickup 3500 Crew Cab 2010', 'Dodge Ram Pickup 3500 Quad Cab 2009', 'Dodge Sprinter Cargo Van 2009', 'Eagle Talon Hatchback 1998', 'FIAT 500 Abarth 2012', 'FIAT 500 Convertible 2012', 'Ferrari 458 Italia Convertible 2012', 'Ferrari 458 Italia Coupe 2012']
['a photo of a {}.', 'a photo of the {}.', 'a photo of my {}.', 'i love my {}!', 'a photo of my dirty {}.', 'a photo of my clean {}.', 'a photo of my new {}.', 'a photo of my old {}.']
{'AM_General_Hummer_SUV_2000': 0, 'Acura_Integra_Type_R_2001': 1, 'Acura_RL_Sedan_2012': 2, 'Acura_TL_Sedan_2012': 3, 'Acura_TL_Type-S_2008': 4, 'Acura_TSX_Sedan_2012': 5, 'Acura_ZDX_Hatchback_2012': 6, 'Aston_Martin_V8_Vantage_Convertible_2012': 7, 'Aston_Martin_V8_Vantage_Coupe_2012': 8, 'Aston_Martin_Virage_Convertible_2012': 9, 'Aston_Martin_Virage_Coupe_2012': 10, 'Audi_100_Sedan_1994': 11, 'Audi_100_Wagon_1994': 12, 'Audi_A5_Coupe_2012': 13, 'Audi_R8_Coupe_2012': 14, 'Audi_RS_4_Convertible_2008': 15, 'Audi_S4_Sedan_2007': 16, 'Audi_S4_Sedan_2012': 17, 'Audi_S5_Convertible_2012': 18, 'Audi_S5_Coupe_2012': 19, 'Audi_S6_Sedan_2011': 20, 'Audi_TTS_Coupe_2012': 21, 'Audi_TT_Hatchback_2011': 22, 'Audi_TT_RS_Coupe_2012': 23, 'Audi_V8_Sedan_1994': 24, 'BMW_1_Series_Convertible_2012': 25, 'BMW_1_Series_Coupe_2012': 26, 'BMW_3_Series_Sedan_2012': 27, 'BMW_3_Series_Wagon_2012': 28, 'BMW_6_Series_Convertible_2007': 29, 'BMW_ActiveHybrid_5_Sedan_2012': 30, 'BMW_M3_Coupe_2012': 31, 'BMW_M5_Sedan_2010': 32, 'BMW_M6_Convertible_2010': 33, 'BMW_X3_SUV_2012': 34, 'BMW_X5_SUV_2007': 35, 'BMW_X6_SUV_2012': 36, 'BMW_Z4_Convertible_2012': 37, 'Bentley_Arnage_Sedan_2009': 38, 'Bentley_Continental_Flying_Spur_Sedan_2007': 39, 'Bentley_Continental_GT_Coupe_2007': 40, 'Bentley_Continental_GT_Coupe_2012': 41, 'Bentley_Continental_Supersports_Conv._Convertible_2012': 42, 'Bentley_Mulsanne_Sedan_2011': 43, 'Bugatti_Veyron_16.4_Convertible_2009': 44, 'Bugatti_Veyron_16.4_Coupe_2009': 45, 'Buick_Enclave_SUV_2012': 46, 'Buick_Rainier_SUV_2007': 47, 'Buick_Regal_GS_2012': 48, 'Buick_Verano_Sedan_2012': 49, 'Cadillac_CTS-V_Sedan_2012': 50, 'Cadillac_Escalade_EXT_Crew_Cab_2007': 51, 'Cadillac_SRX_SUV_2012': 52, 'Chevrolet_Avalanche_Crew_Cab_2012': 53, 'Chevrolet_Camaro_Convertible_2012': 54, 'Chevrolet_Cobalt_SS_2010': 55, 'Chevrolet_Corvette_Convertible_2012': 56, 'Chevrolet_Corvette_Ron_Fellows_Edition_Z06_2007': 57, 'Chevrolet_Corvette_ZR1_2012': 58, 'Chevrolet_Express_Cargo_Van_2007': 59, 'Chevrolet_Express_Van_2007': 60, 'Chevrolet_HHR_SS_2010': 61, 'Chevrolet_Impala_Sedan_2007': 62, 'Chevrolet_Malibu_Hybrid_Sedan_2010': 63, 'Chevrolet_Malibu_Sedan_2007': 64, 'Chevrolet_Monte_Carlo_Coupe_2007': 65, 'Chevrolet_Silverado_1500_Classic_Extended_Cab_2007': 66, 'Chevrolet_Silverado_1500_Extended_Cab_2012': 67, 'Chevrolet_Silverado_1500_Hybrid_Crew_Cab_2012': 68, 'Chevrolet_Silverado_1500_Regular_Cab_2012': 69, 'Chevrolet_Silverado_2500HD_Regular_Cab_2012': 70, 'Chevrolet_Sonic_Sedan_2012': 71, 'Chevrolet_Tahoe_Hybrid_SUV_2012': 72, 'Chevrolet_TrailBlazer_SS_2009': 73, 'Chevrolet_Traverse_SUV_2012': 74, 'Chrysler_300_SRT-8_2010': 75, 'Chrysler_Aspen_SUV_2009': 76, 'Chrysler_Crossfire_Convertible_2008': 77, 'Chrysler_PT_Cruiser_Convertible_2008': 78, 'Chrysler_Sebring_Convertible_2010': 79, 'Chrysler_Town_and_Country_Minivan_2012': 80, 'Daewoo_Nubira_Wagon_2002': 81, 'Dodge_Caliber_Wagon_2007': 82, 'Dodge_Caliber_Wagon_2012': 83, 'Dodge_Caravan_Minivan_1997': 84, 'Dodge_Challenger_SRT8_2011': 85, 'Dodge_Charger_SRT-8_2009': 86, 'Dodge_Charger_Sedan_2012': 87, 'Dodge_Dakota_Club_Cab_2007': 88, 'Dodge_Dakota_Crew_Cab_2010': 89, 'Dodge_Durango_SUV_2007': 90, 'Dodge_Durango_SUV_2012': 91, 'Dodge_Journey_SUV_2012': 92, 'Dodge_Magnum_Wagon_2008': 93, 'Dodge_Ram_Pickup_3500_Crew_Cab_2010': 94, 'Dodge_Ram_Pickup_3500_Quad_Cab_2009': 95, 'Dodge_Sprinter_Cargo_Van_2009': 96, 'Eagle_Talon_Hatchback_1998': 97, 'Ferrari_458_Italia_Convertible_2012': 98, 'Ferrari_458_Italia_Coupe_2012': 99}
2026-02-09 09:17:17,131 [data_manager.py] => [68, 56, 78, 8, 23, 84, 90, 65, 74, 76, 40, 89, 3, 92, 55, 9, 26, 80, 43, 38, 58, 70, 77, 1, 85, 19, 17, 50, 28, 53, 13, 81, 45, 82, 6, 59, 83, 16, 15, 44, 91, 41, 72, 60, 79, 52, 20, 10, 31, 54, 37, 95, 14, 71, 96, 98, 97, 2, 64, 66, 42, 22, 35, 86, 24, 34, 87, 21, 99, 0, 88, 27, 18, 94, 11, 12, 47, 25, 30, 46, 62, 69, 36, 61, 7, 63, 75, 5, 32, 4, 51, 48, 73, 93, 39, 67, 29, 49, 57, 33]
After shuffle, class_to_label is:  ['Chevrolet Silverado 1500 Hybrid Crew Cab 2012', 'Chevrolet Corvette Convertible 2012', 'Chrysler PT Cruiser Convertible 2008', 'Aston Martin V8 Vantage Coupe 2012', 'Audi TT RS Coupe 2012', 'Dodge Caravan Minivan 1997', 'Dodge Durango SUV 2007', 'Chevrolet Monte Carlo Coupe 2007', 'Chevrolet Traverse SUV 2012', 'Chrysler Aspen SUV 2009', 'Bentley Continental GT Coupe 2007', 'Dodge Dakota Crew Cab 2010', 'Acura TL Sedan 2012', 'Dodge Journey SUV 2012', 'Chevrolet Cobalt SS 2010', 'Aston Martin Virage Convertible 2012', 'BMW 1 Series Coupe 2012', 'Chrysler Town and Country Minivan 2012', 'Bentley Mulsanne Sedan 2011', 'Bentley Arnage Sedan 2009', 'Chevrolet Corvette ZR1 2012', 'Chevrolet Silverado 2500HD Regular Cab 2012', 'Chrysler Crossfire Convertible 2008', 'Acura Integra Type R 2001', 'Dodge Challenger SRT8 2011', 'Audi S5 Coupe 2012', 'Audi S4 Sedan 2012', 'Cadillac CTS-V Sedan 2012', 'BMW 3 Series Wagon 2012', 'Chevrolet Avalanche Crew Cab 2012', 'Audi A5 Coupe 2012', 'Daewoo Nubira Wagon 2002', 'Bugatti Veyron 16.4 Coupe 2009', 'Dodge Caliber Wagon 2007', 'Acura ZDX Hatchback 2012', 'Chevrolet Express Cargo Van 2007', 'Dodge Caliber Wagon 2012', 'Audi S4 Sedan 2007', 'Audi RS 4 Convertible 2008', 'Bugatti Veyron 16.4 Convertible 2009', 'Dodge Durango SUV 2012', 'Bentley Continental GT Coupe 2012', 'Chevrolet Tahoe Hybrid SUV 2012', 'Chevrolet Express Van 2007', 'Chrysler Sebring Convertible 2010', 'Cadillac SRX SUV 2012', 'Audi S6 Sedan 2011', 'Aston Martin Virage Coupe 2012', 'BMW M3 Coupe 2012', 'Chevrolet Camaro Convertible 2012', 'BMW Z4 Convertible 2012', 'Dodge Ram Pickup 3500 Quad Cab 2009', 'Audi R8 Coupe 2012', 'Chevrolet Sonic Sedan 2012', 'Dodge Sprinter Cargo Van 2009', 'FIAT 500 Abarth 2012', 'Eagle Talon Hatchback 1998', 'Acura RL Sedan 2012', 'Chevrolet Malibu Sedan 2007', 'Chevrolet Silverado 1500 Classic Extended Cab 2007', 'Bentley Continental Supersports Conv. Convertible 2012', 'Audi TT Hatchback 2011', 'BMW X5 SUV 2007', 'Dodge Charger SRT-8 2009', 'Audi V8 Sedan 1994', 'BMW X3 SUV 2012', 'Dodge Charger Sedan 2012', 'Audi TTS Coupe 2012', 'FIAT 500 Convertible 2012', 'AM General Hummer SUV 2000', 'Dodge Dakota Club Cab 2007', 'BMW 3 Series Sedan 2012', 'Audi S5 Convertible 2012', 'Dodge Ram Pickup 3500 Crew Cab 2010', 'Audi 100 Sedan 1994', 'Audi 100 Wagon 1994', 'Buick Rainier SUV 2007', 'BMW 1 Series Convertible 2012', 'BMW ActiveHybrid 5 Sedan 2012', 'Buick Enclave SUV 2012', 'Chevrolet Impala Sedan 2007', 'Chevrolet Silverado 1500 Regular Cab 2012', 'BMW X6 SUV 2012', 'Chevrolet HHR SS 2010', 'Aston Martin V8 Vantage Convertible 2012', 'Chevrolet Malibu Hybrid Sedan 2010', 'Chrysler 300 SRT-8 2010', 'Acura TSX Sedan 2012', 'BMW M5 Sedan 2010', 'Acura TL Type-S 2008', 'Cadillac Escalade EXT Crew Cab 2007', 'Buick Regal GS 2012', 'Chevrolet TrailBlazer SS 2009', 'Dodge Magnum Wagon 2008', 'Bentley Continental Flying Spur Sedan 2007', 'Chevrolet Silverado 1500 Extended Cab 2012', 'BMW 6 Series Convertible 2007', 'Buick Verano Sedan 2012', 'Chevrolet Corvette Ron Fellows Edition Z06 2007', 'BMW M6 Convertible 2010']
Training class stages: [50, 10, 10, 10, 10, 10]
Using CLIP model as the backbone
2026-02-09 09:17:18,326 [instantiator.py] => Created a temporary directory at /tmp/tmpyjd_diaa
2026-02-09 09:17:18,328 [instantiator.py] => Writing /tmp/tmpyjd_diaa/_remote_module_non_scriptable.py
2026-02-09 09:17:18,463 [factory.py] => Loaded ViT-B-16 model config.
2026-02-09 09:17:19,919 [factory.py] => Loading pretrained ViT-B-16 weights (/home/team/zhaohongwei/pretrained_models/open_clip_pytorch_model_laion400m_e32.bin).
/home/team/zhaohongwei/anaconda3/envs/mmcl/lib/python3.10/site-packages/torch/_utils.py:776: UserWarning: TypedStorage is deprecated. It will be removed in the future and UntypedStorage will be the only storage class. This should only matter to you if you are using storages directly.  To access UntypedStorage directly, use tensor.untyped_storage() instead of tensor.storage()
  return self.fget.__get__(instance, owner)()
2026-02-09 09:17:20,983 [l2p.py] => 86,457,956 model total parameters.
2026-02-09 09:17:20,983 [l2p.py] => 94,820 model training parameters.
2026-02-09 09:17:20,984 [l2p.py] => prompt.prompt: 38400
2026-02-09 09:17:20,984 [l2p.py] => prompt.prompt_key: 5120
2026-02-09 09:17:20,984 [l2p.py] => head.weight: 51200
2026-02-09 09:17:20,984 [l2p.py] => head.bias: 100
2026-02-09 09:17:20,984 [l2p.py] => Learning on 0-50

  0%|          | 0/10 [00:00<?, ?it/s]
Task 0, Epoch 1/10 => Loss 1.964, Train_accy 60.84, Test_accy 84.05:   0%|          | 0/10 [00:34<?, ?it/s]
Task 0, Epoch 1/10 => Loss 1.964, Train_accy 60.84, Test_accy 84.05:  10%|█         | 1/10 [00:34<05:12, 34.69s/it]
Task 0, Epoch 2/10 => Loss 0.386, Train_accy 90.15, Test_accy 90.43:  10%|█         | 1/10 [01:09<05:12, 34.69s/it]
Task 0, Epoch 2/10 => Loss 0.386, Train_accy 90.15, Test_accy 90.43:  20%|██        | 2/10 [01:09<04:36, 34.61s/it]
Task 0, Epoch 3/10 => Loss 0.096, Train_accy 94.18, Test_accy 91.02:  20%|██        | 2/10 [01:43<04:36, 34.61s/it]
Task 0, Epoch 3/10 => Loss 0.096, Train_accy 94.18, Test_accy 91.02:  30%|███       | 3/10 [01:43<04:01, 34.56s/it]
Task 0, Epoch 4/10 => Loss -0.046, Train_accy 95.58, Test_accy 91.85:  30%|███       | 3/10 [02:18<04:01, 34.56s/it]
Task 0, Epoch 4/10 => Loss -0.046, Train_accy 95.58, Test_accy 91.85:  40%|████      | 4/10 [02:18<03:27, 34.52s/it]
Task 0, Epoch 5/10 => Loss -0.126, Train_accy 96.65, Test_accy 92.10:  40%|████      | 4/10 [02:52<03:27, 34.52s/it]
Task 0, Epoch 5/10 => Loss -0.126, Train_accy 96.65, Test_accy 92.10:  50%|█████     | 5/10 [02:52<02:52, 34.50s/it]
Task 0, Epoch 6/10 => Loss -0.176, Train_accy 97.62, Test_accy 92.39:  50%|█████     | 5/10 [03:27<02:52, 34.50s/it]
Task 0, Epoch 6/10 => Loss -0.176, Train_accy 97.62, Test_accy 92.39:  60%|██████    | 6/10 [03:27<02:17, 34.49s/it]
Task 0, Epoch 7/10 => Loss -0.204, Train_accy 97.96, Test_accy 92.54:  60%|██████    | 6/10 [04:01<02:17, 34.49s/it]
Task 0, Epoch 7/10 => Loss -0.204, Train_accy 97.96, Test_accy 92.54:  70%|███████   | 7/10 [04:01<01:43, 34.45s/it]
Task 0, Epoch 8/10 => Loss -0.224, Train_accy 98.11, Test_accy 92.00:  70%|███████   | 7/10 [04:35<01:43, 34.45s/it]
Task 0, Epoch 8/10 => Loss -0.224, Train_accy 98.11, Test_accy 92.00:  80%|████████  | 8/10 [04:35<01:08, 34.42s/it]
Task 0, Epoch 9/10 => Loss -0.236, Train_accy 98.74, Test_accy 92.49:  80%|████████  | 8/10 [05:10<01:08, 34.42s/it]
Task 0, Epoch 9/10 => Loss -0.236, Train_accy 98.74, Test_accy 92.49:  90%|█████████ | 9/10 [05:10<00:34, 34.39s/it]
Task 0, Epoch 10/10 => Loss -0.247, Train_accy 98.69, Test_accy 92.64:  90%|█████████ | 9/10 [05:44<00:34, 34.39s/it]
Task 0, Epoch 10/10 => Loss -0.247, Train_accy 98.69, Test_accy 92.64: 100%|██████████| 10/10 [05:44<00:00, 34.31s/it]
Task 0, Epoch 10/10 => Loss -0.247, Train_accy 98.69, Test_accy 92.64: 100%|██████████| 10/10 [05:44<00:00, 34.43s/it]
2026-02-09 09:23:05,886 [l2p.py] => Task 0, Epoch 10/10 => Loss -0.247, Train_accy 98.69, Test_accy 92.64
2026-02-09 09:23:18,569 [trainer.py] => CNN: {'total': 92.64, '00-09': 97.41, '10-19': 96.0, '20-29': 92.62, '30-39': 86.48, '40-49': 90.3, 'old': 0, 'new': 92.64, 'harmonic': 0.0}
2026-02-09 09:23:18,570 [trainer.py] => CNN top1 curve: [92.64]
2026-02-09 09:23:18,570 [trainer.py] => CNN top5 curve: [99.85]
2026-02-09 09:23:18,570 [trainer.py] => Average Accuracy (CNN): 92.64
2026-02-09 09:23:18,570 [l2p.py] => Learning on 50-60

  0%|          | 0/10 [00:00<?, ?it/s]
Task 1, Epoch 1/10 => Loss 1.403, Train_accy 76.32, Test_accy 77.07:   0%|          | 0/10 [00:19<?, ?it/s]
Task 1, Epoch 1/10 => Loss 1.403, Train_accy 76.32, Test_accy 77.07:  10%|█         | 1/10 [00:19<02:59, 19.96s/it]
Task 1, Epoch 2/10 => Loss 0.359, Train_accy 99.28, Test_accy 78.09:  10%|█         | 1/10 [00:39<02:59, 19.96s/it]
Task 1, Epoch 2/10 => Loss 0.359, Train_accy 99.28, Test_accy 78.09:  20%|██        | 2/10 [00:39<02:39, 19.94s/it]
Task 1, Epoch 3/10 => Loss 0.112, Train_accy 99.76, Test_accy 79.93:  20%|██        | 2/10 [01:00<02:39, 19.94s/it]
Task 1, Epoch 3/10 => Loss 0.112, Train_accy 99.76, Test_accy 79.93:  30%|███       | 3/10 [01:00<02:20, 20.04s/it]
Task 1, Epoch 4/10 => Loss 0.030, Train_accy 99.76, Test_accy 81.52:  30%|███       | 3/10 [01:20<02:20, 20.04s/it]
Task 1, Epoch 4/10 => Loss 0.030, Train_accy 99.76, Test_accy 81.52:  40%|████      | 4/10 [01:20<02:00, 20.01s/it]
Task 1, Epoch 5/10 => Loss -0.017, Train_accy 99.76, Test_accy 82.82:  40%|████      | 4/10 [01:40<02:00, 20.01s/it]
Task 1, Epoch 5/10 => Loss -0.017, Train_accy 99.76, Test_accy 82.82:  50%|█████     | 5/10 [01:40<01:40, 20.01s/it]
Task 1, Epoch 6/10 => Loss -0.051, Train_accy 100.00, Test_accy 84.17:  50%|█████     | 5/10 [02:00<01:40, 20.01s/it]
Task 1, Epoch 6/10 => Loss -0.051, Train_accy 100.00, Test_accy 84.17:  60%|██████    | 6/10 [02:00<01:20, 20.02s/it]
Task 1, Epoch 7/10 => Loss -0.075, Train_accy 100.00, Test_accy 85.15:  60%|██████    | 6/10 [02:20<01:20, 20.02s/it]
Task 1, Epoch 7/10 => Loss -0.075, Train_accy 100.00, Test_accy 85.15:  70%|███████   | 7/10 [02:20<01:00, 20.00s/it]
Task 1, Epoch 8/10 => Loss -0.099, Train_accy 100.00, Test_accy 85.72:  70%|███████   | 7/10 [02:39<01:00, 20.00s/it]
Task 1, Epoch 8/10 => Loss -0.099, Train_accy 100.00, Test_accy 85.72:  80%|████████  | 8/10 [02:39<00:39, 19.96s/it]
Task 1, Epoch 9/10 => Loss -0.119, Train_accy 100.00, Test_accy 86.66:  80%|████████  | 8/10 [03:00<00:39, 19.96s/it]
Task 1, Epoch 9/10 => Loss -0.119, Train_accy 100.00, Test_accy 86.66:  90%|█████████ | 9/10 [03:00<00:20, 20.05s/it]
Task 1, Epoch 10/10 => Loss -0.136, Train_accy 100.00, Test_accy 87.56:  90%|█████████ | 9/10 [03:20<00:20, 20.05s/it]
Task 1, Epoch 10/10 => Loss -0.136, Train_accy 100.00, Test_accy 87.56: 100%|██████████| 10/10 [03:20<00:00, 20.00s/it]
Task 1, Epoch 10/10 => Loss -0.136, Train_accy 100.00, Test_accy 87.56: 100%|██████████| 10/10 [03:20<00:00, 20.00s/it]
2026-02-09 09:26:38,602 [l2p.py] => Task 1, Epoch 10/10 => Loss -0.136, Train_accy 100.00, Test_accy 87.56
2026-02-09 09:26:53,813 [trainer.py] => CNN: {'total': 87.56, '00-09': 97.41, '10-19': 96.0, '20-29': 92.62, '30-39': 86.48, '40-49': 90.3, '50-59': 62.47, 'old': 92.64, 'new': 62.47, 'harmonic': 74.62}
2026-02-09 09:26:53,813 [trainer.py] => CNN top1 curve: [92.64, 87.56]
2026-02-09 09:26:53,813 [trainer.py] => CNN top5 curve: [99.85, 99.84]
2026-02-09 09:26:53,813 [trainer.py] => Average Accuracy (CNN): 90.1
2026-02-09 09:26:53,813 [l2p.py] => Learning on 60-70

  0%|          | 0/10 [00:00<?, ?it/s]
Task 2, Epoch 1/10 => Loss 0.962, Train_accy 67.87, Test_accy 74.83:   0%|          | 0/10 [00:22<?, ?it/s]
Task 2, Epoch 1/10 => Loss 0.962, Train_accy 67.87, Test_accy 74.83:  10%|█         | 1/10 [00:22<03:19, 22.17s/it]
Task 2, Epoch 2/10 => Loss 0.105, Train_accy 89.45, Test_accy 75.73:  10%|█         | 1/10 [00:44<03:19, 22.17s/it]
Task 2, Epoch 2/10 => Loss 0.105, Train_accy 89.45, Test_accy 75.73:  20%|██        | 2/10 [00:44<02:57, 22.22s/it]
Task 2, Epoch 3/10 => Loss -0.068, Train_accy 93.29, Test_accy 76.75:  20%|██        | 2/10 [01:06<02:57, 22.22s/it]
Task 2, Epoch 3/10 => Loss -0.068, Train_accy 93.29, Test_accy 76.75:  30%|███       | 3/10 [01:06<02:35, 22.21s/it]
Task 2, Epoch 4/10 => Loss -0.122, Train_accy 94.96, Test_accy 77.20:  30%|███       | 3/10 [01:28<02:35, 22.21s/it]
Task 2, Epoch 4/10 => Loss -0.122, Train_accy 94.96, Test_accy 77.20:  40%|████      | 4/10 [01:28<02:13, 22.20s/it]
Task 2, Epoch 5/10 => Loss -0.162, Train_accy 96.16, Test_accy 77.69:  40%|████      | 4/10 [01:51<02:13, 22.20s/it]
Task 2, Epoch 5/10 => Loss -0.162, Train_accy 96.16, Test_accy 77.69:  50%|█████     | 5/10 [01:51<01:51, 22.27s/it]
Task 2, Epoch 6/10 => Loss -0.189, Train_accy 96.16, Test_accy 78.43:  50%|█████     | 5/10 [02:13<01:51, 22.27s/it]
Task 2, Epoch 6/10 => Loss -0.189, Train_accy 96.16, Test_accy 78.43:  60%|██████    | 6/10 [02:13<01:29, 22.29s/it]
Task 2, Epoch 7/10 => Loss -0.203, Train_accy 96.88, Test_accy 79.20:  60%|██████    | 6/10 [02:35<01:29, 22.29s/it]
Task 2, Epoch 7/10 => Loss -0.203, Train_accy 96.88, Test_accy 79.20:  70%|███████   | 7/10 [02:35<01:06, 22.28s/it]
Task 2, Epoch 8/10 => Loss -0.218, Train_accy 96.88, Test_accy 79.86:  70%|███████   | 7/10 [02:58<01:06, 22.28s/it]
Task 2, Epoch 8/10 => Loss -0.218, Train_accy 96.88, Test_accy 79.86:  80%|████████  | 8/10 [02:58<00:44, 22.30s/it]
Task 2, Epoch 9/10 => Loss -0.218, Train_accy 96.40, Test_accy 80.21:  80%|████████  | 8/10 [03:20<00:44, 22.30s/it]
Task 2, Epoch 9/10 => Loss -0.218, Train_accy 96.40, Test_accy 80.21:  90%|█████████ | 9/10 [03:20<00:22, 22.30s/it]
Task 2, Epoch 10/10 => Loss -0.237, Train_accy 97.60, Test_accy 80.49:  90%|█████████ | 9/10 [03:42<00:22, 22.30s/it]
Task 2, Epoch 10/10 => Loss -0.237, Train_accy 97.60, Test_accy 80.49: 100%|██████████| 10/10 [03:42<00:00, 22.35s/it]
Task 2, Epoch 10/10 => Loss -0.237, Train_accy 97.60, Test_accy 80.49: 100%|██████████| 10/10 [03:42<00:00, 22.29s/it]
2026-02-09 09:30:36,702 [l2p.py] => Task 2, Epoch 10/10 => Loss -0.237, Train_accy 97.60, Test_accy 80.49
2026-02-09 09:30:54,251 [trainer.py] => CNN: {'total': 80.49, '00-09': 97.17, '10-19': 96.0, '20-29': 91.19, '30-39': 86.99, '40-49': 90.3, '50-59': 55.45, '60-69': 46.45, 'old': 86.17, 'new': 46.45, 'harmonic': 60.36}
2026-02-09 09:30:54,251 [trainer.py] => CNN top1 curve: [92.64, 87.56, 80.49]
2026-02-09 09:30:54,251 [trainer.py] => CNN top5 curve: [99.85, 99.84, 99.13]
2026-02-09 09:30:54,252 [trainer.py] => Average Accuracy (CNN): 86.89666666666666
2026-02-09 09:30:54,252 [l2p.py] => Learning on 70-80

  0%|          | 0/10 [00:00<?, ?it/s]
Task 3, Epoch 1/10 => Loss 1.014, Train_accy 71.92, Test_accy 70.73:   0%|          | 0/10 [00:24<?, ?it/s]
Task 3, Epoch 1/10 => Loss 1.014, Train_accy 71.92, Test_accy 70.73:  10%|█         | 1/10 [00:24<03:42, 24.72s/it]
Task 3, Epoch 2/10 => Loss 0.067, Train_accy 97.04, Test_accy 70.76:  10%|█         | 1/10 [00:49<03:42, 24.72s/it]
Task 3, Epoch 2/10 => Loss 0.067, Train_accy 97.04, Test_accy 70.76:  20%|██        | 2/10 [00:49<03:17, 24.71s/it]
Task 3, Epoch 3/10 => Loss -0.119, Train_accy 98.52, Test_accy 71.25:  20%|██        | 2/10 [01:14<03:17, 24.71s/it]
Task 3, Epoch 3/10 => Loss -0.119, Train_accy 98.52, Test_accy 71.25:  30%|███       | 3/10 [01:14<02:52, 24.69s/it]
Task 3, Epoch 4/10 => Loss -0.180, Train_accy 98.28, Test_accy 71.34:  30%|███       | 3/10 [01:39<02:52, 24.69s/it]
Task 3, Epoch 4/10 => Loss -0.180, Train_accy 98.28, Test_accy 71.34:  40%|████      | 4/10 [01:39<02:28, 24.79s/it]
Task 3, Epoch 5/10 => Loss -0.216, Train_accy 99.01, Test_accy 71.86:  40%|████      | 4/10 [02:03<02:28, 24.79s/it]
Task 3, Epoch 5/10 => Loss -0.216, Train_accy 99.01, Test_accy 71.86:  50%|█████     | 5/10 [02:03<02:03, 24.66s/it]
Task 3, Epoch 6/10 => Loss -0.236, Train_accy 98.77, Test_accy 72.17:  50%|█████     | 5/10 [02:28<02:03, 24.66s/it]
Task 3, Epoch 6/10 => Loss -0.236, Train_accy 98.77, Test_accy 72.17:  60%|██████    | 6/10 [02:28<01:38, 24.66s/it]
Task 3, Epoch 7/10 => Loss -0.252, Train_accy 99.51, Test_accy 72.78:  60%|██████    | 6/10 [02:52<01:38, 24.66s/it]
Task 3, Epoch 7/10 => Loss -0.252, Train_accy 99.51, Test_accy 72.78:  70%|███████   | 7/10 [02:52<01:14, 24.72s/it]
Task 3, Epoch 8/10 => Loss -0.260, Train_accy 99.51, Test_accy 73.27:  70%|███████   | 7/10 [03:17<01:14, 24.72s/it]
Task 3, Epoch 8/10 => Loss -0.260, Train_accy 99.51, Test_accy 73.27:  80%|████████  | 8/10 [03:17<00:49, 24.71s/it]
Task 3, Epoch 9/10 => Loss -0.270, Train_accy 99.75, Test_accy 73.58:  80%|████████  | 8/10 [03:42<00:49, 24.71s/it]
Task 3, Epoch 9/10 => Loss -0.270, Train_accy 99.75, Test_accy 73.58:  90%|█████████ | 9/10 [03:42<00:24, 24.67s/it]
Task 3, Epoch 10/10 => Loss -0.276, Train_accy 99.75, Test_accy 73.76:  90%|█████████ | 9/10 [04:07<00:24, 24.67s/it]
Task 3, Epoch 10/10 => Loss -0.276, Train_accy 99.75, Test_accy 73.76: 100%|██████████| 10/10 [04:07<00:00, 24.73s/it]
Task 3, Epoch 10/10 => Loss -0.276, Train_accy 99.75, Test_accy 73.76: 100%|██████████| 10/10 [04:07<00:00, 24.71s/it]
2026-02-09 09:35:01,354 [l2p.py] => Task 3, Epoch 10/10 => Loss -0.276, Train_accy 99.75, Test_accy 73.76
2026-02-09 09:35:21,348 [trainer.py] => CNN: {'total': 73.76, '00-09': 97.17, '10-19': 95.75, '20-29': 91.67, '30-39': 86.48, '40-49': 90.55, '50-59': 54.96, '60-69': 46.21, '70-79': 26.32, 'old': 80.38, 'new': 26.32, 'harmonic': 39.66}
2026-02-09 09:35:21,348 [trainer.py] => CNN top1 curve: [92.64, 87.56, 80.49, 73.76]
2026-02-09 09:35:21,348 [trainer.py] => CNN top5 curve: [99.85, 99.84, 99.13, 98.47]
2026-02-09 09:35:21,349 [trainer.py] => Average Accuracy (CNN): 83.6125
2026-02-09 09:35:21,349 [l2p.py] => Learning on 80-90

  0%|          | 0/10 [00:00<?, ?it/s]
Task 4, Epoch 1/10 => Loss 0.967, Train_accy 77.30, Test_accy 65.09:   0%|          | 0/10 [00:27<?, ?it/s]
Task 4, Epoch 1/10 => Loss 0.967, Train_accy 77.30, Test_accy 65.09:  10%|█         | 1/10 [00:27<04:07, 27.54s/it]
Task 4, Epoch 2/10 => Loss -0.009, Train_accy 98.82, Test_accy 66.39:  10%|█         | 1/10 [00:54<04:07, 27.54s/it]
Task 4, Epoch 2/10 => Loss -0.009, Train_accy 98.82, Test_accy 66.39:  20%|██        | 2/10 [00:54<03:39, 27.45s/it]
Task 4, Epoch 3/10 => Loss -0.171, Train_accy 99.29, Test_accy 66.86:  20%|██        | 2/10 [01:22<03:39, 27.45s/it]
Task 4, Epoch 3/10 => Loss -0.171, Train_accy 99.29, Test_accy 66.86:  30%|███       | 3/10 [01:22<03:11, 27.39s/it]
Task 4, Epoch 4/10 => Loss -0.227, Train_accy 99.53, Test_accy 67.43:  30%|███       | 3/10 [01:49<03:11, 27.39s/it]
Task 4, Epoch 4/10 => Loss -0.227, Train_accy 99.53, Test_accy 67.43:  40%|████      | 4/10 [01:49<02:44, 27.38s/it]
Task 4, Epoch 5/10 => Loss -0.253, Train_accy 100.00, Test_accy 67.92:  40%|████      | 4/10 [02:16<02:44, 27.38s/it]
Task 4, Epoch 5/10 => Loss -0.253, Train_accy 100.00, Test_accy 67.92:  50%|█████     | 5/10 [02:16<02:16, 27.32s/it]
Task 4, Epoch 6/10 => Loss -0.271, Train_accy 100.00, Test_accy 68.27:  50%|█████     | 5/10 [02:44<02:16, 27.32s/it]
Task 4, Epoch 6/10 => Loss -0.271, Train_accy 100.00, Test_accy 68.27:  60%|██████    | 6/10 [02:44<01:49, 27.34s/it]
Task 4, Epoch 7/10 => Loss -0.283, Train_accy 100.00, Test_accy 68.46:  60%|██████    | 6/10 [03:11<01:49, 27.34s/it]
Task 4, Epoch 7/10 => Loss -0.283, Train_accy 100.00, Test_accy 68.46:  70%|███████   | 7/10 [03:11<01:22, 27.36s/it]
Task 4, Epoch 8/10 => Loss -0.293, Train_accy 100.00, Test_accy 68.71:  70%|███████   | 7/10 [03:38<01:22, 27.36s/it]
Task 4, Epoch 8/10 => Loss -0.293, Train_accy 100.00, Test_accy 68.71:  80%|████████  | 8/10 [03:38<00:54, 27.35s/it]
Task 4, Epoch 9/10 => Loss -0.299, Train_accy 100.00, Test_accy 68.65:  80%|████████  | 8/10 [04:06<00:54, 27.35s/it]
Task 4, Epoch 9/10 => Loss -0.299, Train_accy 100.00, Test_accy 68.65:  90%|█████████ | 9/10 [04:06<00:27, 27.37s/it]
Task 4, Epoch 10/10 => Loss -0.305, Train_accy 100.00, Test_accy 68.76:  90%|█████████ | 9/10 [04:33<00:27, 27.37s/it]
Task 4, Epoch 10/10 => Loss -0.305, Train_accy 100.00, Test_accy 68.76: 100%|██████████| 10/10 [04:33<00:00, 27.40s/it]
Task 4, Epoch 10/10 => Loss -0.305, Train_accy 100.00, Test_accy 68.76: 100%|██████████| 10/10 [04:33<00:00, 27.38s/it]
2026-02-09 09:39:55,172 [l2p.py] => Task 4, Epoch 10/10 => Loss -0.305, Train_accy 100.00, Test_accy 68.76
2026-02-09 09:40:17,554 [trainer.py] => CNN: {'total': 68.76, '00-09': 96.93, '10-19': 95.5, '20-29': 92.38, '30-39': 86.22, '40-49': 91.54, '50-59': 58.84, '60-69': 39.12, '70-79': 22.56, '80-89': 35.56, 'old': 73.03, 'new': 35.56, 'harmonic': 47.83}
2026-02-09 09:40:17,554 [trainer.py] => CNN top1 curve: [92.64, 87.56, 80.49, 73.76, 68.76]
2026-02-09 09:40:17,555 [trainer.py] => CNN top5 curve: [99.85, 99.84, 99.13, 98.47, 98.04]
2026-02-09 09:40:17,555 [trainer.py] => Average Accuracy (CNN): 80.642
2026-02-09 09:40:17,555 [l2p.py] => Learning on 90-100

  0%|          | 0/10 [00:00<?, ?it/s]
Task 5, Epoch 1/10 => Loss 0.905, Train_accy 73.17, Test_accy 61.57:   0%|          | 0/10 [00:29<?, ?it/s]
Task 5, Epoch 1/10 => Loss 0.905, Train_accy 73.17, Test_accy 61.57:  10%|█         | 1/10 [00:29<04:24, 29.44s/it]
Task 5, Epoch 2/10 => Loss 0.021, Train_accy 95.61, Test_accy 61.55:  10%|█         | 1/10 [00:58<04:24, 29.44s/it]
Task 5, Epoch 2/10 => Loss 0.021, Train_accy 95.61, Test_accy 61.55:  20%|██        | 2/10 [00:58<03:55, 29.47s/it]
Task 5, Epoch 3/10 => Loss -0.133, Train_accy 97.32, Test_accy 61.82:  20%|██        | 2/10 [01:28<03:55, 29.47s/it]
Task 5, Epoch 3/10 => Loss -0.133, Train_accy 97.32, Test_accy 61.82:  30%|███       | 3/10 [01:28<03:26, 29.54s/it]
Task 5, Epoch 4/10 => Loss -0.187, Train_accy 98.05, Test_accy 62.11:  30%|███       | 3/10 [01:58<03:26, 29.54s/it]
Task 5, Epoch 4/10 => Loss -0.187, Train_accy 98.05, Test_accy 62.11:  40%|████      | 4/10 [01:58<02:57, 29.56s/it]
Task 5, Epoch 5/10 => Loss -0.223, Train_accy 98.29, Test_accy 62.38:  40%|████      | 4/10 [02:27<02:57, 29.56s/it]
Task 5, Epoch 5/10 => Loss -0.223, Train_accy 98.29, Test_accy 62.38:  50%|█████     | 5/10 [02:27<02:28, 29.60s/it]
Task 5, Epoch 6/10 => Loss -0.241, Train_accy 98.78, Test_accy 62.50:  50%|█████     | 5/10 [02:57<02:28, 29.60s/it]
Task 5, Epoch 6/10 => Loss -0.241, Train_accy 98.78, Test_accy 62.50:  60%|██████    | 6/10 [02:57<01:58, 29.63s/it]
Task 5, Epoch 7/10 => Loss -0.258, Train_accy 99.27, Test_accy 62.75:  60%|██████    | 6/10 [03:27<01:58, 29.63s/it]
Task 5, Epoch 7/10 => Loss -0.258, Train_accy 99.27, Test_accy 62.75:  70%|███████   | 7/10 [03:27<01:29, 29.67s/it]
Task 5, Epoch 8/10 => Loss -0.268, Train_accy 100.00, Test_accy 62.87:  70%|███████   | 7/10 [03:57<01:29, 29.67s/it]
Task 5, Epoch 8/10 => Loss -0.268, Train_accy 100.00, Test_accy 62.87:  80%|████████  | 8/10 [03:57<00:59, 29.83s/it]
Task 5, Epoch 9/10 => Loss -0.278, Train_accy 99.51, Test_accy 63.09:  80%|████████  | 8/10 [04:26<00:59, 29.83s/it] 
Task 5, Epoch 9/10 => Loss -0.278, Train_accy 99.51, Test_accy 63.09:  90%|█████████ | 9/10 [04:26<00:29, 29.73s/it]
Task 5, Epoch 10/10 => Loss -0.284, Train_accy 99.76, Test_accy 63.34:  90%|█████████ | 9/10 [04:56<00:29, 29.73s/it]
Task 5, Epoch 10/10 => Loss -0.284, Train_accy 99.76, Test_accy 63.34: 100%|██████████| 10/10 [04:56<00:00, 29.80s/it]
Task 5, Epoch 10/10 => Loss -0.284, Train_accy 99.76, Test_accy 63.34: 100%|██████████| 10/10 [04:56<00:00, 29.69s/it]
2026-02-09 09:45:14,486 [l2p.py] => Task 5, Epoch 10/10 => Loss -0.284, Train_accy 99.76, Test_accy 63.34
2026-02-09 09:45:39,497 [trainer.py] => CNN: {'total': 63.34, '00-09': 96.7, '10-19': 94.75, '20-29': 92.14, '30-39': 85.97, '40-49': 90.8, '50-59': 52.06, '60-69': 36.19, '70-79': 20.55, '80-89': 33.65, '90-99': 30.12, 'old': 66.99, 'new': 30.12, 'harmonic': 41.56}
2026-02-09 09:45:39,498 [trainer.py] => CNN top1 curve: [92.64, 87.56, 80.49, 73.76, 68.76, 63.34]
2026-02-09 09:45:39,498 [trainer.py] => CNN top5 curve: [99.85, 99.84, 99.13, 98.47, 98.04, 97.5]
2026-02-09 09:45:39,498 [trainer.py] => Average Accuracy (CNN): 77.75833333333333

========================================
Finished cars_init50_inc10
Backbone: OpenCLIP_LAION400M
Average Accuracy (Top1): 77.76
Last Accuracy: 63.34
========================================

2026-02-09 09:45:42,202 [trainer.py] => config: ./configs/l2p/l2p_inr_B0_Inc20.json
2026-02-09 09:45:42,202 [trainer.py] => prefix:  
2026-02-09 09:45:42,202 [trainer.py] => dataset: imagenetr
2026-02-09 09:45:42,202 [trainer.py] => memory_size: 0
2026-02-09 09:45:42,202 [trainer.py] => memory_per_class: 0
2026-02-09 09:45:42,202 [trainer.py] => fixed_memory: False
2026-02-09 09:45:42,202 [trainer.py] => shuffle: True
2026-02-09 09:45:42,202 [trainer.py] => init_cls: 20
2026-02-09 09:45:42,202 [trainer.py] => increment: 20
2026-02-09 09:45:42,202 [trainer.py] => model_name: l2p
2026-02-09 09:45:42,202 [trainer.py] => backbone_type: clip
2026-02-09 09:45:42,202 [trainer.py] => get_original_backbone: True
2026-02-09 09:45:42,203 [trainer.py] => device: [device(type='cuda', index=7)]
2026-02-09 09:45:42,203 [trainer.py] => seed: 1993
2026-02-09 09:45:42,203 [trainer.py] => tuned_epoch: 10
2026-02-09 09:45:42,203 [trainer.py] => init_lr: 0.001875
2026-02-09 09:45:42,203 [trainer.py] => batch_size: 16
2026-02-09 09:45:42,203 [trainer.py] => weight_decay: 0
2026-02-09 09:45:42,203 [trainer.py] => min_lr: 1e-05
2026-02-09 09:45:42,203 [trainer.py] => optimizer: adam
2026-02-09 09:45:42,203 [trainer.py] => scheduler: constant
2026-02-09 09:45:42,203 [trainer.py] => reinit_optimizer: True
2026-02-09 09:45:42,203 [trainer.py] => global_pool: token
2026-02-09 09:45:42,203 [trainer.py] => head_type: prompt
2026-02-09 09:45:42,203 [trainer.py] => freeze: ['blocks', 'patch_embed', 'cls_token', 'norm', 'pos_embed']
2026-02-09 09:45:42,203 [trainer.py] => pretrained: True
2026-02-09 09:45:42,203 [trainer.py] => drop: 0.0
2026-02-09 09:45:42,203 [trainer.py] => drop_path: 0.0
2026-02-09 09:45:42,203 [trainer.py] => prompt_pool: True
2026-02-09 09:45:42,203 [trainer.py] => size: 10
2026-02-09 09:45:42,203 [trainer.py] => length: 5
2026-02-09 09:45:42,203 [trainer.py] => top_k: 5
2026-02-09 09:45:42,203 [trainer.py] => initializer: uniform
2026-02-09 09:45:42,203 [trainer.py] => prompt_key: True
2026-02-09 09:45:42,203 [trainer.py] => prompt_key_init: uniform
2026-02-09 09:45:42,203 [trainer.py] => use_prompt_mask: False
2026-02-09 09:45:42,203 [trainer.py] => shared_prompt_pool: False
2026-02-09 09:45:42,203 [trainer.py] => shared_prompt_key: False
2026-02-09 09:45:42,203 [trainer.py] => batchwise_prompt: True
2026-02-09 09:45:42,203 [trainer.py] => embedding_key: cls
2026-02-09 09:45:42,203 [trainer.py] => predefined_key: 
2026-02-09 09:45:42,203 [trainer.py] => pull_constraint: True
2026-02-09 09:45:42,203 [trainer.py] => pull_constraint_coeff: 0.1
2026-02-09 09:45:42,203 [trainer.py] => nb_classes: 200
2026-02-09 09:45:42,203 [trainer.py] => total_class_num: 200
['goldfish', 'great_white_shark', 'hammerhead', 'stingray', 'hen', 'ostrich', 'goldfinch', 'junco', 'bald_eagle', 'vulture', 'newt', 'axolotl', 'tree_frog', 'iguana', 'African_chameleon', 'cobra', 'scorpion', 'tarantula', 'centipede', 'peacock', 'lorikeet', 'hummingbird', 'toucan', 'duck', 'goose', 'black_swan', 'koala', 'jellyfish', 'snail', 'lobster', 'hermit_crab', 'flamingo', 'american_egret', 'pelican', 'king_penguin', 'grey_whale', 'killer_whale', 'sea_lion', 'chihuahua', 'shih_tzu', 'afghan_hound', 'basset_hound', 'beagle', 'bloodhound', 'italian_greyhound', 'whippet', 'weimaraner', 'yorkshire_terrier', 'boston_terrier', 'scottish_terrier', 'west_highland_white_terrier', 'golden_retriever', 'labrador_retriever', 'cocker_spaniels', 'collie', 'border_collie', 'rottweiler', 'german_shepherd_dog', 'boxer', 'french_bulldog', 'saint_bernard', 'husky', 'dalmatian', 'pug', 'pomeranian', 'chow_chow', 'pembroke_welsh_corgi', 'toy_poodle', 'standard_poodle', 'timber_wolf', 'hyena', 'red_fox', 'tabby_cat', 'leopard', 'snow_leopard', 'lion', 'tiger', 'cheetah', 'polar_bear', 'meerkat', 'ladybug', 'fly', 'bee', 'ant', 'grasshopper', 'cockroach', 'mantis', 'dragonfly', 'monarch_butterfly', 'starfish', 'wood_rabbit', 'porcupine', 'fox_squirrel', 'beaver', 'guinea_pig', 'zebra', 'pig', 'hippopotamus', 'bison', 'gazelle', 'llama', 'skunk', 'badger', 'orangutan', 'gorilla', 'chimpanzee', 'gibbon', 'baboon', 'panda', 'eel', 'clown_fish', 'puffer_fish', 'accordion', 'ambulance', 'assault_rifle', 'backpack', 'barn', 'wheelbarrow', 'basketball', 'bathtub', 'lighthouse', 'beer_glass', 'binoculars', 'birdhouse', 'bow_tie', 'broom', 'bucket', 'cauldron', 'candle', 'cannon', 'canoe', 'carousel', 'castle', 'mobile_phone', 'cowboy_hat', 'electric_guitar', 'fire_engine', 'flute', 'gasmask', 'grand_piano', 'guillotine', 'hammer', 'harmonica', 'harp', 'hatchet', 'jeep', 'joystick', 'lab_coat', 'lawn_mower', 'lipstick', 'mailbox', 'missile', 'mitten', 'parachute', 'pickup_truck', 'pirate_ship', 'revolver', 'rugby_ball', 'sandal', 'saxophone', 'school_bus', 'schooner', 'shield', 'soccer_ball', 'space_shuttle', 'spider_web', 'steam_locomotive', 'scarf', 'submarine', 'tank', 'tennis_ball', 'tractor', 'trombone', 'vase', 'violin', 'military_aircraft', 'wine_bottle', 'ice_cream', 'bagel', 'pretzel', 'cheeseburger', 'hotdog', 'cabbage', 'broccoli', 'cucumber', 'bell_pepper', 'mushroom', 'Granny_Smith', 'strawberry', 'lemon', 'pineapple', 'banana', 'pomegranate', 'pizza', 'burrito', 'espresso', 'volcano', 'baseball_player', 'scuba_diver', 'acorn']
['itap of a {}.', 'a bad photo of the {}.', 'a origami {}.', 'a photo of the large {}.', 'a {} in a video game.', 'art of the {}.', 'a photo of the small {}.']
{'n01443537': 0, 'n01484850': 1, 'n01494475': 2, 'n01498041': 3, 'n01514859': 4, 'n01518878': 5, 'n01531178': 6, 'n01534433': 7, 'n01614925': 8, 'n01616318': 9, 'n01630670': 10, 'n01632777': 11, 'n01644373': 12, 'n01677366': 13, 'n01694178': 14, 'n01748264': 15, 'n01770393': 16, 'n01774750': 17, 'n01784675': 18, 'n01806143': 19, 'n01820546': 20, 'n01833805': 21, 'n01843383': 22, 'n01847000': 23, 'n01855672': 24, 'n01860187': 25, 'n01882714': 26, 'n01910747': 27, 'n01944390': 28, 'n01983481': 29, 'n01986214': 30, 'n02007558': 31, 'n02009912': 32, 'n02051845': 33, 'n02056570': 34, 'n02066245': 35, 'n02071294': 36, 'n02077923': 37, 'n02085620': 38, 'n02086240': 39, 'n02088094': 40, 'n02088238': 41, 'n02088364': 42, 'n02088466': 43, 'n02091032': 44, 'n02091134': 45, 'n02092339': 46, 'n02094433': 47, 'n02096585': 48, 'n02097298': 49, 'n02098286': 50, 'n02099601': 51, 'n02099712': 52, 'n02102318': 53, 'n02106030': 54, 'n02106166': 55, 'n02106550': 56, 'n02106662': 57, 'n02108089': 58, 'n02108915': 59, 'n02109525': 60, 'n02110185': 61, 'n02110341': 62, 'n02110958': 63, 'n02112018': 64, 'n02112137': 65, 'n02113023': 66, 'n02113624': 67, 'n02113799': 68, 'n02114367': 69, 'n02117135': 70, 'n02119022': 71, 'n02123045': 72, 'n02128385': 73, 'n02128757': 74, 'n02129165': 75, 'n02129604': 76, 'n02130308': 77, 'n02134084': 78, 'n02138441': 79, 'n02165456': 80, 'n02190166': 81, 'n02206856': 82, 'n02219486': 83, 'n02226429': 84, 'n02233338': 85, 'n02236044': 86, 'n02268443': 87, 'n02279972': 88, 'n02317335': 89, 'n02325366': 90, 'n02346627': 91, 'n02356798': 92, 'n02363005': 93, 'n02364673': 94, 'n02391049': 95, 'n02395406': 96, 'n02398521': 97, 'n02410509': 98, 'n02423022': 99, 'n02437616': 100, 'n02445715': 101, 'n02447366': 102, 'n02480495': 103, 'n02480855': 104, 'n02481823': 105, 'n02483362': 106, 'n02486410': 107, 'n02510455': 108, 'n02526121': 109, 'n02607072': 110, 'n02655020': 111, 'n02672831': 112, 'n02701002': 113, 'n02749479': 114, 'n02769748': 115, 'n02793495': 116, 'n02797295': 117, 'n02802426': 118, 'n02808440': 119, 'n02814860': 120, 'n02823750': 121, 'n02841315': 122, 'n02843684': 123, 'n02883205': 124, 'n02906734': 125, 'n02909870': 126, 'n02939185': 127, 'n02948072': 128, 'n02950826': 129, 'n02951358': 130, 'n02966193': 131, 'n02980441': 132, 'n02992529': 133, 'n03124170': 134, 'n03272010': 135, 'n03345487': 136, 'n03372029': 137, 'n03424325': 138, 'n03452741': 139, 'n03467068': 140, 'n03481172': 141, 'n03494278': 142, 'n03495258': 143, 'n03498962': 144, 'n03594945': 145, 'n03602883': 146, 'n03630383': 147, 'n03649909': 148, 'n03676483': 149, 'n03710193': 150, 'n03773504': 151, 'n03775071': 152, 'n03888257': 153, 'n03930630': 154, 'n03947888': 155, 'n04086273': 156, 'n04118538': 157, 'n04133789': 158, 'n04141076': 159, 'n04146614': 160, 'n04147183': 161, 'n04192698': 162, 'n04254680': 163, 'n04266014': 164, 'n04275548': 165, 'n04310018': 166, 'n04325704': 167, 'n04347754': 168, 'n04389033': 169, 'n04409515': 170, 'n04465501': 171, 'n04487394': 172, 'n04522168': 173, 'n04536866': 174, 'n04552348': 175, 'n04591713': 176, 'n07614500': 177, 'n07693725': 178, 'n07695742': 179, 'n07697313': 180, 'n07697537': 181, 'n07714571': 182, 'n07714990': 183, 'n07718472': 184, 'n07720875': 185, 'n07734744': 186, 'n07742313': 187, 'n07745940': 188, 'n07749582': 189, 'n07753275': 190, 'n07753592': 191, 'n07768694': 192, 'n07873807': 193, 'n07880968': 194, 'n07920052': 195, 'n09472597': 196, 'n09835506': 197, 'n10565667': 198, 'n12267677': 199}
2026-02-09 09:45:42,350 [data_manager.py] => [168, 136, 51, 9, 183, 101, 171, 99, 42, 159, 191, 70, 16, 188, 27, 10, 175, 26, 68, 187, 98, 6, 85, 35, 112, 43, 100, 0, 103, 181, 88, 59, 4, 2, 116, 174, 94, 80, 106, 1, 147, 17, 141, 131, 72, 23, 173, 54, 197, 118, 87, 32, 79, 104, 91, 19, 135, 107, 178, 36, 11, 199, 142, 8, 122, 3, 28, 57, 153, 172, 190, 56, 49, 44, 97, 62, 151, 169, 194, 55, 192, 12, 189, 78, 66, 180, 15, 137, 109, 134, 92, 119, 126, 52, 170, 40, 148, 65, 144, 64, 138, 45, 77, 89, 154, 90, 71, 193, 74, 30, 113, 143, 96, 84, 67, 50, 186, 156, 69, 21, 18, 111, 108, 58, 125, 157, 150, 110, 182, 129, 166, 83, 81, 60, 13, 165, 14, 176, 63, 117, 5, 22, 145, 121, 38, 41, 82, 127, 114, 20, 31, 53, 37, 163, 196, 130, 152, 162, 86, 76, 24, 34, 184, 149, 33, 128, 198, 155, 146, 167, 139, 120, 140, 102, 47, 25, 158, 123, 46, 164, 61, 7, 115, 75, 133, 160, 105, 132, 179, 124, 48, 73, 93, 39, 95, 195, 29, 177, 185, 161]
After shuffle, class_to_label is:  ['submarine', 'fire_engine', 'golden_retriever', 'vulture', 'broccoli', 'skunk', 'tractor', 'gazelle', 'beagle', 'saxophone', 'banana', 'hyena', 'scorpion', 'strawberry', 'jellyfish', 'newt', 'military_aircraft', 'koala', 'standard_poodle', 'Granny_Smith', 'bison', 'goldfinch', 'cockroach', 'grey_whale', 'accordion', 'bloodhound', 'llama', 'goldfish', 'orangutan', 'hotdog', 'monarch_butterfly', 'french_bulldog', 'hen', 'hammerhead', 'barn', 'violin', 'guinea_pig', 'ladybug', 'gibbon', 'great_white_shark', 'lab_coat', 'tarantula', 'hammer', 'carousel', 'tabby_cat', 'duck', 'vase', 'collie', 'baseball_player', 'basketball', 'dragonfly', 'american_egret', 'meerkat', 'gorilla', 'porcupine', 'peacock', 'electric_guitar', 'baboon', 'bagel', 'killer_whale', 'axolotl', 'acorn', 'harmonica', 'bald_eagle', 'binoculars', 'stingray', 'snail', 'german_shepherd_dog', 'parachute', 'trombone', 'pineapple', 'rottweiler', 'scottish_terrier', 'italian_greyhound', 'hippopotamus', 'dalmatian', 'missile', 'tank', 'burrito', 'border_collie', 'pomegranate', 'tree_frog', 'lemon', 'polar_bear', 'pembroke_welsh_corgi', 'cheeseburger', 'cobra', 'flute', 'eel', 'cowboy_hat', 'fox_squirrel', 'bathtub', 'bucket', 'labrador_retriever', 'tennis_ball', 'afghan_hound', 'lawn_mower', 'chow_chow', 'hatchet', 'pomeranian', 'gasmask', 'whippet', 'cheetah', 'starfish', 'pickup_truck', 'wood_rabbit', 'red_fox', 'pizza', 'snow_leopard', 'hermit_crab', 'ambulance', 'harp', 'pig', 'grasshopper', 'toy_poodle', 'west_highland_white_terrier', 'mushroom', 'revolver', 'timber_wolf', 'hummingbird', 'centipede', 'puffer_fish', 'panda', 'boxer', 'broom', 'rugby_ball', 'mailbox', 'clown_fish', 'cabbage', 'cannon', 'steam_locomotive', 'ant', 'fly', 'saint_bernard', 'iguana', 'spider_web', 'African_chameleon', 'wine_bottle', 'pug', 'wheelbarrow', 'ostrich', 'toucan', 'jeep', 'beer_glass', 'chihuahua', 'basset_hound', 'bee', 'cauldron', 'assault_rifle', 'lorikeet', 'flamingo', 'cocker_spaniels', 'sea_lion', 'soccer_ball', 'volcano', 'canoe', 'mitten', 'shield', 'mantis', 'tiger', 'goose', 'king_penguin', 'cucumber', 'lipstick', 'pelican', 'candle', 'scuba_diver', 'pirate_ship', 'joystick', 'scarf', 'grand_piano', 'lighthouse', 'guillotine', 'badger', 'yorkshire_terrier', 'black_swan', 'sandal', 'birdhouse', 'weimaraner', 'space_shuttle', 'husky', 'junco', 'backpack', 'lion', 'mobile_phone', 'school_bus', 'chimpanzee', 'castle', 'pretzel', 'bow_tie', 'boston_terrier', 'leopard', 'beaver', 'shih_tzu', 'zebra', 'espresso', 'lobster', 'ice_cream', 'bell_pepper', 'schooner']
Training class stages: [20, 20, 20, 20, 20, 20, 20, 20, 20, 20]
Using CLIP model as the backbone
2026-02-09 09:45:43,606 [instantiator.py] => Created a temporary directory at /tmp/tmpw4dqmkts
2026-02-09 09:45:43,606 [instantiator.py] => Writing /tmp/tmpw4dqmkts/_remote_module_non_scriptable.py
2026-02-09 09:45:43,740 [factory.py] => Loaded ViT-B-16 model config.
2026-02-09 09:45:45,340 [factory.py] => Loading pretrained ViT-B-16 weights (/home/team/zhaohongwei/pretrained_models/open_clip_pytorch_model_laion400m_e32.bin).
/home/team/zhaohongwei/anaconda3/envs/mmcl/lib/python3.10/site-packages/torch/_utils.py:776: UserWarning: TypedStorage is deprecated. It will be removed in the future and UntypedStorage will be the only storage class. This should only matter to you if you are using storages directly.  To access UntypedStorage directly, use tensor.untyped_storage() instead of tensor.storage()
  return self.fget.__get__(instance, owner)()
2026-02-09 09:45:46,426 [l2p.py] => 86,509,256 model total parameters.
2026-02-09 09:45:46,427 [l2p.py] => 146,120 model training parameters.
2026-02-09 09:45:46,427 [l2p.py] => prompt.prompt: 38400
2026-02-09 09:45:46,427 [l2p.py] => prompt.prompt_key: 5120
2026-02-09 09:45:46,427 [l2p.py] => head.weight: 102400
2026-02-09 09:45:46,427 [l2p.py] => head.bias: 200
2026-02-09 09:45:46,428 [l2p.py] => Learning on 0-20

  0%|          | 0/10 [00:00<?, ?it/s]
Task 0, Epoch 1/10 => Loss 0.995, Train_accy 80.46, Test_accy 93.90:   0%|          | 0/10 [00:34<?, ?it/s]
Task 0, Epoch 1/10 => Loss 0.995, Train_accy 80.46, Test_accy 93.90:  10%|█         | 1/10 [00:34<05:08, 34.22s/it]
Task 0, Epoch 2/10 => Loss 0.136, Train_accy 96.18, Test_accy 95.50:  10%|█         | 1/10 [01:08<05:08, 34.22s/it]
Task 0, Epoch 2/10 => Loss 0.136, Train_accy 96.18, Test_accy 95.50:  20%|██        | 2/10 [01:08<04:33, 34.17s/it]
Task 0, Epoch 3/10 => Loss -0.037, Train_accy 97.86, Test_accy 95.65:  20%|██        | 2/10 [01:42<04:33, 34.17s/it]
Task 0, Epoch 3/10 => Loss -0.037, Train_accy 97.86, Test_accy 95.65:  30%|███       | 3/10 [01:42<03:59, 34.27s/it]
Task 0, Epoch 4/10 => Loss -0.136, Train_accy 98.79, Test_accy 95.79:  30%|███       | 3/10 [02:16<03:59, 34.27s/it]
Task 0, Epoch 4/10 => Loss -0.136, Train_accy 98.79, Test_accy 95.79:  40%|████      | 4/10 [02:16<03:25, 34.19s/it]
Task 0, Epoch 5/10 => Loss -0.188, Train_accy 99.47, Test_accy 96.37:  40%|████      | 4/10 [02:51<03:25, 34.19s/it]
Task 0, Epoch 5/10 => Loss -0.188, Train_accy 99.47, Test_accy 96.37:  50%|█████     | 5/10 [02:51<02:51, 34.20s/it]
Task 0, Epoch 6/10 => Loss -0.217, Train_accy 99.82, Test_accy 96.81:  50%|█████     | 5/10 [03:25<02:51, 34.20s/it]
Task 0, Epoch 6/10 => Loss -0.217, Train_accy 99.82, Test_accy 96.81:  60%|██████    | 6/10 [03:25<02:16, 34.21s/it]
Task 0, Epoch 7/10 => Loss -0.232, Train_accy 99.93, Test_accy 96.37:  60%|██████    | 6/10 [03:59<02:16, 34.21s/it]
Task 0, Epoch 7/10 => Loss -0.232, Train_accy 99.93, Test_accy 96.37:  70%|███████   | 7/10 [03:59<01:42, 34.18s/it]
Task 0, Epoch 8/10 => Loss -0.240, Train_accy 99.96, Test_accy 96.37:  70%|███████   | 7/10 [04:33<01:42, 34.18s/it]
Task 0, Epoch 8/10 => Loss -0.240, Train_accy 99.96, Test_accy 96.37:  80%|████████  | 8/10 [04:33<01:08, 34.19s/it]
Task 0, Epoch 9/10 => Loss -0.246, Train_accy 100.00, Test_accy 96.52:  80%|████████  | 8/10 [05:07<01:08, 34.19s/it]
Task 0, Epoch 9/10 => Loss -0.246, Train_accy 100.00, Test_accy 96.52:  90%|█████████ | 9/10 [05:07<00:34, 34.23s/it]
Task 0, Epoch 10/10 => Loss -0.250, Train_accy 100.00, Test_accy 96.81:  90%|█████████ | 9/10 [05:41<00:34, 34.23s/it]
Task 0, Epoch 10/10 => Loss -0.250, Train_accy 100.00, Test_accy 96.81: 100%|██████████| 10/10 [05:41<00:00, 34.11s/it]
Task 0, Epoch 10/10 => Loss -0.250, Train_accy 100.00, Test_accy 96.81: 100%|██████████| 10/10 [05:41<00:00, 34.17s/it]
2026-02-09 09:51:28,740 [l2p.py] => Task 0, Epoch 10/10 => Loss -0.250, Train_accy 100.00, Test_accy 96.81
2026-02-09 09:51:33,224 [trainer.py] => CNN: {'total': 96.81, '00-09': 96.21, '10-19': 97.31, 'old': 0, 'new': 96.81, 'harmonic': 0.0}
2026-02-09 09:51:33,224 [trainer.py] => CNN top1 curve: [96.81]
2026-02-09 09:51:33,224 [trainer.py] => CNN top5 curve: [99.71]
2026-02-09 09:51:33,224 [trainer.py] => Average Accuracy (CNN): 96.81
2026-02-09 09:51:33,224 [l2p.py] => Learning on 20-40

  0%|          | 0/10 [00:00<?, ?it/s]
Task 1, Epoch 1/10 => Loss 1.082, Train_accy 78.65, Test_accy 77.97:   0%|          | 0/10 [00:35<?, ?it/s]
Task 1, Epoch 1/10 => Loss 1.082, Train_accy 78.65, Test_accy 77.97:  10%|█         | 1/10 [00:35<05:18, 35.35s/it]
Task 1, Epoch 2/10 => Loss 0.206, Train_accy 94.30, Test_accy 84.03:  10%|█         | 1/10 [01:10<05:18, 35.35s/it]
Task 1, Epoch 2/10 => Loss 0.206, Train_accy 94.30, Test_accy 84.03:  20%|██        | 2/10 [01:10<04:42, 35.28s/it]
Task 1, Epoch 3/10 => Loss 0.031, Train_accy 96.29, Test_accy 87.81:  20%|██        | 2/10 [01:45<04:42, 35.28s/it]
Task 1, Epoch 3/10 => Loss 0.031, Train_accy 96.29, Test_accy 87.81:  30%|███       | 3/10 [01:45<04:06, 35.22s/it]
Task 1, Epoch 4/10 => Loss -0.071, Train_accy 97.31, Test_accy 89.33:  30%|███       | 3/10 [02:21<04:06, 35.22s/it]
Task 1, Epoch 4/10 => Loss -0.071, Train_accy 97.31, Test_accy 89.33:  40%|████      | 4/10 [02:21<03:31, 35.32s/it]
Task 1, Epoch 5/10 => Loss -0.136, Train_accy 98.36, Test_accy 90.39:  40%|████      | 4/10 [02:56<03:31, 35.32s/it]
Task 1, Epoch 5/10 => Loss -0.136, Train_accy 98.36, Test_accy 90.39:  50%|█████     | 5/10 [02:56<02:56, 35.30s/it]
Task 1, Epoch 6/10 => Loss -0.177, Train_accy 99.18, Test_accy 90.69:  50%|█████     | 5/10 [03:31<02:56, 35.30s/it]
Task 1, Epoch 6/10 => Loss -0.177, Train_accy 99.18, Test_accy 90.69:  60%|██████    | 6/10 [03:31<02:21, 35.29s/it]
Task 1, Epoch 7/10 => Loss -0.206, Train_accy 99.38, Test_accy 90.84:  60%|██████    | 6/10 [04:07<02:21, 35.29s/it]
Task 1, Epoch 7/10 => Loss -0.206, Train_accy 99.38, Test_accy 90.84:  70%|███████   | 7/10 [04:07<01:45, 35.31s/it]
Task 1, Epoch 8/10 => Loss -0.224, Train_accy 99.73, Test_accy 90.92:  70%|███████   | 7/10 [04:42<01:45, 35.31s/it]
Task 1, Epoch 8/10 => Loss -0.224, Train_accy 99.73, Test_accy 90.92:  80%|████████  | 8/10 [04:42<01:10, 35.33s/it]
Task 1, Epoch 9/10 => Loss -0.236, Train_accy 99.80, Test_accy 91.22:  80%|████████  | 8/10 [05:18<01:10, 35.33s/it]
Task 1, Epoch 9/10 => Loss -0.236, Train_accy 99.80, Test_accy 91.22:  90%|█████████ | 9/10 [05:18<00:35, 35.41s/it]
Task 1, Epoch 10/10 => Loss -0.244, Train_accy 99.80, Test_accy 91.52:  90%|█████████ | 9/10 [05:53<00:35, 35.41s/it]
Task 1, Epoch 10/10 => Loss -0.244, Train_accy 99.80, Test_accy 91.52: 100%|██████████| 10/10 [05:53<00:00, 35.41s/it]
Task 1, Epoch 10/10 => Loss -0.244, Train_accy 99.80, Test_accy 91.52: 100%|██████████| 10/10 [05:53<00:00, 35.35s/it]
2026-02-09 09:57:26,710 [l2p.py] => Task 1, Epoch 10/10 => Loss -0.244, Train_accy 99.80, Test_accy 91.52
2026-02-09 09:57:35,072 [trainer.py] => CNN: {'total': 91.52, '00-09': 91.17, '10-19': 94.62, '20-29': 90.67, '30-39': 89.16, 'old': 93.03, 'new': 89.87, 'harmonic': 91.42}
2026-02-09 09:57:35,073 [trainer.py] => CNN top1 curve: [96.81, 91.52]
2026-02-09 09:57:35,073 [trainer.py] => CNN top5 curve: [99.71, 98.79]
2026-02-09 09:57:35,073 [trainer.py] => Average Accuracy (CNN): 94.16499999999999
2026-02-09 09:57:35,074 [l2p.py] => Learning on 40-60

  0%|          | 0/10 [00:00<?, ?it/s]
Task 2, Epoch 1/10 => Loss 0.686, Train_accy 81.82, Test_accy 71.41:   0%|          | 0/10 [00:36<?, ?it/s]
Task 2, Epoch 1/10 => Loss 0.686, Train_accy 81.82, Test_accy 71.41:  10%|█         | 1/10 [00:36<05:30, 36.71s/it]
Task 2, Epoch 2/10 => Loss -0.013, Train_accy 95.65, Test_accy 77.17:  10%|█         | 1/10 [01:13<05:30, 36.71s/it]
Task 2, Epoch 2/10 => Loss -0.013, Train_accy 95.65, Test_accy 77.17:  20%|██        | 2/10 [01:13<04:54, 36.81s/it]
Task 2, Epoch 3/10 => Loss -0.105, Train_accy 97.27, Test_accy 81.16:  20%|██        | 2/10 [01:50<04:54, 36.81s/it]
Task 2, Epoch 3/10 => Loss -0.105, Train_accy 97.27, Test_accy 81.16:  30%|███       | 3/10 [01:50<04:17, 36.82s/it]
Task 2, Epoch 4/10 => Loss -0.154, Train_accy 98.34, Test_accy 83.50:  30%|███       | 3/10 [02:27<04:17, 36.82s/it]
Task 2, Epoch 4/10 => Loss -0.154, Train_accy 98.34, Test_accy 83.50:  40%|████      | 4/10 [02:27<03:41, 36.85s/it]
Task 2, Epoch 5/10 => Loss -0.182, Train_accy 99.06, Test_accy 85.42:  40%|████      | 4/10 [03:04<03:41, 36.85s/it]
Task 2, Epoch 5/10 => Loss -0.182, Train_accy 99.06, Test_accy 85.42:  50%|█████     | 5/10 [03:04<03:04, 36.92s/it]
Task 2, Epoch 6/10 => Loss -0.201, Train_accy 99.27, Test_accy 86.40:  50%|█████     | 5/10 [03:41<03:04, 36.92s/it]
Task 2, Epoch 6/10 => Loss -0.201, Train_accy 99.27, Test_accy 86.40:  60%|██████    | 6/10 [03:41<02:27, 36.91s/it]
Task 2, Epoch 7/10 => Loss -0.215, Train_accy 99.70, Test_accy 87.39:  60%|██████    | 6/10 [04:17<02:27, 36.91s/it]
Task 2, Epoch 7/10 => Loss -0.215, Train_accy 99.70, Test_accy 87.39:  70%|███████   | 7/10 [04:17<01:50, 36.80s/it]
Task 2, Epoch 8/10 => Loss -0.225, Train_accy 99.79, Test_accy 87.44:  70%|███████   | 7/10 [04:54<01:50, 36.80s/it]
Task 2, Epoch 8/10 => Loss -0.225, Train_accy 99.79, Test_accy 87.44:  80%|████████  | 8/10 [04:54<01:13, 36.76s/it]
Task 2, Epoch 9/10 => Loss -0.232, Train_accy 99.83, Test_accy 88.01:  80%|████████  | 8/10 [05:31<01:13, 36.76s/it]
Task 2, Epoch 9/10 => Loss -0.232, Train_accy 99.83, Test_accy 88.01:  90%|█████████ | 9/10 [05:31<00:36, 36.69s/it]
Task 2, Epoch 10/10 => Loss -0.239, Train_accy 99.91, Test_accy 88.38:  90%|█████████ | 9/10 [06:07<00:36, 36.69s/it]
Task 2, Epoch 10/10 => Loss -0.239, Train_accy 99.91, Test_accy 88.38: 100%|██████████| 10/10 [06:07<00:00, 36.76s/it]
Task 2, Epoch 10/10 => Loss -0.239, Train_accy 99.91, Test_accy 88.38: 100%|██████████| 10/10 [06:07<00:00, 36.79s/it]
2026-02-09 10:03:43,040 [l2p.py] => Task 2, Epoch 10/10 => Loss -0.239, Train_accy 99.91, Test_accy 88.38
2026-02-09 10:03:55,132 [trainer.py] => CNN: {'total': 88.38, '00-09': 91.8, '10-19': 93.55, '20-29': 89.33, '30-39': 84.64, '40-49': 88.41, '50-59': 81.58, 'old': 89.93, 'new': 84.98, 'harmonic': 87.38}
2026-02-09 10:03:55,132 [trainer.py] => CNN top1 curve: [96.81, 91.52, 88.38]
2026-02-09 10:03:55,132 [trainer.py] => CNN top5 curve: [99.71, 98.79, 98.44]
2026-02-09 10:03:55,133 [trainer.py] => Average Accuracy (CNN): 92.23666666666666
2026-02-09 10:03:55,133 [l2p.py] => Learning on 60-80

  0%|          | 0/10 [00:00<?, ?it/s]
Task 3, Epoch 1/10 => Loss 0.780, Train_accy 78.94, Test_accy 71.58:   0%|          | 0/10 [00:39<?, ?it/s]
Task 3, Epoch 1/10 => Loss 0.780, Train_accy 78.94, Test_accy 71.58:  10%|█         | 1/10 [00:39<05:57, 39.73s/it]
Task 3, Epoch 2/10 => Loss 0.049, Train_accy 94.37, Test_accy 75.14:  10%|█         | 1/10 [01:19<05:57, 39.73s/it]
Task 3, Epoch 2/10 => Loss 0.049, Train_accy 94.37, Test_accy 75.14:  20%|██        | 2/10 [01:19<05:17, 39.73s/it]
Task 3, Epoch 3/10 => Loss -0.060, Train_accy 96.08, Test_accy 77.26:  20%|██        | 2/10 [01:59<05:17, 39.73s/it]
Task 3, Epoch 3/10 => Loss -0.060, Train_accy 96.08, Test_accy 77.26:  30%|███       | 3/10 [01:59<04:37, 39.67s/it]
Task 3, Epoch 4/10 => Loss -0.112, Train_accy 97.38, Test_accy 78.70:  30%|███       | 3/10 [02:38<04:37, 39.67s/it]
Task 3, Epoch 4/10 => Loss -0.112, Train_accy 97.38, Test_accy 78.70:  40%|████      | 4/10 [02:38<03:58, 39.69s/it]
Task 3, Epoch 5/10 => Loss -0.151, Train_accy 98.21, Test_accy 80.38:  40%|████      | 4/10 [03:18<03:58, 39.69s/it]
Task 3, Epoch 5/10 => Loss -0.151, Train_accy 98.21, Test_accy 80.38:  50%|█████     | 5/10 [03:18<03:18, 39.68s/it]
Task 3, Epoch 6/10 => Loss -0.174, Train_accy 98.26, Test_accy 80.94:  50%|█████     | 5/10 [03:58<03:18, 39.68s/it]
Task 3, Epoch 6/10 => Loss -0.174, Train_accy 98.26, Test_accy 80.94:  60%|██████    | 6/10 [03:58<02:38, 39.66s/it]
Task 3, Epoch 7/10 => Loss -0.193, Train_accy 98.87, Test_accy 82.03:  60%|██████    | 6/10 [04:37<02:38, 39.66s/it]
Task 3, Epoch 7/10 => Loss -0.193, Train_accy 98.87, Test_accy 82.03:  70%|███████   | 7/10 [04:37<01:59, 39.74s/it]
Task 3, Epoch 8/10 => Loss -0.207, Train_accy 99.04, Test_accy 82.75:  70%|███████   | 7/10 [05:17<01:59, 39.74s/it]
Task 3, Epoch 8/10 => Loss -0.207, Train_accy 99.04, Test_accy 82.75:  80%|████████  | 8/10 [05:17<01:19, 39.74s/it]
Task 3, Epoch 9/10 => Loss -0.216, Train_accy 99.13, Test_accy 82.59:  80%|████████  | 8/10 [05:57<01:19, 39.74s/it]
Task 3, Epoch 9/10 => Loss -0.216, Train_accy 99.13, Test_accy 82.59:  90%|█████████ | 9/10 [05:57<00:39, 39.75s/it]
Task 3, Epoch 10/10 => Loss -0.223, Train_accy 99.17, Test_accy 82.99:  90%|█████████ | 9/10 [06:37<00:39, 39.75s/it]
Task 3, Epoch 10/10 => Loss -0.223, Train_accy 99.17, Test_accy 82.99: 100%|██████████| 10/10 [06:37<00:00, 39.77s/it]
Task 3, Epoch 10/10 => Loss -0.223, Train_accy 99.17, Test_accy 82.99: 100%|██████████| 10/10 [06:37<00:00, 39.73s/it]
2026-02-09 10:10:32,443 [l2p.py] => Task 3, Epoch 10/10 => Loss -0.223, Train_accy 99.17, Test_accy 82.99
2026-02-09 10:10:47,949 [trainer.py] => CNN: {'total': 82.99, '00-09': 90.22, '10-19': 91.94, '20-29': 88.33, '30-39': 82.53, '40-49': 85.1, '50-59': 79.61, '60-69': 67.79, '70-79': 75.09, 'old': 86.46, 'new': 71.28, 'harmonic': 78.14}
2026-02-09 10:10:47,950 [trainer.py] => CNN top1 curve: [96.81, 91.52, 88.38, 82.99]
2026-02-09 10:10:47,950 [trainer.py] => CNN top5 curve: [99.71, 98.79, 98.44, 97.08]
2026-02-09 10:10:47,950 [trainer.py] => Average Accuracy (CNN): 89.925
2026-02-09 10:10:47,950 [l2p.py] => Learning on 80-100

  0%|          | 0/10 [00:00<?, ?it/s]
Task 4, Epoch 1/10 => Loss 0.711, Train_accy 80.37, Test_accy 71.62:   0%|          | 0/10 [00:41<?, ?it/s]
Task 4, Epoch 1/10 => Loss 0.711, Train_accy 80.37, Test_accy 71.62:  10%|█         | 1/10 [00:41<06:11, 41.25s/it]
Task 4, Epoch 2/10 => Loss 0.008, Train_accy 94.30, Test_accy 73.67:  10%|█         | 1/10 [01:22<06:11, 41.25s/it]
Task 4, Epoch 2/10 => Loss 0.008, Train_accy 94.30, Test_accy 73.67:  20%|██        | 2/10 [01:22<05:30, 41.37s/it]
Task 4, Epoch 3/10 => Loss -0.094, Train_accy 96.64, Test_accy 75.24:  20%|██        | 2/10 [02:04<05:30, 41.37s/it]
Task 4, Epoch 3/10 => Loss -0.094, Train_accy 96.64, Test_accy 75.24:  30%|███       | 3/10 [02:04<04:49, 41.42s/it]
Task 4, Epoch 4/10 => Loss -0.145, Train_accy 98.07, Test_accy 75.85:  30%|███       | 3/10 [02:45<04:49, 41.42s/it]
Task 4, Epoch 4/10 => Loss -0.145, Train_accy 98.07, Test_accy 75.85:  40%|████      | 4/10 [02:45<04:08, 41.46s/it]
Task 4, Epoch 5/10 => Loss -0.178, Train_accy 99.08, Test_accy 77.25:  40%|████      | 4/10 [03:27<04:08, 41.46s/it]
Task 4, Epoch 5/10 => Loss -0.178, Train_accy 99.08, Test_accy 77.25:  50%|█████     | 5/10 [03:27<03:27, 41.46s/it]
Task 4, Epoch 6/10 => Loss -0.200, Train_accy 99.49, Test_accy 77.55:  50%|█████     | 5/10 [04:08<03:27, 41.46s/it]
Task 4, Epoch 6/10 => Loss -0.200, Train_accy 99.49, Test_accy 77.55:  60%|██████    | 6/10 [04:08<02:45, 41.50s/it]
Task 4, Epoch 7/10 => Loss -0.215, Train_accy 99.63, Test_accy 78.59:  60%|██████    | 6/10 [04:50<02:45, 41.50s/it]
Task 4, Epoch 7/10 => Loss -0.215, Train_accy 99.63, Test_accy 78.59:  70%|███████   | 7/10 [04:50<02:04, 41.58s/it]
Task 4, Epoch 8/10 => Loss -0.225, Train_accy 99.86, Test_accy 79.40:  70%|███████   | 7/10 [05:32<02:04, 41.58s/it]
Task 4, Epoch 8/10 => Loss -0.225, Train_accy 99.86, Test_accy 79.40:  80%|████████  | 8/10 [05:32<01:23, 41.57s/it]
Task 4, Epoch 9/10 => Loss -0.233, Train_accy 99.95, Test_accy 79.56:  80%|████████  | 8/10 [06:13<01:23, 41.57s/it]
Task 4, Epoch 9/10 => Loss -0.233, Train_accy 99.95, Test_accy 79.56:  90%|█████████ | 9/10 [06:13<00:41, 41.54s/it]
Task 4, Epoch 10/10 => Loss -0.239, Train_accy 100.00, Test_accy 79.70:  90%|█████████ | 9/10 [06:54<00:41, 41.54s/it]
Task 4, Epoch 10/10 => Loss -0.239, Train_accy 100.00, Test_accy 79.70: 100%|██████████| 10/10 [06:54<00:00, 41.48s/it]
Task 4, Epoch 10/10 => Loss -0.239, Train_accy 100.00, Test_accy 79.70: 100%|██████████| 10/10 [06:54<00:00, 41.48s/it]
2026-02-09 10:17:42,816 [l2p.py] => Task 4, Epoch 10/10 => Loss -0.239, Train_accy 100.00, Test_accy 79.70
2026-02-09 10:18:01,360 [trainer.py] => CNN: {'total': 79.7, '00-09': 89.59, '10-19': 91.94, '20-29': 87.67, '30-39': 82.23, '40-49': 85.1, '50-59': 78.95, '60-69': 63.42, '70-79': 73.63, '80-89': 70.32, '90-99': 63.28, 'old': 82.03, 'new': 67.76, 'harmonic': 74.22}
2026-02-09 10:18:01,360 [trainer.py] => CNN top1 curve: [96.81, 91.52, 88.38, 82.99, 79.7]
2026-02-09 10:18:01,360 [trainer.py] => CNN top5 curve: [99.71, 98.79, 98.44, 97.08, 95.78]
2026-02-09 10:18:01,361 [trainer.py] => Average Accuracy (CNN): 87.88
2026-02-09 10:18:01,361 [l2p.py] => Learning on 100-120

  0%|          | 0/10 [00:00<?, ?it/s]
Task 5, Epoch 1/10 => Loss 0.437, Train_accy 85.40, Test_accy 66.97:   0%|          | 0/10 [00:50<?, ?it/s]
Task 5, Epoch 1/10 => Loss 0.437, Train_accy 85.40, Test_accy 66.97:  10%|█         | 1/10 [00:50<07:33, 50.42s/it]
Task 5, Epoch 2/10 => Loss -0.086, Train_accy 95.72, Test_accy 70.07:  10%|█         | 1/10 [01:41<07:33, 50.42s/it]
Task 5, Epoch 2/10 => Loss -0.086, Train_accy 95.72, Test_accy 70.07:  20%|██        | 2/10 [01:41<06:44, 50.54s/it]
Task 5, Epoch 3/10 => Loss -0.153, Train_accy 97.64, Test_accy 72.62:  20%|██        | 2/10 [02:32<06:44, 50.54s/it]
Task 5, Epoch 3/10 => Loss -0.153, Train_accy 97.64, Test_accy 72.62:  30%|███       | 3/10 [02:32<05:55, 50.75s/it]
Task 5, Epoch 4/10 => Loss -0.184, Train_accy 98.54, Test_accy 74.46:  30%|███       | 3/10 [03:22<05:55, 50.75s/it]
Task 5, Epoch 4/10 => Loss -0.184, Train_accy 98.54, Test_accy 74.46:  40%|████      | 4/10 [03:22<05:03, 50.59s/it]
Task 5, Epoch 5/10 => Loss -0.210, Train_accy 99.25, Test_accy 76.21:  40%|████      | 4/10 [04:12<05:03, 50.59s/it]
Task 5, Epoch 5/10 => Loss -0.210, Train_accy 99.25, Test_accy 76.21:  50%|█████     | 5/10 [04:12<04:12, 50.53s/it]
Task 5, Epoch 6/10 => Loss -0.226, Train_accy 99.59, Test_accy 76.84:  50%|█████     | 5/10 [05:03<04:12, 50.53s/it]
Task 5, Epoch 6/10 => Loss -0.226, Train_accy 99.59, Test_accy 76.84:  60%|██████    | 6/10 [05:03<03:22, 50.54s/it]
Task 5, Epoch 7/10 => Loss -0.235, Train_accy 99.62, Test_accy 77.94:  60%|██████    | 6/10 [05:53<03:22, 50.54s/it]
Task 5, Epoch 7/10 => Loss -0.235, Train_accy 99.62, Test_accy 77.94:  70%|███████   | 7/10 [05:53<02:31, 50.55s/it]
Task 5, Epoch 8/10 => Loss -0.242, Train_accy 99.81, Test_accy 78.16:  70%|███████   | 7/10 [06:44<02:31, 50.55s/it]
Task 5, Epoch 8/10 => Loss -0.242, Train_accy 99.81, Test_accy 78.16:  80%|████████  | 8/10 [06:44<01:41, 50.55s/it]
Task 5, Epoch 9/10 => Loss -0.248, Train_accy 99.89, Test_accy 78.82:  80%|████████  | 8/10 [07:35<01:41, 50.55s/it]
Task 5, Epoch 9/10 => Loss -0.248, Train_accy 99.89, Test_accy 78.82:  90%|█████████ | 9/10 [07:35<00:50, 50.63s/it]
Task 5, Epoch 10/10 => Loss -0.252, Train_accy 99.92, Test_accy 78.90:  90%|█████████ | 9/10 [08:25<00:50, 50.63s/it]
Task 5, Epoch 10/10 => Loss -0.252, Train_accy 99.92, Test_accy 78.90: 100%|██████████| 10/10 [08:25<00:00, 50.63s/it]
Task 5, Epoch 10/10 => Loss -0.252, Train_accy 99.92, Test_accy 78.90: 100%|██████████| 10/10 [08:25<00:00, 50.59s/it]
2026-02-09 10:26:27,296 [l2p.py] => Task 5, Epoch 10/10 => Loss -0.252, Train_accy 99.92, Test_accy 78.90
2026-02-09 10:26:49,721 [trainer.py] => CNN: {'total': 78.9, '00-09': 88.96, '10-19': 91.4, '20-29': 85.67, '30-39': 81.02, '40-49': 86.09, '50-59': 79.28, '60-69': 62.08, '70-79': 73.63, '80-89': 69.03, '90-99': 60.45, '100-109': 79.23, '110-119': 78.46, 'old': 78.93, 'new': 78.79, 'harmonic': 78.86}
2026-02-09 10:26:49,721 [trainer.py] => CNN top1 curve: [96.81, 91.52, 88.38, 82.99, 79.7, 78.9]
2026-02-09 10:26:49,722 [trainer.py] => CNN top5 curve: [99.71, 98.79, 98.44, 97.08, 95.78, 95.31]
2026-02-09 10:26:49,722 [trainer.py] => Average Accuracy (CNN): 86.38333333333333
2026-02-09 10:26:49,722 [l2p.py] => Learning on 120-140

  0%|          | 0/10 [00:00<?, ?it/s]
Task 6, Epoch 1/10 => Loss 0.619, Train_accy 81.36, Test_accy 69.20:   0%|          | 0/10 [00:48<?, ?it/s]
Task 6, Epoch 1/10 => Loss 0.619, Train_accy 81.36, Test_accy 69.20:  10%|█         | 1/10 [00:48<07:16, 48.52s/it]
Task 6, Epoch 2/10 => Loss -0.017, Train_accy 94.82, Test_accy 70.72:  10%|█         | 1/10 [01:37<07:16, 48.52s/it]
Task 6, Epoch 2/10 => Loss -0.017, Train_accy 94.82, Test_accy 70.72:  20%|██        | 2/10 [01:37<06:28, 48.52s/it]
Task 6, Epoch 3/10 => Loss -0.106, Train_accy 96.85, Test_accy 71.97:  20%|██        | 2/10 [02:25<06:28, 48.52s/it]
Task 6, Epoch 3/10 => Loss -0.106, Train_accy 96.85, Test_accy 71.97:  30%|███       | 3/10 [02:25<05:39, 48.53s/it]
Task 6, Epoch 4/10 => Loss -0.150, Train_accy 97.88, Test_accy 73.04:  30%|███       | 3/10 [03:13<05:39, 48.53s/it]
Task 6, Epoch 4/10 => Loss -0.150, Train_accy 97.88, Test_accy 73.04:  40%|████      | 4/10 [03:13<04:50, 48.37s/it]
Task 6, Epoch 5/10 => Loss -0.184, Train_accy 98.92, Test_accy 73.90:  40%|████      | 4/10 [04:02<04:50, 48.37s/it]
Task 6, Epoch 5/10 => Loss -0.184, Train_accy 98.92, Test_accy 73.90:  50%|█████     | 5/10 [04:02<04:02, 48.41s/it]
Task 6, Epoch 6/10 => Loss -0.204, Train_accy 99.39, Test_accy 74.32:  50%|█████     | 5/10 [04:50<04:02, 48.41s/it]
Task 6, Epoch 6/10 => Loss -0.204, Train_accy 99.39, Test_accy 74.32:  60%|██████    | 6/10 [04:50<03:13, 48.40s/it]
Task 6, Epoch 7/10 => Loss -0.218, Train_accy 99.62, Test_accy 74.94:  60%|██████    | 6/10 [05:38<03:13, 48.40s/it]
Task 6, Epoch 7/10 => Loss -0.218, Train_accy 99.62, Test_accy 74.94:  70%|███████   | 7/10 [05:38<02:25, 48.38s/it]
Task 6, Epoch 8/10 => Loss -0.225, Train_accy 99.67, Test_accy 75.34:  70%|███████   | 7/10 [06:27<02:25, 48.38s/it]
Task 6, Epoch 8/10 => Loss -0.225, Train_accy 99.67, Test_accy 75.34:  80%|████████  | 8/10 [06:27<01:36, 48.42s/it]
Task 6, Epoch 9/10 => Loss -0.237, Train_accy 99.86, Test_accy 75.46:  80%|████████  | 8/10 [07:15<01:36, 48.42s/it]
Task 6, Epoch 9/10 => Loss -0.237, Train_accy 99.86, Test_accy 75.46:  90%|█████████ | 9/10 [07:15<00:48, 48.39s/it]
Task 6, Epoch 10/10 => Loss -0.242, Train_accy 99.91, Test_accy 76.03:  90%|█████████ | 9/10 [08:04<00:48, 48.39s/it]
Task 6, Epoch 10/10 => Loss -0.242, Train_accy 99.91, Test_accy 76.03: 100%|██████████| 10/10 [08:04<00:00, 48.47s/it]
Task 6, Epoch 10/10 => Loss -0.242, Train_accy 99.91, Test_accy 76.03: 100%|██████████| 10/10 [08:04<00:00, 48.44s/it]
2026-02-09 10:34:54,138 [l2p.py] => Task 6, Epoch 10/10 => Loss -0.242, Train_accy 99.91, Test_accy 76.03
2026-02-09 10:35:20,176 [trainer.py] => CNN: {'total': 76.03, '00-09': 88.96, '10-19': 90.86, '20-29': 86.67, '30-39': 83.73, '40-49': 84.77, '50-59': 78.62, '60-69': 61.07, '70-79': 72.89, '80-89': 67.1, '90-99': 59.89, '100-109': 77.46, '110-119': 77.13, '120-129': 56.46, '130-139': 64.77, 'old': 78.41, 'new': 60.81, 'harmonic': 68.5}
2026-02-09 10:35:20,177 [trainer.py] => CNN top1 curve: [96.81, 91.52, 88.38, 82.99, 79.7, 78.9, 76.03]
2026-02-09 10:35:20,177 [trainer.py] => CNN top5 curve: [99.71, 98.79, 98.44, 97.08, 95.78, 95.31, 94.71]
2026-02-09 10:35:20,177 [trainer.py] => Average Accuracy (CNN): 84.9042857142857
2026-02-09 10:35:20,177 [l2p.py] => Learning on 140-160

  0%|          | 0/10 [00:00<?, ?it/s]
Task 7, Epoch 1/10 => Loss 0.383, Train_accy 87.11, Test_accy 66.19:   0%|          | 0/10 [00:59<?, ?it/s]
Task 7, Epoch 1/10 => Loss 0.383, Train_accy 87.11, Test_accy 66.19:  10%|█         | 1/10 [00:59<08:59, 59.96s/it]
Task 7, Epoch 2/10 => Loss -0.098, Train_accy 96.27, Test_accy 68.46:  10%|█         | 1/10 [02:00<08:59, 59.96s/it]
Task 7, Epoch 2/10 => Loss -0.098, Train_accy 96.27, Test_accy 68.46:  20%|██        | 2/10 [02:00<08:00, 60.06s/it]
Task 7, Epoch 3/10 => Loss -0.153, Train_accy 98.05, Test_accy 69.41:  20%|██        | 2/10 [03:00<08:00, 60.06s/it]
Task 7, Epoch 3/10 => Loss -0.153, Train_accy 98.05, Test_accy 69.41:  30%|███       | 3/10 [03:00<07:00, 60.02s/it]
Task 7, Epoch 4/10 => Loss -0.192, Train_accy 98.83, Test_accy 70.77:  30%|███       | 3/10 [04:00<07:00, 60.02s/it]
Task 7, Epoch 4/10 => Loss -0.192, Train_accy 98.83, Test_accy 70.77:  40%|████      | 4/10 [04:00<06:01, 60.25s/it]
Task 7, Epoch 5/10 => Loss -0.213, Train_accy 99.25, Test_accy 71.80:  40%|████      | 4/10 [05:00<06:01, 60.25s/it]
Task 7, Epoch 5/10 => Loss -0.213, Train_accy 99.25, Test_accy 71.80:  50%|█████     | 5/10 [05:00<05:00, 60.12s/it]
Task 7, Epoch 6/10 => Loss -0.229, Train_accy 99.72, Test_accy 72.51:  50%|█████     | 5/10 [06:00<05:00, 60.12s/it]
Task 7, Epoch 6/10 => Loss -0.229, Train_accy 99.72, Test_accy 72.51:  60%|██████    | 6/10 [06:00<04:00, 60.09s/it]
Task 7, Epoch 7/10 => Loss -0.239, Train_accy 99.93, Test_accy 73.21:  60%|██████    | 6/10 [07:00<04:00, 60.09s/it]
Task 7, Epoch 7/10 => Loss -0.239, Train_accy 99.93, Test_accy 73.21:  70%|███████   | 7/10 [07:00<03:00, 60.18s/it]
Task 7, Epoch 8/10 => Loss -0.246, Train_accy 99.96, Test_accy 73.74:  70%|███████   | 7/10 [08:01<03:00, 60.18s/it]
Task 7, Epoch 8/10 => Loss -0.246, Train_accy 99.96, Test_accy 73.74:  80%|████████  | 8/10 [08:01<02:00, 60.18s/it]
Task 7, Epoch 9/10 => Loss -0.250, Train_accy 100.00, Test_accy 74.65:  80%|████████  | 8/10 [09:01<02:00, 60.18s/it]
Task 7, Epoch 9/10 => Loss -0.250, Train_accy 100.00, Test_accy 74.65:  90%|█████████ | 9/10 [09:01<01:00, 60.15s/it]
Task 7, Epoch 10/10 => Loss -0.253, Train_accy 100.00, Test_accy 74.59:  90%|█████████ | 9/10 [10:01<01:00, 60.15s/it]
Task 7, Epoch 10/10 => Loss -0.253, Train_accy 100.00, Test_accy 74.59: 100%|██████████| 10/10 [10:01<00:00, 60.19s/it]
Task 7, Epoch 10/10 => Loss -0.253, Train_accy 100.00, Test_accy 74.59: 100%|██████████| 10/10 [10:01<00:00, 60.15s/it]
2026-02-09 10:45:21,695 [l2p.py] => Task 7, Epoch 10/10 => Loss -0.253, Train_accy 100.00, Test_accy 74.59
2026-02-09 10:45:51,920 [trainer.py] => CNN: {'total': 74.59, '00-09': 86.44, '10-19': 88.17, '20-29': 86.0, '30-39': 81.63, '40-49': 83.77, '50-59': 78.29, '60-69': 59.73, '70-79': 71.79, '80-89': 65.16, '90-99': 58.19, '100-109': 73.59, '110-119': 76.06, '120-129': 52.77, '130-139': 64.43, '140-149': 73.84, '150-159': 78.73, 'old': 74.3, 'new': 76.27, 'harmonic': 75.27}
2026-02-09 10:45:51,921 [trainer.py] => CNN top1 curve: [96.81, 91.52, 88.38, 82.99, 79.7, 78.9, 76.03, 74.59]
2026-02-09 10:45:51,921 [trainer.py] => CNN top5 curve: [99.71, 98.79, 98.44, 97.08, 95.78, 95.31, 94.71, 94.5]
2026-02-09 10:45:51,921 [trainer.py] => Average Accuracy (CNN): 83.615
2026-02-09 10:45:51,921 [l2p.py] => Learning on 160-180

  0%|          | 0/10 [00:00<?, ?it/s]
Task 8, Epoch 1/10 => Loss 0.680, Train_accy 81.93, Test_accy 68.94:   0%|          | 0/10 [00:54<?, ?it/s]
Task 8, Epoch 1/10 => Loss 0.680, Train_accy 81.93, Test_accy 68.94:  10%|█         | 1/10 [00:54<08:07, 54.22s/it]
Task 8, Epoch 2/10 => Loss -0.012, Train_accy 94.82, Test_accy 69.89:  10%|█         | 1/10 [01:47<08:07, 54.22s/it]
Task 8, Epoch 2/10 => Loss -0.012, Train_accy 94.82, Test_accy 69.89:  20%|██        | 2/10 [01:47<07:11, 53.96s/it]
Task 8, Epoch 3/10 => Loss -0.105, Train_accy 96.92, Test_accy 70.74:  20%|██        | 2/10 [02:41<07:11, 53.96s/it]
Task 8, Epoch 3/10 => Loss -0.105, Train_accy 96.92, Test_accy 70.74:  30%|███       | 3/10 [02:41<06:16, 53.79s/it]
Task 8, Epoch 4/10 => Loss -0.154, Train_accy 98.61, Test_accy 71.30:  30%|███       | 3/10 [03:35<06:16, 53.79s/it]
Task 8, Epoch 4/10 => Loss -0.154, Train_accy 98.61, Test_accy 71.30:  40%|████      | 4/10 [03:35<05:23, 53.87s/it]
Task 8, Epoch 5/10 => Loss -0.185, Train_accy 99.13, Test_accy 71.89:  40%|████      | 4/10 [04:29<05:23, 53.87s/it]
Task 8, Epoch 5/10 => Loss -0.185, Train_accy 99.13, Test_accy 71.89:  50%|█████     | 5/10 [04:29<04:29, 53.87s/it]
Task 8, Epoch 6/10 => Loss -0.204, Train_accy 99.59, Test_accy 72.26:  50%|█████     | 5/10 [05:23<04:29, 53.87s/it]
Task 8, Epoch 6/10 => Loss -0.204, Train_accy 99.59, Test_accy 72.26:  60%|██████    | 6/10 [05:23<03:35, 53.83s/it]
Task 8, Epoch 7/10 => Loss -0.217, Train_accy 99.85, Test_accy 72.55:  60%|██████    | 6/10 [06:17<03:35, 53.83s/it]
Task 8, Epoch 7/10 => Loss -0.217, Train_accy 99.85, Test_accy 72.55:  70%|███████   | 7/10 [06:17<02:41, 53.89s/it]
Task 8, Epoch 8/10 => Loss -0.225, Train_accy 99.85, Test_accy 73.10:  70%|███████   | 7/10 [07:11<02:41, 53.89s/it]
Task 8, Epoch 8/10 => Loss -0.225, Train_accy 99.85, Test_accy 73.10:  80%|████████  | 8/10 [07:11<01:47, 53.93s/it]
Task 8, Epoch 9/10 => Loss -0.232, Train_accy 100.00, Test_accy 73.14:  80%|████████  | 8/10 [08:05<01:47, 53.93s/it]
Task 8, Epoch 9/10 => Loss -0.232, Train_accy 100.00, Test_accy 73.14:  90%|█████████ | 9/10 [08:05<00:53, 53.89s/it]
Task 8, Epoch 10/10 => Loss -0.238, Train_accy 100.00, Test_accy 73.62:  90%|█████████ | 9/10 [08:58<00:53, 53.89s/it]
Task 8, Epoch 10/10 => Loss -0.238, Train_accy 100.00, Test_accy 73.62: 100%|██████████| 10/10 [08:58<00:00, 53.86s/it]
Task 8, Epoch 10/10 => Loss -0.238, Train_accy 100.00, Test_accy 73.62: 100%|██████████| 10/10 [08:58<00:00, 53.88s/it]
2026-02-09 10:54:50,759 [l2p.py] => Task 8, Epoch 10/10 => Loss -0.238, Train_accy 100.00, Test_accy 73.62
2026-02-09 10:55:24,167 [trainer.py] => CNN: {'total': 73.62, '00-09': 87.07, '10-19': 88.17, '20-29': 85.0, '30-39': 82.23, '40-49': 85.43, '50-59': 79.93, '60-69': 62.08, '70-79': 71.06, '80-89': 65.81, '90-99': 57.06, '100-109': 71.83, '110-119': 73.14, '120-129': 51.29, '130-139': 64.09, '140-149': 71.93, '150-159': 75.69, '160-169': 61.74, '170-179': 74.6, 'old': 74.13, 'new': 68.41, 'harmonic': 71.16}
2026-02-09 10:55:24,168 [trainer.py] => CNN top1 curve: [96.81, 91.52, 88.38, 82.99, 79.7, 78.9, 76.03, 74.59, 73.62]
2026-02-09 10:55:24,168 [trainer.py] => CNN top5 curve: [99.71, 98.79, 98.44, 97.08, 95.78, 95.31, 94.71, 94.5, 93.76]
2026-02-09 10:55:24,168 [trainer.py] => Average Accuracy (CNN): 82.50444444444445
2026-02-09 10:55:24,168 [l2p.py] => Learning on 180-200

  0%|          | 0/10 [00:00<?, ?it/s]
Task 9, Epoch 1/10 => Loss 0.509, Train_accy 85.95, Test_accy 67.07:   0%|          | 0/10 [01:00<?, ?it/s]
Task 9, Epoch 1/10 => Loss 0.509, Train_accy 85.95, Test_accy 67.07:  10%|█         | 1/10 [01:00<09:08, 60.94s/it]
Task 9, Epoch 2/10 => Loss -0.093, Train_accy 96.48, Test_accy 68.27:  10%|█         | 1/10 [02:01<09:08, 60.94s/it]
Task 9, Epoch 2/10 => Loss -0.093, Train_accy 96.48, Test_accy 68.27:  20%|██        | 2/10 [02:01<08:06, 60.86s/it]
Task 9, Epoch 3/10 => Loss -0.156, Train_accy 97.62, Test_accy 69.58:  20%|██        | 2/10 [03:02<08:06, 60.86s/it]
Task 9, Epoch 3/10 => Loss -0.156, Train_accy 97.62, Test_accy 69.58:  30%|███       | 3/10 [03:02<07:05, 60.86s/it]
Task 9, Epoch 4/10 => Loss -0.188, Train_accy 98.50, Test_accy 70.82:  30%|███       | 3/10 [04:03<07:05, 60.86s/it]
Task 9, Epoch 4/10 => Loss -0.188, Train_accy 98.50, Test_accy 70.82:  40%|████      | 4/10 [04:03<06:04, 60.76s/it]
Task 9, Epoch 5/10 => Loss -0.213, Train_accy 99.47, Test_accy 71.13:  40%|████      | 4/10 [05:03<06:04, 60.76s/it]
Task 9, Epoch 5/10 => Loss -0.213, Train_accy 99.47, Test_accy 71.13:  50%|█████     | 5/10 [05:03<05:03, 60.71s/it]
Task 9, Epoch 6/10 => Loss -0.228, Train_accy 99.69, Test_accy 71.73:  50%|█████     | 5/10 [06:04<05:03, 60.71s/it]
Task 9, Epoch 6/10 => Loss -0.228, Train_accy 99.69, Test_accy 71.73:  60%|██████    | 6/10 [06:04<04:02, 60.75s/it]
Task 9, Epoch 7/10 => Loss -0.236, Train_accy 99.82, Test_accy 71.77:  60%|██████    | 6/10 [07:05<04:02, 60.75s/it]
Task 9, Epoch 7/10 => Loss -0.236, Train_accy 99.82, Test_accy 71.77:  70%|███████   | 7/10 [07:05<03:02, 60.87s/it]
Task 9, Epoch 8/10 => Loss -0.244, Train_accy 100.00, Test_accy 72.30:  70%|███████   | 7/10 [08:06<03:02, 60.87s/it]
Task 9, Epoch 8/10 => Loss -0.244, Train_accy 100.00, Test_accy 72.30:  80%|████████  | 8/10 [08:06<02:01, 60.90s/it]
Task 9, Epoch 9/10 => Loss -0.246, Train_accy 99.91, Test_accy 72.10:  80%|████████  | 8/10 [09:07<02:01, 60.90s/it] 
Task 9, Epoch 9/10 => Loss -0.246, Train_accy 99.91, Test_accy 72.10:  90%|█████████ | 9/10 [09:07<01:00, 60.87s/it]
Task 9, Epoch 10/10 => Loss -0.249, Train_accy 100.00, Test_accy 72.28:  90%|█████████ | 9/10 [10:08<01:00, 60.87s/it]
Task 9, Epoch 10/10 => Loss -0.249, Train_accy 100.00, Test_accy 72.28: 100%|██████████| 10/10 [10:08<00:00, 60.86s/it]
Task 9, Epoch 10/10 => Loss -0.249, Train_accy 100.00, Test_accy 72.28: 100%|██████████| 10/10 [10:08<00:00, 60.84s/it]
2026-02-09 11:05:32,569 [l2p.py] => Task 9, Epoch 10/10 => Loss -0.249, Train_accy 100.00, Test_accy 72.28
2026-02-09 11:06:09,162 [trainer.py] => CNN: {'total': 72.28, '00-09': 86.75, '10-19': 88.71, '20-29': 83.67, '30-39': 81.02, '40-49': 84.77, '50-59': 77.3, '60-69': 60.07, '70-79': 72.16, '80-89': 64.52, '90-99': 54.24, '100-109': 70.77, '110-119': 71.54, '120-129': 53.51, '130-139': 61.07, '140-149': 72.48, '150-159': 76.52, '160-169': 57.83, '170-179': 75.0, '180-189': 74.35, '190-199': 59.41, 'old': 72.81, 'new': 67.36, 'harmonic': 69.98}
2026-02-09 11:06:09,162 [trainer.py] => CNN top1 curve: [96.81, 91.52, 88.38, 82.99, 79.7, 78.9, 76.03, 74.59, 73.62, 72.28]
2026-02-09 11:06:09,163 [trainer.py] => CNN top5 curve: [99.71, 98.79, 98.44, 97.08, 95.78, 95.31, 94.71, 94.5, 93.76, 93.25]
2026-02-09 11:06:09,163 [trainer.py] => Average Accuracy (CNN): 81.482

========================================
Finished imagenetr_init20_inc20
Backbone: OpenCLIP_LAION400M
Average Accuracy (Top1): 81.48
Last Accuracy: 72.28
========================================

2026-02-09 11:06:11,716 [trainer.py] => config: ./configs/l2p/l2p_inr_B100_Inc20.json
2026-02-09 11:06:11,716 [trainer.py] => prefix:  
2026-02-09 11:06:11,716 [trainer.py] => dataset: imagenetr
2026-02-09 11:06:11,716 [trainer.py] => memory_size: 0
2026-02-09 11:06:11,716 [trainer.py] => memory_per_class: 0
2026-02-09 11:06:11,716 [trainer.py] => fixed_memory: False
2026-02-09 11:06:11,716 [trainer.py] => shuffle: True
2026-02-09 11:06:11,716 [trainer.py] => init_cls: 100
2026-02-09 11:06:11,716 [trainer.py] => increment: 20
2026-02-09 11:06:11,716 [trainer.py] => model_name: l2p
2026-02-09 11:06:11,716 [trainer.py] => backbone_type: clip
2026-02-09 11:06:11,716 [trainer.py] => get_original_backbone: True
2026-02-09 11:06:11,716 [trainer.py] => device: [device(type='cuda', index=7)]
2026-02-09 11:06:11,716 [trainer.py] => seed: 1993
2026-02-09 11:06:11,716 [trainer.py] => tuned_epoch: 10
2026-02-09 11:06:11,716 [trainer.py] => init_lr: 0.001875
2026-02-09 11:06:11,716 [trainer.py] => batch_size: 16
2026-02-09 11:06:11,716 [trainer.py] => weight_decay: 0
2026-02-09 11:06:11,716 [trainer.py] => min_lr: 1e-05
2026-02-09 11:06:11,716 [trainer.py] => optimizer: adam
2026-02-09 11:06:11,716 [trainer.py] => scheduler: constant
2026-02-09 11:06:11,716 [trainer.py] => reinit_optimizer: True
2026-02-09 11:06:11,716 [trainer.py] => global_pool: token
2026-02-09 11:06:11,716 [trainer.py] => head_type: prompt
2026-02-09 11:06:11,716 [trainer.py] => freeze: ['blocks', 'patch_embed', 'cls_token', 'norm', 'pos_embed']
2026-02-09 11:06:11,716 [trainer.py] => pretrained: True
2026-02-09 11:06:11,717 [trainer.py] => drop: 0.0
2026-02-09 11:06:11,717 [trainer.py] => drop_path: 0.0
2026-02-09 11:06:11,717 [trainer.py] => prompt_pool: True
2026-02-09 11:06:11,717 [trainer.py] => size: 10
2026-02-09 11:06:11,717 [trainer.py] => length: 5
2026-02-09 11:06:11,717 [trainer.py] => top_k: 5
2026-02-09 11:06:11,717 [trainer.py] => initializer: uniform
2026-02-09 11:06:11,717 [trainer.py] => prompt_key: True
2026-02-09 11:06:11,717 [trainer.py] => prompt_key_init: uniform
2026-02-09 11:06:11,717 [trainer.py] => use_prompt_mask: False
2026-02-09 11:06:11,717 [trainer.py] => shared_prompt_pool: False
2026-02-09 11:06:11,717 [trainer.py] => shared_prompt_key: False
2026-02-09 11:06:11,717 [trainer.py] => batchwise_prompt: True
2026-02-09 11:06:11,717 [trainer.py] => embedding_key: cls
2026-02-09 11:06:11,717 [trainer.py] => predefined_key: 
2026-02-09 11:06:11,717 [trainer.py] => pull_constraint: True
2026-02-09 11:06:11,717 [trainer.py] => pull_constraint_coeff: 0.1
2026-02-09 11:06:11,717 [trainer.py] => nb_classes: 200
2026-02-09 11:06:11,717 [trainer.py] => total_class_num: 200
['goldfish', 'great_white_shark', 'hammerhead', 'stingray', 'hen', 'ostrich', 'goldfinch', 'junco', 'bald_eagle', 'vulture', 'newt', 'axolotl', 'tree_frog', 'iguana', 'African_chameleon', 'cobra', 'scorpion', 'tarantula', 'centipede', 'peacock', 'lorikeet', 'hummingbird', 'toucan', 'duck', 'goose', 'black_swan', 'koala', 'jellyfish', 'snail', 'lobster', 'hermit_crab', 'flamingo', 'american_egret', 'pelican', 'king_penguin', 'grey_whale', 'killer_whale', 'sea_lion', 'chihuahua', 'shih_tzu', 'afghan_hound', 'basset_hound', 'beagle', 'bloodhound', 'italian_greyhound', 'whippet', 'weimaraner', 'yorkshire_terrier', 'boston_terrier', 'scottish_terrier', 'west_highland_white_terrier', 'golden_retriever', 'labrador_retriever', 'cocker_spaniels', 'collie', 'border_collie', 'rottweiler', 'german_shepherd_dog', 'boxer', 'french_bulldog', 'saint_bernard', 'husky', 'dalmatian', 'pug', 'pomeranian', 'chow_chow', 'pembroke_welsh_corgi', 'toy_poodle', 'standard_poodle', 'timber_wolf', 'hyena', 'red_fox', 'tabby_cat', 'leopard', 'snow_leopard', 'lion', 'tiger', 'cheetah', 'polar_bear', 'meerkat', 'ladybug', 'fly', 'bee', 'ant', 'grasshopper', 'cockroach', 'mantis', 'dragonfly', 'monarch_butterfly', 'starfish', 'wood_rabbit', 'porcupine', 'fox_squirrel', 'beaver', 'guinea_pig', 'zebra', 'pig', 'hippopotamus', 'bison', 'gazelle', 'llama', 'skunk', 'badger', 'orangutan', 'gorilla', 'chimpanzee', 'gibbon', 'baboon', 'panda', 'eel', 'clown_fish', 'puffer_fish', 'accordion', 'ambulance', 'assault_rifle', 'backpack', 'barn', 'wheelbarrow', 'basketball', 'bathtub', 'lighthouse', 'beer_glass', 'binoculars', 'birdhouse', 'bow_tie', 'broom', 'bucket', 'cauldron', 'candle', 'cannon', 'canoe', 'carousel', 'castle', 'mobile_phone', 'cowboy_hat', 'electric_guitar', 'fire_engine', 'flute', 'gasmask', 'grand_piano', 'guillotine', 'hammer', 'harmonica', 'harp', 'hatchet', 'jeep', 'joystick', 'lab_coat', 'lawn_mower', 'lipstick', 'mailbox', 'missile', 'mitten', 'parachute', 'pickup_truck', 'pirate_ship', 'revolver', 'rugby_ball', 'sandal', 'saxophone', 'school_bus', 'schooner', 'shield', 'soccer_ball', 'space_shuttle', 'spider_web', 'steam_locomotive', 'scarf', 'submarine', 'tank', 'tennis_ball', 'tractor', 'trombone', 'vase', 'violin', 'military_aircraft', 'wine_bottle', 'ice_cream', 'bagel', 'pretzel', 'cheeseburger', 'hotdog', 'cabbage', 'broccoli', 'cucumber', 'bell_pepper', 'mushroom', 'Granny_Smith', 'strawberry', 'lemon', 'pineapple', 'banana', 'pomegranate', 'pizza', 'burrito', 'espresso', 'volcano', 'baseball_player', 'scuba_diver', 'acorn']
['itap of a {}.', 'a bad photo of the {}.', 'a origami {}.', 'a photo of the large {}.', 'a {} in a video game.', 'art of the {}.', 'a photo of the small {}.']
{'n01443537': 0, 'n01484850': 1, 'n01494475': 2, 'n01498041': 3, 'n01514859': 4, 'n01518878': 5, 'n01531178': 6, 'n01534433': 7, 'n01614925': 8, 'n01616318': 9, 'n01630670': 10, 'n01632777': 11, 'n01644373': 12, 'n01677366': 13, 'n01694178': 14, 'n01748264': 15, 'n01770393': 16, 'n01774750': 17, 'n01784675': 18, 'n01806143': 19, 'n01820546': 20, 'n01833805': 21, 'n01843383': 22, 'n01847000': 23, 'n01855672': 24, 'n01860187': 25, 'n01882714': 26, 'n01910747': 27, 'n01944390': 28, 'n01983481': 29, 'n01986214': 30, 'n02007558': 31, 'n02009912': 32, 'n02051845': 33, 'n02056570': 34, 'n02066245': 35, 'n02071294': 36, 'n02077923': 37, 'n02085620': 38, 'n02086240': 39, 'n02088094': 40, 'n02088238': 41, 'n02088364': 42, 'n02088466': 43, 'n02091032': 44, 'n02091134': 45, 'n02092339': 46, 'n02094433': 47, 'n02096585': 48, 'n02097298': 49, 'n02098286': 50, 'n02099601': 51, 'n02099712': 52, 'n02102318': 53, 'n02106030': 54, 'n02106166': 55, 'n02106550': 56, 'n02106662': 57, 'n02108089': 58, 'n02108915': 59, 'n02109525': 60, 'n02110185': 61, 'n02110341': 62, 'n02110958': 63, 'n02112018': 64, 'n02112137': 65, 'n02113023': 66, 'n02113624': 67, 'n02113799': 68, 'n02114367': 69, 'n02117135': 70, 'n02119022': 71, 'n02123045': 72, 'n02128385': 73, 'n02128757': 74, 'n02129165': 75, 'n02129604': 76, 'n02130308': 77, 'n02134084': 78, 'n02138441': 79, 'n02165456': 80, 'n02190166': 81, 'n02206856': 82, 'n02219486': 83, 'n02226429': 84, 'n02233338': 85, 'n02236044': 86, 'n02268443': 87, 'n02279972': 88, 'n02317335': 89, 'n02325366': 90, 'n02346627': 91, 'n02356798': 92, 'n02363005': 93, 'n02364673': 94, 'n02391049': 95, 'n02395406': 96, 'n02398521': 97, 'n02410509': 98, 'n02423022': 99, 'n02437616': 100, 'n02445715': 101, 'n02447366': 102, 'n02480495': 103, 'n02480855': 104, 'n02481823': 105, 'n02483362': 106, 'n02486410': 107, 'n02510455': 108, 'n02526121': 109, 'n02607072': 110, 'n02655020': 111, 'n02672831': 112, 'n02701002': 113, 'n02749479': 114, 'n02769748': 115, 'n02793495': 116, 'n02797295': 117, 'n02802426': 118, 'n02808440': 119, 'n02814860': 120, 'n02823750': 121, 'n02841315': 122, 'n02843684': 123, 'n02883205': 124, 'n02906734': 125, 'n02909870': 126, 'n02939185': 127, 'n02948072': 128, 'n02950826': 129, 'n02951358': 130, 'n02966193': 131, 'n02980441': 132, 'n02992529': 133, 'n03124170': 134, 'n03272010': 135, 'n03345487': 136, 'n03372029': 137, 'n03424325': 138, 'n03452741': 139, 'n03467068': 140, 'n03481172': 141, 'n03494278': 142, 'n03495258': 143, 'n03498962': 144, 'n03594945': 145, 'n03602883': 146, 'n03630383': 147, 'n03649909': 148, 'n03676483': 149, 'n03710193': 150, 'n03773504': 151, 'n03775071': 152, 'n03888257': 153, 'n03930630': 154, 'n03947888': 155, 'n04086273': 156, 'n04118538': 157, 'n04133789': 158, 'n04141076': 159, 'n04146614': 160, 'n04147183': 161, 'n04192698': 162, 'n04254680': 163, 'n04266014': 164, 'n04275548': 165, 'n04310018': 166, 'n04325704': 167, 'n04347754': 168, 'n04389033': 169, 'n04409515': 170, 'n04465501': 171, 'n04487394': 172, 'n04522168': 173, 'n04536866': 174, 'n04552348': 175, 'n04591713': 176, 'n07614500': 177, 'n07693725': 178, 'n07695742': 179, 'n07697313': 180, 'n07697537': 181, 'n07714571': 182, 'n07714990': 183, 'n07718472': 184, 'n07720875': 185, 'n07734744': 186, 'n07742313': 187, 'n07745940': 188, 'n07749582': 189, 'n07753275': 190, 'n07753592': 191, 'n07768694': 192, 'n07873807': 193, 'n07880968': 194, 'n07920052': 195, 'n09472597': 196, 'n09835506': 197, 'n10565667': 198, 'n12267677': 199}
2026-02-09 11:06:11,865 [data_manager.py] => [168, 136, 51, 9, 183, 101, 171, 99, 42, 159, 191, 70, 16, 188, 27, 10, 175, 26, 68, 187, 98, 6, 85, 35, 112, 43, 100, 0, 103, 181, 88, 59, 4, 2, 116, 174, 94, 80, 106, 1, 147, 17, 141, 131, 72, 23, 173, 54, 197, 118, 87, 32, 79, 104, 91, 19, 135, 107, 178, 36, 11, 199, 142, 8, 122, 3, 28, 57, 153, 172, 190, 56, 49, 44, 97, 62, 151, 169, 194, 55, 192, 12, 189, 78, 66, 180, 15, 137, 109, 134, 92, 119, 126, 52, 170, 40, 148, 65, 144, 64, 138, 45, 77, 89, 154, 90, 71, 193, 74, 30, 113, 143, 96, 84, 67, 50, 186, 156, 69, 21, 18, 111, 108, 58, 125, 157, 150, 110, 182, 129, 166, 83, 81, 60, 13, 165, 14, 176, 63, 117, 5, 22, 145, 121, 38, 41, 82, 127, 114, 20, 31, 53, 37, 163, 196, 130, 152, 162, 86, 76, 24, 34, 184, 149, 33, 128, 198, 155, 146, 167, 139, 120, 140, 102, 47, 25, 158, 123, 46, 164, 61, 7, 115, 75, 133, 160, 105, 132, 179, 124, 48, 73, 93, 39, 95, 195, 29, 177, 185, 161]
After shuffle, class_to_label is:  ['submarine', 'fire_engine', 'golden_retriever', 'vulture', 'broccoli', 'skunk', 'tractor', 'gazelle', 'beagle', 'saxophone', 'banana', 'hyena', 'scorpion', 'strawberry', 'jellyfish', 'newt', 'military_aircraft', 'koala', 'standard_poodle', 'Granny_Smith', 'bison', 'goldfinch', 'cockroach', 'grey_whale', 'accordion', 'bloodhound', 'llama', 'goldfish', 'orangutan', 'hotdog', 'monarch_butterfly', 'french_bulldog', 'hen', 'hammerhead', 'barn', 'violin', 'guinea_pig', 'ladybug', 'gibbon', 'great_white_shark', 'lab_coat', 'tarantula', 'hammer', 'carousel', 'tabby_cat', 'duck', 'vase', 'collie', 'baseball_player', 'basketball', 'dragonfly', 'american_egret', 'meerkat', 'gorilla', 'porcupine', 'peacock', 'electric_guitar', 'baboon', 'bagel', 'killer_whale', 'axolotl', 'acorn', 'harmonica', 'bald_eagle', 'binoculars', 'stingray', 'snail', 'german_shepherd_dog', 'parachute', 'trombone', 'pineapple', 'rottweiler', 'scottish_terrier', 'italian_greyhound', 'hippopotamus', 'dalmatian', 'missile', 'tank', 'burrito', 'border_collie', 'pomegranate', 'tree_frog', 'lemon', 'polar_bear', 'pembroke_welsh_corgi', 'cheeseburger', 'cobra', 'flute', 'eel', 'cowboy_hat', 'fox_squirrel', 'bathtub', 'bucket', 'labrador_retriever', 'tennis_ball', 'afghan_hound', 'lawn_mower', 'chow_chow', 'hatchet', 'pomeranian', 'gasmask', 'whippet', 'cheetah', 'starfish', 'pickup_truck', 'wood_rabbit', 'red_fox', 'pizza', 'snow_leopard', 'hermit_crab', 'ambulance', 'harp', 'pig', 'grasshopper', 'toy_poodle', 'west_highland_white_terrier', 'mushroom', 'revolver', 'timber_wolf', 'hummingbird', 'centipede', 'puffer_fish', 'panda', 'boxer', 'broom', 'rugby_ball', 'mailbox', 'clown_fish', 'cabbage', 'cannon', 'steam_locomotive', 'ant', 'fly', 'saint_bernard', 'iguana', 'spider_web', 'African_chameleon', 'wine_bottle', 'pug', 'wheelbarrow', 'ostrich', 'toucan', 'jeep', 'beer_glass', 'chihuahua', 'basset_hound', 'bee', 'cauldron', 'assault_rifle', 'lorikeet', 'flamingo', 'cocker_spaniels', 'sea_lion', 'soccer_ball', 'volcano', 'canoe', 'mitten', 'shield', 'mantis', 'tiger', 'goose', 'king_penguin', 'cucumber', 'lipstick', 'pelican', 'candle', 'scuba_diver', 'pirate_ship', 'joystick', 'scarf', 'grand_piano', 'lighthouse', 'guillotine', 'badger', 'yorkshire_terrier', 'black_swan', 'sandal', 'birdhouse', 'weimaraner', 'space_shuttle', 'husky', 'junco', 'backpack', 'lion', 'mobile_phone', 'school_bus', 'chimpanzee', 'castle', 'pretzel', 'bow_tie', 'boston_terrier', 'leopard', 'beaver', 'shih_tzu', 'zebra', 'espresso', 'lobster', 'ice_cream', 'bell_pepper', 'schooner']
Training class stages: [100, 20, 20, 20, 20, 20]
Using CLIP model as the backbone
2026-02-09 11:06:13,076 [instantiator.py] => Created a temporary directory at /tmp/tmpli6nx4uo
2026-02-09 11:06:13,076 [instantiator.py] => Writing /tmp/tmpli6nx4uo/_remote_module_non_scriptable.py
2026-02-09 11:06:13,212 [factory.py] => Loaded ViT-B-16 model config.
2026-02-09 11:06:14,656 [factory.py] => Loading pretrained ViT-B-16 weights (/home/team/zhaohongwei/pretrained_models/open_clip_pytorch_model_laion400m_e32.bin).
/home/team/zhaohongwei/anaconda3/envs/mmcl/lib/python3.10/site-packages/torch/_utils.py:776: UserWarning: TypedStorage is deprecated. It will be removed in the future and UntypedStorage will be the only storage class. This should only matter to you if you are using storages directly.  To access UntypedStorage directly, use tensor.untyped_storage() instead of tensor.storage()
  return self.fget.__get__(instance, owner)()
2026-02-09 11:06:15,705 [l2p.py] => 86,509,256 model total parameters.
2026-02-09 11:06:15,706 [l2p.py] => 146,120 model training parameters.
2026-02-09 11:06:15,706 [l2p.py] => prompt.prompt: 38400
2026-02-09 11:06:15,706 [l2p.py] => prompt.prompt_key: 5120
2026-02-09 11:06:15,706 [l2p.py] => head.weight: 102400
2026-02-09 11:06:15,706 [l2p.py] => head.bias: 200
2026-02-09 11:06:15,706 [l2p.py] => Learning on 0-100

  0%|          | 0/10 [00:00<?, ?it/s]
Task 0, Epoch 1/10 => Loss 1.218, Train_accy 73.06, Test_accy 85.09:   0%|          | 0/10 [02:25<?, ?it/s]
Task 0, Epoch 1/10 => Loss 1.218, Train_accy 73.06, Test_accy 85.09:  10%|█         | 1/10 [02:25<21:45, 145.03s/it]
Task 0, Epoch 2/10 => Loss 0.142, Train_accy 90.24, Test_accy 86.47:  10%|█         | 1/10 [04:49<21:45, 145.03s/it]
Task 0, Epoch 2/10 => Loss 0.142, Train_accy 90.24, Test_accy 86.47:  20%|██        | 2/10 [04:49<19:19, 144.96s/it]
Task 0, Epoch 3/10 => Loss -0.002, Train_accy 93.53, Test_accy 86.77:  20%|██        | 2/10 [07:14<19:19, 144.96s/it]
Task 0, Epoch 3/10 => Loss -0.002, Train_accy 93.53, Test_accy 86.77:  30%|███       | 3/10 [07:14<16:54, 144.94s/it]
Task 0, Epoch 4/10 => Loss -0.084, Train_accy 96.07, Test_accy 86.50:  30%|███       | 3/10 [09:40<16:54, 144.94s/it]
Task 0, Epoch 4/10 => Loss -0.084, Train_accy 96.07, Test_accy 86.50:  40%|████      | 4/10 [09:40<14:31, 145.17s/it]
Task 0, Epoch 5/10 => Loss -0.135, Train_accy 97.46, Test_accy 86.30:  40%|████      | 4/10 [12:05<14:31, 145.17s/it]
Task 0, Epoch 5/10 => Loss -0.135, Train_accy 97.46, Test_accy 86.30:  50%|█████     | 5/10 [12:05<12:05, 145.10s/it]
Task 0, Epoch 6/10 => Loss -0.171, Train_accy 98.49, Test_accy 86.10:  50%|█████     | 5/10 [14:30<12:05, 145.10s/it]
Task 0, Epoch 6/10 => Loss -0.171, Train_accy 98.49, Test_accy 86.10:  60%|██████    | 6/10 [14:30<09:40, 145.01s/it]
Task 0, Epoch 7/10 => Loss -0.196, Train_accy 99.01, Test_accy 86.47:  60%|██████    | 6/10 [16:54<09:40, 145.01s/it]
Task 0, Epoch 7/10 => Loss -0.196, Train_accy 99.01, Test_accy 86.47:  70%|███████   | 7/10 [16:54<07:14, 144.94s/it]
Task 0, Epoch 8/10 => Loss -0.212, Train_accy 99.33, Test_accy 86.00:  70%|███████   | 7/10 [19:20<07:14, 144.94s/it]
Task 0, Epoch 8/10 => Loss -0.212, Train_accy 99.33, Test_accy 86.00:  80%|████████  | 8/10 [19:20<04:50, 145.08s/it]
Task 0, Epoch 9/10 => Loss -0.225, Train_accy 99.63, Test_accy 85.59:  80%|████████  | 8/10 [21:45<04:50, 145.08s/it]
Task 0, Epoch 9/10 => Loss -0.225, Train_accy 99.63, Test_accy 85.59:  90%|█████████ | 9/10 [21:45<02:24, 144.99s/it]
Task 0, Epoch 10/10 => Loss -0.233, Train_accy 99.66, Test_accy 86.20:  90%|█████████ | 9/10 [24:09<02:24, 144.99s/it]
Task 0, Epoch 10/10 => Loss -0.233, Train_accy 99.66, Test_accy 86.20: 100%|██████████| 10/10 [24:09<00:00, 144.90s/it]
Task 0, Epoch 10/10 => Loss -0.233, Train_accy 99.66, Test_accy 86.20: 100%|██████████| 10/10 [24:09<00:00, 144.98s/it]
2026-02-09 11:30:26,124 [l2p.py] => Task 0, Epoch 10/10 => Loss -0.233, Train_accy 99.66, Test_accy 86.20
2026-02-09 11:30:44,510 [trainer.py] => CNN: {'total': 86.2, '00-09': 88.01, '10-19': 91.4, '20-29': 87.33, '30-39': 87.35, '40-49': 87.09, '50-59': 88.49, '60-69': 80.2, '70-79': 83.52, '80-89': 84.52, '90-99': 79.66, 'old': 0, 'new': 86.2, 'harmonic': 0.0}
2026-02-09 11:30:44,511 [trainer.py] => CNN top1 curve: [86.2]
2026-02-09 11:30:44,511 [trainer.py] => CNN top5 curve: [96.88]
2026-02-09 11:30:44,511 [trainer.py] => Average Accuracy (CNN): 86.2
2026-02-09 11:30:44,511 [l2p.py] => Learning on 100-120

  0%|          | 0/10 [00:00<?, ?it/s]
Task 1, Epoch 1/10 => Loss 1.077, Train_accy 75.50, Test_accy 71.44:   0%|          | 0/10 [00:50<?, ?it/s]
Task 1, Epoch 1/10 => Loss 1.077, Train_accy 75.50, Test_accy 71.44:  10%|█         | 1/10 [00:50<07:36, 50.71s/it]
Task 1, Epoch 2/10 => Loss 0.186, Train_accy 95.05, Test_accy 73.55:  10%|█         | 1/10 [01:41<07:36, 50.71s/it]
Task 1, Epoch 2/10 => Loss 0.186, Train_accy 95.05, Test_accy 73.55:  20%|██        | 2/10 [01:41<06:44, 50.62s/it]
Task 1, Epoch 3/10 => Loss 0.017, Train_accy 96.70, Test_accy 75.53:  20%|██        | 2/10 [02:31<06:44, 50.62s/it]
Task 1, Epoch 3/10 => Loss 0.017, Train_accy 96.70, Test_accy 75.53:  30%|███       | 3/10 [02:31<05:54, 50.62s/it]
Task 1, Epoch 4/10 => Loss -0.080, Train_accy 98.05, Test_accy 76.98:  30%|███       | 3/10 [03:22<05:54, 50.62s/it]
Task 1, Epoch 4/10 => Loss -0.080, Train_accy 98.05, Test_accy 76.98:  40%|████      | 4/10 [03:22<05:04, 50.67s/it]
Task 1, Epoch 5/10 => Loss -0.139, Train_accy 98.91, Test_accy 78.22:  40%|████      | 4/10 [04:13<05:04, 50.67s/it]
Task 1, Epoch 5/10 => Loss -0.139, Train_accy 98.91, Test_accy 78.22:  50%|█████     | 5/10 [04:13<04:13, 50.64s/it]
Task 1, Epoch 6/10 => Loss -0.179, Train_accy 99.29, Test_accy 79.20:  50%|█████     | 5/10 [05:03<04:13, 50.64s/it]
Task 1, Epoch 6/10 => Loss -0.179, Train_accy 99.29, Test_accy 79.20:  60%|██████    | 6/10 [05:03<03:22, 50.60s/it]
Task 1, Epoch 7/10 => Loss -0.207, Train_accy 99.81, Test_accy 80.00:  60%|██████    | 6/10 [05:53<03:22, 50.60s/it]
Task 1, Epoch 7/10 => Loss -0.207, Train_accy 99.81, Test_accy 80.00:  70%|███████   | 7/10 [05:53<02:31, 50.47s/it]
Task 1, Epoch 8/10 => Loss -0.225, Train_accy 99.74, Test_accy 80.99:  70%|███████   | 7/10 [06:44<02:31, 50.47s/it]
Task 1, Epoch 8/10 => Loss -0.225, Train_accy 99.74, Test_accy 80.99:  80%|████████  | 8/10 [06:44<01:40, 50.42s/it]
Task 1, Epoch 9/10 => Loss -0.236, Train_accy 99.92, Test_accy 81.51:  80%|████████  | 8/10 [07:34<01:40, 50.42s/it]
Task 1, Epoch 9/10 => Loss -0.236, Train_accy 99.92, Test_accy 81.51:  90%|█████████ | 9/10 [07:34<00:50, 50.40s/it]
Task 1, Epoch 10/10 => Loss -0.243, Train_accy 99.96, Test_accy 82.11:  90%|█████████ | 9/10 [08:25<00:50, 50.40s/it]
Task 1, Epoch 10/10 => Loss -0.243, Train_accy 99.96, Test_accy 82.11: 100%|██████████| 10/10 [08:25<00:00, 50.50s/it]
Task 1, Epoch 10/10 => Loss -0.243, Train_accy 99.96, Test_accy 82.11: 100%|██████████| 10/10 [08:25<00:00, 50.53s/it]
2026-02-09 11:39:09,869 [l2p.py] => Task 1, Epoch 10/10 => Loss -0.243, Train_accy 99.96, Test_accy 82.11
2026-02-09 11:39:32,305 [trainer.py] => CNN: {'total': 82.11, '00-09': 88.01, '10-19': 90.32, '20-29': 87.0, '30-39': 85.84, '40-49': 86.42, '50-59': 88.49, '60-69': 79.87, '70-79': 83.52, '80-89': 84.19, '90-99': 79.66, '100-109': 59.86, '110-119': 70.21, 'old': 85.73, 'new': 65.76, 'harmonic': 74.43}
2026-02-09 11:39:32,306 [trainer.py] => CNN top1 curve: [86.2, 82.11]
2026-02-09 11:39:32,306 [trainer.py] => CNN top5 curve: [96.88, 96.24]
2026-02-09 11:39:32,306 [trainer.py] => Average Accuracy (CNN): 84.155
2026-02-09 11:39:32,306 [l2p.py] => Learning on 120-140

  0%|          | 0/10 [00:00<?, ?it/s]
Task 2, Epoch 1/10 => Loss 0.664, Train_accy 80.98, Test_accy 70.60:   0%|          | 0/10 [00:48<?, ?it/s]
Task 2, Epoch 1/10 => Loss 0.664, Train_accy 80.98, Test_accy 70.60:  10%|█         | 1/10 [00:48<07:16, 48.51s/it]
Task 2, Epoch 2/10 => Loss -0.008, Train_accy 95.29, Test_accy 70.93:  10%|█         | 1/10 [01:37<07:16, 48.51s/it]
Task 2, Epoch 2/10 => Loss -0.008, Train_accy 95.29, Test_accy 70.93:  20%|██        | 2/10 [01:37<06:28, 48.53s/it]
Task 2, Epoch 3/10 => Loss -0.078, Train_accy 96.42, Test_accy 71.43:  20%|██        | 2/10 [02:25<06:28, 48.53s/it]
Task 2, Epoch 3/10 => Loss -0.078, Train_accy 96.42, Test_accy 71.43:  30%|███       | 3/10 [02:25<05:39, 48.43s/it]
Task 2, Epoch 4/10 => Loss -0.123, Train_accy 97.41, Test_accy 71.97:  30%|███       | 3/10 [03:13<05:39, 48.43s/it]
Task 2, Epoch 4/10 => Loss -0.123, Train_accy 97.41, Test_accy 71.97:  40%|████      | 4/10 [03:13<04:50, 48.44s/it]
Task 2, Epoch 5/10 => Loss -0.156, Train_accy 98.40, Test_accy 72.73:  40%|████      | 4/10 [04:02<04:50, 48.44s/it]
Task 2, Epoch 5/10 => Loss -0.156, Train_accy 98.40, Test_accy 72.73:  50%|█████     | 5/10 [04:02<04:02, 48.44s/it]
Task 2, Epoch 6/10 => Loss -0.182, Train_accy 98.87, Test_accy 73.21:  50%|█████     | 5/10 [04:50<04:02, 48.44s/it]
Task 2, Epoch 6/10 => Loss -0.182, Train_accy 98.87, Test_accy 73.21:  60%|██████    | 6/10 [04:50<03:13, 48.49s/it]
Task 2, Epoch 7/10 => Loss -0.201, Train_accy 99.34, Test_accy 73.80:  60%|██████    | 6/10 [05:39<03:13, 48.49s/it]
Task 2, Epoch 7/10 => Loss -0.201, Train_accy 99.34, Test_accy 73.80:  70%|███████   | 7/10 [05:39<02:25, 48.55s/it]
Task 2, Epoch 8/10 => Loss -0.215, Train_accy 99.62, Test_accy 73.87:  70%|███████   | 7/10 [06:27<02:25, 48.55s/it]
Task 2, Epoch 8/10 => Loss -0.215, Train_accy 99.62, Test_accy 73.87:  80%|████████  | 8/10 [06:27<01:36, 48.47s/it]
Task 2, Epoch 9/10 => Loss -0.224, Train_accy 99.72, Test_accy 74.61:  80%|████████  | 8/10 [07:16<01:36, 48.47s/it]
Task 2, Epoch 9/10 => Loss -0.224, Train_accy 99.72, Test_accy 74.61:  90%|█████████ | 9/10 [07:16<00:48, 48.49s/it]
Task 2, Epoch 10/10 => Loss -0.233, Train_accy 99.86, Test_accy 75.01:  90%|█████████ | 9/10 [08:04<00:48, 48.49s/it]
Task 2, Epoch 10/10 => Loss -0.233, Train_accy 99.86, Test_accy 75.01: 100%|██████████| 10/10 [08:04<00:00, 48.41s/it]
Task 2, Epoch 10/10 => Loss -0.233, Train_accy 99.86, Test_accy 75.01: 100%|██████████| 10/10 [08:04<00:00, 48.46s/it]
2026-02-09 11:47:36,926 [l2p.py] => Task 2, Epoch 10/10 => Loss -0.233, Train_accy 99.86, Test_accy 75.01
2026-02-09 11:48:02,647 [trainer.py] => CNN: {'total': 75.01, '00-09': 87.38, '10-19': 88.71, '20-29': 85.67, '30-39': 86.14, '40-49': 87.09, '50-59': 85.86, '60-69': 78.86, '70-79': 82.05, '80-89': 82.26, '90-99': 77.97, '100-109': 58.8, '110-119': 68.62, '120-129': 35.06, '130-139': 38.59, 'old': 80.96, 'new': 36.91, 'harmonic': 50.7}
2026-02-09 11:48:02,648 [trainer.py] => CNN top1 curve: [86.2, 82.11, 75.01]
2026-02-09 11:48:02,648 [trainer.py] => CNN top5 curve: [96.88, 96.24, 95.21]
2026-02-09 11:48:02,648 [trainer.py] => Average Accuracy (CNN): 81.10666666666667
2026-02-09 11:48:02,648 [l2p.py] => Learning on 140-160

  0%|          | 0/10 [00:00<?, ?it/s]
Task 3, Epoch 1/10 => Loss 0.515, Train_accy 85.23, Test_accy 64.27:   0%|          | 0/10 [00:59<?, ?it/s]
Task 3, Epoch 1/10 => Loss 0.515, Train_accy 85.23, Test_accy 64.27:  10%|█         | 1/10 [00:59<08:57, 59.70s/it]
Task 3, Epoch 2/10 => Loss -0.074, Train_accy 96.27, Test_accy 65.22:  10%|█         | 1/10 [01:59<08:57, 59.70s/it]
Task 3, Epoch 2/10 => Loss -0.074, Train_accy 96.27, Test_accy 65.22:  20%|██        | 2/10 [01:59<07:57, 59.74s/it]
Task 3, Epoch 3/10 => Loss -0.143, Train_accy 97.69, Test_accy 66.60:  20%|██        | 2/10 [02:59<07:57, 59.74s/it]
Task 3, Epoch 3/10 => Loss -0.143, Train_accy 97.69, Test_accy 66.60:  30%|███       | 3/10 [02:59<06:58, 59.84s/it]
Task 3, Epoch 4/10 => Loss -0.187, Train_accy 98.69, Test_accy 67.04:  30%|███       | 3/10 [03:59<06:58, 59.84s/it]
Task 3, Epoch 4/10 => Loss -0.187, Train_accy 98.69, Test_accy 67.04:  40%|████      | 4/10 [03:59<05:59, 59.85s/it]
Task 3, Epoch 5/10 => Loss -0.211, Train_accy 99.15, Test_accy 67.75:  40%|████      | 4/10 [04:59<05:59, 59.85s/it]
Task 3, Epoch 5/10 => Loss -0.211, Train_accy 99.15, Test_accy 67.75:  50%|█████     | 5/10 [04:59<04:59, 59.88s/it]
Task 3, Epoch 6/10 => Loss -0.228, Train_accy 99.72, Test_accy 68.34:  50%|█████     | 5/10 [05:59<04:59, 59.88s/it]
Task 3, Epoch 6/10 => Loss -0.228, Train_accy 99.72, Test_accy 68.34:  60%|██████    | 6/10 [05:59<03:59, 59.91s/it]
Task 3, Epoch 7/10 => Loss -0.238, Train_accy 99.89, Test_accy 69.05:  60%|██████    | 6/10 [06:58<03:59, 59.91s/it]
Task 3, Epoch 7/10 => Loss -0.238, Train_accy 99.89, Test_accy 69.05:  70%|███████   | 7/10 [06:58<02:59, 59.87s/it]
Task 3, Epoch 8/10 => Loss -0.245, Train_accy 100.00, Test_accy 69.49:  70%|███████   | 7/10 [07:58<02:59, 59.87s/it]
Task 3, Epoch 8/10 => Loss -0.245, Train_accy 100.00, Test_accy 69.49:  80%|████████  | 8/10 [07:58<01:59, 59.87s/it]
Task 3, Epoch 9/10 => Loss -0.250, Train_accy 99.96, Test_accy 69.59:  80%|████████  | 8/10 [08:58<01:59, 59.87s/it] 
Task 3, Epoch 9/10 => Loss -0.250, Train_accy 99.96, Test_accy 69.59:  90%|█████████ | 9/10 [08:58<00:59, 59.93s/it]
Task 3, Epoch 10/10 => Loss -0.253, Train_accy 100.00, Test_accy 70.26:  90%|█████████ | 9/10 [09:59<00:59, 59.93s/it]
Task 3, Epoch 10/10 => Loss -0.253, Train_accy 100.00, Test_accy 70.26: 100%|██████████| 10/10 [09:59<00:00, 60.07s/it]
Task 3, Epoch 10/10 => Loss -0.253, Train_accy 100.00, Test_accy 70.26: 100%|██████████| 10/10 [09:59<00:00, 59.93s/it]
2026-02-09 11:58:01,975 [l2p.py] => Task 3, Epoch 10/10 => Loss -0.253, Train_accy 100.00, Test_accy 70.26
2026-02-09 11:58:32,411 [trainer.py] => CNN: {'total': 70.26, '00-09': 88.64, '10-19': 90.59, '20-29': 87.0, '30-39': 87.05, '40-49': 87.09, '50-59': 89.47, '60-69': 77.85, '70-79': 81.32, '80-89': 83.23, '90-99': 77.4, '100-109': 55.63, '110-119': 67.82, '120-129': 28.41, '130-139': 35.91, '140-149': 40.87, '150-159': 48.07, 'old': 74.73, 'new': 44.44, 'harmonic': 55.74}
2026-02-09 11:58:32,411 [trainer.py] => CNN top1 curve: [86.2, 82.11, 75.01, 70.26]
2026-02-09 11:58:32,411 [trainer.py] => CNN top5 curve: [96.88, 96.24, 95.21, 94.32]
2026-02-09 11:58:32,411 [trainer.py] => Average Accuracy (CNN): 78.395
2026-02-09 11:58:32,412 [l2p.py] => Learning on 160-180

  0%|          | 0/10 [00:00<?, ?it/s]
Task 4, Epoch 1/10 => Loss 0.690, Train_accy 80.95, Test_accy 64.21:   0%|          | 0/10 [00:53<?, ?it/s]
Task 4, Epoch 1/10 => Loss 0.690, Train_accy 80.95, Test_accy 64.21:  10%|█         | 1/10 [00:53<08:01, 53.51s/it]
Task 4, Epoch 2/10 => Loss -0.017, Train_accy 95.02, Test_accy 64.60:  10%|█         | 1/10 [01:47<08:01, 53.51s/it]
Task 4, Epoch 2/10 => Loss -0.017, Train_accy 95.02, Test_accy 64.60:  20%|██        | 2/10 [01:47<07:09, 53.72s/it]
Task 4, Epoch 3/10 => Loss -0.109, Train_accy 97.59, Test_accy 64.88:  20%|██        | 2/10 [02:40<07:09, 53.72s/it]
Task 4, Epoch 3/10 => Loss -0.109, Train_accy 97.59, Test_accy 64.88:  30%|███       | 3/10 [02:40<06:15, 53.67s/it]
Task 4, Epoch 4/10 => Loss -0.157, Train_accy 98.56, Test_accy 65.43:  30%|███       | 3/10 [03:34<06:15, 53.67s/it]
Task 4, Epoch 4/10 => Loss -0.157, Train_accy 98.56, Test_accy 65.43:  40%|████      | 4/10 [03:34<05:21, 53.66s/it]
Task 4, Epoch 5/10 => Loss -0.187, Train_accy 99.38, Test_accy 65.93:  40%|████      | 4/10 [04:28<05:21, 53.66s/it]
Task 4, Epoch 5/10 => Loss -0.187, Train_accy 99.38, Test_accy 65.93:  50%|█████     | 5/10 [04:28<04:28, 53.61s/it]
Task 4, Epoch 6/10 => Loss -0.206, Train_accy 99.69, Test_accy 66.41:  50%|█████     | 5/10 [05:21<04:28, 53.61s/it]
Task 4, Epoch 6/10 => Loss -0.206, Train_accy 99.69, Test_accy 66.41:  60%|██████    | 6/10 [05:21<03:34, 53.61s/it]
Task 4, Epoch 7/10 => Loss -0.217, Train_accy 99.79, Test_accy 66.26:  60%|██████    | 6/10 [06:15<03:34, 53.61s/it]
Task 4, Epoch 7/10 => Loss -0.217, Train_accy 99.79, Test_accy 66.26:  70%|███████   | 7/10 [06:15<02:41, 53.73s/it]
Task 4, Epoch 8/10 => Loss -0.226, Train_accy 99.90, Test_accy 66.91:  70%|███████   | 7/10 [07:09<02:41, 53.73s/it]
Task 4, Epoch 8/10 => Loss -0.226, Train_accy 99.90, Test_accy 66.91:  80%|████████  | 8/10 [07:09<01:47, 53.62s/it]
Task 4, Epoch 9/10 => Loss -0.232, Train_accy 99.95, Test_accy 66.96:  80%|████████  | 8/10 [08:02<01:47, 53.62s/it]
Task 4, Epoch 9/10 => Loss -0.232, Train_accy 99.95, Test_accy 66.96:  90%|█████████ | 9/10 [08:02<00:53, 53.59s/it]
Task 4, Epoch 10/10 => Loss -0.238, Train_accy 99.95, Test_accy 67.31:  90%|█████████ | 9/10 [08:56<00:53, 53.59s/it]
Task 4, Epoch 10/10 => Loss -0.238, Train_accy 99.95, Test_accy 67.31: 100%|██████████| 10/10 [08:56<00:00, 53.59s/it]
Task 4, Epoch 10/10 => Loss -0.238, Train_accy 99.95, Test_accy 67.31: 100%|██████████| 10/10 [08:56<00:00, 53.62s/it]
2026-02-09 12:07:28,654 [l2p.py] => Task 4, Epoch 10/10 => Loss -0.238, Train_accy 99.95, Test_accy 67.31
2026-02-09 12:08:01,732 [trainer.py] => CNN: {'total': 67.31, '00-09': 88.64, '10-19': 90.86, '20-29': 85.33, '30-39': 86.75, '40-49': 86.75, '50-59': 87.83, '60-69': 77.52, '70-79': 83.15, '80-89': 81.61, '90-99': 78.53, '100-109': 58.45, '110-119': 68.35, '120-129': 28.41, '130-139': 40.94, '140-149': 40.05, '150-159': 47.79, '160-169': 35.65, '170-179': 33.47, 'old': 70.48, 'new': 34.52, 'harmonic': 46.34}
2026-02-09 12:08:01,733 [trainer.py] => CNN top1 curve: [86.2, 82.11, 75.01, 70.26, 67.31]
2026-02-09 12:08:01,733 [trainer.py] => CNN top5 curve: [96.88, 96.24, 95.21, 94.32, 93.34]
2026-02-09 12:08:01,733 [trainer.py] => Average Accuracy (CNN): 76.178
2026-02-09 12:08:01,733 [l2p.py] => Learning on 180-200

  0%|          | 0/10 [00:00<?, ?it/s]
Task 5, Epoch 1/10 => Loss 0.534, Train_accy 84.89, Test_accy 60.18:   0%|          | 0/10 [01:00<?, ?it/s]
Task 5, Epoch 1/10 => Loss 0.534, Train_accy 84.89, Test_accy 60.18:  10%|█         | 1/10 [01:00<09:06, 60.70s/it]
Task 5, Epoch 2/10 => Loss -0.088, Train_accy 96.61, Test_accy 60.83:  10%|█         | 1/10 [02:01<09:06, 60.70s/it]
Task 5, Epoch 2/10 => Loss -0.088, Train_accy 96.61, Test_accy 60.83:  20%|██        | 2/10 [02:01<08:04, 60.55s/it]
Task 5, Epoch 3/10 => Loss -0.157, Train_accy 97.93, Test_accy 61.38:  20%|██        | 2/10 [03:01<08:04, 60.55s/it]
Task 5, Epoch 3/10 => Loss -0.157, Train_accy 97.93, Test_accy 61.38:  30%|███       | 3/10 [03:01<07:02, 60.42s/it]
Task 5, Epoch 4/10 => Loss -0.193, Train_accy 98.94, Test_accy 61.43:  30%|███       | 3/10 [04:01<07:02, 60.42s/it]
Task 5, Epoch 4/10 => Loss -0.193, Train_accy 98.94, Test_accy 61.43:  40%|████      | 4/10 [04:01<06:02, 60.40s/it]
Task 5, Epoch 5/10 => Loss -0.215, Train_accy 99.65, Test_accy 61.58:  40%|████      | 4/10 [05:02<06:02, 60.40s/it]
Task 5, Epoch 5/10 => Loss -0.215, Train_accy 99.65, Test_accy 61.58:  50%|█████     | 5/10 [05:02<05:02, 60.56s/it]
Task 5, Epoch 6/10 => Loss -0.230, Train_accy 99.82, Test_accy 61.83:  50%|█████     | 5/10 [06:03<05:02, 60.56s/it]
Task 5, Epoch 6/10 => Loss -0.230, Train_accy 99.82, Test_accy 61.83:  60%|██████    | 6/10 [06:03<04:02, 60.54s/it]
Task 5, Epoch 7/10 => Loss -0.238, Train_accy 100.00, Test_accy 62.32:  60%|██████    | 6/10 [07:03<04:02, 60.54s/it]
Task 5, Epoch 7/10 => Loss -0.238, Train_accy 100.00, Test_accy 62.32:  70%|███████   | 7/10 [07:03<03:01, 60.50s/it]
Task 5, Epoch 8/10 => Loss -0.242, Train_accy 99.78, Test_accy 62.60:  70%|███████   | 7/10 [08:03<03:01, 60.50s/it] 
Task 5, Epoch 8/10 => Loss -0.242, Train_accy 99.78, Test_accy 62.60:  80%|████████  | 8/10 [08:03<02:00, 60.47s/it]
Task 5, Epoch 9/10 => Loss -0.247, Train_accy 99.96, Test_accy 62.92:  80%|████████  | 8/10 [09:04<02:00, 60.47s/it]
Task 5, Epoch 9/10 => Loss -0.247, Train_accy 99.96, Test_accy 62.92:  90%|█████████ | 9/10 [09:04<01:00, 60.39s/it]
Task 5, Epoch 10/10 => Loss -0.252, Train_accy 100.00, Test_accy 63.08:  90%|█████████ | 9/10 [10:04<01:00, 60.39s/it]
Task 5, Epoch 10/10 => Loss -0.252, Train_accy 100.00, Test_accy 63.08: 100%|██████████| 10/10 [10:04<00:00, 60.49s/it]
Task 5, Epoch 10/10 => Loss -0.252, Train_accy 100.00, Test_accy 63.08: 100%|██████████| 10/10 [10:04<00:00, 60.49s/it]
2026-02-09 12:18:06,634 [l2p.py] => Task 5, Epoch 10/10 => Loss -0.252, Train_accy 100.00, Test_accy 63.08
2026-02-09 12:18:43,317 [trainer.py] => CNN: {'total': 63.08, '00-09': 88.96, '10-19': 90.32, '20-29': 84.33, '30-39': 87.05, '40-49': 86.42, '50-59': 87.17, '60-69': 77.18, '70-79': 81.68, '80-89': 81.94, '90-99': 79.1, '100-109': 56.34, '110-119': 66.22, '120-129': 25.83, '130-139': 34.9, '140-149': 33.51, '150-159': 50.55, '160-169': 30.87, '170-179': 33.06, '180-189': 37.66, '190-199': 34.69, 'old': 65.95, 'new': 36.27, 'harmonic': 46.8}
2026-02-09 12:18:43,318 [trainer.py] => CNN top1 curve: [86.2, 82.11, 75.01, 70.26, 67.31, 63.08]
2026-02-09 12:18:43,318 [trainer.py] => CNN top5 curve: [96.88, 96.24, 95.21, 94.32, 93.34, 92.9]
2026-02-09 12:18:43,318 [trainer.py] => Average Accuracy (CNN): 73.99499999999999

========================================
Finished imagenetr_init100_inc20
Backbone: OpenCLIP_LAION400M
Average Accuracy (Top1): 73.99
Last Accuracy: 63.08
========================================

2026-02-09 12:18:46,018 [trainer.py] => config: ./configs/l2p/l2p_cub_B0_Inc20.json
2026-02-09 12:18:46,018 [trainer.py] => prefix:  
2026-02-09 12:18:46,018 [trainer.py] => dataset: cub
2026-02-09 12:18:46,018 [trainer.py] => memory_size: 0
2026-02-09 12:18:46,018 [trainer.py] => memory_per_class: 0
2026-02-09 12:18:46,018 [trainer.py] => fixed_memory: False
2026-02-09 12:18:46,018 [trainer.py] => shuffle: True
2026-02-09 12:18:46,019 [trainer.py] => init_cls: 20
2026-02-09 12:18:46,019 [trainer.py] => increment: 20
2026-02-09 12:18:46,019 [trainer.py] => model_name: l2p
2026-02-09 12:18:46,019 [trainer.py] => backbone_type: clip
2026-02-09 12:18:46,019 [trainer.py] => get_original_backbone: True
2026-02-09 12:18:46,019 [trainer.py] => device: [device(type='cuda', index=7)]
2026-02-09 12:18:46,019 [trainer.py] => seed: 1993
2026-02-09 12:18:46,019 [trainer.py] => tuned_epoch: 10
2026-02-09 12:18:46,019 [trainer.py] => init_lr: 0.001875
2026-02-09 12:18:46,019 [trainer.py] => batch_size: 16
2026-02-09 12:18:46,019 [trainer.py] => weight_decay: 0
2026-02-09 12:18:46,019 [trainer.py] => min_lr: 1e-05
2026-02-09 12:18:46,019 [trainer.py] => optimizer: adam
2026-02-09 12:18:46,019 [trainer.py] => scheduler: constant
2026-02-09 12:18:46,019 [trainer.py] => reinit_optimizer: True
2026-02-09 12:18:46,019 [trainer.py] => global_pool: token
2026-02-09 12:18:46,019 [trainer.py] => head_type: prompt
2026-02-09 12:18:46,019 [trainer.py] => freeze: ['blocks', 'patch_embed', 'cls_token', 'norm', 'pos_embed']
2026-02-09 12:18:46,019 [trainer.py] => pretrained: True
2026-02-09 12:18:46,019 [trainer.py] => drop: 0.0
2026-02-09 12:18:46,019 [trainer.py] => drop_path: 0.0
2026-02-09 12:18:46,019 [trainer.py] => prompt_pool: True
2026-02-09 12:18:46,019 [trainer.py] => size: 10
2026-02-09 12:18:46,019 [trainer.py] => length: 5
2026-02-09 12:18:46,019 [trainer.py] => top_k: 5
2026-02-09 12:18:46,019 [trainer.py] => initializer: uniform
2026-02-09 12:18:46,019 [trainer.py] => prompt_key: True
2026-02-09 12:18:46,019 [trainer.py] => prompt_key_init: uniform
2026-02-09 12:18:46,019 [trainer.py] => use_prompt_mask: False
2026-02-09 12:18:46,019 [trainer.py] => shared_prompt_pool: False
2026-02-09 12:18:46,019 [trainer.py] => shared_prompt_key: False
2026-02-09 12:18:46,019 [trainer.py] => batchwise_prompt: True
2026-02-09 12:18:46,019 [trainer.py] => embedding_key: cls
2026-02-09 12:18:46,020 [trainer.py] => predefined_key: 
2026-02-09 12:18:46,020 [trainer.py] => pull_constraint: True
2026-02-09 12:18:46,020 [trainer.py] => pull_constraint_coeff: 0.1
2026-02-09 12:18:46,020 [trainer.py] => nb_classes: 200
2026-02-09 12:18:46,020 [trainer.py] => total_class_num: 200
['Black footed Albatross', 'Laysan Albatross', 'Sooty Albatross', 'Groove billed Ani', 'Crested Auklet', 'Least Auklet', 'Parakeet Auklet', 'Rhinoceros Auklet', 'Brewer Blackbird', 'Red winged Blackbird', 'Rusty Blackbird', 'Yellow headed Blackbird', 'Bobolink', 'Indigo Bunting', 'Lazuli Bunting', 'Painted Bunting', 'Cardinal', 'Spotted Catbird', 'Gray Catbird', 'Yellow breasted Chat', 'Eastern Towhee', 'Chuck will Widow', 'Brandt Cormorant', 'Red faced Cormorant', 'Pelagic Cormorant', 'Bronzed Cowbird', 'Shiny Cowbird', 'Brown Creeper', 'American Crow', 'Fish Crow', 'Black billed Cuckoo', 'Mangrove Cuckoo', 'Yellow billed Cuckoo', 'Gray crowned Rosy Finch', 'Purple Finch', 'Northern Flicker', 'Acadian Flycatcher', 'Great Crested Flycatcher', 'Least Flycatcher', 'Olive sided Flycatcher', 'Scissor tailed Flycatcher', 'Vermilion Flycatcher', 'Yellow bellied Flycatcher', 'Frigatebird', 'Northern Fulmar', 'Gadwall', 'American Goldfinch', 'European Goldfinch', 'Boat tailed Grackle', 'Eared Grebe', 'Horned Grebe', 'Pied billed Grebe', 'Western Grebe', 'Blue Grosbeak', 'Evening Grosbeak', 'Pine Grosbeak', 'Rose breasted Grosbeak', 'Pigeon Guillemot', 'California Gull', 'Glaucous winged Gull', 'Heermann Gull', 'Herring Gull', 'Ivory Gull', 'Ring billed Gull', 'Slaty backed Gull', 'Western Gull', 'Anna Hummingbird', 'Ruby throated Hummingbird', 'Rufous Hummingbird', 'Green Violetear', 'Long tailed Jaeger', 'Pomarine Jaeger', 'Blue Jay', 'Florida Jay', 'Green Jay', 'Dark eyed Junco', 'Tropical Kingbird', 'Gray Kingbird', 'Belted Kingfisher', 'Green Kingfisher', 'Pied Kingfisher', 'Ringed Kingfisher', 'White breasted Kingfisher', 'Red legged Kittiwake', 'Horned Lark', 'Pacific Loon', 'Mallard', 'Western Meadowlark', 'Hooded Merganser', 'Red breasted Merganser', 'Mockingbird', 'Nighthawk', 'Clark Nutcracker', 'White breasted Nuthatch', 'Baltimore Oriole', 'Hooded Oriole', 'Orchard Oriole', 'Scott Oriole', 'Ovenbird', 'Brown Pelican', 'White Pelican', 'Western Wood Pewee', 'Sayornis', 'American Pipit', 'Whip poor Will', 'Horned Puffin', 'Common Raven', 'White necked Raven', 'American Redstart', 'Geococcyx', 'Loggerhead Shrike', 'Great Grey Shrike', 'Baird Sparrow', 'Black throated Sparrow', 'Brewer Sparrow', 'Chipping Sparrow', 'Clay colored Sparrow', 'House Sparrow', 'Field Sparrow', 'Fox Sparrow', 'Grasshopper Sparrow', 'Harris Sparrow', 'Henslow Sparrow', 'Le Conte Sparrow', 'Lincoln Sparrow', 'Nelson Sharp tailed Sparrow', 'Savannah Sparrow', 'Seaside Sparrow', 'Song Sparrow', 'Tree Sparrow', 'Vesper Sparrow', 'White crowned Sparrow', 'White throated Sparrow', 'Cape Glossy Starling', 'Bank Swallow', 'Barn Swallow', 'Cliff Swallow', 'Tree Swallow', 'Scarlet Tanager', 'Summer Tanager', 'Artic Tern', 'Black Tern', 'Caspian Tern', 'Common Tern', 'Elegant Tern', 'Forsters Tern', 'Least Tern', 'Green tailed Towhee', 'Brown Thrasher', 'Sage Thrasher', 'Black capped Vireo', 'Blue headed Vireo', 'Philadelphia Vireo', 'Red eyed Vireo', 'Warbling Vireo', 'White eyed Vireo', 'Yellow throated Vireo', 'Bay breasted Warbler', 'Black and white Warbler', 'Black throated Blue Warbler', 'Blue winged Warbler', 'Canada Warbler', 'Cape May Warbler', 'Cerulean Warbler', 'Chestnut sided Warbler', 'Golden winged Warbler', 'Hooded Warbler', 'Kentucky Warbler', 'Magnolia Warbler', 'Mourning Warbler', 'Myrtle Warbler', 'Nashville Warbler', 'Orange crowned Warbler', 'Palm Warbler', 'Pine Warbler', 'Prairie Warbler', 'Prothonotary Warbler', 'Swainson Warbler', 'Tennessee Warbler', 'Wilson Warbler', 'Worm eating Warbler', 'Yellow Warbler', 'Northern Waterthrush', 'Louisiana Waterthrush', 'Bohemian Waxwing', 'Cedar Waxwing', 'American Three toed Woodpecker', 'Pileated Woodpecker', 'Red bellied Woodpecker', 'Red cockaded Woodpecker', 'Red headed Woodpecker', 'Downy Woodpecker', 'Bewick Wren', 'Cactus Wren', 'Carolina Wren', 'House Wren', 'Marsh Wren', 'Rock Wren', 'Winter Wren', 'Common Yellowthroat']
['a photo of a {}, a type of bird.']
{'001.Black_footed_Albatross': 0, '002.Laysan_Albatross': 1, '003.Sooty_Albatross': 2, '004.Groove_billed_Ani': 3, '005.Crested_Auklet': 4, '006.Least_Auklet': 5, '007.Parakeet_Auklet': 6, '008.Rhinoceros_Auklet': 7, '009.Brewer_Blackbird': 8, '010.Red_winged_Blackbird': 9, '011.Rusty_Blackbird': 10, '012.Yellow_headed_Blackbird': 11, '013.Bobolink': 12, '014.Indigo_Bunting': 13, '015.Lazuli_Bunting': 14, '016.Painted_Bunting': 15, '017.Cardinal': 16, '018.Spotted_Catbird': 17, '019.Gray_Catbird': 18, '020.Yellow_breasted_Chat': 19, '021.Eastern_Towhee': 20, '022.Chuck_will_Widow': 21, '023.Brandt_Cormorant': 22, '024.Red_faced_Cormorant': 23, '025.Pelagic_Cormorant': 24, '026.Bronzed_Cowbird': 25, '027.Shiny_Cowbird': 26, '028.Brown_Creeper': 27, '029.American_Crow': 28, '030.Fish_Crow': 29, '031.Black_billed_Cuckoo': 30, '032.Mangrove_Cuckoo': 31, '033.Yellow_billed_Cuckoo': 32, '034.Gray_crowned_Rosy_Finch': 33, '035.Purple_Finch': 34, '036.Northern_Flicker': 35, '037.Acadian_Flycatcher': 36, '038.Great_Crested_Flycatcher': 37, '039.Least_Flycatcher': 38, '040.Olive_sided_Flycatcher': 39, '041.Scissor_tailed_Flycatcher': 40, '042.Vermilion_Flycatcher': 41, '043.Yellow_bellied_Flycatcher': 42, '044.Frigatebird': 43, '045.Northern_Fulmar': 44, '046.Gadwall': 45, '047.American_Goldfinch': 46, '048.European_Goldfinch': 47, '049.Boat_tailed_Grackle': 48, '050.Eared_Grebe': 49, '051.Horned_Grebe': 50, '052.Pied_billed_Grebe': 51, '053.Western_Grebe': 52, '054.Blue_Grosbeak': 53, '055.Evening_Grosbeak': 54, '056.Pine_Grosbeak': 55, '057.Rose_breasted_Grosbeak': 56, '058.Pigeon_Guillemot': 57, '059.California_Gull': 58, '060.Glaucous_winged_Gull': 59, '061.Heermann_Gull': 60, '062.Herring_Gull': 61, '063.Ivory_Gull': 62, '064.Ring_billed_Gull': 63, '065.Slaty_backed_Gull': 64, '066.Western_Gull': 65, '067.Anna_Hummingbird': 66, '068.Ruby_throated_Hummingbird': 67, '069.Rufous_Hummingbird': 68, '070.Green_Violetear': 69, '071.Long_tailed_Jaeger': 70, '072.Pomarine_Jaeger': 71, '073.Blue_Jay': 72, '074.Florida_Jay': 73, '075.Green_Jay': 74, '076.Dark_eyed_Junco': 75, '077.Tropical_Kingbird': 76, '078.Gray_Kingbird': 77, '079.Belted_Kingfisher': 78, '080.Green_Kingfisher': 79, '081.Pied_Kingfisher': 80, '082.Ringed_Kingfisher': 81, '083.White_breasted_Kingfisher': 82, '084.Red_legged_Kittiwake': 83, '085.Horned_Lark': 84, '086.Pacific_Loon': 85, '087.Mallard': 86, '088.Western_Meadowlark': 87, '089.Hooded_Merganser': 88, '090.Red_breasted_Merganser': 89, '091.Mockingbird': 90, '092.Nighthawk': 91, '093.Clark_Nutcracker': 92, '094.White_breasted_Nuthatch': 93, '095.Baltimore_Oriole': 94, '096.Hooded_Oriole': 95, '097.Orchard_Oriole': 96, '098.Scott_Oriole': 97, '099.Ovenbird': 98, '100.Brown_Pelican': 99, '101.White_Pelican': 100, '102.Western_Wood_Pewee': 101, '103.Sayornis': 102, '104.American_Pipit': 103, '105.Whip_poor_Will': 104, '106.Horned_Puffin': 105, '107.Common_Raven': 106, '108.White_necked_Raven': 107, '109.American_Redstart': 108, '110.Geococcyx': 109, '111.Loggerhead_Shrike': 110, '112.Great_Grey_Shrike': 111, '113.Baird_Sparrow': 112, '114.Black_throated_Sparrow': 113, '115.Brewer_Sparrow': 114, '116.Chipping_Sparrow': 115, '117.Clay_colored_Sparrow': 116, '118.House_Sparrow': 117, '119.Field_Sparrow': 118, '120.Fox_Sparrow': 119, '121.Grasshopper_Sparrow': 120, '122.Harris_Sparrow': 121, '123.Henslow_Sparrow': 122, '124.Le_Conte_Sparrow': 123, '125.Lincoln_Sparrow': 124, '126.Nelson_Sharp_tailed_Sparrow': 125, '127.Savannah_Sparrow': 126, '128.Seaside_Sparrow': 127, '129.Song_Sparrow': 128, '130.Tree_Sparrow': 129, '131.Vesper_Sparrow': 130, '132.White_crowned_Sparrow': 131, '133.White_throated_Sparrow': 132, '134.Cape_Glossy_Starling': 133, '135.Bank_Swallow': 134, '136.Barn_Swallow': 135, '137.Cliff_Swallow': 136, '138.Tree_Swallow': 137, '139.Scarlet_Tanager': 138, '140.Summer_Tanager': 139, '141.Artic_Tern': 140, '142.Black_Tern': 141, '143.Caspian_Tern': 142, '144.Common_Tern': 143, '145.Elegant_Tern': 144, '146.Forsters_Tern': 145, '147.Least_Tern': 146, '148.Green_tailed_Towhee': 147, '149.Brown_Thrasher': 148, '150.Sage_Thrasher': 149, '151.Black_capped_Vireo': 150, '152.Blue_headed_Vireo': 151, '153.Philadelphia_Vireo': 152, '154.Red_eyed_Vireo': 153, '155.Warbling_Vireo': 154, '156.White_eyed_Vireo': 155, '157.Yellow_throated_Vireo': 156, '158.Bay_breasted_Warbler': 157, '159.Black_and_white_Warbler': 158, '160.Black_throated_Blue_Warbler': 159, '161.Blue_winged_Warbler': 160, '162.Canada_Warbler': 161, '163.Cape_May_Warbler': 162, '164.Cerulean_Warbler': 163, '165.Chestnut_sided_Warbler': 164, '166.Golden_winged_Warbler': 165, '167.Hooded_Warbler': 166, '168.Kentucky_Warbler': 167, '169.Magnolia_Warbler': 168, '170.Mourning_Warbler': 169, '171.Myrtle_Warbler': 170, '172.Nashville_Warbler': 171, '173.Orange_crowned_Warbler': 172, '174.Palm_Warbler': 173, '175.Pine_Warbler': 174, '176.Prairie_Warbler': 175, '177.Prothonotary_Warbler': 176, '178.Swainson_Warbler': 177, '179.Tennessee_Warbler': 178, '180.Wilson_Warbler': 179, '181.Worm_eating_Warbler': 180, '182.Yellow_Warbler': 181, '183.Northern_Waterthrush': 182, '184.Louisiana_Waterthrush': 183, '185.Bohemian_Waxwing': 184, '186.Cedar_Waxwing': 185, '187.American_Three_toed_Woodpecker': 186, '188.Pileated_Woodpecker': 187, '189.Red_bellied_Woodpecker': 188, '190.Red_cockaded_Woodpecker': 189, '191.Red_headed_Woodpecker': 190, '192.Downy_Woodpecker': 191, '193.Bewick_Wren': 192, '194.Cactus_Wren': 193, '195.Carolina_Wren': 194, '196.House_Wren': 195, '197.Marsh_Wren': 196, '198.Rock_Wren': 197, '199.Winter_Wren': 198, '200.Common_Yellowthroat': 199}
2026-02-09 12:18:46,122 [data_manager.py] => [168, 136, 51, 9, 183, 101, 171, 99, 42, 159, 191, 70, 16, 188, 27, 10, 175, 26, 68, 187, 98, 6, 85, 35, 112, 43, 100, 0, 103, 181, 88, 59, 4, 2, 116, 174, 94, 80, 106, 1, 147, 17, 141, 131, 72, 23, 173, 54, 197, 118, 87, 32, 79, 104, 91, 19, 135, 107, 178, 36, 11, 199, 142, 8, 122, 3, 28, 57, 153, 172, 190, 56, 49, 44, 97, 62, 151, 169, 194, 55, 192, 12, 189, 78, 66, 180, 15, 137, 109, 134, 92, 119, 126, 52, 170, 40, 148, 65, 144, 64, 138, 45, 77, 89, 154, 90, 71, 193, 74, 30, 113, 143, 96, 84, 67, 50, 186, 156, 69, 21, 18, 111, 108, 58, 125, 157, 150, 110, 182, 129, 166, 83, 81, 60, 13, 165, 14, 176, 63, 117, 5, 22, 145, 121, 38, 41, 82, 127, 114, 20, 31, 53, 37, 163, 196, 130, 152, 162, 86, 76, 24, 34, 184, 149, 33, 128, 198, 155, 146, 167, 139, 120, 140, 102, 47, 25, 158, 123, 46, 164, 61, 7, 115, 75, 133, 160, 105, 132, 179, 124, 48, 73, 93, 39, 95, 195, 29, 177, 185, 161]
After shuffle, class_to_label is:  ['Magnolia Warbler', 'Cliff Swallow', 'Pied billed Grebe', 'Red winged Blackbird', 'Louisiana Waterthrush', 'Western Wood Pewee', 'Nashville Warbler', 'Brown Pelican', 'Yellow bellied Flycatcher', 'Black throated Blue Warbler', 'Downy Woodpecker', 'Long tailed Jaeger', 'Cardinal', 'Red bellied Woodpecker', 'Brown Creeper', 'Rusty Blackbird', 'Prairie Warbler', 'Shiny Cowbird', 'Rufous Hummingbird', 'Pileated Woodpecker', 'Ovenbird', 'Parakeet Auklet', 'Pacific Loon', 'Northern Flicker', 'Baird Sparrow', 'Frigatebird', 'White Pelican', 'Black footed Albatross', 'American Pipit', 'Yellow Warbler', 'Hooded Merganser', 'Glaucous winged Gull', 'Crested Auklet', 'Sooty Albatross', 'Clay colored Sparrow', 'Pine Warbler', 'Baltimore Oriole', 'Pied Kingfisher', 'Common Raven', 'Laysan Albatross', 'Green tailed Towhee', 'Spotted Catbird', 'Black Tern', 'White crowned Sparrow', 'Blue Jay', 'Red faced Cormorant', 'Palm Warbler', 'Evening Grosbeak', 'Rock Wren', 'Field Sparrow', 'Western Meadowlark', 'Yellow billed Cuckoo', 'Green Kingfisher', 'Whip poor Will', 'Nighthawk', 'Yellow breasted Chat', 'Barn Swallow', 'White necked Raven', 'Tennessee Warbler', 'Acadian Flycatcher', 'Yellow headed Blackbird', 'Common Yellowthroat', 'Caspian Tern', 'Brewer Blackbird', 'Henslow Sparrow', 'Groove billed Ani', 'American Crow', 'Pigeon Guillemot', 'Red eyed Vireo', 'Orange crowned Warbler', 'Red headed Woodpecker', 'Rose breasted Grosbeak', 'Eared Grebe', 'Northern Fulmar', 'Scott Oriole', 'Ivory Gull', 'Blue headed Vireo', 'Mourning Warbler', 'Carolina Wren', 'Pine Grosbeak', 'Bewick Wren', 'Bobolink', 'Red cockaded Woodpecker', 'Belted Kingfisher', 'Anna Hummingbird', 'Worm eating Warbler', 'Painted Bunting', 'Tree Swallow', 'Geococcyx', 'Bank Swallow', 'Clark Nutcracker', 'Fox Sparrow', 'Savannah Sparrow', 'Western Grebe', 'Myrtle Warbler', 'Scissor tailed Flycatcher', 'Brown Thrasher', 'Western Gull', 'Elegant Tern', 'Slaty backed Gull', 'Scarlet Tanager', 'Gadwall', 'Gray Kingbird', 'Red breasted Merganser', 'Warbling Vireo', 'Mockingbird', 'Pomarine Jaeger', 'Cactus Wren', 'Green Jay', 'Black billed Cuckoo', 'Black throated Sparrow', 'Common Tern', 'Orchard Oriole', 'Horned Lark', 'Ruby throated Hummingbird', 'Horned Grebe', 'American Three toed Woodpecker', 'Yellow throated Vireo', 'Green Violetear', 'Chuck will Widow', 'Gray Catbird', 'Great Grey Shrike', 'American Redstart', 'California Gull', 'Nelson Sharp tailed Sparrow', 'Bay breasted Warbler', 'Black capped Vireo', 'Loggerhead Shrike', 'Northern Waterthrush', 'Tree Sparrow', 'Hooded Warbler', 'Red legged Kittiwake', 'Ringed Kingfisher', 'Heermann Gull', 'Indigo Bunting', 'Golden winged Warbler', 'Lazuli Bunting', 'Prothonotary Warbler', 'Ring billed Gull', 'House Sparrow', 'Least Auklet', 'Brandt Cormorant', 'Forsters Tern', 'Harris Sparrow', 'Least Flycatcher', 'Vermilion Flycatcher', 'White breasted Kingfisher', 'Seaside Sparrow', 'Brewer Sparrow', 'Eastern Towhee', 'Mangrove Cuckoo', 'Blue Grosbeak', 'Great Crested Flycatcher', 'Cerulean Warbler', 'Marsh Wren', 'Vesper Sparrow', 'Philadelphia Vireo', 'Cape May Warbler', 'Mallard', 'Tropical Kingbird', 'Pelagic Cormorant', 'Purple Finch', 'Bohemian Waxwing', 'Sage Thrasher', 'Gray crowned Rosy Finch', 'Song Sparrow', 'Winter Wren', 'White eyed Vireo', 'Least Tern', 'Kentucky Warbler', 'Summer Tanager', 'Grasshopper Sparrow', 'Artic Tern', 'Sayornis', 'European Goldfinch', 'Bronzed Cowbird', 'Black and white Warbler', 'Le Conte Sparrow', 'American Goldfinch', 'Chestnut sided Warbler', 'Herring Gull', 'Rhinoceros Auklet', 'Chipping Sparrow', 'Dark eyed Junco', 'Cape Glossy Starling', 'Blue winged Warbler', 'Horned Puffin', 'White throated Sparrow', 'Wilson Warbler', 'Lincoln Sparrow', 'Boat tailed Grackle', 'Florida Jay', 'White breasted Nuthatch', 'Olive sided Flycatcher', 'Hooded Oriole', 'House Wren', 'Fish Crow', 'Swainson Warbler', 'Cedar Waxwing', 'Canada Warbler']
Training class stages: [20, 20, 20, 20, 20, 20, 20, 20, 20, 20]
Using CLIP model as the backbone
2026-02-09 12:18:47,340 [instantiator.py] => Created a temporary directory at /tmp/tmpl6bf98k6
2026-02-09 12:18:47,340 [instantiator.py] => Writing /tmp/tmpl6bf98k6/_remote_module_non_scriptable.py
2026-02-09 12:18:47,472 [factory.py] => Loaded ViT-B-16 model config.
2026-02-09 12:18:48,986 [factory.py] => Loading pretrained ViT-B-16 weights (/home/team/zhaohongwei/pretrained_models/open_clip_pytorch_model_laion400m_e32.bin).
/home/team/zhaohongwei/anaconda3/envs/mmcl/lib/python3.10/site-packages/torch/_utils.py:776: UserWarning: TypedStorage is deprecated. It will be removed in the future and UntypedStorage will be the only storage class. This should only matter to you if you are using storages directly.  To access UntypedStorage directly, use tensor.untyped_storage() instead of tensor.storage()
  return self.fget.__get__(instance, owner)()
2026-02-09 12:18:50,023 [l2p.py] => 86,509,256 model total parameters.
2026-02-09 12:18:50,023 [l2p.py] => 146,120 model training parameters.
2026-02-09 12:18:50,023 [l2p.py] => prompt.prompt: 38400
2026-02-09 12:18:50,023 [l2p.py] => prompt.prompt_key: 5120
2026-02-09 12:18:50,023 [l2p.py] => head.weight: 102400
2026-02-09 12:18:50,023 [l2p.py] => head.bias: 200
2026-02-09 12:18:50,023 [l2p.py] => Learning on 0-20

  0%|          | 0/10 [00:00<?, ?it/s]
Task 0, Epoch 1/10 => Loss 1.799, Train_accy 63.85, Test_accy 89.07:   0%|          | 0/10 [00:12<?, ?it/s]
Task 0, Epoch 1/10 => Loss 1.799, Train_accy 63.85, Test_accy 89.07:  10%|█         | 1/10 [00:12<01:51, 12.41s/it]
Task 0, Epoch 2/10 => Loss 0.514, Train_accy 93.87, Test_accy 93.52:  10%|█         | 1/10 [00:24<01:51, 12.41s/it]
Task 0, Epoch 2/10 => Loss 0.514, Train_accy 93.87, Test_accy 93.52:  20%|██        | 2/10 [00:24<01:37, 12.24s/it]
Task 0, Epoch 3/10 => Loss 0.206, Train_accy 94.93, Test_accy 93.93:  20%|██        | 2/10 [00:36<01:37, 12.24s/it]
Task 0, Epoch 3/10 => Loss 0.206, Train_accy 94.93, Test_accy 93.93:  30%|███       | 3/10 [00:36<01:25, 12.17s/it]
Task 0, Epoch 4/10 => Loss 0.059, Train_accy 97.36, Test_accy 95.95:  30%|███       | 3/10 [00:48<01:25, 12.17s/it]
Task 0, Epoch 4/10 => Loss 0.059, Train_accy 97.36, Test_accy 95.95:  40%|████      | 4/10 [00:48<01:12, 12.13s/it]
Task 0, Epoch 5/10 => Loss -0.031, Train_accy 97.36, Test_accy 96.76:  40%|████      | 4/10 [01:00<01:12, 12.13s/it]
Task 0, Epoch 5/10 => Loss -0.031, Train_accy 97.36, Test_accy 96.76:  50%|█████     | 5/10 [01:00<01:00, 12.12s/it]
Task 0, Epoch 6/10 => Loss -0.100, Train_accy 97.89, Test_accy 97.98:  50%|█████     | 5/10 [01:12<01:00, 12.12s/it]
Task 0, Epoch 6/10 => Loss -0.100, Train_accy 97.89, Test_accy 97.98:  60%|██████    | 6/10 [01:12<00:48, 12.10s/it]
Task 0, Epoch 7/10 => Loss -0.161, Train_accy 98.73, Test_accy 96.76:  60%|██████    | 6/10 [01:24<00:48, 12.10s/it]
Task 0, Epoch 7/10 => Loss -0.161, Train_accy 98.73, Test_accy 96.76:  70%|███████   | 7/10 [01:24<00:36, 12.10s/it]
Task 0, Epoch 8/10 => Loss -0.206, Train_accy 99.37, Test_accy 97.17:  70%|███████   | 7/10 [01:37<00:36, 12.10s/it]
Task 0, Epoch 8/10 => Loss -0.206, Train_accy 99.37, Test_accy 97.17:  80%|████████  | 8/10 [01:37<00:24, 12.09s/it]
Task 0, Epoch 9/10 => Loss -0.241, Train_accy 99.37, Test_accy 97.98:  80%|████████  | 8/10 [01:49<00:24, 12.09s/it]
Task 0, Epoch 9/10 => Loss -0.241, Train_accy 99.37, Test_accy 97.98:  90%|█████████ | 9/10 [01:49<00:12, 12.10s/it]
Task 0, Epoch 10/10 => Loss -0.269, Train_accy 99.47, Test_accy 97.57:  90%|█████████ | 9/10 [02:01<00:12, 12.10s/it]
Task 0, Epoch 10/10 => Loss -0.269, Train_accy 99.47, Test_accy 97.57: 100%|██████████| 10/10 [02:01<00:00, 12.09s/it]
Task 0, Epoch 10/10 => Loss -0.269, Train_accy 99.47, Test_accy 97.57: 100%|██████████| 10/10 [02:01<00:00, 12.12s/it]
2026-02-09 12:20:51,766 [l2p.py] => Task 0, Epoch 10/10 => Loss -0.269, Train_accy 99.47, Test_accy 97.57
2026-02-09 12:20:53,654 [trainer.py] => CNN: {'total': 97.57, '00-09': 98.31, '10-19': 96.9, 'old': 0, 'new': 97.57, 'harmonic': 0.0}
2026-02-09 12:20:53,654 [trainer.py] => CNN top1 curve: [97.57]
2026-02-09 12:20:53,655 [trainer.py] => CNN top5 curve: [100.0]
2026-02-09 12:20:53,655 [trainer.py] => Average Accuracy (CNN): 97.57
2026-02-09 12:20:53,655 [l2p.py] => Learning on 20-40

  0%|          | 0/10 [00:00<?, ?it/s]
Task 1, Epoch 1/10 => Loss 1.860, Train_accy 57.46, Test_accy 58.15:   0%|          | 0/10 [00:13<?, ?it/s]
Task 1, Epoch 1/10 => Loss 1.860, Train_accy 57.46, Test_accy 58.15:  10%|█         | 1/10 [00:13<01:59, 13.32s/it]
Task 1, Epoch 2/10 => Loss 0.630, Train_accy 87.72, Test_accy 68.50:  10%|█         | 1/10 [00:26<01:59, 13.32s/it]
Task 1, Epoch 2/10 => Loss 0.630, Train_accy 87.72, Test_accy 68.50:  20%|██        | 2/10 [00:26<01:46, 13.33s/it]
Task 1, Epoch 3/10 => Loss 0.300, Train_accy 94.07, Test_accy 74.67:  20%|██        | 2/10 [00:39<01:46, 13.33s/it]
Task 1, Epoch 3/10 => Loss 0.300, Train_accy 94.07, Test_accy 74.67:  30%|███       | 3/10 [00:39<01:33, 13.30s/it]
Task 1, Epoch 4/10 => Loss 0.141, Train_accy 95.98, Test_accy 76.87:  30%|███       | 3/10 [00:53<01:33, 13.30s/it]
Task 1, Epoch 4/10 => Loss 0.141, Train_accy 95.98, Test_accy 76.87:  40%|████      | 4/10 [00:53<01:19, 13.30s/it]
Task 1, Epoch 5/10 => Loss 0.040, Train_accy 96.72, Test_accy 79.07:  40%|████      | 4/10 [01:06<01:19, 13.30s/it]
Task 1, Epoch 5/10 => Loss 0.040, Train_accy 96.72, Test_accy 79.07:  50%|█████     | 5/10 [01:06<01:06, 13.31s/it]
Task 1, Epoch 6/10 => Loss 0.009, Train_accy 98.10, Test_accy 80.40:  50%|█████     | 5/10 [01:19<01:06, 13.31s/it]
Task 1, Epoch 6/10 => Loss 0.009, Train_accy 98.10, Test_accy 80.40:  60%|██████    | 6/10 [01:19<00:53, 13.28s/it]
Task 1, Epoch 7/10 => Loss -0.076, Train_accy 96.93, Test_accy 81.72:  60%|██████    | 6/10 [01:33<00:53, 13.28s/it]
Task 1, Epoch 7/10 => Loss -0.076, Train_accy 96.93, Test_accy 81.72:  70%|███████   | 7/10 [01:33<00:39, 13.30s/it]
Task 1, Epoch 8/10 => Loss -0.144, Train_accy 98.84, Test_accy 82.60:  70%|███████   | 7/10 [01:46<00:39, 13.30s/it]
Task 1, Epoch 8/10 => Loss -0.144, Train_accy 98.84, Test_accy 82.60:  80%|████████  | 8/10 [01:46<00:26, 13.32s/it]
Task 1, Epoch 9/10 => Loss -0.179, Train_accy 99.05, Test_accy 81.50:  80%|████████  | 8/10 [01:59<00:26, 13.32s/it]
Task 1, Epoch 9/10 => Loss -0.179, Train_accy 99.05, Test_accy 81.50:  90%|█████████ | 9/10 [01:59<00:13, 13.33s/it]
Task 1, Epoch 10/10 => Loss -0.213, Train_accy 99.58, Test_accy 83.04:  90%|█████████ | 9/10 [02:13<00:13, 13.33s/it]
Task 1, Epoch 10/10 => Loss -0.213, Train_accy 99.58, Test_accy 83.04: 100%|██████████| 10/10 [02:13<00:00, 13.32s/it]
Task 1, Epoch 10/10 => Loss -0.213, Train_accy 99.58, Test_accy 83.04: 100%|██████████| 10/10 [02:13<00:00, 13.31s/it]
2026-02-09 12:23:06,803 [l2p.py] => Task 1, Epoch 10/10 => Loss -0.213, Train_accy 99.58, Test_accy 83.04
2026-02-09 12:23:09,938 [trainer.py] => CNN: {'total': 83.04, '00-09': 89.83, '10-19': 89.92, '20-29': 75.26, '30-39': 74.55, 'old': 89.88, 'new': 74.88, 'harmonic': 81.7}
2026-02-09 12:23:09,939 [trainer.py] => CNN top1 curve: [97.57, 83.04]
2026-02-09 12:23:09,939 [trainer.py] => CNN top5 curve: [100.0, 98.9]
2026-02-09 12:23:09,939 [trainer.py] => Average Accuracy (CNN): 90.305
2026-02-09 12:23:09,939 [l2p.py] => Learning on 40-60

  0%|          | 0/10 [00:00<?, ?it/s]
Task 2, Epoch 1/10 => Loss 1.351, Train_accy 69.25, Test_accy 60.86:   0%|          | 0/10 [00:14<?, ?it/s]
Task 2, Epoch 1/10 => Loss 1.351, Train_accy 69.25, Test_accy 60.86:  10%|█         | 1/10 [00:14<02:11, 14.63s/it]
Task 2, Epoch 2/10 => Loss 0.131, Train_accy 96.29, Test_accy 65.48:  10%|█         | 1/10 [00:29<02:11, 14.63s/it]
Task 2, Epoch 2/10 => Loss 0.131, Train_accy 96.29, Test_accy 65.48:  20%|██        | 2/10 [00:29<01:57, 14.65s/it]
Task 2, Epoch 3/10 => Loss -0.107, Train_accy 97.77, Test_accy 70.09:  20%|██        | 2/10 [00:43<01:57, 14.65s/it]
Task 2, Epoch 3/10 => Loss -0.107, Train_accy 97.77, Test_accy 70.09:  30%|███       | 3/10 [00:43<01:42, 14.64s/it]
Task 2, Epoch 4/10 => Loss -0.193, Train_accy 98.41, Test_accy 73.51:  30%|███       | 3/10 [00:58<01:42, 14.64s/it]
Task 2, Epoch 4/10 => Loss -0.193, Train_accy 98.41, Test_accy 73.51:  40%|████      | 4/10 [00:58<01:27, 14.63s/it]
Task 2, Epoch 5/10 => Loss -0.241, Train_accy 98.73, Test_accy 75.60:  40%|████      | 4/10 [01:13<01:27, 14.63s/it]
Task 2, Epoch 5/10 => Loss -0.241, Train_accy 98.73, Test_accy 75.60:  50%|█████     | 5/10 [01:13<01:13, 14.63s/it]
Task 2, Epoch 6/10 => Loss -0.272, Train_accy 99.26, Test_accy 77.38:  50%|█████     | 5/10 [01:27<01:13, 14.63s/it]
Task 2, Epoch 6/10 => Loss -0.272, Train_accy 99.26, Test_accy 77.38:  60%|██████    | 6/10 [01:27<00:58, 14.61s/it]
Task 2, Epoch 7/10 => Loss -0.292, Train_accy 99.26, Test_accy 77.83:  60%|██████    | 6/10 [01:42<00:58, 14.61s/it]
Task 2, Epoch 7/10 => Loss -0.292, Train_accy 99.26, Test_accy 77.83:  70%|███████   | 7/10 [01:42<00:43, 14.61s/it]
Task 2, Epoch 8/10 => Loss -0.308, Train_accy 99.47, Test_accy 78.72:  70%|███████   | 7/10 [01:56<00:43, 14.61s/it]
Task 2, Epoch 8/10 => Loss -0.308, Train_accy 99.47, Test_accy 78.72:  80%|████████  | 8/10 [01:56<00:29, 14.61s/it]
Task 2, Epoch 9/10 => Loss -0.320, Train_accy 99.68, Test_accy 79.76:  80%|████████  | 8/10 [02:11<00:29, 14.61s/it]
Task 2, Epoch 9/10 => Loss -0.320, Train_accy 99.68, Test_accy 79.76:  90%|█████████ | 9/10 [02:11<00:14, 14.59s/it]
Task 2, Epoch 10/10 => Loss -0.328, Train_accy 99.79, Test_accy 80.21:  90%|█████████ | 9/10 [02:26<00:14, 14.59s/it]
Task 2, Epoch 10/10 => Loss -0.328, Train_accy 99.79, Test_accy 80.21: 100%|██████████| 10/10 [02:26<00:00, 14.62s/it]
Task 2, Epoch 10/10 => Loss -0.328, Train_accy 99.79, Test_accy 80.21: 100%|██████████| 10/10 [02:26<00:00, 14.62s/it]
2026-02-09 12:25:36,147 [l2p.py] => Task 2, Epoch 10/10 => Loss -0.328, Train_accy 99.79, Test_accy 80.21
2026-02-09 12:25:40,615 [trainer.py] => CNN: {'total': 80.21, '00-09': 85.59, '10-19': 88.37, '20-29': 71.13, '30-39': 67.27, '40-49': 85.98, '50-59': 80.18, 'old': 78.85, 'new': 83.03, 'harmonic': 80.89}
2026-02-09 12:25:40,616 [trainer.py] => CNN top1 curve: [97.57, 83.04, 80.21]
2026-02-09 12:25:40,616 [trainer.py] => CNN top5 curve: [100.0, 98.9, 97.77]
2026-02-09 12:25:40,616 [trainer.py] => Average Accuracy (CNN): 86.94
2026-02-09 12:25:40,616 [l2p.py] => Learning on 60-80

  0%|          | 0/10 [00:00<?, ?it/s]
Task 3, Epoch 1/10 => Loss 1.107, Train_accy 75.48, Test_accy 60.07:   0%|          | 0/10 [00:16<?, ?it/s]
Task 3, Epoch 1/10 => Loss 1.107, Train_accy 75.48, Test_accy 60.07:  10%|█         | 1/10 [00:16<02:25, 16.13s/it]
Task 3, Epoch 2/10 => Loss 0.012, Train_accy 96.51, Test_accy 63.44:  10%|█         | 1/10 [00:32<02:25, 16.13s/it]
Task 3, Epoch 2/10 => Loss 0.012, Train_accy 96.51, Test_accy 63.44:  20%|██        | 2/10 [00:32<02:09, 16.15s/it]
Task 3, Epoch 3/10 => Loss -0.159, Train_accy 97.25, Test_accy 67.14:  20%|██        | 2/10 [00:48<02:09, 16.15s/it]
Task 3, Epoch 3/10 => Loss -0.159, Train_accy 97.25, Test_accy 67.14:  30%|███       | 3/10 [00:48<01:53, 16.15s/it]
Task 3, Epoch 4/10 => Loss -0.226, Train_accy 98.52, Test_accy 69.21:  30%|███       | 3/10 [01:04<01:53, 16.15s/it]
Task 3, Epoch 4/10 => Loss -0.226, Train_accy 98.52, Test_accy 69.21:  40%|████      | 4/10 [01:04<01:36, 16.13s/it]
Task 3, Epoch 5/10 => Loss -0.265, Train_accy 99.05, Test_accy 69.97:  40%|████      | 4/10 [01:20<01:36, 16.13s/it]
Task 3, Epoch 5/10 => Loss -0.265, Train_accy 99.05, Test_accy 69.97:  50%|█████     | 5/10 [01:20<01:20, 16.18s/it]
Task 3, Epoch 6/10 => Loss -0.288, Train_accy 99.26, Test_accy 71.27:  50%|█████     | 5/10 [01:37<01:20, 16.18s/it]
Task 3, Epoch 6/10 => Loss -0.288, Train_accy 99.26, Test_accy 71.27:  60%|██████    | 6/10 [01:37<01:04, 16.18s/it]
Task 3, Epoch 7/10 => Loss -0.304, Train_accy 99.79, Test_accy 72.25:  60%|██████    | 6/10 [01:53<01:04, 16.18s/it]
Task 3, Epoch 7/10 => Loss -0.304, Train_accy 99.79, Test_accy 72.25:  70%|███████   | 7/10 [01:53<00:48, 16.17s/it]
Task 3, Epoch 8/10 => Loss -0.316, Train_accy 100.00, Test_accy 73.56:  70%|███████   | 7/10 [02:09<00:48, 16.17s/it]
Task 3, Epoch 8/10 => Loss -0.316, Train_accy 100.00, Test_accy 73.56:  80%|████████  | 8/10 [02:09<00:32, 16.15s/it]
Task 3, Epoch 9/10 => Loss -0.326, Train_accy 100.00, Test_accy 74.32:  80%|████████  | 8/10 [02:25<00:32, 16.15s/it]
Task 3, Epoch 9/10 => Loss -0.326, Train_accy 100.00, Test_accy 74.32:  90%|█████████ | 9/10 [02:25<00:16, 16.14s/it]
Task 3, Epoch 10/10 => Loss -0.333, Train_accy 100.00, Test_accy 76.06:  90%|█████████ | 9/10 [02:41<00:16, 16.14s/it]
Task 3, Epoch 10/10 => Loss -0.333, Train_accy 100.00, Test_accy 76.06: 100%|██████████| 10/10 [02:41<00:00, 16.14s/it]
Task 3, Epoch 10/10 => Loss -0.333, Train_accy 100.00, Test_accy 76.06: 100%|██████████| 10/10 [02:41<00:00, 16.15s/it]
2026-02-09 12:28:22,145 [l2p.py] => Task 3, Epoch 10/10 => Loss -0.333, Train_accy 100.00, Test_accy 76.06
2026-02-09 12:28:28,073 [trainer.py] => CNN: {'total': 76.06, '00-09': 86.44, '10-19': 85.27, '20-29': 69.07, '30-39': 67.27, '40-49': 85.05, '50-59': 79.28, '60-69': 59.43, '70-79': 73.76, 'old': 79.17, 'new': 67.61, 'harmonic': 72.93}
2026-02-09 12:28:28,073 [trainer.py] => CNN top1 curve: [97.57, 83.04, 80.21, 76.06]
2026-02-09 12:28:28,074 [trainer.py] => CNN top5 curve: [100.0, 98.9, 97.77, 96.74]
2026-02-09 12:28:28,074 [trainer.py] => Average Accuracy (CNN): 84.22
2026-02-09 12:28:28,074 [l2p.py] => Learning on 80-100

  0%|          | 0/10 [00:00<?, ?it/s]
Task 4, Epoch 1/10 => Loss 1.110, Train_accy 74.18, Test_accy 59.18:   0%|          | 0/10 [00:17<?, ?it/s]
Task 4, Epoch 1/10 => Loss 1.110, Train_accy 74.18, Test_accy 59.18:  10%|█         | 1/10 [00:17<02:36, 17.43s/it]
Task 4, Epoch 2/10 => Loss -0.004, Train_accy 95.40, Test_accy 61.70:  10%|█         | 1/10 [00:34<02:36, 17.43s/it]
Task 4, Epoch 2/10 => Loss -0.004, Train_accy 95.40, Test_accy 61.70:  20%|██        | 2/10 [00:34<02:19, 17.49s/it]
Task 4, Epoch 3/10 => Loss -0.149, Train_accy 96.61, Test_accy 64.39:  20%|██        | 2/10 [00:52<02:19, 17.49s/it]
Task 4, Epoch 3/10 => Loss -0.149, Train_accy 96.61, Test_accy 64.39:  30%|███       | 3/10 [00:52<02:02, 17.45s/it]
Task 4, Epoch 4/10 => Loss -0.214, Train_accy 96.94, Test_accy 65.49:  30%|███       | 3/10 [01:09<02:02, 17.45s/it]
Task 4, Epoch 4/10 => Loss -0.214, Train_accy 96.94, Test_accy 65.49:  40%|████      | 4/10 [01:09<01:44, 17.41s/it]
Task 4, Epoch 5/10 => Loss -0.243, Train_accy 98.25, Test_accy 67.26:  40%|████      | 4/10 [01:27<01:44, 17.41s/it]
Task 4, Epoch 5/10 => Loss -0.243, Train_accy 98.25, Test_accy 67.26:  50%|█████     | 5/10 [01:27<01:26, 17.38s/it]
Task 4, Epoch 6/10 => Loss -0.268, Train_accy 97.92, Test_accy 67.85:  50%|█████     | 5/10 [01:44<01:26, 17.38s/it]
Task 4, Epoch 6/10 => Loss -0.268, Train_accy 97.92, Test_accy 67.85:  60%|██████    | 6/10 [01:44<01:09, 17.42s/it]
Task 4, Epoch 7/10 => Loss -0.289, Train_accy 98.80, Test_accy 68.94:  60%|██████    | 6/10 [02:01<01:09, 17.42s/it]
Task 4, Epoch 7/10 => Loss -0.289, Train_accy 98.80, Test_accy 68.94:  70%|███████   | 7/10 [02:01<00:52, 17.43s/it]
Task 4, Epoch 8/10 => Loss -0.301, Train_accy 99.12, Test_accy 70.20:  70%|███████   | 7/10 [02:19<00:52, 17.43s/it]
Task 4, Epoch 8/10 => Loss -0.301, Train_accy 99.12, Test_accy 70.20:  80%|████████  | 8/10 [02:19<00:34, 17.45s/it]
Task 4, Epoch 9/10 => Loss -0.313, Train_accy 99.23, Test_accy 70.79:  80%|████████  | 8/10 [02:36<00:34, 17.45s/it]
Task 4, Epoch 9/10 => Loss -0.313, Train_accy 99.23, Test_accy 70.79:  90%|█████████ | 9/10 [02:36<00:17, 17.44s/it]
Task 4, Epoch 10/10 => Loss -0.318, Train_accy 99.02, Test_accy 71.38:  90%|█████████ | 9/10 [02:54<00:17, 17.44s/it]
Task 4, Epoch 10/10 => Loss -0.318, Train_accy 99.02, Test_accy 71.38: 100%|██████████| 10/10 [02:54<00:00, 17.41s/it]
Task 4, Epoch 10/10 => Loss -0.318, Train_accy 99.02, Test_accy 71.38: 100%|██████████| 10/10 [02:54<00:00, 17.42s/it]
2026-02-09 12:31:22,330 [l2p.py] => Task 4, Epoch 10/10 => Loss -0.318, Train_accy 99.02, Test_accy 71.38
2026-02-09 12:31:29,885 [trainer.py] => CNN: {'total': 71.38, '00-09': 83.05, '10-19': 79.07, '20-29': 77.32, '30-39': 71.82, '40-49': 85.05, '50-59': 81.08, '60-69': 49.06, '70-79': 73.05, '80-89': 63.16, '90-99': 54.41, 'old': 75.08, 'new': 58.74, 'harmonic': 65.91}
2026-02-09 12:31:29,886 [trainer.py] => CNN top1 curve: [97.57, 83.04, 80.21, 76.06, 71.38]
2026-02-09 12:31:29,886 [trainer.py] => CNN top5 curve: [100.0, 98.9, 97.77, 96.74, 96.46]
2026-02-09 12:31:29,886 [trainer.py] => Average Accuracy (CNN): 81.652
2026-02-09 12:31:29,886 [l2p.py] => Learning on 100-120

  0%|          | 0/10 [00:00<?, ?it/s]
Task 5, Epoch 1/10 => Loss 0.927, Train_accy 77.73, Test_accy 59.68:   0%|          | 0/10 [00:19<?, ?it/s]
Task 5, Epoch 1/10 => Loss 0.927, Train_accy 77.73, Test_accy 59.68:  10%|█         | 1/10 [00:19<02:51, 19.08s/it]
Task 5, Epoch 2/10 => Loss -0.094, Train_accy 96.95, Test_accy 60.17:  10%|█         | 1/10 [00:38<02:51, 19.08s/it]
Task 5, Epoch 2/10 => Loss -0.094, Train_accy 96.95, Test_accy 60.17:  20%|██        | 2/10 [00:38<02:32, 19.12s/it]
Task 5, Epoch 3/10 => Loss -0.216, Train_accy 98.11, Test_accy 62.29:  20%|██        | 2/10 [00:57<02:32, 19.12s/it]
Task 5, Epoch 3/10 => Loss -0.216, Train_accy 98.11, Test_accy 62.29:  30%|███       | 3/10 [00:57<02:14, 19.17s/it]
Task 5, Epoch 4/10 => Loss -0.268, Train_accy 99.16, Test_accy 63.63:  30%|███       | 3/10 [01:16<02:14, 19.17s/it]
Task 5, Epoch 4/10 => Loss -0.268, Train_accy 99.16, Test_accy 63.63:  40%|████      | 4/10 [01:16<01:55, 19.21s/it]
Task 5, Epoch 5/10 => Loss -0.293, Train_accy 99.26, Test_accy 64.90:  40%|████      | 4/10 [01:35<01:55, 19.21s/it]
Task 5, Epoch 5/10 => Loss -0.293, Train_accy 99.26, Test_accy 64.90:  50%|█████     | 5/10 [01:35<01:36, 19.21s/it]
Task 5, Epoch 6/10 => Loss -0.312, Train_accy 99.68, Test_accy 65.47:  50%|█████     | 5/10 [01:55<01:36, 19.21s/it]
Task 5, Epoch 6/10 => Loss -0.312, Train_accy 99.68, Test_accy 65.47:  60%|██████    | 6/10 [01:55<01:16, 19.23s/it]
Task 5, Epoch 7/10 => Loss -0.324, Train_accy 99.89, Test_accy 66.53:  60%|██████    | 6/10 [02:14<01:16, 19.23s/it]
Task 5, Epoch 7/10 => Loss -0.324, Train_accy 99.89, Test_accy 66.53:  70%|███████   | 7/10 [02:14<00:57, 19.24s/it]
Task 5, Epoch 8/10 => Loss -0.333, Train_accy 99.89, Test_accy 66.88:  70%|███████   | 7/10 [02:33<00:57, 19.24s/it]
Task 5, Epoch 8/10 => Loss -0.333, Train_accy 99.89, Test_accy 66.88:  80%|████████  | 8/10 [02:33<00:38, 19.22s/it]
Task 5, Epoch 9/10 => Loss -0.341, Train_accy 100.00, Test_accy 66.81:  80%|████████  | 8/10 [02:52<00:38, 19.22s/it]
Task 5, Epoch 9/10 => Loss -0.341, Train_accy 100.00, Test_accy 66.81:  90%|█████████ | 9/10 [02:52<00:19, 19.21s/it]
Task 5, Epoch 10/10 => Loss -0.345, Train_accy 100.00, Test_accy 67.16:  90%|█████████ | 9/10 [03:12<00:19, 19.21s/it]
Task 5, Epoch 10/10 => Loss -0.345, Train_accy 100.00, Test_accy 67.16: 100%|██████████| 10/10 [03:12<00:00, 19.24s/it]
Task 5, Epoch 10/10 => Loss -0.345, Train_accy 100.00, Test_accy 67.16: 100%|██████████| 10/10 [03:12<00:00, 19.21s/it]
2026-02-09 12:34:42,047 [l2p.py] => Task 5, Epoch 10/10 => Loss -0.345, Train_accy 100.00, Test_accy 67.16
2026-02-09 12:34:51,014 [trainer.py] => CNN: {'total': 67.16, '00-09': 83.9, '10-19': 77.52, '20-29': 73.2, '30-39': 66.36, '40-49': 86.92, '50-59': 74.77, '60-69': 48.11, '70-79': 72.34, '80-89': 57.89, '90-99': 50.0, '100-109': 69.57, '110-119': 47.79, 'old': 68.77, 'new': 58.77, 'harmonic': 63.38}
2026-02-09 12:34:51,014 [trainer.py] => CNN top1 curve: [97.57, 83.04, 80.21, 76.06, 71.38, 67.16]
2026-02-09 12:34:51,015 [trainer.py] => CNN top5 curve: [100.0, 98.9, 97.77, 96.74, 96.46, 95.27]
2026-02-09 12:34:51,015 [trainer.py] => Average Accuracy (CNN): 79.23666666666666
2026-02-09 12:34:51,015 [l2p.py] => Learning on 120-140

  0%|          | 0/10 [00:00<?, ?it/s]
Task 6, Epoch 1/10 => Loss 1.057, Train_accy 69.50, Test_accy 58.32:   0%|          | 0/10 [00:20<?, ?it/s]
Task 6, Epoch 1/10 => Loss 1.057, Train_accy 69.50, Test_accy 58.32:  10%|█         | 1/10 [00:20<03:06, 20.73s/it]
Task 6, Epoch 2/10 => Loss 0.067, Train_accy 91.09, Test_accy 59.23:  10%|█         | 1/10 [00:41<03:06, 20.73s/it]
Task 6, Epoch 2/10 => Loss 0.067, Train_accy 91.09, Test_accy 59.23:  20%|██        | 2/10 [00:41<02:45, 20.74s/it]
Task 6, Epoch 3/10 => Loss -0.082, Train_accy 92.56, Test_accy 60.02:  20%|██        | 2/10 [01:02<02:45, 20.74s/it]
Task 6, Epoch 3/10 => Loss -0.082, Train_accy 92.56, Test_accy 60.02:  30%|███       | 3/10 [01:02<02:24, 20.71s/it]
Task 6, Epoch 4/10 => Loss -0.156, Train_accy 94.44, Test_accy 61.49:  30%|███       | 3/10 [01:22<02:24, 20.71s/it]
Task 6, Epoch 4/10 => Loss -0.156, Train_accy 94.44, Test_accy 61.49:  40%|████      | 4/10 [01:22<02:03, 20.66s/it]
Task 6, Epoch 5/10 => Loss -0.202, Train_accy 95.70, Test_accy 62.28:  40%|████      | 4/10 [01:43<02:03, 20.66s/it]
Task 6, Epoch 5/10 => Loss -0.202, Train_accy 95.70, Test_accy 62.28:  50%|█████     | 5/10 [01:43<01:43, 20.64s/it]
Task 6, Epoch 6/10 => Loss -0.228, Train_accy 96.75, Test_accy 62.64:  50%|█████     | 5/10 [02:03<01:43, 20.64s/it]
Task 6, Epoch 6/10 => Loss -0.228, Train_accy 96.75, Test_accy 62.64:  60%|██████    | 6/10 [02:03<01:22, 20.61s/it]
Task 6, Epoch 7/10 => Loss -0.255, Train_accy 97.48, Test_accy 63.50:  60%|██████    | 6/10 [02:24<01:22, 20.61s/it]
Task 6, Epoch 7/10 => Loss -0.255, Train_accy 97.48, Test_accy 63.50:  70%|███████   | 7/10 [02:24<01:01, 20.60s/it]
Task 6, Epoch 8/10 => Loss -0.275, Train_accy 98.43, Test_accy 63.92:  70%|███████   | 7/10 [02:45<01:01, 20.60s/it]
Task 6, Epoch 8/10 => Loss -0.275, Train_accy 98.43, Test_accy 63.92:  80%|████████  | 8/10 [02:45<00:41, 20.64s/it]
Task 6, Epoch 9/10 => Loss -0.285, Train_accy 98.85, Test_accy 64.90:  80%|████████  | 8/10 [03:05<00:41, 20.64s/it]
Task 6, Epoch 9/10 => Loss -0.285, Train_accy 98.85, Test_accy 64.90:  90%|█████████ | 9/10 [03:05<00:20, 20.64s/it]
Task 6, Epoch 10/10 => Loss -0.297, Train_accy 98.43, Test_accy 65.08:  90%|█████████ | 9/10 [03:26<00:20, 20.64s/it]
Task 6, Epoch 10/10 => Loss -0.297, Train_accy 98.43, Test_accy 65.08: 100%|██████████| 10/10 [03:26<00:00, 20.62s/it]
Task 6, Epoch 10/10 => Loss -0.297, Train_accy 98.43, Test_accy 65.08: 100%|██████████| 10/10 [03:26<00:00, 20.64s/it]
2026-02-09 12:38:17,448 [l2p.py] => Task 6, Epoch 10/10 => Loss -0.297, Train_accy 98.43, Test_accy 65.08
2026-02-09 12:38:27,740 [trainer.py] => CNN: {'total': 65.08, '00-09': 82.2, '10-19': 75.97, '20-29': 69.07, '30-39': 61.82, '40-49': 86.92, '50-59': 81.08, '60-69': 52.83, '70-79': 72.34, '80-89': 54.14, '90-99': 53.68, '100-109': 67.83, '110-119': 46.9, '120-129': 56.07, '130-139': 51.69, 'old': 66.88, 'new': 53.78, 'harmonic': 59.62}
2026-02-09 12:38:27,741 [trainer.py] => CNN top1 curve: [97.57, 83.04, 80.21, 76.06, 71.38, 67.16, 65.08]
2026-02-09 12:38:27,741 [trainer.py] => CNN top5 curve: [100.0, 98.9, 97.77, 96.74, 96.46, 95.27, 94.33]
2026-02-09 12:38:27,741 [trainer.py] => Average Accuracy (CNN): 77.21428571428571
2026-02-09 12:38:27,741 [l2p.py] => Learning on 140-160

  0%|          | 0/10 [00:00<?, ?it/s]
Task 7, Epoch 1/10 => Loss 1.061, Train_accy 72.83, Test_accy 56.27:   0%|          | 0/10 [00:21<?, ?it/s]
Task 7, Epoch 1/10 => Loss 1.061, Train_accy 72.83, Test_accy 56.27:  10%|█         | 1/10 [00:21<03:15, 21.74s/it]
Task 7, Epoch 2/10 => Loss -0.020, Train_accy 96.30, Test_accy 57.06:  10%|█         | 1/10 [00:43<03:15, 21.74s/it]
Task 7, Epoch 2/10 => Loss -0.020, Train_accy 96.30, Test_accy 57.06:  20%|██        | 2/10 [00:43<02:54, 21.85s/it]
Task 7, Epoch 3/10 => Loss -0.161, Train_accy 97.50, Test_accy 57.54:  20%|██        | 2/10 [01:05<02:54, 21.85s/it]
Task 7, Epoch 3/10 => Loss -0.161, Train_accy 97.50, Test_accy 57.54:  30%|███       | 3/10 [01:05<02:32, 21.85s/it]
Task 7, Epoch 4/10 => Loss -0.222, Train_accy 97.93, Test_accy 58.75:  30%|███       | 3/10 [01:27<02:32, 21.85s/it]
Task 7, Epoch 4/10 => Loss -0.222, Train_accy 97.93, Test_accy 58.75:  40%|████      | 4/10 [01:27<02:11, 21.89s/it]
Task 7, Epoch 5/10 => Loss -0.251, Train_accy 98.70, Test_accy 59.86:  40%|████      | 4/10 [01:49<02:11, 21.89s/it]
Task 7, Epoch 5/10 => Loss -0.251, Train_accy 98.70, Test_accy 59.86:  50%|█████     | 5/10 [01:49<01:49, 21.90s/it]
Task 7, Epoch 6/10 => Loss -0.280, Train_accy 98.91, Test_accy 60.92:  50%|█████     | 5/10 [02:11<01:49, 21.90s/it]
Task 7, Epoch 6/10 => Loss -0.280, Train_accy 98.91, Test_accy 60.92:  60%|██████    | 6/10 [02:11<01:27, 21.85s/it]
Task 7, Epoch 7/10 => Loss -0.296, Train_accy 98.91, Test_accy 61.61:  60%|██████    | 6/10 [02:32<01:27, 21.85s/it]
Task 7, Epoch 7/10 => Loss -0.296, Train_accy 98.91, Test_accy 61.61:  70%|███████   | 7/10 [02:32<01:05, 21.85s/it]
Task 7, Epoch 8/10 => Loss -0.314, Train_accy 99.35, Test_accy 62.24:  70%|███████   | 7/10 [02:54<01:05, 21.85s/it]
Task 7, Epoch 8/10 => Loss -0.314, Train_accy 99.35, Test_accy 62.24:  80%|████████  | 8/10 [02:54<00:43, 21.84s/it]
Task 7, Epoch 9/10 => Loss -0.324, Train_accy 99.78, Test_accy 62.88:  80%|████████  | 8/10 [03:16<00:43, 21.84s/it]
Task 7, Epoch 9/10 => Loss -0.324, Train_accy 99.78, Test_accy 62.88:  90%|█████████ | 9/10 [03:16<00:21, 21.80s/it]
Task 7, Epoch 10/10 => Loss -0.333, Train_accy 99.78, Test_accy 62.82:  90%|█████████ | 9/10 [03:38<00:21, 21.80s/it]
Task 7, Epoch 10/10 => Loss -0.333, Train_accy 99.78, Test_accy 62.82: 100%|██████████| 10/10 [03:38<00:00, 21.80s/it]
Task 7, Epoch 10/10 => Loss -0.333, Train_accy 99.78, Test_accy 62.82: 100%|██████████| 10/10 [03:38<00:00, 21.83s/it]
2026-02-09 12:42:06,055 [l2p.py] => Task 7, Epoch 10/10 => Loss -0.333, Train_accy 99.78, Test_accy 62.82
2026-02-09 12:42:17,902 [trainer.py] => CNN: {'total': 62.82, '00-09': 79.66, '10-19': 78.29, '20-29': 67.01, '30-39': 58.18, '40-49': 85.05, '50-59': 80.18, '60-69': 44.34, '70-79': 66.67, '80-89': 56.39, '90-99': 56.62, '100-109': 63.48, '110-119': 47.79, '120-129': 53.27, '130-139': 53.39, '140-149': 51.59, '150-159': 63.71, 'old': 63.62, 'new': 57.6, 'harmonic': 60.46}
2026-02-09 12:42:17,902 [trainer.py] => CNN top1 curve: [97.57, 83.04, 80.21, 76.06, 71.38, 67.16, 65.08, 62.82]
2026-02-09 12:42:17,902 [trainer.py] => CNN top5 curve: [100.0, 98.9, 97.77, 96.74, 96.46, 95.27, 94.33, 93.34]
2026-02-09 12:42:17,903 [trainer.py] => Average Accuracy (CNN): 75.415
2026-02-09 12:42:17,903 [l2p.py] => Learning on 160-180

  0%|          | 0/10 [00:00<?, ?it/s]
Task 8, Epoch 1/10 => Loss 0.913, Train_accy 75.89, Test_accy 55.50:   0%|          | 0/10 [00:23<?, ?it/s]
Task 8, Epoch 1/10 => Loss 0.913, Train_accy 75.89, Test_accy 55.50:  10%|█         | 1/10 [00:23<03:32, 23.63s/it]
Task 8, Epoch 2/10 => Loss -0.086, Train_accy 95.51, Test_accy 55.78:  10%|█         | 1/10 [00:47<03:32, 23.63s/it]
Task 8, Epoch 2/10 => Loss -0.086, Train_accy 95.51, Test_accy 55.78:  20%|██        | 2/10 [00:47<03:08, 23.58s/it]
Task 8, Epoch 3/10 => Loss -0.209, Train_accy 97.49, Test_accy 55.97:  20%|██        | 2/10 [01:10<03:08, 23.58s/it]
Task 8, Epoch 3/10 => Loss -0.209, Train_accy 97.49, Test_accy 55.97:  30%|███       | 3/10 [01:10<02:45, 23.59s/it]
Task 8, Epoch 4/10 => Loss -0.257, Train_accy 97.81, Test_accy 57.14:  30%|███       | 3/10 [01:34<02:45, 23.59s/it]
Task 8, Epoch 4/10 => Loss -0.257, Train_accy 97.81, Test_accy 57.14:  40%|████      | 4/10 [01:34<02:21, 23.62s/it]
Task 8, Epoch 5/10 => Loss -0.291, Train_accy 99.16, Test_accy 57.75:  40%|████      | 4/10 [01:58<02:21, 23.62s/it]
Task 8, Epoch 5/10 => Loss -0.291, Train_accy 99.16, Test_accy 57.75:  50%|█████     | 5/10 [01:58<01:58, 23.64s/it]
Task 8, Epoch 6/10 => Loss -0.311, Train_accy 99.37, Test_accy 58.36:  50%|█████     | 5/10 [02:21<01:58, 23.64s/it]
Task 8, Epoch 6/10 => Loss -0.311, Train_accy 99.37, Test_accy 58.36:  60%|██████    | 6/10 [02:21<01:34, 23.62s/it]
Task 8, Epoch 7/10 => Loss -0.325, Train_accy 99.58, Test_accy 58.93:  60%|██████    | 6/10 [02:45<01:34, 23.62s/it]
Task 8, Epoch 7/10 => Loss -0.325, Train_accy 99.58, Test_accy 58.93:  70%|███████   | 7/10 [02:45<01:10, 23.65s/it]
Task 8, Epoch 8/10 => Loss -0.337, Train_accy 99.90, Test_accy 59.45:  70%|███████   | 7/10 [03:09<01:10, 23.65s/it]
Task 8, Epoch 8/10 => Loss -0.337, Train_accy 99.90, Test_accy 59.45:  80%|████████  | 8/10 [03:09<00:47, 23.64s/it]
Task 8, Epoch 9/10 => Loss -0.345, Train_accy 99.90, Test_accy 59.63:  80%|████████  | 8/10 [03:32<00:47, 23.64s/it]
Task 8, Epoch 9/10 => Loss -0.345, Train_accy 99.90, Test_accy 59.63:  90%|█████████ | 9/10 [03:32<00:23, 23.62s/it]
Task 8, Epoch 10/10 => Loss -0.351, Train_accy 99.90, Test_accy 60.20:  90%|█████████ | 9/10 [03:56<00:23, 23.62s/it]
Task 8, Epoch 10/10 => Loss -0.351, Train_accy 99.90, Test_accy 60.20: 100%|██████████| 10/10 [03:56<00:00, 23.60s/it]
Task 8, Epoch 10/10 => Loss -0.351, Train_accy 99.90, Test_accy 60.20: 100%|██████████| 10/10 [03:56<00:00, 23.62s/it]
2026-02-09 12:46:14,073 [l2p.py] => Task 8, Epoch 10/10 => Loss -0.351, Train_accy 99.90, Test_accy 60.20
2026-02-09 12:46:27,302 [trainer.py] => CNN: {'total': 60.2, '00-09': 79.66, '10-19': 75.19, '20-29': 65.98, '30-39': 64.55, '40-49': 83.18, '50-59': 81.08, '60-69': 46.23, '70-79': 66.67, '80-89': 53.38, '90-99': 56.62, '100-109': 61.74, '110-119': 41.59, '120-129': 48.6, '130-139': 47.46, '140-149': 49.21, '150-159': 57.26, '160-169': 58.21, '170-179': 46.6, 'old': 61.08, 'new': 53.16, 'harmonic': 56.85}
2026-02-09 12:46:27,303 [trainer.py] => CNN top1 curve: [97.57, 83.04, 80.21, 76.06, 71.38, 67.16, 65.08, 62.82, 60.2]
2026-02-09 12:46:27,303 [trainer.py] => CNN top5 curve: [100.0, 98.9, 97.77, 96.74, 96.46, 95.27, 94.33, 93.34, 92.43]
2026-02-09 12:46:27,303 [trainer.py] => Average Accuracy (CNN): 73.72444444444446
2026-02-09 12:46:27,303 [l2p.py] => Learning on 180-200

  0%|          | 0/10 [00:00<?, ?it/s]
Task 9, Epoch 1/10 => Loss 0.936, Train_accy 76.26, Test_accy 53.73:   0%|          | 0/10 [00:24<?, ?it/s]
Task 9, Epoch 1/10 => Loss 0.936, Train_accy 76.26, Test_accy 53.73:  10%|█         | 1/10 [00:24<03:43, 24.88s/it]
Task 9, Epoch 2/10 => Loss -0.034, Train_accy 94.96, Test_accy 53.94:  10%|█         | 1/10 [00:49<03:43, 24.88s/it]
Task 9, Epoch 2/10 => Loss -0.034, Train_accy 94.96, Test_accy 53.94:  20%|██        | 2/10 [00:49<03:19, 24.91s/it]
Task 9, Epoch 3/10 => Loss -0.154, Train_accy 96.74, Test_accy 54.28:  20%|██        | 2/10 [01:14<03:19, 24.91s/it]
Task 9, Epoch 3/10 => Loss -0.154, Train_accy 96.74, Test_accy 54.28:  30%|███       | 3/10 [01:14<02:54, 24.92s/it]
Task 9, Epoch 4/10 => Loss -0.215, Train_accy 97.69, Test_accy 54.71:  30%|███       | 3/10 [01:39<02:54, 24.92s/it]
Task 9, Epoch 4/10 => Loss -0.215, Train_accy 97.69, Test_accy 54.71:  40%|████      | 4/10 [01:39<02:29, 24.92s/it]
Task 9, Epoch 5/10 => Loss -0.250, Train_accy 98.11, Test_accy 55.77:  40%|████      | 4/10 [02:04<02:29, 24.92s/it]
Task 9, Epoch 5/10 => Loss -0.250, Train_accy 98.11, Test_accy 55.77:  50%|█████     | 5/10 [02:04<02:04, 24.92s/it]
Task 9, Epoch 6/10 => Loss -0.276, Train_accy 98.63, Test_accy 55.77:  50%|█████     | 5/10 [02:29<02:04, 24.92s/it]
Task 9, Epoch 6/10 => Loss -0.276, Train_accy 98.63, Test_accy 55.77:  60%|██████    | 6/10 [02:29<01:39, 24.93s/it]
Task 9, Epoch 7/10 => Loss -0.297, Train_accy 99.16, Test_accy 56.36:  60%|██████    | 6/10 [02:54<01:39, 24.93s/it]
Task 9, Epoch 7/10 => Loss -0.297, Train_accy 99.16, Test_accy 56.36:  70%|███████   | 7/10 [02:54<01:14, 24.93s/it]
Task 9, Epoch 8/10 => Loss -0.310, Train_accy 99.58, Test_accy 56.53:  70%|███████   | 7/10 [03:19<01:14, 24.93s/it]
Task 9, Epoch 8/10 => Loss -0.310, Train_accy 99.58, Test_accy 56.53:  80%|████████  | 8/10 [03:19<00:49, 24.94s/it]
Task 9, Epoch 9/10 => Loss -0.322, Train_accy 99.47, Test_accy 57.63:  80%|████████  | 8/10 [03:44<00:49, 24.94s/it]
Task 9, Epoch 9/10 => Loss -0.322, Train_accy 99.47, Test_accy 57.63:  90%|█████████ | 9/10 [03:44<00:24, 24.94s/it]
Task 9, Epoch 10/10 => Loss -0.331, Train_accy 99.79, Test_accy 57.68:  90%|█████████ | 9/10 [04:09<00:24, 24.94s/it]
Task 9, Epoch 10/10 => Loss -0.331, Train_accy 99.79, Test_accy 57.68: 100%|██████████| 10/10 [04:09<00:00, 24.95s/it]
Task 9, Epoch 10/10 => Loss -0.331, Train_accy 99.79, Test_accy 57.68: 100%|██████████| 10/10 [04:09<00:00, 24.93s/it]
2026-02-09 12:50:36,641 [l2p.py] => Task 9, Epoch 10/10 => Loss -0.331, Train_accy 99.79, Test_accy 57.68
2026-02-09 12:50:51,405 [trainer.py] => CNN: {'total': 57.68, '00-09': 79.66, '10-19': 72.87, '20-29': 64.95, '30-39': 61.82, '40-49': 82.24, '50-59': 81.08, '60-69': 46.23, '70-79': 74.47, '80-89': 49.62, '90-99': 55.15, '100-109': 59.13, '110-119': 46.02, '120-129': 43.93, '130-139': 47.46, '140-149': 48.41, '150-159': 56.45, '160-169': 47.01, '170-179': 37.86, '180-189': 43.94, '190-199': 55.1, 'old': 58.65, 'new': 48.7, 'harmonic': 53.21}
2026-02-09 12:50:51,406 [trainer.py] => CNN top1 curve: [97.57, 83.04, 80.21, 76.06, 71.38, 67.16, 65.08, 62.82, 60.2, 57.68]
2026-02-09 12:50:51,406 [trainer.py] => CNN top5 curve: [100.0, 98.9, 97.77, 96.74, 96.46, 95.27, 94.33, 93.34, 92.43, 91.73]
2026-02-09 12:50:51,406 [trainer.py] => Average Accuracy (CNN): 72.12

========================================
Finished cub_init20_inc20
Backbone: OpenCLIP_LAION400M
Average Accuracy (Top1): 72.12
Last Accuracy: 57.68
========================================

2026-02-09 17:02:12,085 [trainer.py] => config: ./configs/l2p/l2p_cub_B100_Inc20.json
2026-02-09 17:02:12,085 [trainer.py] => prefix:  
2026-02-09 17:02:12,085 [trainer.py] => dataset: cub
2026-02-09 17:02:12,085 [trainer.py] => memory_size: 0
2026-02-09 17:02:12,085 [trainer.py] => memory_per_class: 0
2026-02-09 17:02:12,085 [trainer.py] => fixed_memory: False
2026-02-09 17:02:12,085 [trainer.py] => shuffle: True
2026-02-09 17:02:12,085 [trainer.py] => init_cls: 100
2026-02-09 17:02:12,085 [trainer.py] => increment: 20
2026-02-09 17:02:12,085 [trainer.py] => model_name: l2p
2026-02-09 17:02:12,085 [trainer.py] => backbone_type: clip
2026-02-09 17:02:12,085 [trainer.py] => get_original_backbone: True
2026-02-09 17:02:12,085 [trainer.py] => device: [device(type='cuda', index=7)]
2026-02-09 17:02:12,085 [trainer.py] => seed: 1993
2026-02-09 17:02:12,085 [trainer.py] => tuned_epoch: 10
2026-02-09 17:02:12,085 [trainer.py] => init_lr: 0.001875
2026-02-09 17:02:12,085 [trainer.py] => batch_size: 16
2026-02-09 17:02:12,085 [trainer.py] => weight_decay: 0
2026-02-09 17:02:12,085 [trainer.py] => min_lr: 1e-05
2026-02-09 17:02:12,085 [trainer.py] => optimizer: adam
2026-02-09 17:02:12,085 [trainer.py] => scheduler: constant
2026-02-09 17:02:12,085 [trainer.py] => reinit_optimizer: True
2026-02-09 17:02:12,085 [trainer.py] => global_pool: token
2026-02-09 17:02:12,085 [trainer.py] => head_type: prompt
2026-02-09 17:02:12,085 [trainer.py] => freeze: ['blocks', 'patch_embed', 'cls_token', 'norm', 'pos_embed']
2026-02-09 17:02:12,085 [trainer.py] => pretrained: True
2026-02-09 17:02:12,085 [trainer.py] => drop: 0.0
2026-02-09 17:02:12,086 [trainer.py] => drop_path: 0.0
2026-02-09 17:02:12,086 [trainer.py] => prompt_pool: True
2026-02-09 17:02:12,086 [trainer.py] => size: 10
2026-02-09 17:02:12,086 [trainer.py] => length: 5
2026-02-09 17:02:12,086 [trainer.py] => top_k: 5
2026-02-09 17:02:12,086 [trainer.py] => initializer: uniform
2026-02-09 17:02:12,086 [trainer.py] => prompt_key: True
2026-02-09 17:02:12,086 [trainer.py] => prompt_key_init: uniform
2026-02-09 17:02:12,086 [trainer.py] => use_prompt_mask: False
2026-02-09 17:02:12,086 [trainer.py] => shared_prompt_pool: False
2026-02-09 17:02:12,086 [trainer.py] => shared_prompt_key: False
2026-02-09 17:02:12,086 [trainer.py] => batchwise_prompt: True
2026-02-09 17:02:12,086 [trainer.py] => embedding_key: cls
2026-02-09 17:02:12,086 [trainer.py] => predefined_key: 
2026-02-09 17:02:12,086 [trainer.py] => pull_constraint: True
2026-02-09 17:02:12,086 [trainer.py] => pull_constraint_coeff: 0.1
2026-02-09 17:02:12,086 [trainer.py] => nb_classes: 200
2026-02-09 17:02:12,086 [trainer.py] => total_class_num: 200
['Black footed Albatross', 'Laysan Albatross', 'Sooty Albatross', 'Groove billed Ani', 'Crested Auklet', 'Least Auklet', 'Parakeet Auklet', 'Rhinoceros Auklet', 'Brewer Blackbird', 'Red winged Blackbird', 'Rusty Blackbird', 'Yellow headed Blackbird', 'Bobolink', 'Indigo Bunting', 'Lazuli Bunting', 'Painted Bunting', 'Cardinal', 'Spotted Catbird', 'Gray Catbird', 'Yellow breasted Chat', 'Eastern Towhee', 'Chuck will Widow', 'Brandt Cormorant', 'Red faced Cormorant', 'Pelagic Cormorant', 'Bronzed Cowbird', 'Shiny Cowbird', 'Brown Creeper', 'American Crow', 'Fish Crow', 'Black billed Cuckoo', 'Mangrove Cuckoo', 'Yellow billed Cuckoo', 'Gray crowned Rosy Finch', 'Purple Finch', 'Northern Flicker', 'Acadian Flycatcher', 'Great Crested Flycatcher', 'Least Flycatcher', 'Olive sided Flycatcher', 'Scissor tailed Flycatcher', 'Vermilion Flycatcher', 'Yellow bellied Flycatcher', 'Frigatebird', 'Northern Fulmar', 'Gadwall', 'American Goldfinch', 'European Goldfinch', 'Boat tailed Grackle', 'Eared Grebe', 'Horned Grebe', 'Pied billed Grebe', 'Western Grebe', 'Blue Grosbeak', 'Evening Grosbeak', 'Pine Grosbeak', 'Rose breasted Grosbeak', 'Pigeon Guillemot', 'California Gull', 'Glaucous winged Gull', 'Heermann Gull', 'Herring Gull', 'Ivory Gull', 'Ring billed Gull', 'Slaty backed Gull', 'Western Gull', 'Anna Hummingbird', 'Ruby throated Hummingbird', 'Rufous Hummingbird', 'Green Violetear', 'Long tailed Jaeger', 'Pomarine Jaeger', 'Blue Jay', 'Florida Jay', 'Green Jay', 'Dark eyed Junco', 'Tropical Kingbird', 'Gray Kingbird', 'Belted Kingfisher', 'Green Kingfisher', 'Pied Kingfisher', 'Ringed Kingfisher', 'White breasted Kingfisher', 'Red legged Kittiwake', 'Horned Lark', 'Pacific Loon', 'Mallard', 'Western Meadowlark', 'Hooded Merganser', 'Red breasted Merganser', 'Mockingbird', 'Nighthawk', 'Clark Nutcracker', 'White breasted Nuthatch', 'Baltimore Oriole', 'Hooded Oriole', 'Orchard Oriole', 'Scott Oriole', 'Ovenbird', 'Brown Pelican', 'White Pelican', 'Western Wood Pewee', 'Sayornis', 'American Pipit', 'Whip poor Will', 'Horned Puffin', 'Common Raven', 'White necked Raven', 'American Redstart', 'Geococcyx', 'Loggerhead Shrike', 'Great Grey Shrike', 'Baird Sparrow', 'Black throated Sparrow', 'Brewer Sparrow', 'Chipping Sparrow', 'Clay colored Sparrow', 'House Sparrow', 'Field Sparrow', 'Fox Sparrow', 'Grasshopper Sparrow', 'Harris Sparrow', 'Henslow Sparrow', 'Le Conte Sparrow', 'Lincoln Sparrow', 'Nelson Sharp tailed Sparrow', 'Savannah Sparrow', 'Seaside Sparrow', 'Song Sparrow', 'Tree Sparrow', 'Vesper Sparrow', 'White crowned Sparrow', 'White throated Sparrow', 'Cape Glossy Starling', 'Bank Swallow', 'Barn Swallow', 'Cliff Swallow', 'Tree Swallow', 'Scarlet Tanager', 'Summer Tanager', 'Artic Tern', 'Black Tern', 'Caspian Tern', 'Common Tern', 'Elegant Tern', 'Forsters Tern', 'Least Tern', 'Green tailed Towhee', 'Brown Thrasher', 'Sage Thrasher', 'Black capped Vireo', 'Blue headed Vireo', 'Philadelphia Vireo', 'Red eyed Vireo', 'Warbling Vireo', 'White eyed Vireo', 'Yellow throated Vireo', 'Bay breasted Warbler', 'Black and white Warbler', 'Black throated Blue Warbler', 'Blue winged Warbler', 'Canada Warbler', 'Cape May Warbler', 'Cerulean Warbler', 'Chestnut sided Warbler', 'Golden winged Warbler', 'Hooded Warbler', 'Kentucky Warbler', 'Magnolia Warbler', 'Mourning Warbler', 'Myrtle Warbler', 'Nashville Warbler', 'Orange crowned Warbler', 'Palm Warbler', 'Pine Warbler', 'Prairie Warbler', 'Prothonotary Warbler', 'Swainson Warbler', 'Tennessee Warbler', 'Wilson Warbler', 'Worm eating Warbler', 'Yellow Warbler', 'Northern Waterthrush', 'Louisiana Waterthrush', 'Bohemian Waxwing', 'Cedar Waxwing', 'American Three toed Woodpecker', 'Pileated Woodpecker', 'Red bellied Woodpecker', 'Red cockaded Woodpecker', 'Red headed Woodpecker', 'Downy Woodpecker', 'Bewick Wren', 'Cactus Wren', 'Carolina Wren', 'House Wren', 'Marsh Wren', 'Rock Wren', 'Winter Wren', 'Common Yellowthroat']
['a photo of a {}, a type of bird.']
{'001.Black_footed_Albatross': 0, '002.Laysan_Albatross': 1, '003.Sooty_Albatross': 2, '004.Groove_billed_Ani': 3, '005.Crested_Auklet': 4, '006.Least_Auklet': 5, '007.Parakeet_Auklet': 6, '008.Rhinoceros_Auklet': 7, '009.Brewer_Blackbird': 8, '010.Red_winged_Blackbird': 9, '011.Rusty_Blackbird': 10, '012.Yellow_headed_Blackbird': 11, '013.Bobolink': 12, '014.Indigo_Bunting': 13, '015.Lazuli_Bunting': 14, '016.Painted_Bunting': 15, '017.Cardinal': 16, '018.Spotted_Catbird': 17, '019.Gray_Catbird': 18, '020.Yellow_breasted_Chat': 19, '021.Eastern_Towhee': 20, '022.Chuck_will_Widow': 21, '023.Brandt_Cormorant': 22, '024.Red_faced_Cormorant': 23, '025.Pelagic_Cormorant': 24, '026.Bronzed_Cowbird': 25, '027.Shiny_Cowbird': 26, '028.Brown_Creeper': 27, '029.American_Crow': 28, '030.Fish_Crow': 29, '031.Black_billed_Cuckoo': 30, '032.Mangrove_Cuckoo': 31, '033.Yellow_billed_Cuckoo': 32, '034.Gray_crowned_Rosy_Finch': 33, '035.Purple_Finch': 34, '036.Northern_Flicker': 35, '037.Acadian_Flycatcher': 36, '038.Great_Crested_Flycatcher': 37, '039.Least_Flycatcher': 38, '040.Olive_sided_Flycatcher': 39, '041.Scissor_tailed_Flycatcher': 40, '042.Vermilion_Flycatcher': 41, '043.Yellow_bellied_Flycatcher': 42, '044.Frigatebird': 43, '045.Northern_Fulmar': 44, '046.Gadwall': 45, '047.American_Goldfinch': 46, '048.European_Goldfinch': 47, '049.Boat_tailed_Grackle': 48, '050.Eared_Grebe': 49, '051.Horned_Grebe': 50, '052.Pied_billed_Grebe': 51, '053.Western_Grebe': 52, '054.Blue_Grosbeak': 53, '055.Evening_Grosbeak': 54, '056.Pine_Grosbeak': 55, '057.Rose_breasted_Grosbeak': 56, '058.Pigeon_Guillemot': 57, '059.California_Gull': 58, '060.Glaucous_winged_Gull': 59, '061.Heermann_Gull': 60, '062.Herring_Gull': 61, '063.Ivory_Gull': 62, '064.Ring_billed_Gull': 63, '065.Slaty_backed_Gull': 64, '066.Western_Gull': 65, '067.Anna_Hummingbird': 66, '068.Ruby_throated_Hummingbird': 67, '069.Rufous_Hummingbird': 68, '070.Green_Violetear': 69, '071.Long_tailed_Jaeger': 70, '072.Pomarine_Jaeger': 71, '073.Blue_Jay': 72, '074.Florida_Jay': 73, '075.Green_Jay': 74, '076.Dark_eyed_Junco': 75, '077.Tropical_Kingbird': 76, '078.Gray_Kingbird': 77, '079.Belted_Kingfisher': 78, '080.Green_Kingfisher': 79, '081.Pied_Kingfisher': 80, '082.Ringed_Kingfisher': 81, '083.White_breasted_Kingfisher': 82, '084.Red_legged_Kittiwake': 83, '085.Horned_Lark': 84, '086.Pacific_Loon': 85, '087.Mallard': 86, '088.Western_Meadowlark': 87, '089.Hooded_Merganser': 88, '090.Red_breasted_Merganser': 89, '091.Mockingbird': 90, '092.Nighthawk': 91, '093.Clark_Nutcracker': 92, '094.White_breasted_Nuthatch': 93, '095.Baltimore_Oriole': 94, '096.Hooded_Oriole': 95, '097.Orchard_Oriole': 96, '098.Scott_Oriole': 97, '099.Ovenbird': 98, '100.Brown_Pelican': 99, '101.White_Pelican': 100, '102.Western_Wood_Pewee': 101, '103.Sayornis': 102, '104.American_Pipit': 103, '105.Whip_poor_Will': 104, '106.Horned_Puffin': 105, '107.Common_Raven': 106, '108.White_necked_Raven': 107, '109.American_Redstart': 108, '110.Geococcyx': 109, '111.Loggerhead_Shrike': 110, '112.Great_Grey_Shrike': 111, '113.Baird_Sparrow': 112, '114.Black_throated_Sparrow': 113, '115.Brewer_Sparrow': 114, '116.Chipping_Sparrow': 115, '117.Clay_colored_Sparrow': 116, '118.House_Sparrow': 117, '119.Field_Sparrow': 118, '120.Fox_Sparrow': 119, '121.Grasshopper_Sparrow': 120, '122.Harris_Sparrow': 121, '123.Henslow_Sparrow': 122, '124.Le_Conte_Sparrow': 123, '125.Lincoln_Sparrow': 124, '126.Nelson_Sharp_tailed_Sparrow': 125, '127.Savannah_Sparrow': 126, '128.Seaside_Sparrow': 127, '129.Song_Sparrow': 128, '130.Tree_Sparrow': 129, '131.Vesper_Sparrow': 130, '132.White_crowned_Sparrow': 131, '133.White_throated_Sparrow': 132, '134.Cape_Glossy_Starling': 133, '135.Bank_Swallow': 134, '136.Barn_Swallow': 135, '137.Cliff_Swallow': 136, '138.Tree_Swallow': 137, '139.Scarlet_Tanager': 138, '140.Summer_Tanager': 139, '141.Artic_Tern': 140, '142.Black_Tern': 141, '143.Caspian_Tern': 142, '144.Common_Tern': 143, '145.Elegant_Tern': 144, '146.Forsters_Tern': 145, '147.Least_Tern': 146, '148.Green_tailed_Towhee': 147, '149.Brown_Thrasher': 148, '150.Sage_Thrasher': 149, '151.Black_capped_Vireo': 150, '152.Blue_headed_Vireo': 151, '153.Philadelphia_Vireo': 152, '154.Red_eyed_Vireo': 153, '155.Warbling_Vireo': 154, '156.White_eyed_Vireo': 155, '157.Yellow_throated_Vireo': 156, '158.Bay_breasted_Warbler': 157, '159.Black_and_white_Warbler': 158, '160.Black_throated_Blue_Warbler': 159, '161.Blue_winged_Warbler': 160, '162.Canada_Warbler': 161, '163.Cape_May_Warbler': 162, '164.Cerulean_Warbler': 163, '165.Chestnut_sided_Warbler': 164, '166.Golden_winged_Warbler': 165, '167.Hooded_Warbler': 166, '168.Kentucky_Warbler': 167, '169.Magnolia_Warbler': 168, '170.Mourning_Warbler': 169, '171.Myrtle_Warbler': 170, '172.Nashville_Warbler': 171, '173.Orange_crowned_Warbler': 172, '174.Palm_Warbler': 173, '175.Pine_Warbler': 174, '176.Prairie_Warbler': 175, '177.Prothonotary_Warbler': 176, '178.Swainson_Warbler': 177, '179.Tennessee_Warbler': 178, '180.Wilson_Warbler': 179, '181.Worm_eating_Warbler': 180, '182.Yellow_Warbler': 181, '183.Northern_Waterthrush': 182, '184.Louisiana_Waterthrush': 183, '185.Bohemian_Waxwing': 184, '186.Cedar_Waxwing': 185, '187.American_Three_toed_Woodpecker': 186, '188.Pileated_Woodpecker': 187, '189.Red_bellied_Woodpecker': 188, '190.Red_cockaded_Woodpecker': 189, '191.Red_headed_Woodpecker': 190, '192.Downy_Woodpecker': 191, '193.Bewick_Wren': 192, '194.Cactus_Wren': 193, '195.Carolina_Wren': 194, '196.House_Wren': 195, '197.Marsh_Wren': 196, '198.Rock_Wren': 197, '199.Winter_Wren': 198, '200.Common_Yellowthroat': 199}
2026-02-09 17:02:12,190 [data_manager.py] => [168, 136, 51, 9, 183, 101, 171, 99, 42, 159, 191, 70, 16, 188, 27, 10, 175, 26, 68, 187, 98, 6, 85, 35, 112, 43, 100, 0, 103, 181, 88, 59, 4, 2, 116, 174, 94, 80, 106, 1, 147, 17, 141, 131, 72, 23, 173, 54, 197, 118, 87, 32, 79, 104, 91, 19, 135, 107, 178, 36, 11, 199, 142, 8, 122, 3, 28, 57, 153, 172, 190, 56, 49, 44, 97, 62, 151, 169, 194, 55, 192, 12, 189, 78, 66, 180, 15, 137, 109, 134, 92, 119, 126, 52, 170, 40, 148, 65, 144, 64, 138, 45, 77, 89, 154, 90, 71, 193, 74, 30, 113, 143, 96, 84, 67, 50, 186, 156, 69, 21, 18, 111, 108, 58, 125, 157, 150, 110, 182, 129, 166, 83, 81, 60, 13, 165, 14, 176, 63, 117, 5, 22, 145, 121, 38, 41, 82, 127, 114, 20, 31, 53, 37, 163, 196, 130, 152, 162, 86, 76, 24, 34, 184, 149, 33, 128, 198, 155, 146, 167, 139, 120, 140, 102, 47, 25, 158, 123, 46, 164, 61, 7, 115, 75, 133, 160, 105, 132, 179, 124, 48, 73, 93, 39, 95, 195, 29, 177, 185, 161]
After shuffle, class_to_label is:  ['Magnolia Warbler', 'Cliff Swallow', 'Pied billed Grebe', 'Red winged Blackbird', 'Louisiana Waterthrush', 'Western Wood Pewee', 'Nashville Warbler', 'Brown Pelican', 'Yellow bellied Flycatcher', 'Black throated Blue Warbler', 'Downy Woodpecker', 'Long tailed Jaeger', 'Cardinal', 'Red bellied Woodpecker', 'Brown Creeper', 'Rusty Blackbird', 'Prairie Warbler', 'Shiny Cowbird', 'Rufous Hummingbird', 'Pileated Woodpecker', 'Ovenbird', 'Parakeet Auklet', 'Pacific Loon', 'Northern Flicker', 'Baird Sparrow', 'Frigatebird', 'White Pelican', 'Black footed Albatross', 'American Pipit', 'Yellow Warbler', 'Hooded Merganser', 'Glaucous winged Gull', 'Crested Auklet', 'Sooty Albatross', 'Clay colored Sparrow', 'Pine Warbler', 'Baltimore Oriole', 'Pied Kingfisher', 'Common Raven', 'Laysan Albatross', 'Green tailed Towhee', 'Spotted Catbird', 'Black Tern', 'White crowned Sparrow', 'Blue Jay', 'Red faced Cormorant', 'Palm Warbler', 'Evening Grosbeak', 'Rock Wren', 'Field Sparrow', 'Western Meadowlark', 'Yellow billed Cuckoo', 'Green Kingfisher', 'Whip poor Will', 'Nighthawk', 'Yellow breasted Chat', 'Barn Swallow', 'White necked Raven', 'Tennessee Warbler', 'Acadian Flycatcher', 'Yellow headed Blackbird', 'Common Yellowthroat', 'Caspian Tern', 'Brewer Blackbird', 'Henslow Sparrow', 'Groove billed Ani', 'American Crow', 'Pigeon Guillemot', 'Red eyed Vireo', 'Orange crowned Warbler', 'Red headed Woodpecker', 'Rose breasted Grosbeak', 'Eared Grebe', 'Northern Fulmar', 'Scott Oriole', 'Ivory Gull', 'Blue headed Vireo', 'Mourning Warbler', 'Carolina Wren', 'Pine Grosbeak', 'Bewick Wren', 'Bobolink', 'Red cockaded Woodpecker', 'Belted Kingfisher', 'Anna Hummingbird', 'Worm eating Warbler', 'Painted Bunting', 'Tree Swallow', 'Geococcyx', 'Bank Swallow', 'Clark Nutcracker', 'Fox Sparrow', 'Savannah Sparrow', 'Western Grebe', 'Myrtle Warbler', 'Scissor tailed Flycatcher', 'Brown Thrasher', 'Western Gull', 'Elegant Tern', 'Slaty backed Gull', 'Scarlet Tanager', 'Gadwall', 'Gray Kingbird', 'Red breasted Merganser', 'Warbling Vireo', 'Mockingbird', 'Pomarine Jaeger', 'Cactus Wren', 'Green Jay', 'Black billed Cuckoo', 'Black throated Sparrow', 'Common Tern', 'Orchard Oriole', 'Horned Lark', 'Ruby throated Hummingbird', 'Horned Grebe', 'American Three toed Woodpecker', 'Yellow throated Vireo', 'Green Violetear', 'Chuck will Widow', 'Gray Catbird', 'Great Grey Shrike', 'American Redstart', 'California Gull', 'Nelson Sharp tailed Sparrow', 'Bay breasted Warbler', 'Black capped Vireo', 'Loggerhead Shrike', 'Northern Waterthrush', 'Tree Sparrow', 'Hooded Warbler', 'Red legged Kittiwake', 'Ringed Kingfisher', 'Heermann Gull', 'Indigo Bunting', 'Golden winged Warbler', 'Lazuli Bunting', 'Prothonotary Warbler', 'Ring billed Gull', 'House Sparrow', 'Least Auklet', 'Brandt Cormorant', 'Forsters Tern', 'Harris Sparrow', 'Least Flycatcher', 'Vermilion Flycatcher', 'White breasted Kingfisher', 'Seaside Sparrow', 'Brewer Sparrow', 'Eastern Towhee', 'Mangrove Cuckoo', 'Blue Grosbeak', 'Great Crested Flycatcher', 'Cerulean Warbler', 'Marsh Wren', 'Vesper Sparrow', 'Philadelphia Vireo', 'Cape May Warbler', 'Mallard', 'Tropical Kingbird', 'Pelagic Cormorant', 'Purple Finch', 'Bohemian Waxwing', 'Sage Thrasher', 'Gray crowned Rosy Finch', 'Song Sparrow', 'Winter Wren', 'White eyed Vireo', 'Least Tern', 'Kentucky Warbler', 'Summer Tanager', 'Grasshopper Sparrow', 'Artic Tern', 'Sayornis', 'European Goldfinch', 'Bronzed Cowbird', 'Black and white Warbler', 'Le Conte Sparrow', 'American Goldfinch', 'Chestnut sided Warbler', 'Herring Gull', 'Rhinoceros Auklet', 'Chipping Sparrow', 'Dark eyed Junco', 'Cape Glossy Starling', 'Blue winged Warbler', 'Horned Puffin', 'White throated Sparrow', 'Wilson Warbler', 'Lincoln Sparrow', 'Boat tailed Grackle', 'Florida Jay', 'White breasted Nuthatch', 'Olive sided Flycatcher', 'Hooded Oriole', 'House Wren', 'Fish Crow', 'Swainson Warbler', 'Cedar Waxwing', 'Canada Warbler']
Training class stages: [100, 20, 20, 20, 20, 20]
Using CLIP model as the backbone
2026-02-09 17:02:13,352 [instantiator.py] => Created a temporary directory at /tmp/tmpxzcfgd5q
2026-02-09 17:02:13,352 [instantiator.py] => Writing /tmp/tmpxzcfgd5q/_remote_module_non_scriptable.py
2026-02-09 17:02:13,485 [factory.py] => Loaded ViT-B-16 model config.
2026-02-09 17:02:14,968 [factory.py] => Loading pretrained ViT-B-16 weights (/home/team/zhaohongwei/pretrained_models/open_clip_pytorch_model_laion400m_e32.bin).
/home/team/zhaohongwei/anaconda3/envs/mmcl/lib/python3.10/site-packages/torch/_utils.py:776: UserWarning: TypedStorage is deprecated. It will be removed in the future and UntypedStorage will be the only storage class. This should only matter to you if you are using storages directly.  To access UntypedStorage directly, use tensor.untyped_storage() instead of tensor.storage()
  return self.fget.__get__(instance, owner)()
2026-02-09 17:02:15,975 [l2p.py] => 86,509,256 model total parameters.
2026-02-09 17:02:15,975 [l2p.py] => 146,120 model training parameters.
2026-02-09 17:02:15,975 [l2p.py] => prompt.prompt: 38400
2026-02-09 17:02:15,975 [l2p.py] => prompt.prompt_key: 5120
2026-02-09 17:02:15,976 [l2p.py] => head.weight: 102400
2026-02-09 17:02:15,976 [l2p.py] => head.bias: 200
2026-02-09 17:02:15,976 [l2p.py] => Learning on 0-100

  0%|          | 0/10 [00:00<?, ?it/s]
Task 0, Epoch 1/10 => Loss 2.114, Train_accy 57.14, Test_accy 80.81:   0%|          | 0/10 [00:56<?, ?it/s]
Task 0, Epoch 1/10 => Loss 2.114, Train_accy 57.14, Test_accy 80.81:  10%|█         | 1/10 [00:56<08:28, 56.47s/it]
Task 0, Epoch 2/10 => Loss 0.364, Train_accy 87.18, Test_accy 83.50:  10%|█         | 1/10 [01:52<08:28, 56.47s/it]
Task 0, Epoch 2/10 => Loss 0.364, Train_accy 87.18, Test_accy 83.50:  20%|██        | 2/10 [01:52<07:30, 56.34s/it]
Task 0, Epoch 3/10 => Loss 0.049, Train_accy 91.01, Test_accy 86.45:  20%|██        | 2/10 [02:49<07:30, 56.34s/it]
Task 0, Epoch 3/10 => Loss 0.049, Train_accy 91.01, Test_accy 86.45:  30%|███       | 3/10 [02:49<06:35, 56.45s/it]
Task 0, Epoch 4/10 => Loss -0.071, Train_accy 93.46, Test_accy 84.85:  30%|███       | 3/10 [03:45<06:35, 56.45s/it]
Task 0, Epoch 4/10 => Loss -0.071, Train_accy 93.46, Test_accy 84.85:  40%|████      | 4/10 [03:45<05:38, 56.48s/it]
Task 0, Epoch 5/10 => Loss -0.141, Train_accy 95.36, Test_accy 85.19:  40%|████      | 4/10 [04:42<05:38, 56.48s/it]
Task 0, Epoch 5/10 => Loss -0.141, Train_accy 95.36, Test_accy 85.19:  50%|█████     | 5/10 [04:42<04:42, 56.51s/it]
Task 0, Epoch 6/10 => Loss -0.181, Train_accy 96.14, Test_accy 85.69:  50%|█████     | 5/10 [05:39<04:42, 56.51s/it]
Task 0, Epoch 6/10 => Loss -0.181, Train_accy 96.14, Test_accy 85.69:  60%|██████    | 6/10 [05:39<03:46, 56.56s/it]
Task 0, Epoch 7/10 => Loss -0.219, Train_accy 97.29, Test_accy 85.61:  60%|██████    | 6/10 [06:35<03:46, 56.56s/it]
Task 0, Epoch 7/10 => Loss -0.219, Train_accy 97.29, Test_accy 85.61:  70%|███████   | 7/10 [06:35<02:49, 56.63s/it]
Task 0, Epoch 8/10 => Loss -0.246, Train_accy 97.95, Test_accy 85.69:  70%|███████   | 7/10 [07:32<02:49, 56.63s/it]
Task 0, Epoch 8/10 => Loss -0.246, Train_accy 97.95, Test_accy 85.69:  80%|████████  | 8/10 [07:32<01:53, 56.61s/it]
Task 0, Epoch 9/10 => Loss -0.266, Train_accy 98.23, Test_accy 85.61:  80%|████████  | 8/10 [08:29<01:53, 56.61s/it]
Task 0, Epoch 9/10 => Loss -0.266, Train_accy 98.23, Test_accy 85.61:  90%|█████████ | 9/10 [08:29<00:56, 56.64s/it]
Task 0, Epoch 10/10 => Loss -0.286, Train_accy 98.93, Test_accy 85.44:  90%|█████████ | 9/10 [09:25<00:56, 56.64s/it]
Task 0, Epoch 10/10 => Loss -0.286, Train_accy 98.93, Test_accy 85.44: 100%|██████████| 10/10 [09:25<00:00, 56.61s/it]
Task 0, Epoch 10/10 => Loss -0.286, Train_accy 98.93, Test_accy 85.44: 100%|██████████| 10/10 [09:25<00:00, 56.56s/it]
2026-02-09 17:11:42,192 [l2p.py] => Task 0, Epoch 10/10 => Loss -0.286, Train_accy 98.93, Test_accy 85.44
2026-02-09 17:11:49,750 [trainer.py] => CNN: {'total': 85.44, '00-09': 81.36, '10-19': 83.72, '20-29': 89.69, '30-39': 78.18, '40-49': 92.52, '50-59': 84.68, '60-69': 83.96, '70-79': 87.94, '80-89': 90.98, '90-99': 81.62, 'old': 0, 'new': 85.44, 'harmonic': 0.0}
2026-02-09 17:11:49,750 [trainer.py] => CNN top1 curve: [85.44]
2026-02-09 17:11:49,750 [trainer.py] => CNN top5 curve: [97.64]
2026-02-09 17:11:49,751 [trainer.py] => Average Accuracy (CNN): 85.44
2026-02-09 17:11:49,751 [l2p.py] => Learning on 100-120

  0%|          | 0/10 [00:00<?, ?it/s]
Task 1, Epoch 1/10 => Loss 1.790, Train_accy 64.29, Test_accy 71.68:   0%|          | 0/10 [00:19<?, ?it/s]
Task 1, Epoch 1/10 => Loss 1.790, Train_accy 64.29, Test_accy 71.68:  10%|█         | 1/10 [00:19<02:52, 19.14s/it]
Task 1, Epoch 2/10 => Loss 0.493, Train_accy 95.59, Test_accy 72.25:  10%|█         | 1/10 [00:38<02:52, 19.14s/it]
Task 1, Epoch 2/10 => Loss 0.493, Train_accy 95.59, Test_accy 72.25:  20%|██        | 2/10 [00:38<02:32, 19.12s/it]
Task 1, Epoch 3/10 => Loss 0.191, Train_accy 97.27, Test_accy 74.15:  20%|██        | 2/10 [00:57<02:32, 19.12s/it]
Task 1, Epoch 3/10 => Loss 0.191, Train_accy 97.27, Test_accy 74.15:  30%|███       | 3/10 [00:57<02:13, 19.12s/it]
Task 1, Epoch 4/10 => Loss 0.053, Train_accy 98.32, Test_accy 75.42:  30%|███       | 3/10 [01:16<02:13, 19.12s/it]
Task 1, Epoch 4/10 => Loss 0.053, Train_accy 98.32, Test_accy 75.42:  40%|████      | 4/10 [01:16<01:54, 19.12s/it]
Task 1, Epoch 5/10 => Loss -0.036, Train_accy 98.42, Test_accy 76.69:  40%|████      | 4/10 [01:35<01:54, 19.12s/it]
Task 1, Epoch 5/10 => Loss -0.036, Train_accy 98.42, Test_accy 76.69:  50%|█████     | 5/10 [01:35<01:35, 19.13s/it]
Task 1, Epoch 6/10 => Loss -0.104, Train_accy 98.84, Test_accy 77.47:  50%|█████     | 5/10 [01:54<01:35, 19.13s/it]
Task 1, Epoch 6/10 => Loss -0.104, Train_accy 98.84, Test_accy 77.47:  60%|██████    | 6/10 [01:54<01:16, 19.14s/it]
Task 1, Epoch 7/10 => Loss -0.157, Train_accy 99.37, Test_accy 77.97:  60%|██████    | 6/10 [02:14<01:16, 19.14s/it]
Task 1, Epoch 7/10 => Loss -0.157, Train_accy 99.37, Test_accy 77.97:  70%|███████   | 7/10 [02:14<00:57, 19.17s/it]
Task 1, Epoch 8/10 => Loss -0.201, Train_accy 99.58, Test_accy 78.32:  70%|███████   | 7/10 [02:33<00:57, 19.17s/it]
Task 1, Epoch 8/10 => Loss -0.201, Train_accy 99.58, Test_accy 78.32:  80%|████████  | 8/10 [02:33<00:38, 19.19s/it]
Task 1, Epoch 9/10 => Loss -0.235, Train_accy 99.79, Test_accy 78.81:  80%|████████  | 8/10 [02:52<00:38, 19.19s/it]
Task 1, Epoch 9/10 => Loss -0.235, Train_accy 99.79, Test_accy 78.81:  90%|█████████ | 9/10 [02:52<00:19, 19.18s/it]
Task 1, Epoch 10/10 => Loss -0.262, Train_accy 99.79, Test_accy 79.17:  90%|█████████ | 9/10 [03:11<00:19, 19.18s/it]
Task 1, Epoch 10/10 => Loss -0.262, Train_accy 99.79, Test_accy 79.17: 100%|██████████| 10/10 [03:11<00:00, 19.17s/it]
Task 1, Epoch 10/10 => Loss -0.262, Train_accy 99.79, Test_accy 79.17: 100%|██████████| 10/10 [03:11<00:00, 19.16s/it]
2026-02-09 17:15:01,336 [l2p.py] => Task 1, Epoch 10/10 => Loss -0.262, Train_accy 99.79, Test_accy 79.17
2026-02-09 17:15:10,301 [trainer.py] => CNN: {'total': 79.17, '00-09': 81.36, '10-19': 82.17, '20-29': 89.69, '30-39': 78.18, '40-49': 92.52, '50-59': 84.68, '60-69': 83.02, '70-79': 87.23, '80-89': 90.98, '90-99': 80.88, '100-109': 55.65, '110-119': 41.59, 'old': 85.02, 'new': 48.68, 'harmonic': 61.91}
2026-02-09 17:15:10,302 [trainer.py] => CNN top1 curve: [85.44, 79.17]
2026-02-09 17:15:10,302 [trainer.py] => CNN top5 curve: [97.64, 97.03]
2026-02-09 17:15:10,302 [trainer.py] => Average Accuracy (CNN): 82.305
2026-02-09 17:15:10,303 [l2p.py] => Learning on 120-140

  0%|          | 0/10 [00:00<?, ?it/s]
Task 2, Epoch 1/10 => Loss 1.177, Train_accy 63.94, Test_accy 68.37:   0%|          | 0/10 [00:20<?, ?it/s]
Task 2, Epoch 1/10 => Loss 1.177, Train_accy 63.94, Test_accy 68.37:  10%|█         | 1/10 [00:20<03:05, 20.57s/it]
Task 2, Epoch 2/10 => Loss 0.123, Train_accy 89.62, Test_accy 68.01:  10%|█         | 1/10 [00:41<03:05, 20.57s/it]
Task 2, Epoch 2/10 => Loss 0.123, Train_accy 89.62, Test_accy 68.01:  20%|██        | 2/10 [00:41<02:44, 20.59s/it]
Task 2, Epoch 3/10 => Loss -0.059, Train_accy 92.87, Test_accy 68.37:  20%|██        | 2/10 [01:01<02:44, 20.59s/it]
Task 2, Epoch 3/10 => Loss -0.059, Train_accy 92.87, Test_accy 68.37:  30%|███       | 3/10 [01:01<02:23, 20.56s/it]
Task 2, Epoch 4/10 => Loss -0.139, Train_accy 94.34, Test_accy 68.74:  30%|███       | 3/10 [01:22<02:23, 20.56s/it]
Task 2, Epoch 4/10 => Loss -0.139, Train_accy 94.34, Test_accy 68.74:  40%|████      | 4/10 [01:22<02:03, 20.54s/it]
Task 2, Epoch 5/10 => Loss -0.189, Train_accy 95.28, Test_accy 68.68:  40%|████      | 4/10 [01:42<02:03, 20.54s/it]
Task 2, Epoch 5/10 => Loss -0.189, Train_accy 95.28, Test_accy 68.68:  50%|█████     | 5/10 [01:42<01:42, 20.57s/it]
Task 2, Epoch 6/10 => Loss -0.218, Train_accy 96.23, Test_accy 69.10:  50%|█████     | 5/10 [02:03<01:42, 20.57s/it]
Task 2, Epoch 6/10 => Loss -0.218, Train_accy 96.23, Test_accy 69.10:  60%|██████    | 6/10 [02:03<01:22, 20.54s/it]
Task 2, Epoch 7/10 => Loss -0.242, Train_accy 97.17, Test_accy 69.77:  60%|██████    | 6/10 [02:23<01:22, 20.54s/it]
Task 2, Epoch 7/10 => Loss -0.242, Train_accy 97.17, Test_accy 69.77:  70%|███████   | 7/10 [02:23<01:01, 20.55s/it]
Task 2, Epoch 8/10 => Loss -0.269, Train_accy 98.64, Test_accy 69.96:  70%|███████   | 7/10 [02:44<01:01, 20.55s/it]
Task 2, Epoch 8/10 => Loss -0.269, Train_accy 98.64, Test_accy 69.96:  80%|████████  | 8/10 [02:44<00:41, 20.55s/it]
Task 2, Epoch 9/10 => Loss -0.280, Train_accy 98.64, Test_accy 70.08:  80%|████████  | 8/10 [03:05<00:41, 20.55s/it]
Task 2, Epoch 9/10 => Loss -0.280, Train_accy 98.64, Test_accy 70.08:  90%|█████████ | 9/10 [03:05<00:20, 20.56s/it]
Task 2, Epoch 10/10 => Loss -0.290, Train_accy 99.27, Test_accy 70.38:  90%|█████████ | 9/10 [03:25<00:20, 20.56s/it]
Task 2, Epoch 10/10 => Loss -0.290, Train_accy 99.27, Test_accy 70.38: 100%|██████████| 10/10 [03:25<00:00, 20.57s/it]
Task 2, Epoch 10/10 => Loss -0.290, Train_accy 99.27, Test_accy 70.38: 100%|██████████| 10/10 [03:25<00:00, 20.56s/it]
2026-02-09 17:18:35,934 [l2p.py] => Task 2, Epoch 10/10 => Loss -0.290, Train_accy 99.27, Test_accy 70.38
2026-02-09 17:18:46,275 [trainer.py] => CNN: {'total': 70.38, '00-09': 83.9, '10-19': 78.29, '20-29': 90.72, '30-39': 79.09, '40-49': 85.98, '50-59': 87.39, '60-69': 84.91, '70-79': 85.11, '80-89': 89.47, '90-99': 80.88, '100-109': 48.7, '110-119': 35.4, '120-129': 32.71, '130-139': 17.8, 'old': 77.61, 'new': 24.89, 'harmonic': 37.69}
2026-02-09 17:18:46,276 [trainer.py] => CNN top1 curve: [85.44, 79.17, 70.38]
2026-02-09 17:18:46,276 [trainer.py] => CNN top5 curve: [97.64, 97.03, 95.25]
2026-02-09 17:18:46,276 [trainer.py] => Average Accuracy (CNN): 78.33
2026-02-09 17:18:46,277 [l2p.py] => Learning on 140-160

  0%|          | 0/10 [00:00<?, ?it/s]
Task 3, Epoch 1/10 => Loss 1.135, Train_accy 72.39, Test_accy 60.66:   0%|          | 0/10 [00:21<?, ?it/s]
Task 3, Epoch 1/10 => Loss 1.135, Train_accy 72.39, Test_accy 60.66:  10%|█         | 1/10 [00:21<03:16, 21.79s/it]
Task 3, Epoch 2/10 => Loss 0.027, Train_accy 96.09, Test_accy 60.23:  10%|█         | 1/10 [00:43<03:16, 21.79s/it]
Task 3, Epoch 2/10 => Loss 0.027, Train_accy 96.09, Test_accy 60.23:  20%|██        | 2/10 [00:43<02:54, 21.77s/it]
Task 3, Epoch 3/10 => Loss -0.141, Train_accy 97.50, Test_accy 60.55:  20%|██        | 2/10 [01:05<02:54, 21.77s/it]
Task 3, Epoch 3/10 => Loss -0.141, Train_accy 97.50, Test_accy 60.55:  30%|███       | 3/10 [01:05<02:32, 21.74s/it]
Task 3, Epoch 4/10 => Loss -0.208, Train_accy 98.04, Test_accy 60.66:  30%|███       | 3/10 [01:26<02:32, 21.74s/it]
Task 3, Epoch 4/10 => Loss -0.208, Train_accy 98.04, Test_accy 60.66:  40%|████      | 4/10 [01:26<02:10, 21.73s/it]
Task 3, Epoch 5/10 => Loss -0.248, Train_accy 98.37, Test_accy 61.29:  40%|████      | 4/10 [01:48<02:10, 21.73s/it]
Task 3, Epoch 5/10 => Loss -0.248, Train_accy 98.37, Test_accy 61.29:  50%|█████     | 5/10 [01:48<01:48, 21.72s/it]
Task 3, Epoch 6/10 => Loss -0.271, Train_accy 98.80, Test_accy 61.34:  50%|█████     | 5/10 [02:10<01:48, 21.72s/it]
Task 3, Epoch 6/10 => Loss -0.271, Train_accy 98.80, Test_accy 61.34:  60%|██████    | 6/10 [02:10<01:26, 21.73s/it]
Task 3, Epoch 7/10 => Loss -0.293, Train_accy 98.91, Test_accy 61.61:  60%|██████    | 6/10 [02:32<01:26, 21.73s/it]
Task 3, Epoch 7/10 => Loss -0.293, Train_accy 98.91, Test_accy 61.61:  70%|███████   | 7/10 [02:32<01:05, 21.76s/it]
Task 3, Epoch 8/10 => Loss -0.308, Train_accy 99.13, Test_accy 62.08:  70%|███████   | 7/10 [02:53<01:05, 21.76s/it]
Task 3, Epoch 8/10 => Loss -0.308, Train_accy 99.13, Test_accy 62.08:  80%|████████  | 8/10 [02:53<00:43, 21.71s/it]
Task 3, Epoch 9/10 => Loss -0.320, Train_accy 99.35, Test_accy 62.77:  80%|████████  | 8/10 [03:15<00:43, 21.71s/it]
Task 3, Epoch 9/10 => Loss -0.320, Train_accy 99.35, Test_accy 62.77:  90%|█████████ | 9/10 [03:15<00:21, 21.71s/it]
Task 3, Epoch 10/10 => Loss -0.329, Train_accy 100.00, Test_accy 63.09:  90%|█████████ | 9/10 [03:37<00:21, 21.71s/it]
Task 3, Epoch 10/10 => Loss -0.329, Train_accy 100.00, Test_accy 63.09: 100%|██████████| 10/10 [03:37<00:00, 21.77s/it]
Task 3, Epoch 10/10 => Loss -0.329, Train_accy 100.00, Test_accy 63.09: 100%|██████████| 10/10 [03:37<00:00, 21.75s/it]
2026-02-09 17:22:23,760 [l2p.py] => Task 3, Epoch 10/10 => Loss -0.329, Train_accy 100.00, Test_accy 63.09
2026-02-09 17:22:35,508 [trainer.py] => CNN: {'total': 63.09, '00-09': 81.36, '10-19': 79.07, '20-29': 92.78, '30-39': 78.18, '40-49': 87.85, '50-59': 82.88, '60-69': 82.08, '70-79': 87.94, '80-89': 88.72, '90-99': 79.41, '100-109': 47.83, '110-119': 34.51, '120-129': 17.76, '130-139': 14.41, '140-149': 16.67, '150-159': 36.29, 'old': 68.68, 'new': 26.4, 'harmonic': 38.14}
2026-02-09 17:22:35,509 [trainer.py] => CNN top1 curve: [85.44, 79.17, 70.38, 63.09]
2026-02-09 17:22:35,509 [trainer.py] => CNN top5 curve: [97.64, 97.03, 95.25, 93.92]
2026-02-09 17:22:35,509 [trainer.py] => Average Accuracy (CNN): 74.52000000000001
2026-02-09 17:22:35,509 [l2p.py] => Learning on 160-180

  0%|          | 0/10 [00:00<?, ?it/s]
Task 4, Epoch 1/10 => Loss 1.005, Train_accy 75.47, Test_accy 54.61:   0%|          | 0/10 [00:23<?, ?it/s]
Task 4, Epoch 1/10 => Loss 1.005, Train_accy 75.47, Test_accy 54.61:  10%|█         | 1/10 [00:23<03:32, 23.58s/it]
Task 4, Epoch 2/10 => Loss -0.051, Train_accy 95.93, Test_accy 55.22:  10%|█         | 1/10 [00:47<03:32, 23.58s/it]
Task 4, Epoch 2/10 => Loss -0.051, Train_accy 95.93, Test_accy 55.22:  20%|██        | 2/10 [00:47<03:08, 23.57s/it]
Task 4, Epoch 3/10 => Loss -0.189, Train_accy 97.29, Test_accy 55.40:  20%|██        | 2/10 [01:10<03:08, 23.57s/it]
Task 4, Epoch 3/10 => Loss -0.189, Train_accy 97.29, Test_accy 55.40:  30%|███       | 3/10 [01:10<02:45, 23.58s/it]
Task 4, Epoch 4/10 => Loss -0.248, Train_accy 98.54, Test_accy 55.45:  30%|███       | 3/10 [01:34<02:45, 23.58s/it]
Task 4, Epoch 4/10 => Loss -0.248, Train_accy 98.54, Test_accy 55.45:  40%|████      | 4/10 [01:34<02:21, 23.63s/it]
Task 4, Epoch 5/10 => Loss -0.282, Train_accy 98.85, Test_accy 55.55:  40%|████      | 4/10 [01:58<02:21, 23.63s/it]
Task 4, Epoch 5/10 => Loss -0.282, Train_accy 98.85, Test_accy 55.55:  50%|█████     | 5/10 [01:58<01:58, 23.63s/it]
Task 4, Epoch 6/10 => Loss -0.305, Train_accy 99.37, Test_accy 55.69:  50%|█████     | 5/10 [02:21<01:58, 23.63s/it]
Task 4, Epoch 6/10 => Loss -0.305, Train_accy 99.37, Test_accy 55.69:  60%|██████    | 6/10 [02:21<01:34, 23.62s/it]
Task 4, Epoch 7/10 => Loss -0.320, Train_accy 99.69, Test_accy 56.25:  60%|██████    | 6/10 [02:45<01:34, 23.62s/it]
Task 4, Epoch 7/10 => Loss -0.320, Train_accy 99.69, Test_accy 56.25:  70%|███████   | 7/10 [02:45<01:10, 23.60s/it]
Task 4, Epoch 8/10 => Loss -0.332, Train_accy 99.69, Test_accy 56.53:  70%|███████   | 7/10 [03:08<01:10, 23.60s/it]
Task 4, Epoch 8/10 => Loss -0.332, Train_accy 99.69, Test_accy 56.53:  80%|████████  | 8/10 [03:08<00:47, 23.62s/it]
Task 4, Epoch 9/10 => Loss -0.339, Train_accy 99.69, Test_accy 56.30:  80%|████████  | 8/10 [03:32<00:47, 23.62s/it]
Task 4, Epoch 9/10 => Loss -0.339, Train_accy 99.69, Test_accy 56.30:  90%|█████████ | 9/10 [03:32<00:23, 23.61s/it]
Task 4, Epoch 10/10 => Loss -0.347, Train_accy 99.90, Test_accy 56.48:  90%|█████████ | 9/10 [03:56<00:23, 23.61s/it]
Task 4, Epoch 10/10 => Loss -0.347, Train_accy 99.90, Test_accy 56.48: 100%|██████████| 10/10 [03:56<00:00, 23.61s/it]
Task 4, Epoch 10/10 => Loss -0.347, Train_accy 99.90, Test_accy 56.48: 100%|██████████| 10/10 [03:56<00:00, 23.61s/it]
2026-02-09 17:26:31,619 [l2p.py] => Task 4, Epoch 10/10 => Loss -0.347, Train_accy 99.90, Test_accy 56.48
2026-02-09 17:26:45,005 [trainer.py] => CNN: {'total': 56.48, '00-09': 81.36, '10-19': 79.84, '20-29': 92.78, '30-39': 80.0, '40-49': 85.05, '50-59': 81.08, '60-69': 81.13, '70-79': 87.94, '80-89': 87.22, '90-99': 77.21, '100-109': 42.61, '110-119': 31.86, '120-129': 14.02, '130-139': 11.86, '140-149': 13.49, '150-159': 27.42, '160-169': 24.63, '170-179': 14.56, 'old': 61.03, 'new': 20.25, 'harmonic': 30.41}
2026-02-09 17:26:45,006 [trainer.py] => CNN top1 curve: [85.44, 79.17, 70.38, 63.09, 56.48]
2026-02-09 17:26:45,006 [trainer.py] => CNN top5 curve: [97.64, 97.03, 95.25, 93.92, 91.73]
2026-02-09 17:26:45,006 [trainer.py] => Average Accuracy (CNN): 70.912
2026-02-09 17:26:45,006 [l2p.py] => Learning on 180-200

  0%|          | 0/10 [00:00<?, ?it/s]
Task 5, Epoch 1/10 => Loss 0.978, Train_accy 73.53, Test_accy 50.30:   0%|          | 0/10 [00:24<?, ?it/s]
Task 5, Epoch 1/10 => Loss 0.978, Train_accy 73.53, Test_accy 50.30:  10%|█         | 1/10 [00:24<03:43, 24.85s/it]
Task 5, Epoch 2/10 => Loss -0.017, Train_accy 94.96, Test_accy 50.55:  10%|█         | 1/10 [00:49<03:43, 24.85s/it]
Task 5, Epoch 2/10 => Loss -0.017, Train_accy 94.96, Test_accy 50.55:  20%|██        | 2/10 [00:49<03:18, 24.85s/it]
Task 5, Epoch 3/10 => Loss -0.150, Train_accy 97.06, Test_accy 50.30:  20%|██        | 2/10 [01:14<03:18, 24.85s/it]
Task 5, Epoch 3/10 => Loss -0.150, Train_accy 97.06, Test_accy 50.30:  30%|███       | 3/10 [01:14<02:54, 24.87s/it]
Task 5, Epoch 4/10 => Loss -0.212, Train_accy 97.69, Test_accy 50.47:  30%|███       | 3/10 [01:39<02:54, 24.87s/it]
Task 5, Epoch 4/10 => Loss -0.212, Train_accy 97.69, Test_accy 50.47:  40%|████      | 4/10 [01:39<02:29, 24.87s/it]
Task 5, Epoch 5/10 => Loss -0.249, Train_accy 98.00, Test_accy 50.64:  40%|████      | 4/10 [02:04<02:29, 24.87s/it]
Task 5, Epoch 5/10 => Loss -0.249, Train_accy 98.00, Test_accy 50.64:  50%|█████     | 5/10 [02:04<02:04, 24.90s/it]
Task 5, Epoch 6/10 => Loss -0.278, Train_accy 98.63, Test_accy 50.89:  50%|█████     | 5/10 [02:29<02:04, 24.90s/it]
Task 5, Epoch 6/10 => Loss -0.278, Train_accy 98.63, Test_accy 50.89:  60%|██████    | 6/10 [02:29<01:39, 24.97s/it]
Task 5, Epoch 7/10 => Loss -0.295, Train_accy 99.16, Test_accy 51.15:  60%|██████    | 6/10 [02:54<01:39, 24.97s/it]
Task 5, Epoch 7/10 => Loss -0.295, Train_accy 99.16, Test_accy 51.15:  70%|███████   | 7/10 [02:54<01:14, 24.99s/it]
Task 5, Epoch 8/10 => Loss -0.310, Train_accy 99.47, Test_accy 51.10:  70%|███████   | 7/10 [03:19<01:14, 24.99s/it]
Task 5, Epoch 8/10 => Loss -0.310, Train_accy 99.47, Test_accy 51.10:  80%|████████  | 8/10 [03:19<00:49, 24.96s/it]
Task 5, Epoch 9/10 => Loss -0.320, Train_accy 99.47, Test_accy 51.19:  80%|████████  | 8/10 [03:44<00:49, 24.96s/it]
Task 5, Epoch 9/10 => Loss -0.320, Train_accy 99.47, Test_accy 51.19:  90%|█████████ | 9/10 [03:44<00:24, 24.87s/it]
Task 5, Epoch 10/10 => Loss -0.330, Train_accy 99.89, Test_accy 51.06:  90%|█████████ | 9/10 [04:08<00:24, 24.87s/it]
Task 5, Epoch 10/10 => Loss -0.330, Train_accy 99.89, Test_accy 51.06: 100%|██████████| 10/10 [04:08<00:00, 24.83s/it]
Task 5, Epoch 10/10 => Loss -0.330, Train_accy 99.89, Test_accy 51.06: 100%|██████████| 10/10 [04:08<00:00, 24.89s/it]
2026-02-09 17:30:53,892 [l2p.py] => Task 5, Epoch 10/10 => Loss -0.330, Train_accy 99.89, Test_accy 51.06
2026-02-09 17:31:08,451 [trainer.py] => CNN: {'total': 51.06, '00-09': 81.36, '10-19': 80.62, '20-29': 92.78, '30-39': 80.0, '40-49': 86.92, '50-59': 81.08, '60-69': 79.25, '70-79': 88.65, '80-89': 87.22, '90-99': 79.41, '100-109': 42.61, '110-119': 29.2, '120-129': 13.08, '130-139': 8.47, '140-149': 8.73, '150-159': 23.39, '160-169': 18.66, '170-179': 11.65, '180-189': 10.61, '190-199': 13.27, 'old': 55.31, 'new': 11.74, 'harmonic': 19.37}
2026-02-09 17:31:08,452 [trainer.py] => CNN top1 curve: [85.44, 79.17, 70.38, 63.09, 56.48, 51.06]
2026-02-09 17:31:08,452 [trainer.py] => CNN top5 curve: [97.64, 97.03, 95.25, 93.92, 91.73, 88.76]
2026-02-09 17:31:08,452 [trainer.py] => Average Accuracy (CNN): 67.60333333333334

========================================
Finished cub_init100_inc20
Backbone: OpenCLIP_LAION400M
Average Accuracy (Top1): 67.6
Last Accuracy: 51.06
========================================

2026-02-09 17:31:10,962 [trainer.py] => config: ./configs/l2p/l2p_ucf_B0_Inc10.json
2026-02-09 17:31:10,962 [trainer.py] => prefix:  
2026-02-09 17:31:10,962 [trainer.py] => dataset: ucf101
2026-02-09 17:31:10,962 [trainer.py] => memory_size: 0
2026-02-09 17:31:10,962 [trainer.py] => memory_per_class: 0
2026-02-09 17:31:10,962 [trainer.py] => fixed_memory: False
2026-02-09 17:31:10,962 [trainer.py] => shuffle: True
2026-02-09 17:31:10,962 [trainer.py] => init_cls: 10
2026-02-09 17:31:10,962 [trainer.py] => increment: 10
2026-02-09 17:31:10,962 [trainer.py] => model_name: l2p
2026-02-09 17:31:10,962 [trainer.py] => backbone_type: clip
2026-02-09 17:31:10,962 [trainer.py] => get_original_backbone: True
2026-02-09 17:31:10,962 [trainer.py] => device: [device(type='cuda', index=7)]
2026-02-09 17:31:10,962 [trainer.py] => seed: 1993
2026-02-09 17:31:10,962 [trainer.py] => tuned_epoch: 10
2026-02-09 17:31:10,962 [trainer.py] => init_lr: 0.001875
2026-02-09 17:31:10,962 [trainer.py] => batch_size: 16
2026-02-09 17:31:10,962 [trainer.py] => weight_decay: 0
2026-02-09 17:31:10,962 [trainer.py] => min_lr: 1e-05
2026-02-09 17:31:10,962 [trainer.py] => optimizer: adam
2026-02-09 17:31:10,962 [trainer.py] => scheduler: constant
2026-02-09 17:31:10,962 [trainer.py] => reinit_optimizer: True
2026-02-09 17:31:10,962 [trainer.py] => global_pool: token
2026-02-09 17:31:10,962 [trainer.py] => head_type: prompt
2026-02-09 17:31:10,962 [trainer.py] => freeze: ['blocks', 'patch_embed', 'cls_token', 'norm', 'pos_embed']
2026-02-09 17:31:10,963 [trainer.py] => pretrained: True
2026-02-09 17:31:10,963 [trainer.py] => drop: 0.0
2026-02-09 17:31:10,963 [trainer.py] => drop_path: 0.0
2026-02-09 17:31:10,963 [trainer.py] => prompt_pool: True
2026-02-09 17:31:10,963 [trainer.py] => size: 10
2026-02-09 17:31:10,963 [trainer.py] => length: 5
2026-02-09 17:31:10,963 [trainer.py] => top_k: 5
2026-02-09 17:31:10,963 [trainer.py] => initializer: uniform
2026-02-09 17:31:10,963 [trainer.py] => prompt_key: True
2026-02-09 17:31:10,963 [trainer.py] => prompt_key_init: uniform
2026-02-09 17:31:10,963 [trainer.py] => use_prompt_mask: False
2026-02-09 17:31:10,963 [trainer.py] => shared_prompt_pool: False
2026-02-09 17:31:10,963 [trainer.py] => shared_prompt_key: False
2026-02-09 17:31:10,963 [trainer.py] => batchwise_prompt: True
2026-02-09 17:31:10,963 [trainer.py] => embedding_key: cls
2026-02-09 17:31:10,963 [trainer.py] => predefined_key: 
2026-02-09 17:31:10,963 [trainer.py] => pull_constraint: True
2026-02-09 17:31:10,963 [trainer.py] => pull_constraint_coeff: 0.1
2026-02-09 17:31:10,963 [trainer.py] => nb_classes: 100
2026-02-09 17:31:10,963 [trainer.py] => total_class_num: 100
['Apply Eye Makeup', 'Apply Lipstick', 'Archery', 'Baby Crawling', 'Balance Beam', 'Band Marching', 'Baseball Pitch', 'Basketball', 'Basketball Dunk', 'Bench Press', 'Biking', 'Billiards', 'Blow Dry Hair', 'Blowing Candles', 'Body Weight Squats', 'Bowling', 'Boxing Punching Bag', 'Boxing Speed Bag', 'Breast Stroke', 'Brushing Teeth', 'Clean And Jerk', 'Cliff Diving', 'Cricket Bowling', 'Cricket Shot', 'Cutting In Kitchen', 'Diving', 'Drumming', 'Fencing', 'Field Hockey Penalty', 'Floor Gymnastics', 'Frisbee Catch', 'Front Crawl', 'Golf Swing', 'Haircut', 'Hammer Throw', 'Hammering', 'Hand Stand Pushups', 'Handstand Walking', 'Head Massage', 'High Jump', 'Horse Race', 'Horse Riding', 'Hula Hoop', 'Ice Dancing', 'Javelin Throw', 'Juggling Balls', 'Jump Rope', 'Jumping Jack', 'Kayaking', 'Knitting', 'Long Jump', 'Lunges', 'Military Parade', 'Mixing', 'Mopping Floor', 'Nunchucks', 'Parallel Bars', 'Pizza Tossing', 'Playing Cello', 'Playing Daf', 'Playing Dhol', 'Playing Flute', 'Playing Guitar', 'Playing Piano', 'Playing Sitar', 'Playing Tabla', 'Playing Violin', 'Pole Vault', 'Pommel Horse', 'Pull Ups', 'Punch', 'Push Ups', 'Rafting', 'Rock Climbing Indoor', 'Rope Climbing', 'Rowing', 'Salsa Spin', 'Shaving Beard', 'Shotput', 'Skate Boarding', 'Skiing', 'Skijet', 'Sky Diving', 'Soccer Juggling', 'Soccer Penalty', 'Still Rings', 'Sumo Wrestling', 'Surfing', 'Swing', 'Table Tennis Shot', 'Tai Chi', 'Tennis Swing', 'Throw Discus', 'Trampoline Jumping', 'Typing', 'Uneven Bars', 'Volleyball Spiking', 'Walking With Dog', 'Wall Pushups', 'Writing On Board']
['a photo of a person {}.', 'a video of a person {}.', 'a example of a person {}.', 'a demonstration of a person {}.', 'a photo of the person {}.', 'a video of the person {}.', 'a example of the person {}.', 'a demonstration of the person {}.', 'a photo of a person using {}.', 'a video of a person using {}.', 'a example of a person using {}.', 'a demonstration of a person using {}.', 'a photo of the person using {}.', 'a video of the person using {}.', 'a example of the person using {}.', 'a demonstration of the person using {}.', 'a photo of a person doing {}.', 'a video of a person doing {}.', 'a example of a person doing {}.', 'a demonstration of a person doing {}.', 'a photo of the person doing {}.', 'a video of the person doing {}.', 'a example of the person doing {}.', 'a demonstration of the person doing {}.', 'a photo of a person during {}.', 'a video of a person during {}.', 'a example of a person during {}.', 'a demonstration of a person during {}.', 'a photo of the person during {}.', 'a video of the person during {}.', 'a example of the person during {}.', 'a demonstration of the person during {}.', 'a photo of a person performing {}.', 'a video of a person performing {}.', 'a example of a person performing {}.', 'a demonstration of a person performing {}.', 'a photo of the person performing {}.', 'a video of the person performing {}.', 'a example of the person performing {}.', 'a demonstration of the person performing {}.', 'a photo of a person practicing {}.', 'a video of a person practicing {}.', 'a example of a person practicing {}.', 'a demonstration of a person practicing {}.', 'a photo of the person practicing {}.', 'a video of the person practicing {}.', 'a example of the person practicing {}.', 'a demonstration of the person practicing {}.']
{'Apply_Eye_Makeup': 0, 'Apply_Lipstick': 1, 'Archery': 2, 'Baby_Crawling': 3, 'Balance_Beam': 4, 'Band_Marching': 5, 'Baseball_Pitch': 6, 'Basketball': 7, 'Basketball_Dunk': 8, 'Bench_Press': 9, 'Biking': 10, 'Billiards': 11, 'Blow_Dry_Hair': 12, 'Blowing_Candles': 13, 'Body_Weight_Squats': 14, 'Bowling': 15, 'Boxing_Punching_Bag': 16, 'Boxing_Speed_Bag': 17, 'Breast_Stroke': 18, 'Brushing_Teeth': 19, 'Clean_And_Jerk': 20, 'Cliff_Diving': 21, 'Cricket_Bowling': 22, 'Cricket_Shot': 23, 'Cutting_In_Kitchen': 24, 'Diving': 25, 'Drumming': 26, 'Fencing': 27, 'Field_Hockey_Penalty': 28, 'Floor_Gymnastics': 29, 'Frisbee_Catch': 30, 'Front_Crawl': 31, 'Golf_Swing': 32, 'Haircut': 33, 'Hammer_Throw': 34, 'Hammering': 35, 'Handstand_Pushups': 36, 'Handstand_Walking': 37, 'Head_Massage': 38, 'High_Jump': 39, 'Horse_Race': 40, 'Horse_Riding': 41, 'Hula_Hoop': 42, 'Ice_Dancing': 43, 'Javelin_Throw': 44, 'Juggling_Balls': 45, 'Jump_Rope': 46, 'Jumping_Jack': 47, 'Kayaking': 48, 'Knitting': 49, 'Long_Jump': 50, 'Lunges': 51, 'Military_Parade': 52, 'Mixing': 53, 'Mopping_Floor': 54, 'Nunchucks': 55, 'Parallel_Bars': 56, 'Pizza_Tossing': 57, 'Playing_Cello': 58, 'Playing_Daf': 59, 'Playing_Dhol': 60, 'Playing_Flute': 61, 'Playing_Guitar': 62, 'Playing_Piano': 63, 'Playing_Sitar': 64, 'Playing_Tabla': 65, 'Playing_Violin': 66, 'Pole_Vault': 67, 'Pommel_Horse': 68, 'Pull_Ups': 69, 'Punch': 70, 'Push_Ups': 71, 'Rafting': 72, 'Rock_Climbing_Indoor': 73, 'Rope_Climbing': 74, 'Rowing': 75, 'Salsa_Spin': 76, 'Shaving_Beard': 77, 'Shotput': 78, 'Skate_Boarding': 79, 'Skiing': 80, 'Skijet': 81, 'Sky_Diving': 82, 'Soccer_Juggling': 83, 'Soccer_Penalty': 84, 'Still_Rings': 85, 'Sumo_Wrestling': 86, 'Surfing': 87, 'Swing': 88, 'Table_Tennis_Shot': 89, 'Tai_Chi': 90, 'Tennis_Swing': 91, 'Throw_Discus': 92, 'Trampoline_Jumping': 93, 'Typing': 94, 'Uneven_Bars': 95, 'Volleyball_Spiking': 96, 'Walking_With_Dog': 97, 'Wall_Pushups': 98, 'Writing_On_Board': 99}
2026-02-09 17:31:11,070 [data_manager.py] => [68, 56, 78, 8, 23, 84, 90, 65, 74, 76, 40, 89, 3, 92, 55, 9, 26, 80, 43, 38, 58, 70, 77, 1, 85, 19, 17, 50, 28, 53, 13, 81, 45, 82, 6, 59, 83, 16, 15, 44, 91, 41, 72, 60, 79, 52, 20, 10, 31, 54, 37, 95, 14, 71, 96, 98, 97, 2, 64, 66, 42, 22, 35, 86, 24, 34, 87, 21, 99, 0, 88, 27, 18, 94, 11, 12, 47, 25, 30, 46, 62, 69, 36, 61, 7, 63, 75, 5, 32, 4, 51, 48, 73, 93, 39, 67, 29, 49, 57, 33]
After shuffle, class_to_label is:  ['Pommel Horse', 'Parallel Bars', 'Shotput', 'Basketball Dunk', 'Cricket Shot', 'Soccer Penalty', 'Tai Chi', 'Playing Tabla', 'Rope Climbing', 'Salsa Spin', 'Horse Race', 'Table Tennis Shot', 'Baby Crawling', 'Throw Discus', 'Nunchucks', 'Bench Press', 'Drumming', 'Skiing', 'Ice Dancing', 'Head Massage', 'Playing Cello', 'Punch', 'Shaving Beard', 'Apply Lipstick', 'Still Rings', 'Brushing Teeth', 'Boxing Speed Bag', 'Long Jump', 'Field Hockey Penalty', 'Mixing', 'Blowing Candles', 'Skijet', 'Juggling Balls', 'Sky Diving', 'Baseball Pitch', 'Playing Daf', 'Soccer Juggling', 'Boxing Punching Bag', 'Bowling', 'Javelin Throw', 'Tennis Swing', 'Horse Riding', 'Rafting', 'Playing Dhol', 'Skate Boarding', 'Military Parade', 'Clean And Jerk', 'Biking', 'Front Crawl', 'Mopping Floor', 'Handstand Walking', 'Uneven Bars', 'Body Weight Squats', 'Push Ups', 'Volleyball Spiking', 'Wall Pushups', 'Walking With Dog', 'Archery', 'Playing Sitar', 'Playing Violin', 'Hula Hoop', 'Cricket Bowling', 'Hammering', 'Sumo Wrestling', 'Cutting In Kitchen', 'Hammer Throw', 'Surfing', 'Cliff Diving', 'Writing On Board', 'Apply Eye Makeup', 'Swing', 'Fencing', 'Breast Stroke', 'Typing', 'Billiards', 'Blow Dry Hair', 'Jumping Jack', 'Diving', 'Frisbee Catch', 'Jump Rope', 'Playing Guitar', 'Pull Ups', 'Hand Stand Pushups', 'Playing Flute', 'Basketball', 'Playing Piano', 'Rowing', 'Band Marching', 'Golf Swing', 'Balance Beam', 'Lunges', 'Kayaking', 'Rock Climbing Indoor', 'Trampoline Jumping', 'High Jump', 'Pole Vault', 'Floor Gymnastics', 'Knitting', 'Pizza Tossing', 'Haircut']
Training class stages: [10, 10, 10, 10, 10, 10, 10, 10, 10, 10]
Using CLIP model as the backbone
2026-02-09 17:31:12,290 [instantiator.py] => Created a temporary directory at /tmp/tmpbnycru_2
2026-02-09 17:31:12,291 [instantiator.py] => Writing /tmp/tmpbnycru_2/_remote_module_non_scriptable.py
2026-02-09 17:31:12,427 [factory.py] => Loaded ViT-B-16 model config.
2026-02-09 17:31:13,826 [factory.py] => Loading pretrained ViT-B-16 weights (/home/team/zhaohongwei/pretrained_models/open_clip_pytorch_model_laion400m_e32.bin).
/home/team/zhaohongwei/anaconda3/envs/mmcl/lib/python3.10/site-packages/torch/_utils.py:776: UserWarning: TypedStorage is deprecated. It will be removed in the future and UntypedStorage will be the only storage class. This should only matter to you if you are using storages directly.  To access UntypedStorage directly, use tensor.untyped_storage() instead of tensor.storage()
  return self.fget.__get__(instance, owner)()
2026-02-09 17:31:14,838 [l2p.py] => 86,457,956 model total parameters.
2026-02-09 17:31:14,839 [l2p.py] => 94,820 model training parameters.
2026-02-09 17:31:14,839 [l2p.py] => prompt.prompt: 38400
2026-02-09 17:31:14,839 [l2p.py] => prompt.prompt_key: 5120
2026-02-09 17:31:14,839 [l2p.py] => head.weight: 51200
2026-02-09 17:31:14,839 [l2p.py] => head.bias: 100
2026-02-09 17:31:14,839 [l2p.py] => Learning on 0-10

  0%|          | 0/10 [00:00<?, ?it/s]
Task 0, Epoch 1/10 => Loss 0.917, Train_accy 80.60, Test_accy 96.44:   0%|          | 0/10 [00:13<?, ?it/s]
Task 0, Epoch 1/10 => Loss 0.917, Train_accy 80.60, Test_accy 96.44:  10%|█         | 1/10 [00:13<01:59, 13.26s/it]
Task 0, Epoch 2/10 => Loss 0.151, Train_accy 96.98, Test_accy 98.02:  10%|█         | 1/10 [00:26<01:59, 13.26s/it]
Task 0, Epoch 2/10 => Loss 0.151, Train_accy 96.98, Test_accy 98.02:  20%|██        | 2/10 [00:26<01:44, 13.06s/it]
Task 0, Epoch 3/10 => Loss 0.003, Train_accy 98.54, Test_accy 97.63:  20%|██        | 2/10 [00:39<01:44, 13.06s/it]
Task 0, Epoch 3/10 => Loss 0.003, Train_accy 98.54, Test_accy 97.63:  30%|███       | 3/10 [00:39<01:31, 13.00s/it]
Task 0, Epoch 4/10 => Loss -0.078, Train_accy 98.73, Test_accy 97.63:  30%|███       | 3/10 [00:51<01:31, 13.00s/it]
Task 0, Epoch 4/10 => Loss -0.078, Train_accy 98.73, Test_accy 97.63:  40%|████      | 4/10 [00:51<01:17, 12.94s/it]
Task 0, Epoch 5/10 => Loss -0.141, Train_accy 99.42, Test_accy 98.81:  40%|████      | 4/10 [01:04<01:17, 12.94s/it]
Task 0, Epoch 5/10 => Loss -0.141, Train_accy 99.42, Test_accy 98.81:  50%|█████     | 5/10 [01:04<01:04, 12.91s/it]
Task 0, Epoch 6/10 => Loss -0.191, Train_accy 99.71, Test_accy 99.21:  50%|█████     | 5/10 [01:17<01:04, 12.91s/it]
Task 0, Epoch 6/10 => Loss -0.191, Train_accy 99.71, Test_accy 99.21:  60%|██████    | 6/10 [01:17<00:51, 12.89s/it]
Task 0, Epoch 7/10 => Loss -0.230, Train_accy 100.00, Test_accy 98.42:  60%|██████    | 6/10 [01:30<00:51, 12.89s/it]
Task 0, Epoch 7/10 => Loss -0.230, Train_accy 100.00, Test_accy 98.42:  70%|███████   | 7/10 [01:30<00:38, 12.87s/it]
Task 0, Epoch 8/10 => Loss -0.260, Train_accy 100.00, Test_accy 99.21:  70%|███████   | 7/10 [01:43<00:38, 12.87s/it]
Task 0, Epoch 8/10 => Loss -0.260, Train_accy 100.00, Test_accy 99.21:  80%|████████  | 8/10 [01:43<00:25, 12.86s/it]
Task 0, Epoch 9/10 => Loss -0.283, Train_accy 100.00, Test_accy 99.21:  80%|████████  | 8/10 [01:56<00:25, 12.86s/it]
Task 0, Epoch 9/10 => Loss -0.283, Train_accy 100.00, Test_accy 99.21:  90%|█████████ | 9/10 [01:56<00:12, 12.84s/it]
Task 0, Epoch 10/10 => Loss -0.301, Train_accy 100.00, Test_accy 99.21:  90%|█████████ | 9/10 [02:08<00:12, 12.84s/it]
Task 0, Epoch 10/10 => Loss -0.301, Train_accy 100.00, Test_accy 99.21: 100%|██████████| 10/10 [02:08<00:00, 12.83s/it]
Task 0, Epoch 10/10 => Loss -0.301, Train_accy 100.00, Test_accy 99.21: 100%|██████████| 10/10 [02:08<00:00, 12.89s/it]
2026-02-09 17:33:24,351 [l2p.py] => Task 0, Epoch 10/10 => Loss -0.301, Train_accy 100.00, Test_accy 99.21
2026-02-09 17:33:26,229 [trainer.py] => CNN: {'total': 99.21, '00-09': 99.21, 'old': 0, 'new': 99.21, 'harmonic': 0.0}
2026-02-09 17:33:26,230 [trainer.py] => CNN top1 curve: [99.21]
2026-02-09 17:33:26,230 [trainer.py] => CNN top5 curve: [100.0]
2026-02-09 17:33:26,230 [trainer.py] => Average Accuracy (CNN): 99.21
2026-02-09 17:33:26,230 [l2p.py] => Learning on 10-20

  0%|          | 0/10 [00:00<?, ?it/s]
Task 1, Epoch 1/10 => Loss 0.679, Train_accy 89.04, Test_accy 88.11:   0%|          | 0/10 [00:15<?, ?it/s]
Task 1, Epoch 1/10 => Loss 0.679, Train_accy 89.04, Test_accy 88.11:  10%|█         | 1/10 [00:15<02:21, 15.72s/it]
Task 1, Epoch 2/10 => Loss 0.046, Train_accy 99.22, Test_accy 93.18:  10%|█         | 1/10 [00:31<02:21, 15.72s/it]
Task 1, Epoch 2/10 => Loss 0.046, Train_accy 99.22, Test_accy 93.18:  20%|██        | 2/10 [00:31<02:06, 15.75s/it]
Task 1, Epoch 3/10 => Loss -0.049, Train_accy 99.74, Test_accy 95.13:  20%|██        | 2/10 [00:47<02:06, 15.75s/it]
Task 1, Epoch 3/10 => Loss -0.049, Train_accy 99.74, Test_accy 95.13:  30%|███       | 3/10 [00:47<01:50, 15.80s/it]
Task 1, Epoch 4/10 => Loss -0.108, Train_accy 99.91, Test_accy 96.10:  30%|███       | 3/10 [01:03<01:50, 15.80s/it]
Task 1, Epoch 4/10 => Loss -0.108, Train_accy 99.91, Test_accy 96.10:  40%|████      | 4/10 [01:03<01:34, 15.79s/it]
Task 1, Epoch 5/10 => Loss -0.153, Train_accy 100.00, Test_accy 96.49:  40%|████      | 4/10 [01:18<01:34, 15.79s/it]
Task 1, Epoch 5/10 => Loss -0.153, Train_accy 100.00, Test_accy 96.49:  50%|█████     | 5/10 [01:18<01:19, 15.80s/it]
Task 1, Epoch 6/10 => Loss -0.190, Train_accy 100.00, Test_accy 95.91:  50%|█████     | 5/10 [01:34<01:19, 15.80s/it]
Task 1, Epoch 6/10 => Loss -0.190, Train_accy 100.00, Test_accy 95.91:  60%|██████    | 6/10 [01:34<01:03, 15.81s/it]
Task 1, Epoch 7/10 => Loss -0.220, Train_accy 100.00, Test_accy 96.10:  60%|██████    | 6/10 [01:50<01:03, 15.81s/it]
Task 1, Epoch 7/10 => Loss -0.220, Train_accy 100.00, Test_accy 96.10:  70%|███████   | 7/10 [01:50<00:47, 15.83s/it]
Task 1, Epoch 8/10 => Loss -0.244, Train_accy 100.00, Test_accy 95.71:  70%|███████   | 7/10 [02:06<00:47, 15.83s/it]
Task 1, Epoch 8/10 => Loss -0.244, Train_accy 100.00, Test_accy 95.71:  80%|████████  | 8/10 [02:06<00:31, 15.80s/it]
Task 1, Epoch 9/10 => Loss -0.263, Train_accy 100.00, Test_accy 96.10:  80%|████████  | 8/10 [02:22<00:31, 15.80s/it]
Task 1, Epoch 9/10 => Loss -0.263, Train_accy 100.00, Test_accy 96.10:  90%|█████████ | 9/10 [02:22<00:15, 15.79s/it]
Task 1, Epoch 10/10 => Loss -0.279, Train_accy 100.00, Test_accy 95.52:  90%|█████████ | 9/10 [02:37<00:15, 15.79s/it]
Task 1, Epoch 10/10 => Loss -0.279, Train_accy 100.00, Test_accy 95.52: 100%|██████████| 10/10 [02:37<00:00, 15.79s/it]
Task 1, Epoch 10/10 => Loss -0.279, Train_accy 100.00, Test_accy 95.52: 100%|██████████| 10/10 [02:37<00:00, 15.79s/it]
2026-02-09 17:36:04,172 [l2p.py] => Task 1, Epoch 10/10 => Loss -0.279, Train_accy 100.00, Test_accy 95.52
2026-02-09 17:36:07,565 [trainer.py] => CNN: {'total': 95.52, '00-09': 91.3, '10-19': 99.62, 'old': 91.3, 'new': 99.62, 'harmonic': 95.28}
2026-02-09 17:36:07,566 [trainer.py] => CNN top1 curve: [99.21, 95.52]
2026-02-09 17:36:07,566 [trainer.py] => CNN top5 curve: [100.0, 99.81]
2026-02-09 17:36:07,566 [trainer.py] => Average Accuracy (CNN): 97.365
2026-02-09 17:36:07,566 [l2p.py] => Learning on 20-30

  0%|          | 0/10 [00:00<?, ?it/s]
Task 2, Epoch 1/10 => Loss 0.457, Train_accy 85.28, Test_accy 79.57:   0%|          | 0/10 [00:16<?, ?it/s]
Task 2, Epoch 1/10 => Loss 0.457, Train_accy 85.28, Test_accy 79.57:  10%|█         | 1/10 [00:16<02:31, 16.83s/it]
Task 2, Epoch 2/10 => Loss -0.144, Train_accy 96.89, Test_accy 86.17:  10%|█         | 1/10 [00:33<02:31, 16.83s/it]
Task 2, Epoch 2/10 => Loss -0.144, Train_accy 96.89, Test_accy 86.17:  20%|██        | 2/10 [00:33<02:14, 16.79s/it]
Task 2, Epoch 3/10 => Loss -0.225, Train_accy 98.90, Test_accy 88.71:  20%|██        | 2/10 [00:50<02:14, 16.79s/it]
Task 2, Epoch 3/10 => Loss -0.225, Train_accy 98.90, Test_accy 88.71:  30%|███       | 3/10 [00:50<01:58, 16.86s/it]
Task 2, Epoch 4/10 => Loss -0.262, Train_accy 99.73, Test_accy 89.85:  30%|███       | 3/10 [01:07<01:58, 16.86s/it]
Task 2, Epoch 4/10 => Loss -0.262, Train_accy 99.73, Test_accy 89.85:  40%|████      | 4/10 [01:07<01:41, 16.88s/it]
Task 2, Epoch 5/10 => Loss -0.282, Train_accy 100.00, Test_accy 90.23:  40%|████      | 4/10 [01:24<01:41, 16.88s/it]
Task 2, Epoch 5/10 => Loss -0.282, Train_accy 100.00, Test_accy 90.23:  50%|█████     | 5/10 [01:24<01:24, 16.85s/it]
Task 2, Epoch 6/10 => Loss -0.295, Train_accy 100.00, Test_accy 90.61:  50%|█████     | 5/10 [01:40<01:24, 16.85s/it]
Task 2, Epoch 6/10 => Loss -0.295, Train_accy 100.00, Test_accy 90.61:  60%|██████    | 6/10 [01:40<01:07, 16.82s/it]
Task 2, Epoch 7/10 => Loss -0.304, Train_accy 100.00, Test_accy 91.24:  60%|██████    | 6/10 [01:57<01:07, 16.82s/it]
Task 2, Epoch 7/10 => Loss -0.304, Train_accy 100.00, Test_accy 91.24:  70%|███████   | 7/10 [01:57<00:50, 16.83s/it]
Task 2, Epoch 8/10 => Loss -0.309, Train_accy 100.00, Test_accy 91.37:  70%|███████   | 7/10 [02:14<00:50, 16.83s/it]
Task 2, Epoch 8/10 => Loss -0.309, Train_accy 100.00, Test_accy 91.37:  80%|████████  | 8/10 [02:14<00:33, 16.82s/it]
Task 2, Epoch 9/10 => Loss -0.313, Train_accy 100.00, Test_accy 91.50:  80%|████████  | 8/10 [02:31<00:33, 16.82s/it]
Task 2, Epoch 9/10 => Loss -0.313, Train_accy 100.00, Test_accy 91.50:  90%|█████████ | 9/10 [02:31<00:16, 16.81s/it]
Task 2, Epoch 10/10 => Loss -0.317, Train_accy 100.00, Test_accy 90.99:  90%|█████████ | 9/10 [02:48<00:16, 16.81s/it]
Task 2, Epoch 10/10 => Loss -0.317, Train_accy 100.00, Test_accy 90.99: 100%|██████████| 10/10 [02:48<00:00, 16.84s/it]
Task 2, Epoch 10/10 => Loss -0.317, Train_accy 100.00, Test_accy 90.99: 100%|██████████| 10/10 [02:48<00:00, 16.83s/it]
2026-02-09 17:38:55,914 [l2p.py] => Task 2, Epoch 10/10 => Loss -0.317, Train_accy 100.00, Test_accy 90.99
2026-02-09 17:39:01,037 [trainer.py] => CNN: {'total': 90.99, '00-09': 77.87, '10-19': 98.46, '20-29': 96.0, 'old': 88.3, 'new': 96.0, 'harmonic': 91.99}
2026-02-09 17:39:01,037 [trainer.py] => CNN top1 curve: [99.21, 95.52, 90.99]
2026-02-09 17:39:01,038 [trainer.py] => CNN top5 curve: [100.0, 99.81, 99.75]
2026-02-09 17:39:01,038 [trainer.py] => Average Accuracy (CNN): 95.24
2026-02-09 17:39:01,038 [l2p.py] => Learning on 30-40

  0%|          | 0/10 [00:00<?, ?it/s]
Task 3, Epoch 1/10 => Loss 0.358, Train_accy 88.64, Test_accy 80.04:   0%|          | 0/10 [00:18<?, ?it/s]
Task 3, Epoch 1/10 => Loss 0.358, Train_accy 88.64, Test_accy 80.04:  10%|█         | 1/10 [00:18<02:42, 18.08s/it]
Task 3, Epoch 2/10 => Loss -0.227, Train_accy 99.07, Test_accy 83.90:  10%|█         | 1/10 [00:36<02:42, 18.08s/it]
Task 3, Epoch 2/10 => Loss -0.227, Train_accy 99.07, Test_accy 83.90:  20%|██        | 2/10 [00:36<02:24, 18.09s/it]
Task 3, Epoch 3/10 => Loss -0.279, Train_accy 99.63, Test_accy 85.63:  20%|██        | 2/10 [00:54<02:24, 18.09s/it]
Task 3, Epoch 3/10 => Loss -0.279, Train_accy 99.63, Test_accy 85.63:  30%|███       | 3/10 [00:54<02:06, 18.11s/it]
Task 3, Epoch 4/10 => Loss -0.305, Train_accy 99.91, Test_accy 87.37:  30%|███       | 3/10 [01:12<02:06, 18.11s/it]
Task 3, Epoch 4/10 => Loss -0.305, Train_accy 99.91, Test_accy 87.37:  40%|████      | 4/10 [01:12<01:48, 18.11s/it]
Task 3, Epoch 5/10 => Loss -0.317, Train_accy 100.00, Test_accy 88.24:  40%|████      | 4/10 [01:30<01:48, 18.11s/it]
Task 3, Epoch 5/10 => Loss -0.317, Train_accy 100.00, Test_accy 88.24:  50%|█████     | 5/10 [01:30<01:30, 18.12s/it]
Task 3, Epoch 6/10 => Loss -0.323, Train_accy 100.00, Test_accy 89.39:  50%|█████     | 5/10 [01:48<01:30, 18.12s/it]
Task 3, Epoch 6/10 => Loss -0.323, Train_accy 100.00, Test_accy 89.39:  60%|██████    | 6/10 [01:48<01:12, 18.13s/it]
Task 3, Epoch 7/10 => Loss -0.328, Train_accy 100.00, Test_accy 89.78:  60%|██████    | 6/10 [02:06<01:12, 18.13s/it]
Task 3, Epoch 7/10 => Loss -0.328, Train_accy 100.00, Test_accy 89.78:  70%|███████   | 7/10 [02:06<00:54, 18.10s/it]
Task 3, Epoch 8/10 => Loss -0.331, Train_accy 100.00, Test_accy 90.45:  70%|███████   | 7/10 [02:24<00:54, 18.10s/it]
Task 3, Epoch 8/10 => Loss -0.331, Train_accy 100.00, Test_accy 90.45:  80%|████████  | 8/10 [02:24<00:36, 18.11s/it]
Task 3, Epoch 9/10 => Loss -0.333, Train_accy 100.00, Test_accy 91.03:  80%|████████  | 8/10 [02:42<00:36, 18.11s/it]
Task 3, Epoch 9/10 => Loss -0.333, Train_accy 100.00, Test_accy 91.03:  90%|█████████ | 9/10 [02:42<00:18, 18.10s/it]
Task 3, Epoch 10/10 => Loss -0.335, Train_accy 100.00, Test_accy 91.22:  90%|█████████ | 9/10 [03:01<00:18, 18.10s/it]
Task 3, Epoch 10/10 => Loss -0.335, Train_accy 100.00, Test_accy 91.22: 100%|██████████| 10/10 [03:01<00:00, 18.10s/it]
Task 3, Epoch 10/10 => Loss -0.335, Train_accy 100.00, Test_accy 91.22: 100%|██████████| 10/10 [03:01<00:00, 18.10s/it]
2026-02-09 17:42:02,101 [l2p.py] => Task 3, Epoch 10/10 => Loss -0.335, Train_accy 100.00, Test_accy 91.22
2026-02-09 17:42:08,685 [trainer.py] => CNN: {'total': 91.22, '00-09': 82.21, '10-19': 97.31, '20-29': 94.91, '30-39': 89.96, 'old': 91.62, 'new': 89.96, 'harmonic': 90.78}
2026-02-09 17:42:08,686 [trainer.py] => CNN top1 curve: [99.21, 95.52, 90.99, 91.22]
2026-02-09 17:42:08,686 [trainer.py] => CNN top5 curve: [100.0, 99.81, 99.75, 99.71]
2026-02-09 17:42:08,686 [trainer.py] => Average Accuracy (CNN): 94.23499999999999
2026-02-09 17:42:08,687 [l2p.py] => Learning on 40-50

  0%|          | 0/10 [00:00<?, ?it/s]
Task 4, Epoch 1/10 => Loss 0.265, Train_accy 92.24, Test_accy 82.00:   0%|          | 0/10 [00:19<?, ?it/s]
Task 4, Epoch 1/10 => Loss 0.265, Train_accy 92.24, Test_accy 82.00:  10%|█         | 1/10 [00:19<02:57, 19.68s/it]
Task 4, Epoch 2/10 => Loss -0.281, Train_accy 99.25, Test_accy 87.03:  10%|█         | 1/10 [00:39<02:57, 19.68s/it]
Task 4, Epoch 2/10 => Loss -0.281, Train_accy 99.25, Test_accy 87.03:  20%|██        | 2/10 [00:39<02:37, 19.70s/it]
Task 4, Epoch 3/10 => Loss -0.315, Train_accy 99.72, Test_accy 88.94:  20%|██        | 2/10 [00:59<02:37, 19.70s/it]
Task 4, Epoch 3/10 => Loss -0.315, Train_accy 99.72, Test_accy 88.94:  30%|███       | 3/10 [00:59<02:18, 19.74s/it]
Task 4, Epoch 4/10 => Loss -0.328, Train_accy 100.00, Test_accy 89.32:  30%|███       | 3/10 [01:18<02:18, 19.74s/it]
Task 4, Epoch 4/10 => Loss -0.328, Train_accy 100.00, Test_accy 89.32:  40%|████      | 4/10 [01:18<01:58, 19.75s/it]
Task 4, Epoch 5/10 => Loss -0.336, Train_accy 100.00, Test_accy 90.01:  40%|████      | 4/10 [01:38<01:58, 19.75s/it]
Task 4, Epoch 5/10 => Loss -0.336, Train_accy 100.00, Test_accy 90.01:  50%|█████     | 5/10 [01:38<01:38, 19.72s/it]
Task 4, Epoch 6/10 => Loss -0.340, Train_accy 100.00, Test_accy 90.31:  50%|█████     | 5/10 [01:58<01:38, 19.72s/it]
Task 4, Epoch 6/10 => Loss -0.340, Train_accy 100.00, Test_accy 90.31:  60%|██████    | 6/10 [01:58<01:18, 19.70s/it]
Task 4, Epoch 7/10 => Loss -0.342, Train_accy 100.00, Test_accy 90.54:  60%|██████    | 6/10 [02:18<01:18, 19.70s/it]
Task 4, Epoch 7/10 => Loss -0.342, Train_accy 100.00, Test_accy 90.54:  70%|███████   | 7/10 [02:18<00:59, 19.71s/it]
Task 4, Epoch 8/10 => Loss -0.344, Train_accy 100.00, Test_accy 90.62:  70%|███████   | 7/10 [02:37<00:59, 19.71s/it]
Task 4, Epoch 8/10 => Loss -0.344, Train_accy 100.00, Test_accy 90.62:  80%|████████  | 8/10 [02:37<00:39, 19.75s/it]
Task 4, Epoch 9/10 => Loss -0.345, Train_accy 100.00, Test_accy 90.54:  80%|████████  | 8/10 [02:57<00:39, 19.75s/it]
Task 4, Epoch 9/10 => Loss -0.345, Train_accy 100.00, Test_accy 90.54:  90%|█████████ | 9/10 [02:57<00:19, 19.74s/it]
Task 4, Epoch 10/10 => Loss -0.346, Train_accy 100.00, Test_accy 90.39:  90%|█████████ | 9/10 [03:17<00:19, 19.74s/it]
Task 4, Epoch 10/10 => Loss -0.346, Train_accy 100.00, Test_accy 90.39: 100%|██████████| 10/10 [03:17<00:00, 19.73s/it]
Task 4, Epoch 10/10 => Loss -0.346, Train_accy 100.00, Test_accy 90.39: 100%|██████████| 10/10 [03:17<00:00, 19.73s/it]
2026-02-09 17:45:25,963 [l2p.py] => Task 4, Epoch 10/10 => Loss -0.346, Train_accy 100.00, Test_accy 90.39
2026-02-09 17:45:34,161 [trainer.py] => CNN: {'total': 90.39, '00-09': 78.66, '10-19': 98.85, '20-29': 94.91, '30-39': 86.75, '40-49': 91.97, 'old': 89.97, 'new': 91.97, 'harmonic': 90.96}
2026-02-09 17:45:34,161 [trainer.py] => CNN top1 curve: [99.21, 95.52, 90.99, 91.22, 90.39]
2026-02-09 17:45:34,162 [trainer.py] => CNN top5 curve: [100.0, 99.81, 99.75, 99.71, 99.62]
2026-02-09 17:45:34,162 [trainer.py] => Average Accuracy (CNN): 93.46599999999998
2026-02-09 17:45:34,162 [l2p.py] => Learning on 50-60

  0%|          | 0/10 [00:00<?, ?it/s]
Task 5, Epoch 1/10 => Loss 0.595, Train_accy 79.67, Test_accy 77.64:   0%|          | 0/10 [00:20<?, ?it/s]
Task 5, Epoch 1/10 => Loss 0.595, Train_accy 79.67, Test_accy 77.64:  10%|█         | 1/10 [00:20<03:00, 20.02s/it]
Task 5, Epoch 2/10 => Loss -0.084, Train_accy 95.72, Test_accy 79.90:  10%|█         | 1/10 [00:40<03:00, 20.02s/it]
Task 5, Epoch 2/10 => Loss -0.084, Train_accy 95.72, Test_accy 79.90:  20%|██        | 2/10 [00:40<02:40, 20.02s/it]
Task 5, Epoch 3/10 => Loss -0.191, Train_accy 98.23, Test_accy 82.02:  20%|██        | 2/10 [01:00<02:40, 20.02s/it]
Task 5, Epoch 3/10 => Loss -0.191, Train_accy 98.23, Test_accy 82.02:  30%|███       | 3/10 [01:00<02:20, 20.01s/it]
Task 5, Epoch 4/10 => Loss -0.242, Train_accy 99.06, Test_accy 84.28:  30%|███       | 3/10 [01:19<02:20, 20.01s/it]
Task 5, Epoch 4/10 => Loss -0.242, Train_accy 99.06, Test_accy 84.28:  40%|████      | 4/10 [01:19<01:59, 19.99s/it]
Task 5, Epoch 5/10 => Loss -0.270, Train_accy 99.48, Test_accy 86.15:  40%|████      | 4/10 [01:39<01:59, 19.99s/it]
Task 5, Epoch 5/10 => Loss -0.270, Train_accy 99.48, Test_accy 86.15:  50%|█████     | 5/10 [01:39<01:39, 19.98s/it]
Task 5, Epoch 6/10 => Loss -0.290, Train_accy 99.79, Test_accy 87.44:  50%|█████     | 5/10 [01:59<01:39, 19.98s/it]
Task 5, Epoch 6/10 => Loss -0.290, Train_accy 99.79, Test_accy 87.44:  60%|██████    | 6/10 [01:59<01:19, 19.99s/it]
Task 5, Epoch 7/10 => Loss -0.302, Train_accy 99.90, Test_accy 88.66:  60%|██████    | 6/10 [02:20<01:19, 19.99s/it]
Task 5, Epoch 7/10 => Loss -0.302, Train_accy 99.90, Test_accy 88.66:  70%|███████   | 7/10 [02:20<01:00, 20.01s/it]
Task 5, Epoch 8/10 => Loss -0.310, Train_accy 100.00, Test_accy 89.18:  70%|███████   | 7/10 [02:40<01:00, 20.01s/it]
Task 5, Epoch 8/10 => Loss -0.310, Train_accy 100.00, Test_accy 89.18:  80%|████████  | 8/10 [02:40<00:40, 20.01s/it]
Task 5, Epoch 9/10 => Loss -0.317, Train_accy 100.00, Test_accy 89.50:  80%|████████  | 8/10 [03:00<00:40, 20.01s/it]
Task 5, Epoch 9/10 => Loss -0.317, Train_accy 100.00, Test_accy 89.50:  90%|█████████ | 9/10 [03:00<00:20, 20.01s/it]
Task 5, Epoch 10/10 => Loss -0.321, Train_accy 100.00, Test_accy 89.63:  90%|█████████ | 9/10 [03:20<00:20, 20.01s/it]
Task 5, Epoch 10/10 => Loss -0.321, Train_accy 100.00, Test_accy 89.63: 100%|██████████| 10/10 [03:20<00:00, 20.04s/it]
Task 5, Epoch 10/10 => Loss -0.321, Train_accy 100.00, Test_accy 89.63: 100%|██████████| 10/10 [03:20<00:00, 20.01s/it]
2026-02-09 17:48:54,320 [l2p.py] => Task 5, Epoch 10/10 => Loss -0.321, Train_accy 100.00, Test_accy 89.63
2026-02-09 17:49:04,019 [trainer.py] => CNN: {'total': 89.63, '00-09': 77.47, '10-19': 98.46, '20-29': 94.18, '30-39': 89.16, '40-49': 91.61, '50-59': 85.89, 'old': 90.31, 'new': 85.89, 'harmonic': 88.04}
2026-02-09 17:49:04,020 [trainer.py] => CNN top1 curve: [99.21, 95.52, 90.99, 91.22, 90.39, 89.63]
2026-02-09 17:49:04,020 [trainer.py] => CNN top5 curve: [100.0, 99.81, 99.75, 99.71, 99.62, 99.55]
2026-02-09 17:49:04,020 [trainer.py] => Average Accuracy (CNN): 92.82666666666665
2026-02-09 17:49:04,020 [l2p.py] => Learning on 60-70

  0%|          | 0/10 [00:00<?, ?it/s]
Task 6, Epoch 1/10 => Loss 0.322, Train_accy 90.25, Test_accy 80.34:   0%|          | 0/10 [00:22<?, ?it/s]
Task 6, Epoch 1/10 => Loss 0.322, Train_accy 90.25, Test_accy 80.34:  10%|█         | 1/10 [00:22<03:25, 22.78s/it]
Task 6, Epoch 2/10 => Loss -0.244, Train_accy 99.81, Test_accy 82.20:  10%|█         | 1/10 [00:45<03:25, 22.78s/it]
Task 6, Epoch 2/10 => Loss -0.244, Train_accy 99.81, Test_accy 82.20:  20%|██        | 2/10 [00:45<03:02, 22.79s/it]
Task 6, Epoch 3/10 => Loss -0.288, Train_accy 100.00, Test_accy 83.79:  20%|██        | 2/10 [01:08<03:02, 22.79s/it]
Task 6, Epoch 3/10 => Loss -0.288, Train_accy 100.00, Test_accy 83.79:  30%|███       | 3/10 [01:08<02:39, 22.84s/it]
Task 6, Epoch 4/10 => Loss -0.304, Train_accy 100.00, Test_accy 84.94:  30%|███       | 3/10 [01:31<02:39, 22.84s/it]
Task 6, Epoch 4/10 => Loss -0.304, Train_accy 100.00, Test_accy 84.94:  40%|████      | 4/10 [01:31<02:16, 22.83s/it]
Task 6, Epoch 5/10 => Loss -0.312, Train_accy 100.00, Test_accy 85.54:  40%|████      | 4/10 [01:54<02:16, 22.83s/it]
Task 6, Epoch 5/10 => Loss -0.312, Train_accy 100.00, Test_accy 85.54:  50%|█████     | 5/10 [01:54<01:54, 22.82s/it]
Task 6, Epoch 6/10 => Loss -0.316, Train_accy 100.00, Test_accy 85.32:  50%|█████     | 5/10 [02:16<01:54, 22.82s/it]
Task 6, Epoch 6/10 => Loss -0.316, Train_accy 100.00, Test_accy 85.32:  60%|██████    | 6/10 [02:16<01:31, 22.80s/it]
Task 6, Epoch 7/10 => Loss -0.319, Train_accy 100.00, Test_accy 86.04:  60%|██████    | 6/10 [02:39<01:31, 22.80s/it]
Task 6, Epoch 7/10 => Loss -0.319, Train_accy 100.00, Test_accy 86.04:  70%|███████   | 7/10 [02:39<01:08, 22.78s/it]
Task 6, Epoch 8/10 => Loss -0.321, Train_accy 100.00, Test_accy 86.58:  70%|███████   | 7/10 [03:02<01:08, 22.78s/it]
Task 6, Epoch 8/10 => Loss -0.321, Train_accy 100.00, Test_accy 86.58:  80%|████████  | 8/10 [03:02<00:45, 22.80s/it]
Task 6, Epoch 9/10 => Loss -0.323, Train_accy 100.00, Test_accy 86.75:  80%|████████  | 8/10 [03:25<00:45, 22.80s/it]
Task 6, Epoch 9/10 => Loss -0.323, Train_accy 100.00, Test_accy 86.75:  90%|█████████ | 9/10 [03:25<00:22, 22.79s/it]
Task 6, Epoch 10/10 => Loss -0.324, Train_accy 100.00, Test_accy 86.91:  90%|█████████ | 9/10 [03:48<00:22, 22.79s/it]
Task 6, Epoch 10/10 => Loss -0.324, Train_accy 100.00, Test_accy 86.91: 100%|██████████| 10/10 [03:48<00:00, 22.80s/it]
Task 6, Epoch 10/10 => Loss -0.324, Train_accy 100.00, Test_accy 86.91: 100%|██████████| 10/10 [03:48<00:00, 22.80s/it]
2026-02-09 17:52:52,053 [l2p.py] => Task 6, Epoch 10/10 => Loss -0.324, Train_accy 100.00, Test_accy 86.91
2026-02-09 17:53:03,409 [trainer.py] => CNN: {'total': 86.91, '00-09': 73.91, '10-19': 97.69, '20-29': 90.55, '30-39': 87.55, '40-49': 91.61, '50-59': 80.91, '60-69': 85.04, 'old': 87.24, 'new': 85.04, 'harmonic': 86.13}
2026-02-09 17:53:03,409 [trainer.py] => CNN top1 curve: [99.21, 95.52, 90.99, 91.22, 90.39, 89.63, 86.91]
2026-02-09 17:53:03,409 [trainer.py] => CNN top5 curve: [100.0, 99.81, 99.75, 99.71, 99.62, 99.55, 99.34]
2026-02-09 17:53:03,410 [trainer.py] => Average Accuracy (CNN): 91.98142857142855
2026-02-09 17:53:03,410 [l2p.py] => Learning on 70-80

  0%|          | 0/10 [00:00<?, ?it/s]
Task 7, Epoch 1/10 => Loss 0.342, Train_accy 86.86, Test_accy 78.38:   0%|          | 0/10 [00:24<?, ?it/s]
Task 7, Epoch 1/10 => Loss 0.342, Train_accy 86.86, Test_accy 78.38:  10%|█         | 1/10 [00:24<03:37, 24.13s/it]
Task 7, Epoch 2/10 => Loss -0.233, Train_accy 99.04, Test_accy 80.97:  10%|█         | 1/10 [00:48<03:37, 24.13s/it]
Task 7, Epoch 2/10 => Loss -0.233, Train_accy 99.04, Test_accy 80.97:  20%|██        | 2/10 [00:48<03:12, 24.07s/it]
Task 7, Epoch 3/10 => Loss -0.283, Train_accy 99.42, Test_accy 82.93:  20%|██        | 2/10 [01:12<03:12, 24.07s/it]
Task 7, Epoch 3/10 => Loss -0.283, Train_accy 99.42, Test_accy 82.93:  30%|███       | 3/10 [01:12<02:49, 24.14s/it]
Task 7, Epoch 4/10 => Loss -0.305, Train_accy 99.71, Test_accy 84.13:  30%|███       | 3/10 [01:36<02:49, 24.14s/it]
Task 7, Epoch 4/10 => Loss -0.305, Train_accy 99.71, Test_accy 84.13:  40%|████      | 4/10 [01:36<02:24, 24.14s/it]
Task 7, Epoch 5/10 => Loss -0.316, Train_accy 99.81, Test_accy 85.28:  40%|████      | 4/10 [02:00<02:24, 24.14s/it]
Task 7, Epoch 5/10 => Loss -0.316, Train_accy 99.81, Test_accy 85.28:  50%|█████     | 5/10 [02:00<02:00, 24.11s/it]
Task 7, Epoch 6/10 => Loss -0.324, Train_accy 100.00, Test_accy 85.47:  50%|█████     | 5/10 [02:24<02:00, 24.11s/it]
Task 7, Epoch 6/10 => Loss -0.324, Train_accy 100.00, Test_accy 85.47:  60%|██████    | 6/10 [02:24<01:36, 24.12s/it]
Task 7, Epoch 7/10 => Loss -0.329, Train_accy 100.00, Test_accy 85.95:  60%|██████    | 6/10 [02:48<01:36, 24.12s/it]
Task 7, Epoch 7/10 => Loss -0.329, Train_accy 100.00, Test_accy 85.95:  70%|███████   | 7/10 [02:48<01:12, 24.15s/it]
Task 7, Epoch 8/10 => Loss -0.332, Train_accy 99.90, Test_accy 86.34:  70%|███████   | 7/10 [03:13<01:12, 24.15s/it] 
Task 7, Epoch 8/10 => Loss -0.332, Train_accy 99.90, Test_accy 86.34:  80%|████████  | 8/10 [03:13<00:48, 24.15s/it]
Task 7, Epoch 9/10 => Loss -0.335, Train_accy 100.00, Test_accy 86.58:  80%|████████  | 8/10 [03:37<00:48, 24.15s/it]
Task 7, Epoch 9/10 => Loss -0.335, Train_accy 100.00, Test_accy 86.58:  90%|█████████ | 9/10 [03:37<00:24, 24.18s/it]
Task 7, Epoch 10/10 => Loss -0.336, Train_accy 100.00, Test_accy 86.53:  90%|█████████ | 9/10 [04:01<00:24, 24.18s/it]
Task 7, Epoch 10/10 => Loss -0.336, Train_accy 100.00, Test_accy 86.53: 100%|██████████| 10/10 [04:01<00:00, 24.18s/it]
Task 7, Epoch 10/10 => Loss -0.336, Train_accy 100.00, Test_accy 86.53: 100%|██████████| 10/10 [04:01<00:00, 24.15s/it]
2026-02-09 17:57:04,924 [l2p.py] => Task 7, Epoch 10/10 => Loss -0.336, Train_accy 100.00, Test_accy 86.53
2026-02-09 17:57:17,989 [trainer.py] => CNN: {'total': 86.53, '00-09': 75.1, '10-19': 97.31, '20-29': 89.09, '30-39': 87.95, '40-49': 91.24, '50-59': 78.01, '60-69': 83.94, '70-79': 88.46, 'old': 86.25, 'new': 88.46, 'harmonic': 87.34}
2026-02-09 17:57:17,990 [trainer.py] => CNN top1 curve: [99.21, 95.52, 90.99, 91.22, 90.39, 89.63, 86.91, 86.53]
2026-02-09 17:57:17,990 [trainer.py] => CNN top5 curve: [100.0, 99.81, 99.75, 99.71, 99.62, 99.55, 99.34, 99.47]
2026-02-09 17:57:17,990 [trainer.py] => Average Accuracy (CNN): 91.29999999999998
2026-02-09 17:57:17,990 [l2p.py] => Learning on 80-90

  0%|          | 0/10 [00:00<?, ?it/s]
Task 8, Epoch 1/10 => Loss 0.271, Train_accy 90.34, Test_accy 76.32:   0%|          | 0/10 [00:25<?, ?it/s]
Task 8, Epoch 1/10 => Loss 0.271, Train_accy 90.34, Test_accy 76.32:  10%|█         | 1/10 [00:25<03:52, 25.79s/it]
Task 8, Epoch 2/10 => Loss -0.265, Train_accy 99.71, Test_accy 79.51:  10%|█         | 1/10 [00:51<03:52, 25.79s/it]
Task 8, Epoch 2/10 => Loss -0.265, Train_accy 99.71, Test_accy 79.51:  20%|██        | 2/10 [00:51<03:26, 25.81s/it]
Task 8, Epoch 3/10 => Loss -0.302, Train_accy 100.00, Test_accy 81.32:  20%|██        | 2/10 [01:17<03:26, 25.81s/it]
Task 8, Epoch 3/10 => Loss -0.302, Train_accy 100.00, Test_accy 81.32:  30%|███       | 3/10 [01:17<03:00, 25.81s/it]
Task 8, Epoch 4/10 => Loss -0.315, Train_accy 100.00, Test_accy 82.54:  30%|███       | 3/10 [01:43<03:00, 25.81s/it]
Task 8, Epoch 4/10 => Loss -0.315, Train_accy 100.00, Test_accy 82.54:  40%|████      | 4/10 [01:43<02:34, 25.80s/it]
Task 8, Epoch 5/10 => Loss -0.323, Train_accy 100.00, Test_accy 83.12:  40%|████      | 4/10 [02:08<02:34, 25.80s/it]
Task 8, Epoch 5/10 => Loss -0.323, Train_accy 100.00, Test_accy 83.12:  50%|█████     | 5/10 [02:08<02:08, 25.79s/it]
Task 8, Epoch 6/10 => Loss -0.327, Train_accy 100.00, Test_accy 83.50:  50%|█████     | 5/10 [02:34<02:08, 25.79s/it]
Task 8, Epoch 6/10 => Loss -0.327, Train_accy 100.00, Test_accy 83.50:  60%|██████    | 6/10 [02:34<01:43, 25.78s/it]
Task 8, Epoch 7/10 => Loss -0.329, Train_accy 100.00, Test_accy 83.96:  60%|██████    | 6/10 [03:00<01:43, 25.78s/it]
Task 8, Epoch 7/10 => Loss -0.329, Train_accy 100.00, Test_accy 83.96:  70%|███████   | 7/10 [03:00<01:17, 25.77s/it]
Task 8, Epoch 8/10 => Loss -0.332, Train_accy 100.00, Test_accy 83.92:  70%|███████   | 7/10 [03:26<01:17, 25.77s/it]
Task 8, Epoch 8/10 => Loss -0.332, Train_accy 100.00, Test_accy 83.92:  80%|████████  | 8/10 [03:26<00:51, 25.75s/it]
Task 8, Epoch 9/10 => Loss -0.332, Train_accy 100.00, Test_accy 84.59:  80%|████████  | 8/10 [03:51<00:51, 25.75s/it]
Task 8, Epoch 9/10 => Loss -0.332, Train_accy 100.00, Test_accy 84.59:  90%|█████████ | 9/10 [03:51<00:25, 25.74s/it]
Task 8, Epoch 10/10 => Loss -0.334, Train_accy 100.00, Test_accy 84.84:  90%|█████████ | 9/10 [04:17<00:25, 25.74s/it]
Task 8, Epoch 10/10 => Loss -0.334, Train_accy 100.00, Test_accy 84.84: 100%|██████████| 10/10 [04:17<00:00, 25.74s/it]
Task 8, Epoch 10/10 => Loss -0.334, Train_accy 100.00, Test_accy 84.84: 100%|██████████| 10/10 [04:17<00:00, 25.76s/it]
2026-02-09 18:01:35,646 [l2p.py] => Task 8, Epoch 10/10 => Loss -0.334, Train_accy 100.00, Test_accy 84.84
2026-02-09 18:01:50,514 [trainer.py] => CNN: {'total': 84.84, '00-09': 72.73, '10-19': 95.77, '20-29': 88.36, '30-39': 85.14, '40-49': 89.78, '50-59': 77.18, '60-69': 79.93, '70-79': 85.38, '80-89': 87.84, 'old': 84.42, 'new': 87.84, 'harmonic': 86.1}
2026-02-09 18:01:50,515 [trainer.py] => CNN top1 curve: [99.21, 95.52, 90.99, 91.22, 90.39, 89.63, 86.91, 86.53, 84.84]
2026-02-09 18:01:50,515 [trainer.py] => CNN top5 curve: [100.0, 99.81, 99.75, 99.71, 99.62, 99.55, 99.34, 99.47, 99.33]
2026-02-09 18:01:50,515 [trainer.py] => Average Accuracy (CNN): 90.58222222222221
2026-02-09 18:01:50,515 [l2p.py] => Learning on 90-100

  0%|          | 0/10 [00:00<?, ?it/s]
Task 9, Epoch 1/10 => Loss 0.379, Train_accy 87.27, Test_accy 77.87:   0%|          | 0/10 [00:27<?, ?it/s]
Task 9, Epoch 1/10 => Loss 0.379, Train_accy 87.27, Test_accy 77.87:  10%|█         | 1/10 [00:27<04:06, 27.38s/it]
Task 9, Epoch 2/10 => Loss -0.198, Train_accy 97.30, Test_accy 78.44:  10%|█         | 1/10 [00:54<04:06, 27.38s/it]
Task 9, Epoch 2/10 => Loss -0.198, Train_accy 97.30, Test_accy 78.44:  20%|██        | 2/10 [00:54<03:39, 27.38s/it]
Task 9, Epoch 3/10 => Loss -0.263, Train_accy 99.32, Test_accy 79.58:  20%|██        | 2/10 [01:22<03:39, 27.38s/it]
Task 9, Epoch 3/10 => Loss -0.263, Train_accy 99.32, Test_accy 79.58:  30%|███       | 3/10 [01:22<03:12, 27.43s/it]
Task 9, Epoch 4/10 => Loss -0.290, Train_accy 99.42, Test_accy 80.03:  30%|███       | 3/10 [01:49<03:12, 27.43s/it]
Task 9, Epoch 4/10 => Loss -0.290, Train_accy 99.42, Test_accy 80.03:  40%|████      | 4/10 [01:49<02:44, 27.45s/it]
Task 9, Epoch 5/10 => Loss -0.305, Train_accy 99.71, Test_accy 80.83:  40%|████      | 4/10 [02:17<02:44, 27.45s/it]
Task 9, Epoch 5/10 => Loss -0.305, Train_accy 99.71, Test_accy 80.83:  50%|█████     | 5/10 [02:17<02:17, 27.45s/it]
Task 9, Epoch 6/10 => Loss -0.315, Train_accy 99.81, Test_accy 81.32:  50%|█████     | 5/10 [02:44<02:17, 27.45s/it]
Task 9, Epoch 6/10 => Loss -0.315, Train_accy 99.81, Test_accy 81.32:  60%|██████    | 6/10 [02:44<01:49, 27.43s/it]
Task 9, Epoch 7/10 => Loss -0.322, Train_accy 99.90, Test_accy 81.36:  60%|██████    | 6/10 [03:12<01:49, 27.43s/it]
Task 9, Epoch 7/10 => Loss -0.322, Train_accy 99.90, Test_accy 81.36:  70%|███████   | 7/10 [03:12<01:22, 27.44s/it]
Task 9, Epoch 8/10 => Loss -0.327, Train_accy 99.90, Test_accy 81.05:  70%|███████   | 7/10 [03:39<01:22, 27.44s/it]
Task 9, Epoch 8/10 => Loss -0.327, Train_accy 99.90, Test_accy 81.05:  80%|████████  | 8/10 [03:39<00:54, 27.46s/it]
Task 9, Epoch 9/10 => Loss -0.331, Train_accy 99.90, Test_accy 81.02:  80%|████████  | 8/10 [04:06<00:54, 27.46s/it]
Task 9, Epoch 9/10 => Loss -0.331, Train_accy 99.90, Test_accy 81.02:  90%|█████████ | 9/10 [04:06<00:27, 27.44s/it]
Task 9, Epoch 10/10 => Loss -0.334, Train_accy 99.90, Test_accy 81.32:  90%|█████████ | 9/10 [04:34<00:27, 27.44s/it]
Task 9, Epoch 10/10 => Loss -0.334, Train_accy 99.90, Test_accy 81.32: 100%|██████████| 10/10 [04:34<00:00, 27.45s/it]
Task 9, Epoch 10/10 => Loss -0.334, Train_accy 99.90, Test_accy 81.32: 100%|██████████| 10/10 [04:34<00:00, 27.44s/it]
2026-02-09 18:06:24,943 [l2p.py] => Task 9, Epoch 10/10 => Loss -0.334, Train_accy 99.90, Test_accy 81.32
2026-02-09 18:06:41,279 [trainer.py] => CNN: {'total': 81.32, '00-09': 73.91, '10-19': 94.62, '20-29': 82.91, '30-39': 83.13, '40-49': 87.23, '50-59': 75.52, '60-69': 79.93, '70-79': 83.46, '80-89': 80.41, '90-99': 71.21, 'old': 82.41, 'new': 71.21, 'harmonic': 76.4}
2026-02-09 18:06:41,280 [trainer.py] => CNN top1 curve: [99.21, 95.52, 90.99, 91.22, 90.39, 89.63, 86.91, 86.53, 84.84, 81.32]
2026-02-09 18:06:41,280 [trainer.py] => CNN top5 curve: [100.0, 99.81, 99.75, 99.71, 99.62, 99.55, 99.34, 99.47, 99.33, 98.45]
2026-02-09 18:06:41,280 [trainer.py] => Average Accuracy (CNN): 89.65599999999999

========================================
Finished ucf101_init10_inc10
Backbone: OpenCLIP_LAION400M
Average Accuracy (Top1): 89.66
Last Accuracy: 81.32
========================================

2026-02-09 18:06:44,177 [trainer.py] => config: ./configs/l2p/l2p_ucf_B50_Inc10.json
2026-02-09 18:06:44,178 [trainer.py] => prefix:  
2026-02-09 18:06:44,178 [trainer.py] => dataset: ucf101
2026-02-09 18:06:44,178 [trainer.py] => memory_size: 0
2026-02-09 18:06:44,178 [trainer.py] => memory_per_class: 0
2026-02-09 18:06:44,178 [trainer.py] => fixed_memory: False
2026-02-09 18:06:44,178 [trainer.py] => shuffle: True
2026-02-09 18:06:44,178 [trainer.py] => init_cls: 50
2026-02-09 18:06:44,178 [trainer.py] => increment: 10
2026-02-09 18:06:44,178 [trainer.py] => model_name: l2p
2026-02-09 18:06:44,178 [trainer.py] => backbone_type: clip
2026-02-09 18:06:44,178 [trainer.py] => get_original_backbone: True
2026-02-09 18:06:44,178 [trainer.py] => device: [device(type='cuda', index=7)]
2026-02-09 18:06:44,178 [trainer.py] => seed: 1993
2026-02-09 18:06:44,178 [trainer.py] => tuned_epoch: 10
2026-02-09 18:06:44,178 [trainer.py] => init_lr: 0.001875
2026-02-09 18:06:44,178 [trainer.py] => batch_size: 16
2026-02-09 18:06:44,178 [trainer.py] => weight_decay: 0
2026-02-09 18:06:44,178 [trainer.py] => min_lr: 1e-05
2026-02-09 18:06:44,178 [trainer.py] => optimizer: adam
2026-02-09 18:06:44,178 [trainer.py] => scheduler: constant
2026-02-09 18:06:44,178 [trainer.py] => reinit_optimizer: True
2026-02-09 18:06:44,178 [trainer.py] => global_pool: token
2026-02-09 18:06:44,178 [trainer.py] => head_type: prompt
2026-02-09 18:06:44,178 [trainer.py] => freeze: ['blocks', 'patch_embed', 'cls_token', 'norm', 'pos_embed']
2026-02-09 18:06:44,178 [trainer.py] => pretrained: True
2026-02-09 18:06:44,178 [trainer.py] => drop: 0.0
2026-02-09 18:06:44,178 [trainer.py] => drop_path: 0.0
2026-02-09 18:06:44,178 [trainer.py] => prompt_pool: True
2026-02-09 18:06:44,178 [trainer.py] => size: 10
2026-02-09 18:06:44,178 [trainer.py] => length: 5
2026-02-09 18:06:44,178 [trainer.py] => top_k: 5
2026-02-09 18:06:44,179 [trainer.py] => initializer: uniform
2026-02-09 18:06:44,179 [trainer.py] => prompt_key: True
2026-02-09 18:06:44,179 [trainer.py] => prompt_key_init: uniform
2026-02-09 18:06:44,179 [trainer.py] => use_prompt_mask: False
2026-02-09 18:06:44,179 [trainer.py] => shared_prompt_pool: False
2026-02-09 18:06:44,179 [trainer.py] => shared_prompt_key: False
2026-02-09 18:06:44,179 [trainer.py] => batchwise_prompt: True
2026-02-09 18:06:44,179 [trainer.py] => embedding_key: cls
2026-02-09 18:06:44,179 [trainer.py] => predefined_key: 
2026-02-09 18:06:44,179 [trainer.py] => pull_constraint: True
2026-02-09 18:06:44,179 [trainer.py] => pull_constraint_coeff: 0.1
2026-02-09 18:06:44,179 [trainer.py] => nb_classes: 100
2026-02-09 18:06:44,179 [trainer.py] => total_class_num: 100
['Apply Eye Makeup', 'Apply Lipstick', 'Archery', 'Baby Crawling', 'Balance Beam', 'Band Marching', 'Baseball Pitch', 'Basketball', 'Basketball Dunk', 'Bench Press', 'Biking', 'Billiards', 'Blow Dry Hair', 'Blowing Candles', 'Body Weight Squats', 'Bowling', 'Boxing Punching Bag', 'Boxing Speed Bag', 'Breast Stroke', 'Brushing Teeth', 'Clean And Jerk', 'Cliff Diving', 'Cricket Bowling', 'Cricket Shot', 'Cutting In Kitchen', 'Diving', 'Drumming', 'Fencing', 'Field Hockey Penalty', 'Floor Gymnastics', 'Frisbee Catch', 'Front Crawl', 'Golf Swing', 'Haircut', 'Hammer Throw', 'Hammering', 'Hand Stand Pushups', 'Handstand Walking', 'Head Massage', 'High Jump', 'Horse Race', 'Horse Riding', 'Hula Hoop', 'Ice Dancing', 'Javelin Throw', 'Juggling Balls', 'Jump Rope', 'Jumping Jack', 'Kayaking', 'Knitting', 'Long Jump', 'Lunges', 'Military Parade', 'Mixing', 'Mopping Floor', 'Nunchucks', 'Parallel Bars', 'Pizza Tossing', 'Playing Cello', 'Playing Daf', 'Playing Dhol', 'Playing Flute', 'Playing Guitar', 'Playing Piano', 'Playing Sitar', 'Playing Tabla', 'Playing Violin', 'Pole Vault', 'Pommel Horse', 'Pull Ups', 'Punch', 'Push Ups', 'Rafting', 'Rock Climbing Indoor', 'Rope Climbing', 'Rowing', 'Salsa Spin', 'Shaving Beard', 'Shotput', 'Skate Boarding', 'Skiing', 'Skijet', 'Sky Diving', 'Soccer Juggling', 'Soccer Penalty', 'Still Rings', 'Sumo Wrestling', 'Surfing', 'Swing', 'Table Tennis Shot', 'Tai Chi', 'Tennis Swing', 'Throw Discus', 'Trampoline Jumping', 'Typing', 'Uneven Bars', 'Volleyball Spiking', 'Walking With Dog', 'Wall Pushups', 'Writing On Board']
['a photo of a person {}.', 'a video of a person {}.', 'a example of a person {}.', 'a demonstration of a person {}.', 'a photo of the person {}.', 'a video of the person {}.', 'a example of the person {}.', 'a demonstration of the person {}.', 'a photo of a person using {}.', 'a video of a person using {}.', 'a example of a person using {}.', 'a demonstration of a person using {}.', 'a photo of the person using {}.', 'a video of the person using {}.', 'a example of the person using {}.', 'a demonstration of the person using {}.', 'a photo of a person doing {}.', 'a video of a person doing {}.', 'a example of a person doing {}.', 'a demonstration of a person doing {}.', 'a photo of the person doing {}.', 'a video of the person doing {}.', 'a example of the person doing {}.', 'a demonstration of the person doing {}.', 'a photo of a person during {}.', 'a video of a person during {}.', 'a example of a person during {}.', 'a demonstration of a person during {}.', 'a photo of the person during {}.', 'a video of the person during {}.', 'a example of the person during {}.', 'a demonstration of the person during {}.', 'a photo of a person performing {}.', 'a video of a person performing {}.', 'a example of a person performing {}.', 'a demonstration of a person performing {}.', 'a photo of the person performing {}.', 'a video of the person performing {}.', 'a example of the person performing {}.', 'a demonstration of the person performing {}.', 'a photo of a person practicing {}.', 'a video of a person practicing {}.', 'a example of a person practicing {}.', 'a demonstration of a person practicing {}.', 'a photo of the person practicing {}.', 'a video of the person practicing {}.', 'a example of the person practicing {}.', 'a demonstration of the person practicing {}.']
{'Apply_Eye_Makeup': 0, 'Apply_Lipstick': 1, 'Archery': 2, 'Baby_Crawling': 3, 'Balance_Beam': 4, 'Band_Marching': 5, 'Baseball_Pitch': 6, 'Basketball': 7, 'Basketball_Dunk': 8, 'Bench_Press': 9, 'Biking': 10, 'Billiards': 11, 'Blow_Dry_Hair': 12, 'Blowing_Candles': 13, 'Body_Weight_Squats': 14, 'Bowling': 15, 'Boxing_Punching_Bag': 16, 'Boxing_Speed_Bag': 17, 'Breast_Stroke': 18, 'Brushing_Teeth': 19, 'Clean_And_Jerk': 20, 'Cliff_Diving': 21, 'Cricket_Bowling': 22, 'Cricket_Shot': 23, 'Cutting_In_Kitchen': 24, 'Diving': 25, 'Drumming': 26, 'Fencing': 27, 'Field_Hockey_Penalty': 28, 'Floor_Gymnastics': 29, 'Frisbee_Catch': 30, 'Front_Crawl': 31, 'Golf_Swing': 32, 'Haircut': 33, 'Hammer_Throw': 34, 'Hammering': 35, 'Handstand_Pushups': 36, 'Handstand_Walking': 37, 'Head_Massage': 38, 'High_Jump': 39, 'Horse_Race': 40, 'Horse_Riding': 41, 'Hula_Hoop': 42, 'Ice_Dancing': 43, 'Javelin_Throw': 44, 'Juggling_Balls': 45, 'Jump_Rope': 46, 'Jumping_Jack': 47, 'Kayaking': 48, 'Knitting': 49, 'Long_Jump': 50, 'Lunges': 51, 'Military_Parade': 52, 'Mixing': 53, 'Mopping_Floor': 54, 'Nunchucks': 55, 'Parallel_Bars': 56, 'Pizza_Tossing': 57, 'Playing_Cello': 58, 'Playing_Daf': 59, 'Playing_Dhol': 60, 'Playing_Flute': 61, 'Playing_Guitar': 62, 'Playing_Piano': 63, 'Playing_Sitar': 64, 'Playing_Tabla': 65, 'Playing_Violin': 66, 'Pole_Vault': 67, 'Pommel_Horse': 68, 'Pull_Ups': 69, 'Punch': 70, 'Push_Ups': 71, 'Rafting': 72, 'Rock_Climbing_Indoor': 73, 'Rope_Climbing': 74, 'Rowing': 75, 'Salsa_Spin': 76, 'Shaving_Beard': 77, 'Shotput': 78, 'Skate_Boarding': 79, 'Skiing': 80, 'Skijet': 81, 'Sky_Diving': 82, 'Soccer_Juggling': 83, 'Soccer_Penalty': 84, 'Still_Rings': 85, 'Sumo_Wrestling': 86, 'Surfing': 87, 'Swing': 88, 'Table_Tennis_Shot': 89, 'Tai_Chi': 90, 'Tennis_Swing': 91, 'Throw_Discus': 92, 'Trampoline_Jumping': 93, 'Typing': 94, 'Uneven_Bars': 95, 'Volleyball_Spiking': 96, 'Walking_With_Dog': 97, 'Wall_Pushups': 98, 'Writing_On_Board': 99}
2026-02-09 18:06:44,326 [data_manager.py] => [68, 56, 78, 8, 23, 84, 90, 65, 74, 76, 40, 89, 3, 92, 55, 9, 26, 80, 43, 38, 58, 70, 77, 1, 85, 19, 17, 50, 28, 53, 13, 81, 45, 82, 6, 59, 83, 16, 15, 44, 91, 41, 72, 60, 79, 52, 20, 10, 31, 54, 37, 95, 14, 71, 96, 98, 97, 2, 64, 66, 42, 22, 35, 86, 24, 34, 87, 21, 99, 0, 88, 27, 18, 94, 11, 12, 47, 25, 30, 46, 62, 69, 36, 61, 7, 63, 75, 5, 32, 4, 51, 48, 73, 93, 39, 67, 29, 49, 57, 33]
After shuffle, class_to_label is:  ['Pommel Horse', 'Parallel Bars', 'Shotput', 'Basketball Dunk', 'Cricket Shot', 'Soccer Penalty', 'Tai Chi', 'Playing Tabla', 'Rope Climbing', 'Salsa Spin', 'Horse Race', 'Table Tennis Shot', 'Baby Crawling', 'Throw Discus', 'Nunchucks', 'Bench Press', 'Drumming', 'Skiing', 'Ice Dancing', 'Head Massage', 'Playing Cello', 'Punch', 'Shaving Beard', 'Apply Lipstick', 'Still Rings', 'Brushing Teeth', 'Boxing Speed Bag', 'Long Jump', 'Field Hockey Penalty', 'Mixing', 'Blowing Candles', 'Skijet', 'Juggling Balls', 'Sky Diving', 'Baseball Pitch', 'Playing Daf', 'Soccer Juggling', 'Boxing Punching Bag', 'Bowling', 'Javelin Throw', 'Tennis Swing', 'Horse Riding', 'Rafting', 'Playing Dhol', 'Skate Boarding', 'Military Parade', 'Clean And Jerk', 'Biking', 'Front Crawl', 'Mopping Floor', 'Handstand Walking', 'Uneven Bars', 'Body Weight Squats', 'Push Ups', 'Volleyball Spiking', 'Wall Pushups', 'Walking With Dog', 'Archery', 'Playing Sitar', 'Playing Violin', 'Hula Hoop', 'Cricket Bowling', 'Hammering', 'Sumo Wrestling', 'Cutting In Kitchen', 'Hammer Throw', 'Surfing', 'Cliff Diving', 'Writing On Board', 'Apply Eye Makeup', 'Swing', 'Fencing', 'Breast Stroke', 'Typing', 'Billiards', 'Blow Dry Hair', 'Jumping Jack', 'Diving', 'Frisbee Catch', 'Jump Rope', 'Playing Guitar', 'Pull Ups', 'Hand Stand Pushups', 'Playing Flute', 'Basketball', 'Playing Piano', 'Rowing', 'Band Marching', 'Golf Swing', 'Balance Beam', 'Lunges', 'Kayaking', 'Rock Climbing Indoor', 'Trampoline Jumping', 'High Jump', 'Pole Vault', 'Floor Gymnastics', 'Knitting', 'Pizza Tossing', 'Haircut']
Training class stages: [50, 10, 10, 10, 10, 10]
Using CLIP model as the backbone
2026-02-09 18:06:45,523 [instantiator.py] => Created a temporary directory at /tmp/tmprppnawom
2026-02-09 18:06:45,523 [instantiator.py] => Writing /tmp/tmprppnawom/_remote_module_non_scriptable.py
2026-02-09 18:06:45,658 [factory.py] => Loaded ViT-B-16 model config.
2026-02-09 18:06:47,093 [factory.py] => Loading pretrained ViT-B-16 weights (/home/team/zhaohongwei/pretrained_models/open_clip_pytorch_model_laion400m_e32.bin).
/home/team/zhaohongwei/anaconda3/envs/mmcl/lib/python3.10/site-packages/torch/_utils.py:776: UserWarning: TypedStorage is deprecated. It will be removed in the future and UntypedStorage will be the only storage class. This should only matter to you if you are using storages directly.  To access UntypedStorage directly, use tensor.untyped_storage() instead of tensor.storage()
  return self.fget.__get__(instance, owner)()
2026-02-09 18:06:48,158 [l2p.py] => 86,457,956 model total parameters.
2026-02-09 18:06:48,159 [l2p.py] => 94,820 model training parameters.
2026-02-09 18:06:48,159 [l2p.py] => prompt.prompt: 38400
2026-02-09 18:06:48,159 [l2p.py] => prompt.prompt_key: 5120
2026-02-09 18:06:48,159 [l2p.py] => head.weight: 51200
2026-02-09 18:06:48,159 [l2p.py] => head.bias: 100
2026-02-09 18:06:48,159 [l2p.py] => Learning on 0-50

  0%|          | 0/10 [00:00<?, ?it/s]
Task 0, Epoch 1/10 => Loss 0.832, Train_accy 83.44, Test_accy 94.13:   0%|          | 0/10 [01:05<?, ?it/s]
Task 0, Epoch 1/10 => Loss 0.832, Train_accy 83.44, Test_accy 94.13:  10%|█         | 1/10 [01:05<09:46, 65.20s/it]
Task 0, Epoch 2/10 => Loss -0.094, Train_accy 96.85, Test_accy 96.11:  10%|█         | 1/10 [02:09<09:46, 65.20s/it]
Task 0, Epoch 2/10 => Loss -0.094, Train_accy 96.85, Test_accy 96.11:  20%|██        | 2/10 [02:09<08:39, 64.95s/it]
Task 0, Epoch 3/10 => Loss -0.235, Train_accy 98.56, Test_accy 97.71:  20%|██        | 2/10 [03:15<08:39, 64.95s/it]
Task 0, Epoch 3/10 => Loss -0.235, Train_accy 98.56, Test_accy 97.71:  30%|███       | 3/10 [03:15<07:35, 65.03s/it]
Task 0, Epoch 4/10 => Loss -0.278, Train_accy 99.39, Test_accy 97.79:  30%|███       | 3/10 [04:19<07:35, 65.03s/it]
Task 0, Epoch 4/10 => Loss -0.278, Train_accy 99.39, Test_accy 97.79:  40%|████      | 4/10 [04:19<06:29, 64.97s/it]
Task 0, Epoch 5/10 => Loss -0.298, Train_accy 99.69, Test_accy 97.86:  40%|████      | 4/10 [05:24<06:29, 64.97s/it]
Task 0, Epoch 5/10 => Loss -0.298, Train_accy 99.69, Test_accy 97.86:  50%|█████     | 5/10 [05:24<05:24, 64.92s/it]
Task 0, Epoch 6/10 => Loss -0.309, Train_accy 99.89, Test_accy 98.17:  50%|█████     | 5/10 [06:29<05:24, 64.92s/it]
Task 0, Epoch 6/10 => Loss -0.309, Train_accy 99.89, Test_accy 98.17:  60%|██████    | 6/10 [06:29<04:19, 64.89s/it]
Task 0, Epoch 7/10 => Loss -0.316, Train_accy 99.98, Test_accy 97.86:  60%|██████    | 6/10 [07:34<04:19, 64.89s/it]
Task 0, Epoch 7/10 => Loss -0.316, Train_accy 99.98, Test_accy 97.86:  70%|███████   | 7/10 [07:34<03:14, 64.96s/it]
Task 0, Epoch 8/10 => Loss -0.321, Train_accy 100.00, Test_accy 98.25:  70%|███████   | 7/10 [08:39<03:14, 64.96s/it]
Task 0, Epoch 8/10 => Loss -0.321, Train_accy 100.00, Test_accy 98.25:  80%|████████  | 8/10 [08:39<02:10, 65.04s/it]
Task 0, Epoch 9/10 => Loss -0.325, Train_accy 100.00, Test_accy 97.94:  80%|████████  | 8/10 [09:45<02:10, 65.04s/it]
Task 0, Epoch 9/10 => Loss -0.325, Train_accy 100.00, Test_accy 97.94:  90%|█████████ | 9/10 [09:45<01:05, 65.06s/it]
Task 0, Epoch 10/10 => Loss -0.327, Train_accy 100.00, Test_accy 98.17:  90%|█████████ | 9/10 [10:49<01:05, 65.06s/it]
Task 0, Epoch 10/10 => Loss -0.327, Train_accy 100.00, Test_accy 98.17: 100%|██████████| 10/10 [10:49<00:00, 64.99s/it]
Task 0, Epoch 10/10 => Loss -0.327, Train_accy 100.00, Test_accy 98.17: 100%|██████████| 10/10 [10:49<00:00, 64.99s/it]
2026-02-09 18:17:38,642 [l2p.py] => Task 0, Epoch 10/10 => Loss -0.327, Train_accy 100.00, Test_accy 98.17
2026-02-09 18:17:46,876 [trainer.py] => CNN: {'total': 98.17, '00-09': 97.23, '10-19': 99.62, '20-29': 98.18, '30-39': 98.8, '40-49': 97.08, 'old': 0, 'new': 98.17, 'harmonic': 0.0}
2026-02-09 18:17:46,877 [trainer.py] => CNN top1 curve: [98.17]
2026-02-09 18:17:46,877 [trainer.py] => CNN top5 curve: [99.85]
2026-02-09 18:17:46,877 [trainer.py] => Average Accuracy (CNN): 98.17
2026-02-09 18:17:46,877 [l2p.py] => Learning on 50-60

  0%|          | 0/10 [00:00<?, ?it/s]
Task 1, Epoch 1/10 => Loss 1.166, Train_accy 72.89, Test_accy 83.05:   0%|          | 0/10 [00:20<?, ?it/s]
Task 1, Epoch 1/10 => Loss 1.166, Train_accy 72.89, Test_accy 83.05:  10%|█         | 1/10 [00:20<03:01, 20.13s/it]
Task 1, Epoch 2/10 => Loss 0.329, Train_accy 93.74, Test_accy 84.28:  10%|█         | 1/10 [00:40<03:01, 20.13s/it]
Task 1, Epoch 2/10 => Loss 0.329, Train_accy 93.74, Test_accy 84.28:  20%|██        | 2/10 [00:40<02:40, 20.10s/it]
Task 1, Epoch 3/10 => Loss 0.143, Train_accy 96.56, Test_accy 85.95:  20%|██        | 2/10 [01:00<02:40, 20.10s/it]
Task 1, Epoch 3/10 => Loss 0.143, Train_accy 96.56, Test_accy 85.95:  30%|███       | 3/10 [01:00<02:20, 20.13s/it]
Task 1, Epoch 4/10 => Loss 0.037, Train_accy 97.71, Test_accy 86.73:  30%|███       | 3/10 [01:20<02:20, 20.13s/it]
Task 1, Epoch 4/10 => Loss 0.037, Train_accy 97.71, Test_accy 86.73:  40%|████      | 4/10 [01:20<02:00, 20.13s/it]
Task 1, Epoch 5/10 => Loss -0.040, Train_accy 99.27, Test_accy 87.95:  40%|████      | 4/10 [01:40<02:00, 20.13s/it]
Task 1, Epoch 5/10 => Loss -0.040, Train_accy 99.27, Test_accy 87.95:  50%|█████     | 5/10 [01:40<01:40, 20.11s/it]
Task 1, Epoch 6/10 => Loss -0.098, Train_accy 99.27, Test_accy 89.18:  50%|█████     | 5/10 [02:00<01:40, 20.11s/it]
Task 1, Epoch 6/10 => Loss -0.098, Train_accy 99.27, Test_accy 89.18:  60%|██████    | 6/10 [02:00<01:20, 20.07s/it]
Task 1, Epoch 7/10 => Loss -0.143, Train_accy 100.00, Test_accy 89.63:  60%|██████    | 6/10 [02:20<01:20, 20.07s/it]
Task 1, Epoch 7/10 => Loss -0.143, Train_accy 100.00, Test_accy 89.63:  70%|███████   | 7/10 [02:20<01:00, 20.06s/it]
Task 1, Epoch 8/10 => Loss -0.179, Train_accy 99.90, Test_accy 90.34:  70%|███████   | 7/10 [02:40<01:00, 20.06s/it] 
Task 1, Epoch 8/10 => Loss -0.179, Train_accy 99.90, Test_accy 90.34:  80%|████████  | 8/10 [02:40<00:40, 20.04s/it]
Task 1, Epoch 9/10 => Loss -0.208, Train_accy 100.00, Test_accy 91.17:  80%|████████  | 8/10 [03:00<00:40, 20.04s/it]
Task 1, Epoch 9/10 => Loss -0.208, Train_accy 100.00, Test_accy 91.17:  90%|█████████ | 9/10 [03:00<00:20, 20.05s/it]
Task 1, Epoch 10/10 => Loss -0.232, Train_accy 100.00, Test_accy 91.69:  90%|█████████ | 9/10 [03:20<00:20, 20.05s/it]
Task 1, Epoch 10/10 => Loss -0.232, Train_accy 100.00, Test_accy 91.69: 100%|██████████| 10/10 [03:20<00:00, 20.06s/it]
Task 1, Epoch 10/10 => Loss -0.232, Train_accy 100.00, Test_accy 91.69: 100%|██████████| 10/10 [03:20<00:00, 20.07s/it]
2026-02-09 18:21:07,639 [l2p.py] => Task 1, Epoch 10/10 => Loss -0.232, Train_accy 100.00, Test_accy 91.69
2026-02-09 18:21:17,435 [trainer.py] => CNN: {'total': 91.69, '00-09': 97.23, '10-19': 99.62, '20-29': 98.18, '30-39': 98.8, '40-49': 97.08, '50-59': 56.43, 'old': 98.17, 'new': 56.43, 'harmonic': 71.67}
2026-02-09 18:21:17,436 [trainer.py] => CNN top1 curve: [98.17, 91.69]
2026-02-09 18:21:17,436 [trainer.py] => CNN top5 curve: [99.85, 99.68]
2026-02-09 18:21:17,436 [trainer.py] => Average Accuracy (CNN): 94.93
2026-02-09 18:21:17,436 [l2p.py] => Learning on 60-70

  0%|          | 0/10 [00:00<?, ?it/s]
Task 2, Epoch 1/10 => Loss 0.345, Train_accy 89.78, Test_accy 79.68:   0%|          | 0/10 [00:22<?, ?it/s]
Task 2, Epoch 1/10 => Loss 0.345, Train_accy 89.78, Test_accy 79.68:  10%|█         | 1/10 [00:23<03:27, 23.00s/it]
Task 2, Epoch 2/10 => Loss -0.237, Train_accy 99.63, Test_accy 80.78:  10%|█         | 1/10 [00:45<03:27, 23.00s/it]
Task 2, Epoch 2/10 => Loss -0.237, Train_accy 99.63, Test_accy 80.78:  20%|██        | 2/10 [00:45<03:03, 22.95s/it]
Task 2, Epoch 3/10 => Loss -0.284, Train_accy 99.91, Test_accy 81.49:  20%|██        | 2/10 [01:08<03:03, 22.95s/it]
Task 2, Epoch 3/10 => Loss -0.284, Train_accy 99.91, Test_accy 81.49:  30%|███       | 3/10 [01:08<02:40, 22.89s/it]
Task 2, Epoch 4/10 => Loss -0.302, Train_accy 100.00, Test_accy 81.98:  30%|███       | 3/10 [01:31<02:40, 22.89s/it]
Task 2, Epoch 4/10 => Loss -0.302, Train_accy 100.00, Test_accy 81.98:  40%|████      | 4/10 [01:31<02:17, 22.88s/it]
Task 2, Epoch 5/10 => Loss -0.310, Train_accy 100.00, Test_accy 82.48:  40%|████      | 4/10 [01:54<02:17, 22.88s/it]
Task 2, Epoch 5/10 => Loss -0.310, Train_accy 100.00, Test_accy 82.48:  50%|█████     | 5/10 [01:54<01:54, 22.87s/it]
Task 2, Epoch 6/10 => Loss -0.316, Train_accy 100.00, Test_accy 82.75:  50%|█████     | 5/10 [02:17<01:54, 22.87s/it]
Task 2, Epoch 6/10 => Loss -0.316, Train_accy 100.00, Test_accy 82.75:  60%|██████    | 6/10 [02:17<01:31, 22.89s/it]
Task 2, Epoch 7/10 => Loss -0.319, Train_accy 100.00, Test_accy 83.08:  60%|██████    | 6/10 [02:40<01:31, 22.89s/it]
Task 2, Epoch 7/10 => Loss -0.319, Train_accy 100.00, Test_accy 83.08:  70%|███████   | 7/10 [02:40<01:08, 22.90s/it]
Task 2, Epoch 8/10 => Loss -0.321, Train_accy 100.00, Test_accy 83.57:  70%|███████   | 7/10 [03:03<01:08, 22.90s/it]
Task 2, Epoch 8/10 => Loss -0.321, Train_accy 100.00, Test_accy 83.57:  80%|████████  | 8/10 [03:03<00:45, 22.89s/it]
Task 2, Epoch 9/10 => Loss -0.322, Train_accy 100.00, Test_accy 83.57:  80%|████████  | 8/10 [03:26<00:45, 22.89s/it]
Task 2, Epoch 9/10 => Loss -0.322, Train_accy 100.00, Test_accy 83.57:  90%|█████████ | 9/10 [03:26<00:22, 22.90s/it]
Task 2, Epoch 10/10 => Loss -0.324, Train_accy 100.00, Test_accy 83.84:  90%|█████████ | 9/10 [03:48<00:22, 22.90s/it]
Task 2, Epoch 10/10 => Loss -0.324, Train_accy 100.00, Test_accy 83.84: 100%|██████████| 10/10 [03:48<00:00, 22.89s/it]
Task 2, Epoch 10/10 => Loss -0.324, Train_accy 100.00, Test_accy 83.84: 100%|██████████| 10/10 [03:48<00:00, 22.89s/it]
2026-02-09 18:25:06,399 [l2p.py] => Task 2, Epoch 10/10 => Loss -0.324, Train_accy 100.00, Test_accy 83.84
2026-02-09 18:25:17,761 [trainer.py] => CNN: {'total': 83.84, '00-09': 96.05, '10-19': 99.62, '20-29': 97.82, '30-39': 98.8, '40-49': 97.45, '50-59': 51.04, '60-69': 45.26, 'old': 90.66, 'new': 45.26, 'harmonic': 60.38}
2026-02-09 18:25:17,762 [trainer.py] => CNN top1 curve: [98.17, 91.69, 83.84]
2026-02-09 18:25:17,762 [trainer.py] => CNN top5 curve: [99.85, 99.68, 99.56]
2026-02-09 18:25:17,762 [trainer.py] => Average Accuracy (CNN): 91.23333333333335
2026-02-09 18:25:17,762 [l2p.py] => Learning on 70-80

  0%|          | 0/10 [00:00<?, ?it/s]
Task 3, Epoch 1/10 => Loss 0.326, Train_accy 89.65, Test_accy 73.63:   0%|          | 0/10 [00:24<?, ?it/s]
Task 3, Epoch 1/10 => Loss 0.326, Train_accy 89.65, Test_accy 73.63:  10%|█         | 1/10 [00:24<03:38, 24.23s/it]
Task 3, Epoch 2/10 => Loss -0.235, Train_accy 98.95, Test_accy 74.88:  10%|█         | 1/10 [00:48<03:38, 24.23s/it]
Task 3, Epoch 2/10 => Loss -0.235, Train_accy 98.95, Test_accy 74.88:  20%|██        | 2/10 [00:48<03:13, 24.23s/it]
Task 3, Epoch 3/10 => Loss -0.284, Train_accy 99.42, Test_accy 75.65:  20%|██        | 2/10 [01:12<03:13, 24.23s/it]
Task 3, Epoch 3/10 => Loss -0.284, Train_accy 99.42, Test_accy 75.65:  30%|███       | 3/10 [01:12<02:49, 24.23s/it]
Task 3, Epoch 4/10 => Loss -0.306, Train_accy 99.42, Test_accy 76.85:  30%|███       | 3/10 [01:36<02:49, 24.23s/it]
Task 3, Epoch 4/10 => Loss -0.306, Train_accy 99.42, Test_accy 76.85:  40%|████      | 4/10 [01:36<02:25, 24.20s/it]
Task 3, Epoch 5/10 => Loss -0.316, Train_accy 99.81, Test_accy 77.33:  40%|████      | 4/10 [02:01<02:25, 24.20s/it]
Task 3, Epoch 5/10 => Loss -0.316, Train_accy 99.81, Test_accy 77.33:  50%|█████     | 5/10 [02:01<02:01, 24.21s/it]
Task 3, Epoch 6/10 => Loss -0.324, Train_accy 100.00, Test_accy 78.09:  50%|█████     | 5/10 [02:25<02:01, 24.21s/it]
Task 3, Epoch 6/10 => Loss -0.324, Train_accy 100.00, Test_accy 78.09:  60%|██████    | 6/10 [02:25<01:36, 24.22s/it]
Task 3, Epoch 7/10 => Loss -0.329, Train_accy 100.00, Test_accy 78.57:  60%|██████    | 6/10 [02:49<01:36, 24.22s/it]
Task 3, Epoch 7/10 => Loss -0.329, Train_accy 100.00, Test_accy 78.57:  70%|███████   | 7/10 [02:49<01:12, 24.23s/it]
Task 3, Epoch 8/10 => Loss -0.333, Train_accy 100.00, Test_accy 78.76:  70%|███████   | 7/10 [03:13<01:12, 24.23s/it]
Task 3, Epoch 8/10 => Loss -0.333, Train_accy 100.00, Test_accy 78.76:  80%|████████  | 8/10 [03:13<00:48, 24.26s/it]
Task 3, Epoch 9/10 => Loss -0.335, Train_accy 100.00, Test_accy 79.05:  80%|████████  | 8/10 [03:38<00:48, 24.26s/it]
Task 3, Epoch 9/10 => Loss -0.335, Train_accy 100.00, Test_accy 79.05:  90%|█████████ | 9/10 [03:38<00:24, 24.25s/it]
Task 3, Epoch 10/10 => Loss -0.337, Train_accy 100.00, Test_accy 79.58:  90%|█████████ | 9/10 [04:02<00:24, 24.25s/it]
Task 3, Epoch 10/10 => Loss -0.337, Train_accy 100.00, Test_accy 79.58: 100%|██████████| 10/10 [04:02<00:00, 24.21s/it]
Task 3, Epoch 10/10 => Loss -0.337, Train_accy 100.00, Test_accy 79.58: 100%|██████████| 10/10 [04:02<00:00, 24.22s/it]
2026-02-09 18:29:20,017 [l2p.py] => Task 3, Epoch 10/10 => Loss -0.337, Train_accy 100.00, Test_accy 79.58
2026-02-09 18:29:33,050 [trainer.py] => CNN: {'total': 79.58, '00-09': 96.44, '10-19': 99.62, '20-29': 97.82, '30-39': 97.99, '40-49': 97.08, '50-59': 50.21, '60-69': 43.43, '70-79': 53.08, 'old': 83.35, 'new': 53.08, 'harmonic': 64.86}
2026-02-09 18:29:33,051 [trainer.py] => CNN top1 curve: [98.17, 91.69, 83.84, 79.58]
2026-02-09 18:29:33,051 [trainer.py] => CNN top5 curve: [99.85, 99.68, 99.56, 99.33]
2026-02-09 18:29:33,051 [trainer.py] => Average Accuracy (CNN): 88.32000000000001
2026-02-09 18:29:33,051 [l2p.py] => Learning on 80-90

  0%|          | 0/10 [00:00<?, ?it/s]
Task 4, Epoch 1/10 => Loss 0.278, Train_accy 90.44, Test_accy 69.19:   0%|          | 0/10 [00:25<?, ?it/s]
Task 4, Epoch 1/10 => Loss 0.278, Train_accy 90.44, Test_accy 69.19:  10%|█         | 1/10 [00:25<03:53, 25.93s/it]
Task 4, Epoch 2/10 => Loss -0.265, Train_accy 99.90, Test_accy 69.44:  10%|█         | 1/10 [00:51<03:53, 25.93s/it]
Task 4, Epoch 2/10 => Loss -0.265, Train_accy 99.90, Test_accy 69.44:  20%|██        | 2/10 [00:51<03:26, 25.85s/it]
Task 4, Epoch 3/10 => Loss -0.301, Train_accy 99.90, Test_accy 69.82:  20%|██        | 2/10 [01:17<03:26, 25.85s/it]
Task 4, Epoch 3/10 => Loss -0.301, Train_accy 99.90, Test_accy 69.82:  30%|███       | 3/10 [01:17<03:00, 25.81s/it]
Task 4, Epoch 4/10 => Loss -0.316, Train_accy 100.00, Test_accy 70.65:  30%|███       | 3/10 [01:43<03:00, 25.81s/it]
Task 4, Epoch 4/10 => Loss -0.316, Train_accy 100.00, Test_accy 70.65:  40%|████      | 4/10 [01:43<02:34, 25.82s/it]
Task 4, Epoch 5/10 => Loss -0.323, Train_accy 100.00, Test_accy 70.74:  40%|████      | 4/10 [02:09<02:34, 25.82s/it]
Task 4, Epoch 5/10 => Loss -0.323, Train_accy 100.00, Test_accy 70.74:  50%|█████     | 5/10 [02:09<02:09, 25.84s/it]
Task 4, Epoch 6/10 => Loss -0.326, Train_accy 100.00, Test_accy 71.24:  50%|█████     | 5/10 [02:35<02:09, 25.84s/it]
Task 4, Epoch 6/10 => Loss -0.326, Train_accy 100.00, Test_accy 71.24:  60%|██████    | 6/10 [02:35<01:43, 25.85s/it]
Task 4, Epoch 7/10 => Loss -0.330, Train_accy 100.00, Test_accy 71.87:  60%|██████    | 6/10 [03:00<01:43, 25.85s/it]
Task 4, Epoch 7/10 => Loss -0.330, Train_accy 100.00, Test_accy 71.87:  70%|███████   | 7/10 [03:00<01:17, 25.83s/it]
Task 4, Epoch 8/10 => Loss -0.331, Train_accy 100.00, Test_accy 72.33:  70%|███████   | 7/10 [03:26<01:17, 25.83s/it]
Task 4, Epoch 8/10 => Loss -0.331, Train_accy 100.00, Test_accy 72.33:  80%|████████  | 8/10 [03:26<00:51, 25.82s/it]
Task 4, Epoch 9/10 => Loss -0.332, Train_accy 100.00, Test_accy 72.84:  80%|████████  | 8/10 [03:52<00:51, 25.82s/it]
Task 4, Epoch 9/10 => Loss -0.332, Train_accy 100.00, Test_accy 72.84:  90%|█████████ | 9/10 [03:52<00:25, 25.81s/it]
Task 4, Epoch 10/10 => Loss -0.333, Train_accy 100.00, Test_accy 73.22:  90%|█████████ | 9/10 [04:18<00:25, 25.81s/it]
Task 4, Epoch 10/10 => Loss -0.333, Train_accy 100.00, Test_accy 73.22: 100%|██████████| 10/10 [04:18<00:00, 25.78s/it]
Task 4, Epoch 10/10 => Loss -0.333, Train_accy 100.00, Test_accy 73.22: 100%|██████████| 10/10 [04:18<00:00, 25.81s/it]
2026-02-09 18:33:51,211 [l2p.py] => Task 4, Epoch 10/10 => Loss -0.333, Train_accy 100.00, Test_accy 73.22
2026-02-09 18:34:05,916 [trainer.py] => CNN: {'total': 73.22, '00-09': 96.44, '10-19': 98.85, '20-29': 97.45, '30-39': 97.59, '40-49': 96.35, '50-59': 49.79, '60-69': 41.97, '70-79': 45.38, '80-89': 38.85, 'old': 78.09, 'new': 38.85, 'harmonic': 51.89}
2026-02-09 18:34:05,916 [trainer.py] => CNN top1 curve: [98.17, 91.69, 83.84, 79.58, 73.22]
2026-02-09 18:34:05,916 [trainer.py] => CNN top5 curve: [99.85, 99.68, 99.56, 99.33, 98.99]
2026-02-09 18:34:05,916 [trainer.py] => Average Accuracy (CNN): 85.3
2026-02-09 18:34:05,917 [l2p.py] => Learning on 90-100

  0%|          | 0/10 [00:00<?, ?it/s]
Task 5, Epoch 1/10 => Loss 0.399, Train_accy 85.92, Test_accy 66.28:   0%|          | 0/10 [00:27<?, ?it/s]
Task 5, Epoch 1/10 => Loss 0.399, Train_accy 85.92, Test_accy 66.28:  10%|█         | 1/10 [00:27<04:08, 27.60s/it]
Task 5, Epoch 2/10 => Loss -0.197, Train_accy 98.17, Test_accy 66.62:  10%|█         | 1/10 [00:54<04:08, 27.60s/it]
Task 5, Epoch 2/10 => Loss -0.197, Train_accy 98.17, Test_accy 66.62:  20%|██        | 2/10 [00:54<03:39, 27.43s/it]
Task 5, Epoch 3/10 => Loss -0.260, Train_accy 98.84, Test_accy 67.18:  20%|██        | 2/10 [01:22<03:39, 27.43s/it]
Task 5, Epoch 3/10 => Loss -0.260, Train_accy 98.84, Test_accy 67.18:  30%|███       | 3/10 [01:22<03:12, 27.46s/it]
Task 5, Epoch 4/10 => Loss -0.288, Train_accy 99.61, Test_accy 67.87:  30%|███       | 3/10 [01:49<03:12, 27.46s/it]
Task 5, Epoch 4/10 => Loss -0.288, Train_accy 99.61, Test_accy 67.87:  40%|████      | 4/10 [01:49<02:44, 27.42s/it]
Task 5, Epoch 5/10 => Loss -0.304, Train_accy 99.71, Test_accy 68.21:  40%|████      | 4/10 [02:17<02:44, 27.42s/it]
Task 5, Epoch 5/10 => Loss -0.304, Train_accy 99.71, Test_accy 68.21:  50%|█████     | 5/10 [02:17<02:17, 27.42s/it]
Task 5, Epoch 6/10 => Loss -0.314, Train_accy 99.90, Test_accy 68.51:  50%|█████     | 5/10 [02:44<02:17, 27.42s/it]
Task 5, Epoch 6/10 => Loss -0.314, Train_accy 99.90, Test_accy 68.51:  60%|██████    | 6/10 [02:44<01:49, 27.38s/it]
Task 5, Epoch 7/10 => Loss -0.322, Train_accy 99.90, Test_accy 69.12:  60%|██████    | 6/10 [03:11<01:49, 27.38s/it]
Task 5, Epoch 7/10 => Loss -0.322, Train_accy 99.90, Test_accy 69.12:  70%|███████   | 7/10 [03:11<01:22, 27.36s/it]
Task 5, Epoch 8/10 => Loss -0.327, Train_accy 99.90, Test_accy 69.57:  70%|███████   | 7/10 [03:39<01:22, 27.36s/it]
Task 5, Epoch 8/10 => Loss -0.327, Train_accy 99.90, Test_accy 69.57:  80%|████████  | 8/10 [03:39<00:54, 27.36s/it]
Task 5, Epoch 9/10 => Loss -0.331, Train_accy 99.90, Test_accy 69.50:  80%|████████  | 8/10 [04:06<00:54, 27.36s/it]
Task 5, Epoch 9/10 => Loss -0.331, Train_accy 99.90, Test_accy 69.50:  90%|█████████ | 9/10 [04:06<00:27, 27.41s/it]
Task 5, Epoch 10/10 => Loss -0.334, Train_accy 99.90, Test_accy 69.76:  90%|█████████ | 9/10 [04:34<00:27, 27.41s/it]
Task 5, Epoch 10/10 => Loss -0.334, Train_accy 99.90, Test_accy 69.76: 100%|██████████| 10/10 [04:34<00:00, 27.47s/it]
Task 5, Epoch 10/10 => Loss -0.334, Train_accy 99.90, Test_accy 69.76: 100%|██████████| 10/10 [04:34<00:00, 27.43s/it]
2026-02-09 18:38:40,202 [l2p.py] => Task 5, Epoch 10/10 => Loss -0.334, Train_accy 99.90, Test_accy 69.76
2026-02-09 18:38:56,483 [trainer.py] => CNN: {'total': 69.76, '00-09': 96.84, '10-19': 98.46, '20-29': 97.45, '30-39': 95.98, '40-49': 97.08, '50-59': 47.3, '60-69': 41.24, '70-79': 44.62, '80-89': 39.19, '90-99': 42.02, 'old': 72.75, 'new': 42.02, 'harmonic': 53.27}
2026-02-09 18:38:56,484 [trainer.py] => CNN top1 curve: [98.17, 91.69, 83.84, 79.58, 73.22, 69.76]
2026-02-09 18:38:56,484 [trainer.py] => CNN top5 curve: [99.85, 99.68, 99.56, 99.33, 98.99, 98.26]
2026-02-09 18:38:56,484 [trainer.py] => Average Accuracy (CNN): 82.71

========================================
Finished ucf101_init50_inc10
Backbone: OpenCLIP_LAION400M
Average Accuracy (Top1): 82.71
Last Accuracy: 69.76
========================================

2026-02-09 18:38:59,107 [trainer.py] => config: ./configs/l2p/l2p_sun_B0_Inc30.json
2026-02-09 18:38:59,107 [trainer.py] => prefix:  
2026-02-09 18:38:59,107 [trainer.py] => dataset: sun
2026-02-09 18:38:59,107 [trainer.py] => memory_size: 0
2026-02-09 18:38:59,107 [trainer.py] => memory_per_class: 0
2026-02-09 18:38:59,107 [trainer.py] => fixed_memory: False
2026-02-09 18:38:59,107 [trainer.py] => shuffle: True
2026-02-09 18:38:59,107 [trainer.py] => init_cls: 10
2026-02-09 18:38:59,107 [trainer.py] => increment: 10
2026-02-09 18:38:59,107 [trainer.py] => model_name: l2p
2026-02-09 18:38:59,107 [trainer.py] => backbone_type: clip
2026-02-09 18:38:59,107 [trainer.py] => get_original_backbone: True
2026-02-09 18:38:59,107 [trainer.py] => device: [device(type='cuda', index=7)]
2026-02-09 18:38:59,107 [trainer.py] => seed: 1993
2026-02-09 18:38:59,107 [trainer.py] => tuned_epoch: 10
2026-02-09 18:38:59,107 [trainer.py] => init_lr: 0.001875
2026-02-09 18:38:59,107 [trainer.py] => batch_size: 16
2026-02-09 18:38:59,107 [trainer.py] => weight_decay: 0
2026-02-09 18:38:59,107 [trainer.py] => min_lr: 1e-05
2026-02-09 18:38:59,108 [trainer.py] => optimizer: adam
2026-02-09 18:38:59,108 [trainer.py] => scheduler: constant
2026-02-09 18:38:59,108 [trainer.py] => reinit_optimizer: True
2026-02-09 18:38:59,108 [trainer.py] => global_pool: token
2026-02-09 18:38:59,108 [trainer.py] => head_type: prompt
2026-02-09 18:38:59,108 [trainer.py] => freeze: ['blocks', 'patch_embed', 'cls_token', 'norm', 'pos_embed']
2026-02-09 18:38:59,108 [trainer.py] => pretrained: True
2026-02-09 18:38:59,108 [trainer.py] => drop: 0.0
2026-02-09 18:38:59,108 [trainer.py] => drop_path: 0.0
2026-02-09 18:38:59,108 [trainer.py] => prompt_pool: True
2026-02-09 18:38:59,108 [trainer.py] => size: 10
2026-02-09 18:38:59,108 [trainer.py] => length: 5
2026-02-09 18:38:59,108 [trainer.py] => top_k: 5
2026-02-09 18:38:59,108 [trainer.py] => initializer: uniform
2026-02-09 18:38:59,108 [trainer.py] => prompt_key: True
2026-02-09 18:38:59,108 [trainer.py] => prompt_key_init: uniform
2026-02-09 18:38:59,108 [trainer.py] => use_prompt_mask: False
2026-02-09 18:38:59,108 [trainer.py] => shared_prompt_pool: False
2026-02-09 18:38:59,108 [trainer.py] => shared_prompt_key: False
2026-02-09 18:38:59,108 [trainer.py] => batchwise_prompt: True
2026-02-09 18:38:59,108 [trainer.py] => embedding_key: cls
2026-02-09 18:38:59,108 [trainer.py] => predefined_key: 
2026-02-09 18:38:59,108 [trainer.py] => pull_constraint: True
2026-02-09 18:38:59,108 [trainer.py] => pull_constraint_coeff: 0.1
2026-02-09 18:38:59,108 [trainer.py] => nb_classes: 300
2026-02-09 18:38:59,108 [trainer.py] => total_class_num: 300
['abbey', 'airplane cabin', 'airport terminal', 'alley', 'amphitheater', 'amusement arcade', 'amusement park', 'anechoic chamber', 'apartment building', 'apse', 'aquarium', 'aqueduct', 'arch', 'archive', 'arrival gate', 'art gallery', 'art school', 'art studio', 'assembly line', 'athletic field', 'atrium', 'attic', 'auditorium', 'auto factory', 'badlands', 'badminton court', 'baggage claim', 'bakery', 'balcony', 'ball pit', 'ballroom', 'bamboo forest', 'banquet hall', 'bar', 'barn', 'barndoor', 'baseball field', 'basement', 'basilica', 'basketball court', 'bathroom', 'batters box', 'bayou', 'bazaar', 'beach', 'beauty salon', 'bedroom', 'berth', 'biology laboratory', 'bistro', 'boardwalk', 'boat deck', 'boathouse', 'bookstore', 'booth', 'botanical garden', 'bow window', 'bowling alley', 'boxing ring', 'brewery', 'bridge', 'building facade', 'bullring', 'burial chamber', 'bus interior', 'butchers shop', 'butte', 'cabin', 'cafeteria', 'campsite', 'campus', 'canal', 'candy store', 'canyon', 'car interior', 'carrousel', 'casino', 'castle', 'catacomb', 'cathedral', 'cavern', 'cemetery', 'chalet', 'cheese factory', 'chemistry lab', 'chicken coop', 'childs room', 'church', 'classroom', 'clean room', 'cliff', 'cloister', 'closet', 'clothing store', 'coast', 'cockpit', 'coffee shop', 'computer room', 'conference center', 'conference room', 'construction site', 'control room', 'control tower', 'corn field', 'corral', 'corridor', 'cottage garden', 'courthouse', 'courtroom', 'courtyard', 'covered bridge', 'creek', 'crevasse', 'crosswalk', 'cubicle', 'dam', 'delicatessen', 'dentists office', 'desert', 'diner', 'dinette', 'dining car', 'dining room', 'discotheque', 'dock', 'doorway', 'dorm room', 'driveway', 'driving range', 'drugstore', 'electrical substation', 'elevator', 'elevator shaft', 'engine room', 'escalator', 'excavation', 'factory', 'fairway', 'fastfood restaurant', 'field', 'fire escape', 'fire station', 'firing range', 'fishpond', 'florist shop', 'food court', 'forest', 'forest path', 'forest road', 'formal garden', 'fountain', 'galley', 'game room', 'garage', 'garbage dump', 'gas station', 'gazebo', 'general store', 'gift shop', 'golf course', 'greenhouse', 'gymnasium', 'hangar', 'harbor', 'hayfield', 'heliport', 'herb garden', 'highway', 'hill', 'home office', 'hospital', 'hospital room', 'hot spring', 'hot tub', 'hotel', 'hotel room', 'house', 'hunting lodge', 'ice cream parlor', 'ice floe', 'ice shelf', 'ice skating rink', 'iceberg', 'igloo', 'industrial area', 'inn', 'islet', 'jacuzzi', 'jail', 'jail cell', 'jewelry shop', 'kasbah', 'kennel', 'kindergarden classroom', 'kitchen', 'kitchenette', 'labyrinth', 'lake', 'landfill', 'landing deck', 'laundromat', 'lecture room', 'library', 'lido deck', 'lift bridge', 'lighthouse', 'limousine interior', 'living room', 'lobby', 'lock chamber', 'locker room', 'mansion', 'manufactured home', 'market', 'marsh', 'martial arts gym', 'mausoleum', 'medina', 'moat', 'monastery', 'mosque', 'motel', 'mountain', 'mountain snowy', 'movie theater', 'museum', 'music store', 'music studio', 'nuclear power plant', 'nursery', 'oast house', 'observatory', 'ocean', 'office', 'office building', 'oil refinery', 'oilrig', 'operating room', 'orchard', 'outhouse', 'pagoda', 'palace', 'pantry', 'park', 'parking garage', 'parking lot', 'parlor', 'pasture', 'patio', 'pavilion', 'pharmacy', 'phone booth', 'physics laboratory', 'picnic area', 'pilothouse', 'planetarium', 'playground', 'playroom', 'plaza', 'podium', 'pond', 'poolroom', 'power plant', 'promenade deck', 'pub', 'pulpit', 'putting green', 'racecourse', 'raceway', 'raft', 'railroad track', 'rainforest', 'reception', 'recreation room', 'residential neighborhood', 'restaurant', 'restaurant kitchen', 'restaurant patio', 'rice paddy', 'riding arena', 'river', 'rock arch', 'rope bridge', 'ruin', 'runway', 'sandbar', 'sandbox', 'sauna', 'schoolhouse', 'sea cliff', 'server room', 'shed', 'shoe shop', 'shopfront', 'shopping mall', 'shower', 'skatepark', 'ski lodge', 'ski resort', 'ski slope']
['a photo of a {}.', 'a photo of the {}.']
{'abbey': 0, 'airplane_cabin': 1, 'airport_terminal': 2, 'alley': 3, 'amphitheater': 4, 'amusement_arcade': 5, 'amusement_park': 6, 'anechoic_chamber': 7, 'apartment_building': 8, 'apse': 9, 'aquarium': 10, 'aqueduct': 11, 'arch': 12, 'archive': 13, 'arrival_gate': 14, 'art_gallery': 15, 'art_school': 16, 'art_studio': 17, 'assembly_line': 18, 'athletic_field': 19, 'atrium': 20, 'attic': 21, 'auditorium': 22, 'auto_factory': 23, 'badlands': 24, 'badminton_court': 25, 'baggage_claim': 26, 'bakery': 27, 'balcony': 28, 'ball_pit': 29, 'ballroom': 30, 'bamboo_forest': 31, 'banquet_hall': 32, 'bar': 33, 'barn': 34, 'barndoor': 35, 'baseball_field': 36, 'basement': 37, 'basilica': 38, 'basketball_court': 39, 'bathroom': 40, 'batters_box': 41, 'bayou': 42, 'bazaar': 43, 'beach': 44, 'beauty_salon': 45, 'bedroom': 46, 'berth': 47, 'biology_laboratory': 48, 'bistro': 49, 'boardwalk': 50, 'boat_deck': 51, 'boathouse': 52, 'bookstore': 53, 'booth': 54, 'botanical_garden': 55, 'bow_window': 56, 'bowling_alley': 57, 'boxing_ring': 58, 'brewery': 59, 'bridge': 60, 'building_facade': 61, 'bullring': 62, 'burial_chamber': 63, 'bus_interior': 64, 'butchers_shop': 65, 'butte': 66, 'cabin': 67, 'cafeteria': 68, 'campsite': 69, 'campus': 70, 'canal': 71, 'candy_store': 72, 'canyon': 73, 'car_interior': 74, 'carrousel': 75, 'casino': 76, 'castle': 77, 'catacomb': 78, 'cathedral': 79, 'cavern': 80, 'cemetery': 81, 'chalet': 82, 'cheese_factory': 83, 'chemistry_lab': 84, 'chicken_coop': 85, 'childs_room': 86, 'church': 87, 'classroom': 88, 'clean_room': 89, 'cliff': 90, 'cloister': 91, 'closet': 92, 'clothing_store': 93, 'coast': 94, 'cockpit': 95, 'coffee_shop': 96, 'computer_room': 97, 'conference_center': 98, 'conference_room': 99, 'construction_site': 100, 'control_room': 101, 'control_tower': 102, 'corn_field': 103, 'corral': 104, 'corridor': 105, 'cottage_garden': 106, 'courthouse': 107, 'courtroom': 108, 'courtyard': 109, 'covered_bridge': 110, 'creek': 111, 'crevasse': 112, 'crosswalk': 113, 'cubicle': 114, 'dam': 115, 'delicatessen': 116, 'dentists_office': 117, 'desert': 118, 'diner': 119, 'dinette': 120, 'dining_car': 121, 'dining_room': 122, 'discotheque': 123, 'dock': 124, 'doorway': 125, 'dorm_room': 126, 'driveway': 127, 'driving_range': 128, 'drugstore': 129, 'electrical_substation': 130, 'elevator': 131, 'elevator_shaft': 132, 'engine_room': 133, 'escalator': 134, 'excavation': 135, 'factory': 136, 'fairway': 137, 'fastfood_restaurant': 138, 'field': 139, 'fire_escape': 140, 'fire_station': 141, 'firing_range': 142, 'fishpond': 143, 'florist_shop': 144, 'food_court': 145, 'forest': 146, 'forest_path': 147, 'forest_road': 148, 'formal_garden': 149, 'fountain': 150, 'galley': 151, 'game_room': 152, 'garage': 153, 'garbage_dump': 154, 'gas_station': 155, 'gazebo': 156, 'general_store': 157, 'gift_shop': 158, 'golf_course': 159, 'greenhouse': 160, 'gymnasium': 161, 'hangar': 162, 'harbor': 163, 'hayfield': 164, 'heliport': 165, 'herb_garden': 166, 'highway': 167, 'hill': 168, 'home_office': 169, 'hospital': 170, 'hospital_room': 171, 'hot_spring': 172, 'hot_tub': 173, 'hotel': 174, 'hotel_room': 175, 'house': 176, 'hunting_lodge': 177, 'ice_cream_parlor': 178, 'ice_floe': 179, 'ice_shelf': 180, 'ice_skating_rink': 181, 'iceberg': 182, 'igloo': 183, 'industrial_area': 184, 'inn': 185, 'islet': 186, 'jacuzzi': 187, 'jail': 188, 'jail_cell': 189, 'jewelry_shop': 190, 'kasbah': 191, 'kennel': 192, 'kindergarden_classroom': 193, 'kitchen': 194, 'kitchenette': 195, 'labyrinth': 196, 'lake': 197, 'landfill': 198, 'landing_deck': 199, 'laundromat': 200, 'lecture_room': 201, 'library': 202, 'lido_deck': 203, 'lift_bridge': 204, 'lighthouse': 205, 'limousine_interior': 206, 'living_room': 207, 'lobby': 208, 'lock_chamber': 209, 'locker_room': 210, 'mansion': 211, 'manufactured_home': 212, 'market': 213, 'marsh': 214, 'martial_arts_gym': 215, 'mausoleum': 216, 'medina': 217, 'moat': 218, 'monastery': 219, 'mosque': 220, 'motel': 221, 'mountain': 222, 'mountain_snowy': 223, 'movie_theater': 224, 'museum': 225, 'music_store': 226, 'music_studio': 227, 'nuclear_power_plant': 228, 'nursery': 229, 'oast_house': 230, 'observatory': 231, 'ocean': 232, 'office': 233, 'office_building': 234, 'oil_refinery': 235, 'oilrig': 236, 'operating_room': 237, 'orchard': 238, 'outhouse': 239, 'pagoda': 240, 'palace': 241, 'pantry': 242, 'park': 243, 'parking_garage': 244, 'parking_lot': 245, 'parlor': 246, 'pasture': 247, 'patio': 248, 'pavilion': 249, 'pharmacy': 250, 'phone_booth': 251, 'physics_laboratory': 252, 'picnic_area': 253, 'pilothouse': 254, 'planetarium': 255, 'playground': 256, 'playroom': 257, 'plaza': 258, 'podium': 259, 'pond': 260, 'poolroom': 261, 'power_plant': 262, 'promenade_deck': 263, 'pub': 264, 'pulpit': 265, 'putting_green': 266, 'racecourse': 267, 'raceway': 268, 'raft': 269, 'railroad_track': 270, 'rainforest': 271, 'reception': 272, 'recreation_room': 273, 'residential_neighborhood': 274, 'restaurant': 275, 'restaurant_kitchen': 276, 'restaurant_patio': 277, 'rice_paddy': 278, 'riding_arena': 279, 'river': 280, 'rock_arch': 281, 'rope_bridge': 282, 'ruin': 283, 'runway': 284, 'sandbar': 285, 'sandbox': 286, 'sauna': 287, 'schoolhouse': 288, 'sea_cliff': 289, 'server_room': 290, 'shed': 291, 'shoe_shop': 292, 'shopfront': 293, 'shopping_mall': 294, 'shower': 295, 'skatepark': 296, 'ski_lodge': 297, 'ski_resort': 298, 'ski_slope': 299}
2026-02-09 18:38:59,452 [data_manager.py] => [169, 221, 146, 296, 92, 229, 49, 70, 126, 77, 243, 57, 120, 223, 27, 217, 154, 8, 101, 182, 54, 50, 97, 162, 28, 193, 79, 6, 151, 0, 173, 187, 44, 277, 157, 16, 257, 122, 35, 9, 171, 176, 134, 4, 87, 255, 112, 153, 246, 286, 147, 186, 107, 98, 10, 7, 266, 214, 36, 165, 139, 254, 103, 269, 59, 23, 298, 39, 73, 208, 135, 299, 102, 20, 12, 268, 11, 209, 161, 210, 74, 42, 56, 99, 235, 133, 159, 189, 145, 238, 215, 241, 138, 195, 233, 279, 88, 199, 64, 280, 26, 203, 17, 245, 174, 236, 137, 252, 80, 68, 181, 150, 118, 94, 75, 2, 109, 119, 232, 15, 69, 184, 201, 261, 55, 287, 273, 66, 175, 32, 142, 136, 116, 76, 179, 1, 91, 248, 275, 240, 290, 170, 132, 106, 265, 270, 85, 19, 284, 43, 259, 293, 228, 200, 104, 227, 51, 224, 163, 297, 216, 260, 93, 46, 100, 272, 105, 72, 131, 3, 156, 256, 249, 48, 113, 82, 172, 213, 62, 53, 271, 168, 253, 226, 183, 180, 276, 283, 78, 61, 143, 278, 30, 141, 196, 264, 231, 52, 222, 40, 125, 219, 65, 166, 192, 289, 45, 205, 89, 267, 90, 71, 167, 262, 281, 212, 96, 84, 127, 67, 294, 178, 288, 197, 21, 18, 111, 108, 58, 230, 188, 31, 110, 291, 129, 24, 204, 83, 81, 251, 60, 13, 128, 14, 86, 63, 117, 198, 274, 5, 22, 144, 258, 121, 38, 207, 148, 292, 41, 234, 237, 114, 202, 37, 149, 206, 155, 29, 130, 177, 194, 152, 34, 33, 239, 160, 140, 47, 244, 25, 282, 158, 211, 123, 190, 218, 164, 247, 263, 191, 220, 115, 242, 250, 124, 295, 95, 285, 225, 185]
After shuffle, class_to_label is:  ['home office', 'motel', 'forest', 'skatepark', 'closet', 'nursery', 'bistro', 'campus', 'dorm room', 'castle', 'park', 'bowling alley', 'dinette', 'mountain snowy', 'bakery', 'medina', 'garbage dump', 'apartment building', 'control room', 'iceberg', 'booth', 'boardwalk', 'computer room', 'hangar', 'balcony', 'kindergarden classroom', 'cathedral', 'amusement park', 'galley', 'abbey', 'hot tub', 'jacuzzi', 'beach', 'restaurant patio', 'general store', 'art school', 'playroom', 'dining room', 'barndoor', 'apse', 'hospital room', 'house', 'escalator', 'amphitheater', 'church', 'planetarium', 'crevasse', 'garage', 'parlor', 'sandbox', 'forest path', 'islet', 'courthouse', 'conference center', 'aquarium', 'anechoic chamber', 'putting green', 'marsh', 'baseball field', 'heliport', 'field', 'pilothouse', 'corn field', 'raft', 'brewery', 'auto factory', 'ski resort', 'basketball court', 'canyon', 'lobby', 'excavation', 'ski slope', 'control tower', 'atrium', 'arch', 'raceway', 'aqueduct', 'lock chamber', 'gymnasium', 'locker room', 'car interior', 'bayou', 'bow window', 'conference room', 'oil refinery', 'engine room', 'golf course', 'jail cell', 'food court', 'orchard', 'martial arts gym', 'palace', 'fastfood restaurant', 'kitchenette', 'office', 'riding arena', 'classroom', 'landing deck', 'bus interior', 'river', 'baggage claim', 'lido deck', 'art studio', 'parking lot', 'hotel', 'oilrig', 'fairway', 'physics laboratory', 'cavern', 'cafeteria', 'ice skating rink', 'fountain', 'desert', 'coast', 'carrousel', 'airport terminal', 'courtyard', 'diner', 'ocean', 'art gallery', 'campsite', 'industrial area', 'lecture room', 'poolroom', 'botanical garden', 'sauna', 'recreation room', 'butte', 'hotel room', 'banquet hall', 'firing range', 'factory', 'delicatessen', 'casino', 'ice floe', 'airplane cabin', 'cloister', 'patio', 'restaurant', 'pagoda', 'server room', 'hospital', 'elevator shaft', 'cottage garden', 'pulpit', 'railroad track', 'chicken coop', 'athletic field', 'runway', 'bazaar', 'podium', 'shopfront', 'nuclear power plant', 'laundromat', 'corral', 'music studio', 'boat deck', 'movie theater', 'harbor', 'ski lodge', 'mausoleum', 'pond', 'clothing store', 'bedroom', 'construction site', 'reception', 'corridor', 'candy store', 'elevator', 'alley', 'gazebo', 'playground', 'pavilion', 'biology laboratory', 'crosswalk', 'chalet', 'hot spring', 'market', 'bullring', 'bookstore', 'rainforest', 'hill', 'picnic area', 'music store', 'igloo', 'ice shelf', 'restaurant kitchen', 'ruin', 'catacomb', 'building facade', 'fishpond', 'rice paddy', 'ballroom', 'fire station', 'labyrinth', 'pub', 'observatory', 'boathouse', 'mountain', 'bathroom', 'doorway', 'monastery', 'butchers shop', 'herb garden', 'kennel', 'sea cliff', 'beauty salon', 'lighthouse', 'clean room', 'racecourse', 'cliff', 'canal', 'highway', 'power plant', 'rock arch', 'manufactured home', 'coffee shop', 'chemistry lab', 'driveway', 'cabin', 'shopping mall', 'ice cream parlor', 'schoolhouse', 'lake', 'attic', 'assembly line', 'creek', 'courtroom', 'boxing ring', 'oast house', 'jail', 'bamboo forest', 'covered bridge', 'shed', 'drugstore', 'badlands', 'lift bridge', 'cheese factory', 'cemetery', 'phone booth', 'bridge', 'archive', 'driving range', 'arrival gate', 'childs room', 'burial chamber', 'dentists office', 'landfill', 'residential neighborhood', 'amusement arcade', 'auditorium', 'florist shop', 'plaza', 'dining car', 'basilica', 'living room', 'forest road', 'shoe shop', 'batters box', 'office building', 'operating room', 'cubicle', 'library', 'basement', 'formal garden', 'limousine interior', 'gas station', 'ball pit', 'electrical substation', 'hunting lodge', 'kitchen', 'game room', 'barn', 'bar', 'outhouse', 'greenhouse', 'fire escape', 'berth', 'parking garage', 'badminton court', 'rope bridge', 'gift shop', 'mansion', 'discotheque', 'jewelry shop', 'moat', 'hayfield', 'pasture', 'promenade deck', 'kasbah', 'mosque', 'dam', 'pantry', 'pharmacy', 'dock', 'shower', 'cockpit', 'sandbar', 'museum', 'inn']
Training class stages: [10, 10, 10, 10, 10, 10, 10, 10, 10, 10, 10, 10, 10, 10, 10, 10, 10, 10, 10, 10, 10, 10, 10, 10, 10, 10, 10, 10, 10, 10]
Using CLIP model as the backbone
2026-02-09 18:39:01,122 [instantiator.py] => Created a temporary directory at /tmp/tmpzy77lulb
2026-02-09 18:39:01,122 [instantiator.py] => Writing /tmp/tmpzy77lulb/_remote_module_non_scriptable.py
2026-02-09 18:39:01,265 [factory.py] => Loaded ViT-B-16 model config.
2026-02-09 18:39:02,876 [factory.py] => Loading pretrained ViT-B-16 weights (/home/team/zhaohongwei/pretrained_models/open_clip_pytorch_model_laion400m_e32.bin).
/home/team/zhaohongwei/anaconda3/envs/mmcl/lib/python3.10/site-packages/torch/_utils.py:776: UserWarning: TypedStorage is deprecated. It will be removed in the future and UntypedStorage will be the only storage class. This should only matter to you if you are using storages directly.  To access UntypedStorage directly, use tensor.untyped_storage() instead of tensor.storage()
  return self.fget.__get__(instance, owner)()
2026-02-09 18:39:03,945 [l2p.py] => 86,560,556 model total parameters.
2026-02-09 18:39:03,946 [l2p.py] => 197,420 model training parameters.
2026-02-09 18:39:03,946 [l2p.py] => prompt.prompt: 38400
2026-02-09 18:39:03,946 [l2p.py] => prompt.prompt_key: 5120
2026-02-09 18:39:03,946 [l2p.py] => head.weight: 153600
2026-02-09 18:39:03,946 [l2p.py] => head.bias: 300
2026-02-09 18:39:03,946 [l2p.py] => Learning on 0-10

  0%|          | 0/10 [00:00<?, ?it/s]
Task 0, Epoch 1/10 => Loss 0.351, Train_accy 91.08, Test_accy 97.81:   0%|          | 0/10 [00:30<?, ?it/s]
Task 0, Epoch 1/10 => Loss 0.351, Train_accy 91.08, Test_accy 97.81:  10%|█         | 1/10 [00:30<04:32, 30.27s/it]
Task 0, Epoch 2/10 => Loss -0.044, Train_accy 98.51, Test_accy 98.28:  10%|█         | 1/10 [01:00<04:32, 30.27s/it]
Task 0, Epoch 2/10 => Loss -0.044, Train_accy 98.51, Test_accy 98.28:  20%|██        | 2/10 [01:00<04:03, 30.38s/it]
Task 0, Epoch 3/10 => Loss -0.133, Train_accy 98.96, Test_accy 98.43:  20%|██        | 2/10 [01:31<04:03, 30.38s/it]
Task 0, Epoch 3/10 => Loss -0.133, Train_accy 98.96, Test_accy 98.43:  30%|███       | 3/10 [01:31<03:32, 30.40s/it]
Task 0, Epoch 4/10 => Loss -0.198, Train_accy 99.42, Test_accy 98.12:  30%|███       | 3/10 [02:01<03:32, 30.40s/it]
Task 0, Epoch 4/10 => Loss -0.198, Train_accy 99.42, Test_accy 98.12:  40%|████      | 4/10 [02:01<03:01, 30.33s/it]
Task 0, Epoch 5/10 => Loss -0.240, Train_accy 99.71, Test_accy 98.12:  40%|████      | 4/10 [02:31<03:01, 30.33s/it]
Task 0, Epoch 5/10 => Loss -0.240, Train_accy 99.71, Test_accy 98.12:  50%|█████     | 5/10 [02:31<02:32, 30.41s/it]
Task 0, Epoch 6/10 => Loss -0.266, Train_accy 99.71, Test_accy 98.12:  50%|█████     | 5/10 [03:02<02:32, 30.41s/it]
Task 0, Epoch 6/10 => Loss -0.266, Train_accy 99.71, Test_accy 98.12:  60%|██████    | 6/10 [03:02<02:01, 30.43s/it]
Task 0, Epoch 7/10 => Loss -0.280, Train_accy 99.88, Test_accy 98.12:  60%|██████    | 6/10 [03:32<02:01, 30.43s/it]
Task 0, Epoch 7/10 => Loss -0.280, Train_accy 99.88, Test_accy 98.12:  70%|███████   | 7/10 [03:32<01:31, 30.41s/it]
Task 0, Epoch 8/10 => Loss -0.286, Train_accy 99.92, Test_accy 98.12:  70%|███████   | 7/10 [04:03<01:31, 30.41s/it]
Task 0, Epoch 8/10 => Loss -0.286, Train_accy 99.92, Test_accy 98.12:  80%|████████  | 8/10 [04:03<01:00, 30.45s/it]
Task 0, Epoch 9/10 => Loss -0.289, Train_accy 100.00, Test_accy 98.12:  80%|████████  | 8/10 [04:33<01:00, 30.45s/it]
Task 0, Epoch 9/10 => Loss -0.289, Train_accy 100.00, Test_accy 98.12:  90%|█████████ | 9/10 [04:33<00:30, 30.34s/it]
Task 0, Epoch 10/10 => Loss -0.290, Train_accy 100.00, Test_accy 98.12:  90%|█████████ | 9/10 [05:03<00:30, 30.34s/it]
Task 0, Epoch 10/10 => Loss -0.290, Train_accy 100.00, Test_accy 98.12: 100%|██████████| 10/10 [05:03<00:00, 30.36s/it]
Task 0, Epoch 10/10 => Loss -0.290, Train_accy 100.00, Test_accy 98.12: 100%|██████████| 10/10 [05:03<00:00, 30.38s/it]
2026-02-09 18:44:08,310 [l2p.py] => Task 0, Epoch 10/10 => Loss -0.290, Train_accy 100.00, Test_accy 98.12
2026-02-09 18:44:12,967 [trainer.py] => CNN: {'total': 98.12, '00-09': 98.12, 'old': 0, 'new': 98.12, 'harmonic': 0.0}
2026-02-09 18:44:12,968 [trainer.py] => CNN top1 curve: [98.12]
2026-02-09 18:44:12,968 [trainer.py] => CNN top5 curve: [100.0]
2026-02-09 18:44:12,968 [trainer.py] => Average Accuracy (CNN): 98.12
2026-02-09 18:44:12,968 [l2p.py] => Learning on 10-20

  0%|          | 0/10 [00:00<?, ?it/s]
Task 1, Epoch 1/10 => Loss 0.285, Train_accy 93.95, Test_accy 88.08:   0%|          | 0/10 [00:37<?, ?it/s]
Task 1, Epoch 1/10 => Loss 0.285, Train_accy 93.95, Test_accy 88.08:  10%|█         | 1/10 [00:37<05:33, 37.03s/it]
Task 1, Epoch 2/10 => Loss -0.067, Train_accy 99.47, Test_accy 92.98:  10%|█         | 1/10 [01:14<05:33, 37.03s/it]
Task 1, Epoch 2/10 => Loss -0.067, Train_accy 99.47, Test_accy 92.98:  20%|██        | 2/10 [01:14<04:57, 37.13s/it]
Task 1, Epoch 3/10 => Loss -0.144, Train_accy 99.73, Test_accy 94.49:  20%|██        | 2/10 [01:51<04:57, 37.13s/it]
Task 1, Epoch 3/10 => Loss -0.144, Train_accy 99.73, Test_accy 94.49:  30%|███       | 3/10 [01:51<04:19, 37.13s/it]
Task 1, Epoch 4/10 => Loss -0.196, Train_accy 99.85, Test_accy 95.70:  30%|███       | 3/10 [02:28<04:19, 37.13s/it]
Task 1, Epoch 4/10 => Loss -0.196, Train_accy 99.85, Test_accy 95.70:  40%|████      | 4/10 [02:28<03:42, 37.07s/it]
Task 1, Epoch 5/10 => Loss -0.230, Train_accy 100.00, Test_accy 96.53:  40%|████      | 4/10 [03:05<03:42, 37.07s/it]
Task 1, Epoch 5/10 => Loss -0.230, Train_accy 100.00, Test_accy 96.53:  50%|█████     | 5/10 [03:05<03:05, 37.01s/it]
Task 1, Epoch 6/10 => Loss -0.253, Train_accy 100.00, Test_accy 96.83:  50%|█████     | 5/10 [03:41<03:05, 37.01s/it]
Task 1, Epoch 6/10 => Loss -0.253, Train_accy 100.00, Test_accy 96.83:  60%|██████    | 6/10 [03:41<02:27, 36.90s/it]
Task 1, Epoch 7/10 => Loss -0.272, Train_accy 100.00, Test_accy 97.06:  60%|██████    | 6/10 [04:19<02:27, 36.90s/it]
Task 1, Epoch 7/10 => Loss -0.272, Train_accy 100.00, Test_accy 97.06:  70%|███████   | 7/10 [04:19<01:51, 37.03s/it]
Task 1, Epoch 8/10 => Loss -0.286, Train_accy 100.00, Test_accy 96.91:  70%|███████   | 7/10 [04:56<01:51, 37.03s/it]
Task 1, Epoch 8/10 => Loss -0.286, Train_accy 100.00, Test_accy 96.91:  80%|████████  | 8/10 [04:56<01:14, 37.04s/it]
Task 1, Epoch 9/10 => Loss -0.291, Train_accy 100.00, Test_accy 96.68:  80%|████████  | 8/10 [05:32<01:14, 37.04s/it]
Task 1, Epoch 9/10 => Loss -0.291, Train_accy 100.00, Test_accy 96.68:  90%|█████████ | 9/10 [05:32<00:36, 36.89s/it]
Task 1, Epoch 10/10 => Loss -0.292, Train_accy 100.00, Test_accy 96.83:  90%|█████████ | 9/10 [06:09<00:36, 36.89s/it]
Task 1, Epoch 10/10 => Loss -0.292, Train_accy 100.00, Test_accy 96.83: 100%|██████████| 10/10 [06:09<00:00, 36.92s/it]
Task 1, Epoch 10/10 => Loss -0.292, Train_accy 100.00, Test_accy 96.83: 100%|██████████| 10/10 [06:09<00:00, 36.99s/it]
2026-02-09 18:50:22,846 [l2p.py] => Task 1, Epoch 10/10 => Loss -0.292, Train_accy 100.00, Test_accy 96.83
2026-02-09 18:50:31,729 [trainer.py] => CNN: {'total': 96.83, '00-09': 95.77, '10-19': 97.82, 'old': 95.77, 'new': 97.82, 'harmonic': 96.78}
2026-02-09 18:50:31,730 [trainer.py] => CNN top1 curve: [98.12, 96.83]
2026-02-09 18:50:31,730 [trainer.py] => CNN top5 curve: [100.0, 99.85]
2026-02-09 18:50:31,730 [trainer.py] => Average Accuracy (CNN): 97.475
2026-02-09 18:50:31,730 [l2p.py] => Learning on 20-30

  0%|          | 0/10 [00:00<?, ?it/s]
Task 2, Epoch 1/10 => Loss 0.083, Train_accy 90.61, Test_accy 80.27:   0%|          | 0/10 [00:47<?, ?it/s]
Task 2, Epoch 1/10 => Loss 0.083, Train_accy 90.61, Test_accy 80.27:  10%|█         | 1/10 [00:47<07:09, 47.72s/it]
Task 2, Epoch 2/10 => Loss -0.172, Train_accy 95.79, Test_accy 85.30:  10%|█         | 1/10 [01:35<07:09, 47.72s/it]
Task 2, Epoch 2/10 => Loss -0.172, Train_accy 95.79, Test_accy 85.30:  20%|██        | 2/10 [01:35<06:22, 47.76s/it]
Task 2, Epoch 3/10 => Loss -0.198, Train_accy 96.85, Test_accy 87.74:  20%|██        | 2/10 [02:23<06:22, 47.76s/it]
Task 2, Epoch 3/10 => Loss -0.198, Train_accy 96.85, Test_accy 87.74:  30%|███       | 3/10 [02:23<05:33, 47.71s/it]
Task 2, Epoch 4/10 => Loss -0.210, Train_accy 97.00, Test_accy 88.55:  30%|███       | 3/10 [03:10<05:33, 47.71s/it]
Task 2, Epoch 4/10 => Loss -0.210, Train_accy 97.00, Test_accy 88.55:  40%|████      | 4/10 [03:10<04:46, 47.68s/it]
Task 2, Epoch 5/10 => Loss -0.218, Train_accy 97.50, Test_accy 89.46:  40%|████      | 4/10 [03:58<04:46, 47.68s/it]
Task 2, Epoch 5/10 => Loss -0.218, Train_accy 97.50, Test_accy 89.46:  50%|█████     | 5/10 [03:58<03:58, 47.64s/it]
Task 2, Epoch 6/10 => Loss -0.226, Train_accy 97.78, Test_accy 90.47:  50%|█████     | 5/10 [04:46<03:58, 47.64s/it]
Task 2, Epoch 6/10 => Loss -0.226, Train_accy 97.78, Test_accy 90.47:  60%|██████    | 6/10 [04:46<03:10, 47.66s/it]
Task 2, Epoch 7/10 => Loss -0.229, Train_accy 97.91, Test_accy 91.00:  60%|██████    | 6/10 [05:34<03:10, 47.66s/it]
Task 2, Epoch 7/10 => Loss -0.229, Train_accy 97.91, Test_accy 91.00:  70%|███████   | 7/10 [05:34<02:23, 47.80s/it]
Task 2, Epoch 8/10 => Loss -0.236, Train_accy 98.35, Test_accy 91.57:  70%|███████   | 7/10 [06:21<02:23, 47.80s/it]
Task 2, Epoch 8/10 => Loss -0.236, Train_accy 98.35, Test_accy 91.57:  80%|████████  | 8/10 [06:21<01:35, 47.67s/it]
Task 2, Epoch 9/10 => Loss -0.241, Train_accy 98.41, Test_accy 91.95:  80%|████████  | 8/10 [07:09<01:35, 47.67s/it]
Task 2, Epoch 9/10 => Loss -0.241, Train_accy 98.41, Test_accy 91.95:  90%|█████████ | 9/10 [07:09<00:47, 47.69s/it]
Task 2, Epoch 10/10 => Loss -0.246, Train_accy 98.75, Test_accy 91.71:  90%|█████████ | 9/10 [07:56<00:47, 47.69s/it]
Task 2, Epoch 10/10 => Loss -0.246, Train_accy 98.75, Test_accy 91.71: 100%|██████████| 10/10 [07:56<00:00, 47.61s/it]
Task 2, Epoch 10/10 => Loss -0.246, Train_accy 98.75, Test_accy 91.71: 100%|██████████| 10/10 [07:56<00:00, 47.67s/it]
2026-02-09 18:58:28,462 [l2p.py] => Task 2, Epoch 10/10 => Loss -0.246, Train_accy 98.75, Test_accy 91.71
2026-02-09 18:58:42,139 [trainer.py] => CNN: {'total': 91.71, '00-09': 92.32, '10-19': 97.23, '20-29': 86.24, 'old': 94.87, 'new': 86.24, 'harmonic': 90.35}
2026-02-09 18:58:42,140 [trainer.py] => CNN top1 curve: [98.12, 96.83, 91.71]
2026-02-09 18:58:42,140 [trainer.py] => CNN top5 curve: [100.0, 99.85, 99.66]
2026-02-09 18:58:42,140 [trainer.py] => Average Accuracy (CNN): 95.55333333333333
2026-02-09 18:58:42,140 [l2p.py] => Learning on 30-40

  0%|          | 0/10 [00:00<?, ?it/s]
Task 3, Epoch 1/10 => Loss -0.025, Train_accy 93.92, Test_accy 76.68:   0%|          | 0/10 [00:53<?, ?it/s]
Task 3, Epoch 1/10 => Loss -0.025, Train_accy 93.92, Test_accy 76.68:  10%|█         | 1/10 [00:53<07:59, 53.32s/it]
Task 3, Epoch 2/10 => Loss -0.253, Train_accy 98.91, Test_accy 80.90:  10%|█         | 1/10 [01:46<07:59, 53.32s/it]
Task 3, Epoch 2/10 => Loss -0.253, Train_accy 98.91, Test_accy 80.90:  20%|██        | 2/10 [01:46<07:07, 53.41s/it]
Task 3, Epoch 3/10 => Loss -0.270, Train_accy 99.30, Test_accy 84.12:  20%|██        | 2/10 [02:40<07:07, 53.41s/it]
Task 3, Epoch 3/10 => Loss -0.270, Train_accy 99.30, Test_accy 84.12:  30%|███       | 3/10 [02:40<06:15, 53.65s/it]
Task 3, Epoch 4/10 => Loss -0.278, Train_accy 99.48, Test_accy 85.39:  30%|███       | 3/10 [03:34<06:15, 53.65s/it]
Task 3, Epoch 4/10 => Loss -0.278, Train_accy 99.48, Test_accy 85.39:  40%|████      | 4/10 [03:34<05:22, 53.75s/it]
Task 3, Epoch 5/10 => Loss -0.283, Train_accy 99.54, Test_accy 87.38:  40%|████      | 4/10 [04:27<05:22, 53.75s/it]
Task 3, Epoch 5/10 => Loss -0.283, Train_accy 99.54, Test_accy 87.38:  50%|█████     | 5/10 [04:27<04:28, 53.61s/it]
Task 3, Epoch 6/10 => Loss -0.287, Train_accy 99.67, Test_accy 87.96:  50%|█████     | 5/10 [05:21<04:28, 53.61s/it]
Task 3, Epoch 6/10 => Loss -0.287, Train_accy 99.67, Test_accy 87.96:  60%|██████    | 6/10 [05:21<03:34, 53.62s/it]
Task 3, Epoch 7/10 => Loss -0.290, Train_accy 99.88, Test_accy 88.65:  60%|██████    | 6/10 [06:14<03:34, 53.62s/it]
Task 3, Epoch 7/10 => Loss -0.290, Train_accy 99.88, Test_accy 88.65:  70%|███████   | 7/10 [06:14<02:40, 53.49s/it]
Task 3, Epoch 8/10 => Loss -0.292, Train_accy 99.82, Test_accy 88.99:  70%|███████   | 7/10 [07:08<02:40, 53.49s/it]
Task 3, Epoch 8/10 => Loss -0.292, Train_accy 99.82, Test_accy 88.99:  80%|████████  | 8/10 [07:08<01:46, 53.50s/it]
Task 3, Epoch 9/10 => Loss -0.294, Train_accy 99.94, Test_accy 89.20:  80%|████████  | 8/10 [08:01<01:46, 53.50s/it]
Task 3, Epoch 9/10 => Loss -0.294, Train_accy 99.94, Test_accy 89.20:  90%|█████████ | 9/10 [08:01<00:53, 53.46s/it]
Task 3, Epoch 10/10 => Loss -0.295, Train_accy 99.91, Test_accy 89.78:  90%|█████████ | 9/10 [08:55<00:53, 53.46s/it]
Task 3, Epoch 10/10 => Loss -0.295, Train_accy 99.91, Test_accy 89.78: 100%|██████████| 10/10 [08:55<00:00, 53.55s/it]
Task 3, Epoch 10/10 => Loss -0.295, Train_accy 99.91, Test_accy 89.78: 100%|██████████| 10/10 [08:55<00:00, 53.55s/it]
2026-02-09 19:07:37,645 [l2p.py] => Task 3, Epoch 10/10 => Loss -0.295, Train_accy 99.91, Test_accy 89.78
2026-02-09 19:07:56,000 [trainer.py] => CNN: {'total': 89.78, '00-09': 91.54, '10-19': 94.47, '20-29': 80.87, '30-39': 92.75, 'old': 88.6, 'new': 92.75, 'harmonic': 90.63}
2026-02-09 19:07:56,000 [trainer.py] => CNN top1 curve: [98.12, 96.83, 91.71, 89.78]
2026-02-09 19:07:56,001 [trainer.py] => CNN top5 curve: [100.0, 99.85, 99.66, 99.45]
2026-02-09 19:07:56,001 [trainer.py] => Average Accuracy (CNN): 94.10999999999999
2026-02-09 19:07:56,001 [l2p.py] => Learning on 40-50

  0%|          | 0/10 [00:00<?, ?it/s]
Task 4, Epoch 1/10 => Loss -0.046, Train_accy 95.40, Test_accy 78.82:   0%|          | 0/10 [00:57<?, ?it/s]
Task 4, Epoch 1/10 => Loss -0.046, Train_accy 95.40, Test_accy 78.82:  10%|█         | 1/10 [00:57<08:39, 57.73s/it]
Task 4, Epoch 2/10 => Loss -0.264, Train_accy 99.17, Test_accy 82.94:  10%|█         | 1/10 [01:55<08:39, 57.73s/it]
Task 4, Epoch 2/10 => Loss -0.264, Train_accy 99.17, Test_accy 82.94:  20%|██        | 2/10 [01:55<07:42, 57.78s/it]
Task 4, Epoch 3/10 => Loss -0.279, Train_accy 99.48, Test_accy 85.51:  20%|██        | 2/10 [02:53<07:42, 57.78s/it]
Task 4, Epoch 3/10 => Loss -0.279, Train_accy 99.48, Test_accy 85.51:  30%|███       | 3/10 [02:53<06:45, 57.98s/it]
Task 4, Epoch 4/10 => Loss -0.288, Train_accy 99.69, Test_accy 86.67:  30%|███       | 3/10 [03:52<06:45, 57.98s/it]
Task 4, Epoch 4/10 => Loss -0.288, Train_accy 99.69, Test_accy 86.67:  40%|████      | 4/10 [03:52<05:48, 58.14s/it]
Task 4, Epoch 5/10 => Loss -0.293, Train_accy 99.85, Test_accy 87.08:  40%|████      | 4/10 [04:49<05:48, 58.14s/it]
Task 4, Epoch 5/10 => Loss -0.293, Train_accy 99.85, Test_accy 87.08:  50%|█████     | 5/10 [04:49<04:50, 58.01s/it]
Task 4, Epoch 6/10 => Loss -0.295, Train_accy 99.88, Test_accy 87.46:  50%|█████     | 5/10 [05:47<04:50, 58.01s/it]
Task 4, Epoch 6/10 => Loss -0.295, Train_accy 99.88, Test_accy 87.46:  60%|██████    | 6/10 [05:47<03:51, 57.88s/it]
Task 4, Epoch 7/10 => Loss -0.298, Train_accy 99.97, Test_accy 87.62:  60%|██████    | 6/10 [06:45<03:51, 57.88s/it]
Task 4, Epoch 7/10 => Loss -0.298, Train_accy 99.97, Test_accy 87.62:  70%|███████   | 7/10 [06:45<02:53, 57.80s/it]
Task 4, Epoch 8/10 => Loss -0.299, Train_accy 99.97, Test_accy 87.32:  70%|███████   | 7/10 [07:43<02:53, 57.80s/it]
Task 4, Epoch 8/10 => Loss -0.299, Train_accy 99.97, Test_accy 87.32:  80%|████████  | 8/10 [07:43<01:55, 57.83s/it]
Task 4, Epoch 9/10 => Loss -0.301, Train_accy 100.00, Test_accy 87.41:  80%|████████  | 8/10 [08:40<01:55, 57.83s/it]
Task 4, Epoch 9/10 => Loss -0.301, Train_accy 100.00, Test_accy 87.41:  90%|█████████ | 9/10 [08:40<00:57, 57.73s/it]
Task 4, Epoch 10/10 => Loss -0.301, Train_accy 100.00, Test_accy 86.89:  90%|█████████ | 9/10 [09:38<00:57, 57.73s/it]
Task 4, Epoch 10/10 => Loss -0.301, Train_accy 100.00, Test_accy 86.89: 100%|██████████| 10/10 [09:38<00:00, 57.78s/it]
Task 4, Epoch 10/10 => Loss -0.301, Train_accy 100.00, Test_accy 86.89: 100%|██████████| 10/10 [09:38<00:00, 57.85s/it]
2026-02-09 19:17:34,499 [l2p.py] => Task 4, Epoch 10/10 => Loss -0.301, Train_accy 100.00, Test_accy 86.89
2026-02-09 19:17:57,784 [trainer.py] => CNN: {'total': 86.89, '00-09': 89.97, '10-19': 92.72, '20-29': 70.64, '30-39': 88.16, '40-49': 93.81, 'old': 85.05, 'new': 93.81, 'harmonic': 89.22}
2026-02-09 19:17:57,785 [trainer.py] => CNN top1 curve: [98.12, 96.83, 91.71, 89.78, 86.89]
2026-02-09 19:17:57,785 [trainer.py] => CNN top5 curve: [100.0, 99.85, 99.66, 99.45, 99.3]
2026-02-09 19:17:57,785 [trainer.py] => Average Accuracy (CNN): 92.66599999999998
2026-02-09 19:17:57,786 [l2p.py] => Learning on 50-60

  0%|          | 0/10 [00:00<?, ?it/s]
Task 5, Epoch 1/10 => Loss 0.066, Train_accy 94.15, Test_accy 79.68:   0%|          | 0/10 [00:47<?, ?it/s]
Task 5, Epoch 1/10 => Loss 0.066, Train_accy 94.15, Test_accy 79.68:  10%|█         | 1/10 [00:47<07:03, 47.09s/it]
Task 5, Epoch 2/10 => Loss -0.256, Train_accy 99.42, Test_accy 81.60:  10%|█         | 1/10 [01:33<07:03, 47.09s/it]
Task 5, Epoch 2/10 => Loss -0.256, Train_accy 99.42, Test_accy 81.60:  20%|██        | 2/10 [01:33<06:13, 46.75s/it]
Task 5, Epoch 3/10 => Loss -0.276, Train_accy 99.58, Test_accy 83.19:  20%|██        | 2/10 [02:19<06:13, 46.75s/it]
Task 5, Epoch 3/10 => Loss -0.276, Train_accy 99.58, Test_accy 83.19:  30%|███       | 3/10 [02:19<05:25, 46.49s/it]
Task 5, Epoch 4/10 => Loss -0.287, Train_accy 99.84, Test_accy 84.49:  30%|███       | 3/10 [03:06<05:25, 46.49s/it]
Task 5, Epoch 4/10 => Loss -0.287, Train_accy 99.84, Test_accy 84.49:  40%|████      | 4/10 [03:06<04:38, 46.44s/it]
Task 5, Epoch 5/10 => Loss -0.291, Train_accy 99.89, Test_accy 85.31:  40%|████      | 4/10 [03:52<04:38, 46.44s/it]
Task 5, Epoch 5/10 => Loss -0.291, Train_accy 99.89, Test_accy 85.31:  50%|█████     | 5/10 [03:52<03:52, 46.42s/it]
Task 5, Epoch 6/10 => Loss -0.294, Train_accy 99.95, Test_accy 85.69:  50%|█████     | 5/10 [04:38<03:52, 46.42s/it]
Task 5, Epoch 6/10 => Loss -0.294, Train_accy 99.95, Test_accy 85.69:  60%|██████    | 6/10 [04:38<03:05, 46.41s/it]
Task 5, Epoch 7/10 => Loss -0.296, Train_accy 100.00, Test_accy 86.29:  60%|██████    | 6/10 [05:25<03:05, 46.41s/it]
Task 5, Epoch 7/10 => Loss -0.296, Train_accy 100.00, Test_accy 86.29:  70%|███████   | 7/10 [05:25<02:19, 46.44s/it]
Task 5, Epoch 8/10 => Loss -0.297, Train_accy 100.00, Test_accy 86.41:  70%|███████   | 7/10 [06:11<02:19, 46.44s/it]
Task 5, Epoch 8/10 => Loss -0.297, Train_accy 100.00, Test_accy 86.41:  80%|████████  | 8/10 [06:11<01:32, 46.44s/it]
Task 5, Epoch 9/10 => Loss -0.298, Train_accy 100.00, Test_accy 86.58:  80%|████████  | 8/10 [06:58<01:32, 46.44s/it]
Task 5, Epoch 9/10 => Loss -0.298, Train_accy 100.00, Test_accy 86.58:  90%|█████████ | 9/10 [06:58<00:46, 46.58s/it]
Task 5, Epoch 10/10 => Loss -0.299, Train_accy 100.00, Test_accy 86.70:  90%|█████████ | 9/10 [07:45<00:46, 46.58s/it]
Task 5, Epoch 10/10 => Loss -0.299, Train_accy 100.00, Test_accy 86.70: 100%|██████████| 10/10 [07:45<00:00, 46.74s/it]
Task 5, Epoch 10/10 => Loss -0.299, Train_accy 100.00, Test_accy 86.70: 100%|██████████| 10/10 [07:45<00:00, 46.59s/it]
2026-02-09 19:25:43,684 [l2p.py] => Task 5, Epoch 10/10 => Loss -0.299, Train_accy 100.00, Test_accy 86.70
2026-02-09 19:26:09,904 [trainer.py] => CNN: {'total': 86.7, '00-09': 89.34, '10-19': 90.98, '20-29': 71.43, '30-39': 89.25, '40-49': 91.75, '50-59': 88.84, 'old': 86.43, 'new': 88.84, 'harmonic': 87.62}
2026-02-09 19:26:09,904 [trainer.py] => CNN top1 curve: [98.12, 96.83, 91.71, 89.78, 86.89, 86.7]
2026-02-09 19:26:09,904 [trainer.py] => CNN top5 curve: [100.0, 99.85, 99.66, 99.45, 99.3, 99.25]
2026-02-09 19:26:09,904 [trainer.py] => Average Accuracy (CNN): 91.67166666666667
2026-02-09 19:26:09,904 [l2p.py] => Learning on 60-70

  0%|          | 0/10 [00:00<?, ?it/s]
Task 6, Epoch 1/10 => Loss 0.057, Train_accy 92.82, Test_accy 81.65:   0%|          | 0/10 [00:53<?, ?it/s]
Task 6, Epoch 1/10 => Loss 0.057, Train_accy 92.82, Test_accy 81.65:  10%|█         | 1/10 [00:53<07:59, 53.24s/it]
Task 6, Epoch 2/10 => Loss -0.217, Train_accy 97.67, Test_accy 83.79:  10%|█         | 1/10 [01:46<07:59, 53.24s/it]
Task 6, Epoch 2/10 => Loss -0.217, Train_accy 97.67, Test_accy 83.79:  20%|██        | 2/10 [01:46<07:05, 53.21s/it]
Task 6, Epoch 3/10 => Loss -0.236, Train_accy 98.03, Test_accy 84.97:  20%|██        | 2/10 [02:39<07:05, 53.21s/it]
Task 6, Epoch 3/10 => Loss -0.236, Train_accy 98.03, Test_accy 84.97:  30%|███       | 3/10 [02:39<06:12, 53.24s/it]
Task 6, Epoch 4/10 => Loss -0.248, Train_accy 98.45, Test_accy 86.03:  30%|███       | 3/10 [03:32<06:12, 53.24s/it]
Task 6, Epoch 4/10 => Loss -0.248, Train_accy 98.45, Test_accy 86.03:  40%|████      | 4/10 [03:32<05:18, 53.14s/it]
Task 6, Epoch 5/10 => Loss -0.255, Train_accy 98.77, Test_accy 86.14:  40%|████      | 4/10 [04:25<05:18, 53.14s/it]
Task 6, Epoch 5/10 => Loss -0.255, Train_accy 98.77, Test_accy 86.14:  50%|█████     | 5/10 [04:25<04:24, 52.98s/it]
Task 6, Epoch 6/10 => Loss -0.261, Train_accy 98.81, Test_accy 86.18:  50%|█████     | 5/10 [05:18<04:24, 52.98s/it]
Task 6, Epoch 6/10 => Loss -0.261, Train_accy 98.81, Test_accy 86.18:  60%|██████    | 6/10 [05:18<03:32, 53.03s/it]
Task 6, Epoch 7/10 => Loss -0.265, Train_accy 98.99, Test_accy 86.14:  60%|██████    | 6/10 [06:11<03:32, 53.03s/it]
Task 6, Epoch 7/10 => Loss -0.265, Train_accy 98.99, Test_accy 86.14:  70%|███████   | 7/10 [06:11<02:39, 53.09s/it]
Task 6, Epoch 8/10 => Loss -0.268, Train_accy 99.04, Test_accy 86.46:  70%|███████   | 7/10 [07:04<02:39, 53.09s/it]
Task 6, Epoch 8/10 => Loss -0.268, Train_accy 99.04, Test_accy 86.46:  80%|████████  | 8/10 [07:04<01:45, 52.97s/it]
Task 6, Epoch 9/10 => Loss -0.272, Train_accy 99.22, Test_accy 86.54:  80%|████████  | 8/10 [07:57<01:45, 52.97s/it]
Task 6, Epoch 9/10 => Loss -0.272, Train_accy 99.22, Test_accy 86.54:  90%|█████████ | 9/10 [07:57<00:52, 52.90s/it]
Task 6, Epoch 10/10 => Loss -0.276, Train_accy 99.27, Test_accy 86.96:  90%|█████████ | 9/10 [08:50<00:52, 52.90s/it]
Task 6, Epoch 10/10 => Loss -0.276, Train_accy 99.27, Test_accy 86.96: 100%|██████████| 10/10 [08:50<00:00, 52.95s/it]
Task 6, Epoch 10/10 => Loss -0.276, Train_accy 99.27, Test_accy 86.96: 100%|██████████| 10/10 [08:50<00:00, 53.03s/it]
2026-02-09 19:35:00,177 [l2p.py] => Task 6, Epoch 10/10 => Loss -0.276, Train_accy 99.27, Test_accy 86.96
2026-02-09 19:35:29,409 [trainer.py] => CNN: {'total': 86.96, '00-09': 89.66, '10-19': 89.96, '20-29': 73.66, '30-39': 89.37, '40-49': 90.59, '50-59': 86.48, '60-69': 90.12, 'old': 86.53, 'new': 90.12, 'harmonic': 88.29}
2026-02-09 19:35:29,410 [trainer.py] => CNN top1 curve: [98.12, 96.83, 91.71, 89.78, 86.89, 86.7, 86.96]
2026-02-09 19:35:29,410 [trainer.py] => CNN top5 curve: [100.0, 99.85, 99.66, 99.45, 99.3, 99.25, 99.15]
2026-02-09 19:35:29,410 [trainer.py] => Average Accuracy (CNN): 90.99857142857142
2026-02-09 19:35:29,410 [l2p.py] => Learning on 70-80

  0%|          | 0/10 [00:00<?, ?it/s]
Task 7, Epoch 1/10 => Loss 0.076, Train_accy 93.01, Test_accy 81.41:   0%|          | 0/10 [00:55<?, ?it/s]
Task 7, Epoch 1/10 => Loss 0.076, Train_accy 93.01, Test_accy 81.41:  10%|█         | 1/10 [00:55<08:20, 55.63s/it]
Task 7, Epoch 2/10 => Loss -0.237, Train_accy 98.86, Test_accy 83.41:  10%|█         | 1/10 [01:51<08:20, 55.63s/it]
Task 7, Epoch 2/10 => Loss -0.237, Train_accy 98.86, Test_accy 83.41:  20%|██        | 2/10 [01:51<07:26, 55.75s/it]
Task 7, Epoch 3/10 => Loss -0.260, Train_accy 99.18, Test_accy 84.32:  20%|██        | 2/10 [02:47<07:26, 55.75s/it]
Task 7, Epoch 3/10 => Loss -0.260, Train_accy 99.18, Test_accy 84.32:  30%|███       | 3/10 [02:47<06:31, 55.93s/it]
Task 7, Epoch 4/10 => Loss -0.272, Train_accy 99.41, Test_accy 85.14:  30%|███       | 3/10 [03:43<06:31, 55.93s/it]
Task 7, Epoch 4/10 => Loss -0.272, Train_accy 99.41, Test_accy 85.14:  40%|████      | 4/10 [03:43<05:35, 55.89s/it]
Task 7, Epoch 5/10 => Loss -0.280, Train_accy 99.73, Test_accy 85.81:  40%|████      | 4/10 [04:39<05:35, 55.89s/it]
Task 7, Epoch 5/10 => Loss -0.280, Train_accy 99.73, Test_accy 85.81:  50%|█████     | 5/10 [04:39<04:39, 55.97s/it]
Task 7, Epoch 6/10 => Loss -0.285, Train_accy 99.82, Test_accy 85.94:  50%|█████     | 5/10 [05:36<04:39, 55.97s/it]
Task 7, Epoch 6/10 => Loss -0.285, Train_accy 99.82, Test_accy 85.94:  60%|██████    | 6/10 [05:36<03:44, 56.15s/it]
Task 7, Epoch 7/10 => Loss -0.287, Train_accy 99.91, Test_accy 86.11:  60%|██████    | 6/10 [06:32<03:44, 56.15s/it]
Task 7, Epoch 7/10 => Loss -0.287, Train_accy 99.91, Test_accy 86.11:  70%|███████   | 7/10 [06:32<02:48, 56.22s/it]
Task 7, Epoch 8/10 => Loss -0.290, Train_accy 99.86, Test_accy 86.15:  70%|███████   | 7/10 [07:28<02:48, 56.22s/it]
Task 7, Epoch 8/10 => Loss -0.290, Train_accy 99.86, Test_accy 86.15:  80%|████████  | 8/10 [07:28<01:52, 56.29s/it]
Task 7, Epoch 9/10 => Loss -0.292, Train_accy 99.91, Test_accy 86.55:  80%|████████  | 8/10 [08:24<01:52, 56.29s/it]
Task 7, Epoch 9/10 => Loss -0.292, Train_accy 99.91, Test_accy 86.55:  90%|█████████ | 9/10 [08:24<00:56, 56.19s/it]
Task 7, Epoch 10/10 => Loss -0.293, Train_accy 99.91, Test_accy 86.62:  90%|█████████ | 9/10 [09:20<00:56, 56.19s/it]
Task 7, Epoch 10/10 => Loss -0.293, Train_accy 99.91, Test_accy 86.62: 100%|██████████| 10/10 [09:20<00:00, 56.12s/it]
Task 7, Epoch 10/10 => Loss -0.293, Train_accy 99.91, Test_accy 86.62: 100%|██████████| 10/10 [09:20<00:00, 56.08s/it]
2026-02-09 19:44:50,203 [l2p.py] => Task 7, Epoch 10/10 => Loss -0.293, Train_accy 99.91, Test_accy 86.62
2026-02-09 19:45:22,700 [trainer.py] => CNN: {'total': 86.62, '00-09': 89.18, '10-19': 89.81, '20-29': 74.97, '30-39': 89.73, '40-49': 89.95, '50-59': 83.26, '60-69': 88.18, '70-79': 87.76, 'old': 86.5, 'new': 87.76, 'harmonic': 87.13}
2026-02-09 19:45:22,700 [trainer.py] => CNN top1 curve: [98.12, 96.83, 91.71, 89.78, 86.89, 86.7, 86.96, 86.62]
2026-02-09 19:45:22,701 [trainer.py] => CNN top5 curve: [100.0, 99.85, 99.66, 99.45, 99.3, 99.25, 99.15, 99.18]
2026-02-09 19:45:22,701 [trainer.py] => Average Accuracy (CNN): 90.45125
2026-02-09 19:45:22,701 [l2p.py] => Learning on 80-90

  0%|          | 0/10 [00:00<?, ?it/s]
Task 8, Epoch 1/10 => Loss -0.063, Train_accy 95.21, Test_accy 80.21:   0%|          | 0/10 [01:06<?, ?it/s]
Task 8, Epoch 1/10 => Loss -0.063, Train_accy 95.21, Test_accy 80.21:  10%|█         | 1/10 [01:06<09:55, 66.20s/it]
Task 8, Epoch 2/10 => Loss -0.294, Train_accy 99.96, Test_accy 82.42:  10%|█         | 1/10 [02:12<09:55, 66.20s/it]
Task 8, Epoch 2/10 => Loss -0.294, Train_accy 99.96, Test_accy 82.42:  20%|██        | 2/10 [02:12<08:48, 66.03s/it]
Task 8, Epoch 3/10 => Loss -0.303, Train_accy 99.96, Test_accy 84.75:  20%|██        | 2/10 [03:18<08:48, 66.03s/it]
Task 8, Epoch 3/10 => Loss -0.303, Train_accy 99.96, Test_accy 84.75:  30%|███       | 3/10 [03:18<07:42, 66.11s/it]
Task 8, Epoch 4/10 => Loss -0.307, Train_accy 100.00, Test_accy 85.61:  30%|███       | 3/10 [04:24<07:42, 66.11s/it]
Task 8, Epoch 4/10 => Loss -0.307, Train_accy 100.00, Test_accy 85.61:  40%|████      | 4/10 [04:24<06:37, 66.20s/it]
Task 8, Epoch 5/10 => Loss -0.309, Train_accy 100.00, Test_accy 86.24:  40%|████      | 4/10 [05:30<06:37, 66.20s/it]
Task 8, Epoch 5/10 => Loss -0.309, Train_accy 100.00, Test_accy 86.24:  50%|█████     | 5/10 [05:30<05:30, 66.15s/it]
Task 8, Epoch 6/10 => Loss -0.310, Train_accy 100.00, Test_accy 86.62:  50%|█████     | 5/10 [06:36<05:30, 66.15s/it]
Task 8, Epoch 6/10 => Loss -0.310, Train_accy 100.00, Test_accy 86.62:  60%|██████    | 6/10 [06:36<04:24, 66.18s/it]
Task 8, Epoch 7/10 => Loss -0.311, Train_accy 100.00, Test_accy 87.20:  60%|██████    | 6/10 [07:42<04:24, 66.18s/it]
Task 8, Epoch 7/10 => Loss -0.311, Train_accy 100.00, Test_accy 87.20:  70%|███████   | 7/10 [07:42<03:18, 66.13s/it]
Task 8, Epoch 8/10 => Loss -0.311, Train_accy 100.00, Test_accy 87.20:  70%|███████   | 7/10 [08:49<03:18, 66.13s/it]
Task 8, Epoch 8/10 => Loss -0.311, Train_accy 100.00, Test_accy 87.20:  80%|████████  | 8/10 [08:49<02:12, 66.25s/it]
Task 8, Epoch 9/10 => Loss -0.311, Train_accy 100.00, Test_accy 86.94:  80%|████████  | 8/10 [09:56<02:12, 66.25s/it]
Task 8, Epoch 9/10 => Loss -0.311, Train_accy 100.00, Test_accy 86.94:  90%|█████████ | 9/10 [09:56<01:06, 66.41s/it]
Task 8, Epoch 10/10 => Loss -0.312, Train_accy 100.00, Test_accy 87.16:  90%|█████████ | 9/10 [11:02<01:06, 66.41s/it]
Task 8, Epoch 10/10 => Loss -0.312, Train_accy 100.00, Test_accy 87.16: 100%|██████████| 10/10 [11:02<00:00, 66.34s/it]
Task 8, Epoch 10/10 => Loss -0.312, Train_accy 100.00, Test_accy 87.16: 100%|██████████| 10/10 [11:02<00:00, 66.24s/it]
2026-02-09 19:56:25,163 [l2p.py] => Task 8, Epoch 10/10 => Loss -0.312, Train_accy 100.00, Test_accy 87.16
2026-02-09 19:57:02,196 [trainer.py] => CNN: {'total': 87.16, '00-09': 89.66, '10-19': 90.1, '20-29': 77.72, '30-39': 87.56, '40-49': 90.46, '50-59': 83.26, '60-69': 87.3, '70-79': 87.76, '80-89': 90.38, 'old': 86.76, 'new': 90.38, 'harmonic': 88.53}
2026-02-09 19:57:02,197 [trainer.py] => CNN top1 curve: [98.12, 96.83, 91.71, 89.78, 86.89, 86.7, 86.96, 86.62, 87.16]
2026-02-09 19:57:02,197 [trainer.py] => CNN top5 curve: [100.0, 99.85, 99.66, 99.45, 99.3, 99.25, 99.15, 99.18, 99.07]
2026-02-09 19:57:02,197 [trainer.py] => Average Accuracy (CNN): 90.08555555555556
2026-02-09 19:57:02,197 [l2p.py] => Learning on 90-100

  0%|          | 0/10 [00:00<?, ?it/s]
Task 9, Epoch 1/10 => Loss 0.122, Train_accy 94.00, Test_accy 82.14:   0%|          | 0/10 [00:55<?, ?it/s]
Task 9, Epoch 1/10 => Loss 0.122, Train_accy 94.00, Test_accy 82.14:  10%|█         | 1/10 [00:55<08:22, 55.87s/it]
Task 9, Epoch 2/10 => Loss -0.250, Train_accy 99.80, Test_accy 83.20:  10%|█         | 1/10 [01:50<08:22, 55.87s/it]
Task 9, Epoch 2/10 => Loss -0.250, Train_accy 99.80, Test_accy 83.20:  20%|██        | 2/10 [01:50<07:23, 55.43s/it]
Task 9, Epoch 3/10 => Loss -0.270, Train_accy 99.93, Test_accy 83.78:  20%|██        | 2/10 [02:46<07:23, 55.43s/it]
Task 9, Epoch 3/10 => Loss -0.270, Train_accy 99.93, Test_accy 83.78:  30%|███       | 3/10 [02:46<06:28, 55.47s/it]
Task 9, Epoch 4/10 => Loss -0.279, Train_accy 100.00, Test_accy 84.32:  30%|███       | 3/10 [03:42<06:28, 55.47s/it]
Task 9, Epoch 4/10 => Loss -0.279, Train_accy 100.00, Test_accy 84.32:  40%|████      | 4/10 [03:42<05:33, 55.65s/it]
Task 9, Epoch 5/10 => Loss -0.284, Train_accy 100.00, Test_accy 84.75:  40%|████      | 4/10 [04:38<05:33, 55.65s/it]
Task 9, Epoch 5/10 => Loss -0.284, Train_accy 100.00, Test_accy 84.75:  50%|█████     | 5/10 [04:38<04:38, 55.65s/it]
Task 9, Epoch 6/10 => Loss -0.286, Train_accy 100.00, Test_accy 85.13:  50%|█████     | 5/10 [05:33<04:38, 55.65s/it]
Task 9, Epoch 6/10 => Loss -0.286, Train_accy 100.00, Test_accy 85.13:  60%|██████    | 6/10 [05:33<03:42, 55.59s/it]
Task 9, Epoch 7/10 => Loss -0.288, Train_accy 100.00, Test_accy 85.32:  60%|██████    | 6/10 [06:28<03:42, 55.59s/it]
Task 9, Epoch 7/10 => Loss -0.288, Train_accy 100.00, Test_accy 85.32:  70%|███████   | 7/10 [06:28<02:46, 55.53s/it]
Task 9, Epoch 8/10 => Loss -0.289, Train_accy 100.00, Test_accy 85.10:  70%|███████   | 7/10 [07:24<02:46, 55.53s/it]
Task 9, Epoch 8/10 => Loss -0.289, Train_accy 100.00, Test_accy 85.10:  80%|████████  | 8/10 [07:24<01:50, 55.50s/it]
Task 9, Epoch 9/10 => Loss -0.290, Train_accy 100.00, Test_accy 85.46:  80%|████████  | 8/10 [08:20<01:50, 55.50s/it]
Task 9, Epoch 9/10 => Loss -0.290, Train_accy 100.00, Test_accy 85.46:  90%|█████████ | 9/10 [08:20<00:55, 55.63s/it]
Task 9, Epoch 10/10 => Loss -0.291, Train_accy 100.00, Test_accy 85.65:  90%|█████████ | 9/10 [09:16<00:55, 55.63s/it]
Task 9, Epoch 10/10 => Loss -0.291, Train_accy 100.00, Test_accy 85.65: 100%|██████████| 10/10 [09:16<00:00, 55.69s/it]
Task 9, Epoch 10/10 => Loss -0.291, Train_accy 100.00, Test_accy 85.65: 100%|██████████| 10/10 [09:16<00:00, 55.61s/it]
2026-02-09 20:06:18,344 [l2p.py] => Task 9, Epoch 10/10 => Loss -0.291, Train_accy 100.00, Test_accy 85.65
2026-02-09 20:06:57,817 [trainer.py] => CNN: {'total': 85.65, '00-09': 88.56, '10-19': 89.37, '20-29': 76.41, '30-39': 88.77, '40-49': 90.85, '50-59': 82.19, '60-69': 84.66, '70-79': 85.12, '80-89': 89.17, '90-99': 75.89, 'old': 86.3, 'new': 75.89, 'harmonic': 80.76}
2026-02-09 20:06:57,817 [trainer.py] => CNN top1 curve: [98.12, 96.83, 91.71, 89.78, 86.89, 86.7, 86.96, 86.62, 87.16, 85.65]
2026-02-09 20:06:57,817 [trainer.py] => CNN top5 curve: [100.0, 99.85, 99.66, 99.45, 99.3, 99.25, 99.15, 99.18, 99.07, 98.94]
2026-02-09 20:06:57,817 [trainer.py] => Average Accuracy (CNN): 89.642
2026-02-09 20:06:57,817 [l2p.py] => Learning on 100-110

  0%|          | 0/10 [00:00<?, ?it/s]
Task 10, Epoch 1/10 => Loss 0.045, Train_accy 95.14, Test_accy 80.69:   0%|          | 0/10 [01:02<?, ?it/s]
Task 10, Epoch 1/10 => Loss 0.045, Train_accy 95.14, Test_accy 80.69:  10%|█         | 1/10 [01:02<09:22, 62.54s/it]
Task 10, Epoch 2/10 => Loss -0.247, Train_accy 99.10, Test_accy 81.85:  10%|█         | 1/10 [02:04<09:22, 62.54s/it]
Task 10, Epoch 2/10 => Loss -0.247, Train_accy 99.10, Test_accy 81.85:  20%|██        | 2/10 [02:04<08:19, 62.39s/it]
Task 10, Epoch 3/10 => Loss -0.270, Train_accy 99.52, Test_accy 82.70:  20%|██        | 2/10 [03:07<08:19, 62.39s/it]
Task 10, Epoch 3/10 => Loss -0.270, Train_accy 99.52, Test_accy 82.70:  30%|███       | 3/10 [03:07<07:16, 62.36s/it]
Task 10, Epoch 4/10 => Loss -0.280, Train_accy 99.79, Test_accy 83.08:  30%|███       | 3/10 [04:09<07:16, 62.36s/it]
Task 10, Epoch 4/10 => Loss -0.280, Train_accy 99.79, Test_accy 83.08:  40%|████      | 4/10 [04:09<06:14, 62.47s/it]
Task 10, Epoch 5/10 => Loss -0.285, Train_accy 99.84, Test_accy 83.49:  40%|████      | 4/10 [05:12<06:14, 62.47s/it]
Task 10, Epoch 5/10 => Loss -0.285, Train_accy 99.84, Test_accy 83.49:  50%|█████     | 5/10 [05:12<05:12, 62.58s/it]
Task 10, Epoch 6/10 => Loss -0.289, Train_accy 100.00, Test_accy 83.52:  50%|█████     | 5/10 [06:15<05:12, 62.58s/it]
Task 10, Epoch 6/10 => Loss -0.289, Train_accy 100.00, Test_accy 83.52:  60%|██████    | 6/10 [06:15<04:10, 62.58s/it]
Task 10, Epoch 7/10 => Loss -0.290, Train_accy 100.00, Test_accy 83.68:  60%|██████    | 6/10 [07:17<04:10, 62.58s/it]
Task 10, Epoch 7/10 => Loss -0.290, Train_accy 100.00, Test_accy 83.68:  70%|███████   | 7/10 [07:17<03:07, 62.43s/it]
Task 10, Epoch 8/10 => Loss -0.292, Train_accy 100.00, Test_accy 83.62:  70%|███████   | 7/10 [08:19<03:07, 62.43s/it]
Task 10, Epoch 8/10 => Loss -0.292, Train_accy 100.00, Test_accy 83.62:  80%|████████  | 8/10 [08:19<02:04, 62.39s/it]
Task 10, Epoch 9/10 => Loss -0.293, Train_accy 100.00, Test_accy 83.58:  80%|████████  | 8/10 [09:21<02:04, 62.39s/it]
Task 10, Epoch 9/10 => Loss -0.293, Train_accy 100.00, Test_accy 83.58:  90%|█████████ | 9/10 [09:21<01:02, 62.35s/it]
Task 10, Epoch 10/10 => Loss -0.294, Train_accy 100.00, Test_accy 83.49:  90%|█████████ | 9/10 [10:24<01:02, 62.35s/it]
Task 10, Epoch 10/10 => Loss -0.294, Train_accy 100.00, Test_accy 83.49: 100%|██████████| 10/10 [10:24<00:00, 62.35s/it]
Task 10, Epoch 10/10 => Loss -0.294, Train_accy 100.00, Test_accy 83.49: 100%|██████████| 10/10 [10:24<00:00, 62.42s/it]
2026-02-09 20:17:22,012 [l2p.py] => Task 10, Epoch 10/10 => Loss -0.294, Train_accy 100.00, Test_accy 83.49
2026-02-09 20:18:03,859 [trainer.py] => CNN: {'total': 83.49, '00-09': 87.62, '10-19': 87.92, '20-29': 74.44, '30-39': 88.77, '40-49': 88.79, '50-59': 79.4, '60-69': 84.83, '70-79': 84.56, '80-89': 85.41, '90-99': 71.32, '100-109': 77.2, 'old': 83.99, 'new': 77.2, 'harmonic': 80.45}
2026-02-09 20:18:03,859 [trainer.py] => CNN top1 curve: [98.12, 96.83, 91.71, 89.78, 86.89, 86.7, 86.96, 86.62, 87.16, 85.65, 83.49]
2026-02-09 20:18:03,859 [trainer.py] => CNN top5 curve: [100.0, 99.85, 99.66, 99.45, 99.3, 99.25, 99.15, 99.18, 99.07, 98.94, 98.66]
2026-02-09 20:18:03,859 [trainer.py] => Average Accuracy (CNN): 89.08272727272727
2026-02-09 20:18:03,859 [l2p.py] => Learning on 110-120

  0%|          | 0/10 [00:00<?, ?it/s]
Task 11, Epoch 1/10 => Loss 0.013, Train_accy 93.58, Test_accy 76.10:   0%|          | 0/10 [01:21<?, ?it/s]
Task 11, Epoch 1/10 => Loss 0.013, Train_accy 93.58, Test_accy 76.10:  10%|█         | 1/10 [01:21<12:10, 81.22s/it]
Task 11, Epoch 2/10 => Loss -0.232, Train_accy 98.17, Test_accy 78.37:  10%|█         | 1/10 [02:43<12:10, 81.22s/it]
Task 11, Epoch 2/10 => Loss -0.232, Train_accy 98.17, Test_accy 78.37:  20%|██        | 2/10 [02:43<10:52, 81.61s/it]
Task 11, Epoch 3/10 => Loss -0.251, Train_accy 98.51, Test_accy 79.50:  20%|██        | 2/10 [04:03<10:52, 81.61s/it]
Task 11, Epoch 3/10 => Loss -0.251, Train_accy 98.51, Test_accy 79.50:  30%|███       | 3/10 [04:03<09:28, 81.25s/it]
Task 11, Epoch 4/10 => Loss -0.264, Train_accy 99.01, Test_accy 80.24:  30%|███       | 3/10 [05:25<09:28, 81.25s/it]
Task 11, Epoch 4/10 => Loss -0.264, Train_accy 99.01, Test_accy 80.24:  40%|████      | 4/10 [05:25<08:07, 81.32s/it]
Task 11, Epoch 5/10 => Loss -0.273, Train_accy 99.32, Test_accy 80.77:  40%|████      | 4/10 [06:46<08:07, 81.32s/it]
Task 11, Epoch 5/10 => Loss -0.273, Train_accy 99.32, Test_accy 80.77:  50%|█████     | 5/10 [06:46<06:46, 81.32s/it]
Task 11, Epoch 6/10 => Loss -0.277, Train_accy 99.44, Test_accy 80.95:  50%|█████     | 5/10 [08:08<06:46, 81.32s/it]
Task 11, Epoch 6/10 => Loss -0.277, Train_accy 99.44, Test_accy 80.95:  60%|██████    | 6/10 [08:08<05:25, 81.49s/it]
Task 11, Epoch 7/10 => Loss -0.281, Train_accy 99.57, Test_accy 81.53:  60%|██████    | 6/10 [09:29<05:25, 81.49s/it]
Task 11, Epoch 7/10 => Loss -0.281, Train_accy 99.57, Test_accy 81.53:  70%|███████   | 7/10 [09:29<04:04, 81.42s/it]
Task 11, Epoch 8/10 => Loss -0.283, Train_accy 99.66, Test_accy 81.50:  70%|███████   | 7/10 [10:50<04:04, 81.42s/it]
Task 11, Epoch 8/10 => Loss -0.283, Train_accy 99.66, Test_accy 81.50:  80%|████████  | 8/10 [10:50<02:42, 81.26s/it]
Task 11, Epoch 9/10 => Loss -0.287, Train_accy 99.81, Test_accy 81.67:  80%|████████  | 8/10 [12:11<02:42, 81.26s/it]
Task 11, Epoch 9/10 => Loss -0.287, Train_accy 99.81, Test_accy 81.67:  90%|█████████ | 9/10 [12:11<01:21, 81.20s/it]
Task 11, Epoch 10/10 => Loss -0.289, Train_accy 99.88, Test_accy 81.62:  90%|█████████ | 9/10 [13:33<01:21, 81.20s/it]
Task 11, Epoch 10/10 => Loss -0.289, Train_accy 99.88, Test_accy 81.62: 100%|██████████| 10/10 [13:33<00:00, 81.25s/it]
Task 11, Epoch 10/10 => Loss -0.289, Train_accy 99.88, Test_accy 81.62: 100%|██████████| 10/10 [13:33<00:00, 81.31s/it]
2026-02-09 20:31:36,990 [l2p.py] => Task 11, Epoch 10/10 => Loss -0.289, Train_accy 99.88, Test_accy 81.62
2026-02-09 20:32:23,798 [trainer.py] => CNN: {'total': 81.62, '00-09': 87.93, '10-19': 87.77, '20-29': 73.13, '30-39': 84.18, '40-49': 89.82, '50-59': 77.68, '60-69': 82.01, '70-79': 79.85, '80-89': 84.66, '90-99': 69.29, '100-109': 71.6, '110-119': 81.81, 'old': 81.6, 'new': 81.81, 'harmonic': 81.7}
2026-02-09 20:32:23,798 [trainer.py] => CNN top1 curve: [98.12, 96.83, 91.71, 89.78, 86.89, 86.7, 86.96, 86.62, 87.16, 85.65, 83.49, 81.62]
2026-02-09 20:32:23,798 [trainer.py] => CNN top5 curve: [100.0, 99.85, 99.66, 99.45, 99.3, 99.25, 99.15, 99.18, 99.07, 98.94, 98.66, 98.56]
2026-02-09 20:32:23,798 [trainer.py] => Average Accuracy (CNN): 88.46083333333333
2026-02-09 20:32:23,798 [l2p.py] => Learning on 120-130

  0%|          | 0/10 [00:00<?, ?it/s]
Task 12, Epoch 1/10 => Loss 0.054, Train_accy 92.61, Test_accy 76.58:   0%|          | 0/10 [01:14<?, ?it/s]
Task 12, Epoch 1/10 => Loss 0.054, Train_accy 92.61, Test_accy 76.58:  10%|█         | 1/10 [01:14<11:11, 74.60s/it]
Task 12, Epoch 2/10 => Loss -0.205, Train_accy 96.37, Test_accy 77.53:  10%|█         | 1/10 [02:28<11:11, 74.60s/it]
Task 12, Epoch 2/10 => Loss -0.205, Train_accy 96.37, Test_accy 77.53:  20%|██        | 2/10 [02:28<09:54, 74.30s/it]
Task 12, Epoch 3/10 => Loss -0.232, Train_accy 97.05, Test_accy 78.03:  20%|██        | 2/10 [03:42<09:54, 74.30s/it]
Task 12, Epoch 3/10 => Loss -0.232, Train_accy 97.05, Test_accy 78.03:  30%|███       | 3/10 [03:42<08:39, 74.17s/it]
Task 12, Epoch 4/10 => Loss -0.245, Train_accy 97.31, Test_accy 78.80:  30%|███       | 3/10 [04:56<08:39, 74.17s/it]
Task 12, Epoch 4/10 => Loss -0.245, Train_accy 97.31, Test_accy 78.80:  40%|████      | 4/10 [04:56<07:25, 74.18s/it]
Task 12, Epoch 5/10 => Loss -0.252, Train_accy 97.40, Test_accy 79.09:  40%|████      | 4/10 [06:10<07:25, 74.18s/it]
Task 12, Epoch 5/10 => Loss -0.252, Train_accy 97.40, Test_accy 79.09:  50%|█████     | 5/10 [06:10<06:10, 74.15s/it]
Task 12, Epoch 6/10 => Loss -0.260, Train_accy 97.81, Test_accy 79.82:  50%|█████     | 5/10 [07:25<06:10, 74.15s/it]
Task 12, Epoch 6/10 => Loss -0.260, Train_accy 97.81, Test_accy 79.82:  60%|██████    | 6/10 [07:25<04:56, 74.24s/it]
Task 12, Epoch 7/10 => Loss -0.269, Train_accy 98.08, Test_accy 79.85:  60%|██████    | 6/10 [08:39<04:56, 74.24s/it]
Task 12, Epoch 7/10 => Loss -0.269, Train_accy 98.08, Test_accy 79.85:  70%|███████   | 7/10 [08:39<03:42, 74.08s/it]
Task 12, Epoch 8/10 => Loss -0.265, Train_accy 97.81, Test_accy 80.41:  70%|███████   | 7/10 [09:54<03:42, 74.08s/it]
Task 12, Epoch 8/10 => Loss -0.265, Train_accy 97.81, Test_accy 80.41:  80%|████████  | 8/10 [09:54<02:28, 74.38s/it]
Task 12, Epoch 9/10 => Loss -0.274, Train_accy 98.52, Test_accy 80.52:  80%|████████  | 8/10 [11:09<02:28, 74.38s/it]
Task 12, Epoch 9/10 => Loss -0.274, Train_accy 98.52, Test_accy 80.52:  90%|█████████ | 9/10 [11:09<01:14, 74.63s/it]
Task 12, Epoch 10/10 => Loss -0.278, Train_accy 98.61, Test_accy 80.30:  90%|█████████ | 9/10 [12:24<01:14, 74.63s/it]
Task 12, Epoch 10/10 => Loss -0.278, Train_accy 98.61, Test_accy 80.30: 100%|██████████| 10/10 [12:24<00:00, 74.70s/it]
Task 12, Epoch 10/10 => Loss -0.278, Train_accy 98.61, Test_accy 80.30: 100%|██████████| 10/10 [12:24<00:00, 74.42s/it]
2026-02-09 20:44:48,054 [l2p.py] => Task 12, Epoch 10/10 => Loss -0.278, Train_accy 98.61, Test_accy 80.30
2026-02-09 20:45:38,473 [trainer.py] => CNN: {'total': 80.3, '00-09': 86.83, '10-19': 87.34, '20-29': 73.39, '30-39': 84.9, '40-49': 89.43, '50-59': 75.75, '60-69': 79.19, '70-79': 80.6, '80-89': 82.71, '90-99': 66.75, '100-109': 70.4, '110-119': 81.68, '120-129': 72.52, 'old': 80.89, 'new': 72.52, 'harmonic': 76.48}
2026-02-09 20:45:38,473 [trainer.py] => CNN top1 curve: [98.12, 96.83, 91.71, 89.78, 86.89, 86.7, 86.96, 86.62, 87.16, 85.65, 83.49, 81.62, 80.3]
2026-02-09 20:45:38,473 [trainer.py] => CNN top5 curve: [100.0, 99.85, 99.66, 99.45, 99.3, 99.25, 99.15, 99.18, 99.07, 98.94, 98.66, 98.56, 98.26]
2026-02-09 20:45:38,473 [trainer.py] => Average Accuracy (CNN): 87.83307692307692
2026-02-09 20:45:38,473 [l2p.py] => Learning on 130-140

  0%|          | 0/10 [00:00<?, ?it/s]
Task 13, Epoch 1/10 => Loss 0.038, Train_accy 92.89, Test_accy 76.30:   0%|          | 0/10 [01:16<?, ?it/s]
Task 13, Epoch 1/10 => Loss 0.038, Train_accy 92.89, Test_accy 76.30:  10%|█         | 1/10 [01:16<11:28, 76.53s/it]
Task 13, Epoch 2/10 => Loss -0.256, Train_accy 98.83, Test_accy 77.00:  10%|█         | 1/10 [02:32<11:28, 76.53s/it]
Task 13, Epoch 2/10 => Loss -0.256, Train_accy 98.83, Test_accy 77.00:  20%|██        | 2/10 [02:32<10:11, 76.47s/it]
Task 13, Epoch 3/10 => Loss -0.275, Train_accy 99.20, Test_accy 77.36:  20%|██        | 2/10 [03:49<10:11, 76.47s/it]
Task 13, Epoch 3/10 => Loss -0.275, Train_accy 99.20, Test_accy 77.36:  30%|███       | 3/10 [03:49<08:55, 76.49s/it]
Task 13, Epoch 4/10 => Loss -0.287, Train_accy 99.39, Test_accy 77.64:  30%|███       | 3/10 [05:06<08:55, 76.49s/it]
Task 13, Epoch 4/10 => Loss -0.287, Train_accy 99.39, Test_accy 77.64:  40%|████      | 4/10 [05:06<07:40, 76.68s/it]
Task 13, Epoch 5/10 => Loss -0.293, Train_accy 99.58, Test_accy 77.59:  40%|████      | 4/10 [06:23<07:40, 76.68s/it]
Task 13, Epoch 5/10 => Loss -0.293, Train_accy 99.58, Test_accy 77.59:  50%|█████     | 5/10 [06:23<06:24, 76.89s/it]
Task 13, Epoch 6/10 => Loss -0.298, Train_accy 99.72, Test_accy 77.79:  50%|█████     | 5/10 [07:40<06:24, 76.89s/it]
Task 13, Epoch 6/10 => Loss -0.298, Train_accy 99.72, Test_accy 77.79:  60%|██████    | 6/10 [07:40<05:07, 76.77s/it]
Task 13, Epoch 7/10 => Loss -0.303, Train_accy 99.86, Test_accy 77.99:  60%|██████    | 6/10 [08:56<05:07, 76.77s/it]
Task 13, Epoch 7/10 => Loss -0.303, Train_accy 99.86, Test_accy 77.99:  70%|███████   | 7/10 [08:56<03:50, 76.73s/it]
Task 13, Epoch 8/10 => Loss -0.304, Train_accy 99.77, Test_accy 78.10:  70%|███████   | 7/10 [10:13<03:50, 76.73s/it]
Task 13, Epoch 8/10 => Loss -0.304, Train_accy 99.77, Test_accy 78.10:  80%|████████  | 8/10 [10:13<02:33, 76.62s/it]
Task 13, Epoch 9/10 => Loss -0.307, Train_accy 99.72, Test_accy 78.07:  80%|████████  | 8/10 [11:30<02:33, 76.62s/it]
Task 13, Epoch 9/10 => Loss -0.307, Train_accy 99.72, Test_accy 78.07:  90%|█████████ | 9/10 [11:30<01:16, 76.70s/it]
Task 13, Epoch 10/10 => Loss -0.309, Train_accy 99.86, Test_accy 78.34:  90%|█████████ | 9/10 [12:46<01:16, 76.70s/it]
Task 13, Epoch 10/10 => Loss -0.309, Train_accy 99.86, Test_accy 78.34: 100%|██████████| 10/10 [12:46<00:00, 76.65s/it]
Task 13, Epoch 10/10 => Loss -0.309, Train_accy 99.86, Test_accy 78.34: 100%|██████████| 10/10 [12:46<00:00, 76.67s/it]
2026-02-09 20:58:25,185 [l2p.py] => Task 13, Epoch 10/10 => Loss -0.309, Train_accy 99.86, Test_accy 78.34
2026-02-09 20:59:19,395 [trainer.py] => CNN: {'total': 78.34, '00-09': 86.83, '10-19': 89.81, '20-29': 73.39, '30-39': 85.99, '40-49': 89.05, '50-59': 77.9, '60-69': 79.37, '70-79': 80.79, '80-89': 82.56, '90-99': 66.75, '100-109': 67.4, '110-119': 78.22, '120-129': 68.0, '130-139': 55.0, 'old': 79.87, 'new': 55.0, 'harmonic': 65.14}
2026-02-09 20:59:19,396 [trainer.py] => CNN top1 curve: [98.12, 96.83, 91.71, 89.78, 86.89, 86.7, 86.96, 86.62, 87.16, 85.65, 83.49, 81.62, 80.3, 78.34]
2026-02-09 20:59:19,396 [trainer.py] => CNN top5 curve: [100.0, 99.85, 99.66, 99.45, 99.3, 99.25, 99.15, 99.18, 99.07, 98.94, 98.66, 98.56, 98.26, 97.86]
2026-02-09 20:59:19,396 [trainer.py] => Average Accuracy (CNN): 87.15499999999999
2026-02-09 20:59:19,396 [l2p.py] => Learning on 140-150

  0%|          | 0/10 [00:00<?, ?it/s]
Task 14, Epoch 1/10 => Loss 0.191, Train_accy 92.87, Test_accy 75.70:   0%|          | 0/10 [01:12<?, ?it/s]
Task 14, Epoch 1/10 => Loss 0.191, Train_accy 92.87, Test_accy 75.70:  10%|█         | 1/10 [01:12<10:51, 72.34s/it]
Task 14, Epoch 2/10 => Loss -0.235, Train_accy 99.39, Test_accy 76.34:  10%|█         | 1/10 [02:24<10:51, 72.34s/it]
Task 14, Epoch 2/10 => Loss -0.235, Train_accy 99.39, Test_accy 76.34:  20%|██        | 2/10 [02:24<09:36, 72.12s/it]
Task 14, Epoch 3/10 => Loss -0.263, Train_accy 99.73, Test_accy 76.67:  20%|██        | 2/10 [03:36<09:36, 72.12s/it]
Task 14, Epoch 3/10 => Loss -0.263, Train_accy 99.73, Test_accy 76.67:  30%|███       | 3/10 [03:36<08:24, 72.13s/it]
Task 14, Epoch 4/10 => Loss -0.276, Train_accy 99.73, Test_accy 76.81:  30%|███       | 3/10 [04:48<08:24, 72.13s/it]
Task 14, Epoch 4/10 => Loss -0.276, Train_accy 99.73, Test_accy 76.81:  40%|████      | 4/10 [04:48<07:13, 72.21s/it]
Task 14, Epoch 5/10 => Loss -0.283, Train_accy 99.87, Test_accy 77.03:  40%|████      | 4/10 [06:00<07:13, 72.21s/it]
Task 14, Epoch 5/10 => Loss -0.283, Train_accy 99.87, Test_accy 77.03:  50%|█████     | 5/10 [06:00<06:00, 72.15s/it]
Task 14, Epoch 6/10 => Loss -0.287, Train_accy 99.93, Test_accy 77.01:  50%|█████     | 5/10 [07:12<06:00, 72.15s/it]
Task 14, Epoch 6/10 => Loss -0.287, Train_accy 99.93, Test_accy 77.01:  60%|██████    | 6/10 [07:12<04:48, 72.12s/it]
Task 14, Epoch 7/10 => Loss -0.290, Train_accy 100.00, Test_accy 77.28:  60%|██████    | 6/10 [08:25<04:48, 72.12s/it]
Task 14, Epoch 7/10 => Loss -0.290, Train_accy 100.00, Test_accy 77.28:  70%|███████   | 7/10 [08:25<03:36, 72.25s/it]
Task 14, Epoch 8/10 => Loss -0.292, Train_accy 100.00, Test_accy 77.35:  70%|███████   | 7/10 [09:37<03:36, 72.25s/it]
Task 14, Epoch 8/10 => Loss -0.292, Train_accy 100.00, Test_accy 77.35:  80%|████████  | 8/10 [09:37<02:24, 72.15s/it]
Task 14, Epoch 9/10 => Loss -0.294, Train_accy 100.00, Test_accy 77.53:  80%|████████  | 8/10 [10:49<02:24, 72.15s/it]
Task 14, Epoch 9/10 => Loss -0.294, Train_accy 100.00, Test_accy 77.53:  90%|█████████ | 9/10 [10:49<01:12, 72.22s/it]
Task 14, Epoch 10/10 => Loss -0.294, Train_accy 100.00, Test_accy 77.55:  90%|█████████ | 9/10 [12:02<01:12, 72.22s/it]
Task 14, Epoch 10/10 => Loss -0.294, Train_accy 100.00, Test_accy 77.55: 100%|██████████| 10/10 [12:02<00:00, 72.30s/it]
Task 14, Epoch 10/10 => Loss -0.294, Train_accy 100.00, Test_accy 77.55: 100%|██████████| 10/10 [12:02<00:00, 72.22s/it]
2026-02-09 21:11:21,603 [l2p.py] => Task 14, Epoch 10/10 => Loss -0.294, Train_accy 100.00, Test_accy 77.55
2026-02-09 21:12:17,538 [trainer.py] => CNN: {'total': 77.55, '00-09': 84.64, '10-19': 88.21, '20-29': 73.79, '30-39': 84.06, '40-49': 87.37, '50-59': 74.68, '60-69': 78.31, '70-79': 79.1, '80-89': 82.56, '90-99': 64.97, '100-109': 70.2, '110-119': 79.58, '120-129': 67.48, '130-139': 55.56, '140-149': 75.86, 'old': 77.62, 'new': 75.86, 'harmonic': 76.73}
2026-02-09 21:12:17,539 [trainer.py] => CNN top1 curve: [98.12, 96.83, 91.71, 89.78, 86.89, 86.7, 86.96, 86.62, 87.16, 85.65, 83.49, 81.62, 80.3, 78.34, 77.55]
2026-02-09 21:12:17,539 [trainer.py] => CNN top5 curve: [100.0, 99.85, 99.66, 99.45, 99.3, 99.25, 99.15, 99.18, 99.07, 98.94, 98.66, 98.56, 98.26, 97.86, 97.74]
2026-02-09 21:12:17,539 [trainer.py] => Average Accuracy (CNN): 86.51466666666666
2026-02-09 21:12:17,539 [l2p.py] => Learning on 150-160

  0%|          | 0/10 [00:00<?, ?it/s]
Task 15, Epoch 1/10 => Loss 0.047, Train_accy 95.12, Test_accy 74.36:   0%|          | 0/10 [01:21<?, ?it/s]
Task 15, Epoch 1/10 => Loss 0.047, Train_accy 95.12, Test_accy 74.36:  10%|█         | 1/10 [01:21<12:17, 81.95s/it]
Task 15, Epoch 2/10 => Loss -0.249, Train_accy 99.67, Test_accy 75.75:  10%|█         | 1/10 [02:43<12:17, 81.95s/it]
Task 15, Epoch 2/10 => Loss -0.249, Train_accy 99.67, Test_accy 75.75:  20%|██        | 2/10 [02:43<10:52, 81.57s/it]
Task 15, Epoch 3/10 => Loss -0.266, Train_accy 99.81, Test_accy 76.53:  20%|██        | 2/10 [04:04<10:52, 81.57s/it]
Task 15, Epoch 3/10 => Loss -0.266, Train_accy 99.81, Test_accy 76.53:  30%|███       | 3/10 [04:04<09:29, 81.41s/it]
Task 15, Epoch 4/10 => Loss -0.272, Train_accy 99.95, Test_accy 76.87:  30%|███       | 3/10 [05:26<09:29, 81.41s/it]
Task 15, Epoch 4/10 => Loss -0.272, Train_accy 99.95, Test_accy 76.87:  40%|████      | 4/10 [05:26<08:08, 81.46s/it]
Task 15, Epoch 5/10 => Loss -0.277, Train_accy 99.91, Test_accy 76.88:  40%|████      | 4/10 [06:47<08:08, 81.46s/it]
Task 15, Epoch 5/10 => Loss -0.277, Train_accy 99.91, Test_accy 76.88:  50%|█████     | 5/10 [06:47<06:46, 81.36s/it]
Task 15, Epoch 6/10 => Loss -0.279, Train_accy 99.95, Test_accy 77.15:  50%|█████     | 5/10 [08:09<06:46, 81.36s/it]
Task 15, Epoch 6/10 => Loss -0.279, Train_accy 99.95, Test_accy 77.15:  60%|██████    | 6/10 [08:09<05:26, 81.63s/it]
Task 15, Epoch 7/10 => Loss -0.280, Train_accy 99.95, Test_accy 77.31:  60%|██████    | 6/10 [09:30<05:26, 81.63s/it]
Task 15, Epoch 7/10 => Loss -0.280, Train_accy 99.95, Test_accy 77.31:  70%|███████   | 7/10 [09:30<04:04, 81.50s/it]
Task 15, Epoch 8/10 => Loss -0.281, Train_accy 100.00, Test_accy 77.40:  70%|███████   | 7/10 [10:51<04:04, 81.50s/it]
Task 15, Epoch 8/10 => Loss -0.281, Train_accy 100.00, Test_accy 77.40:  80%|████████  | 8/10 [10:51<02:42, 81.45s/it]
Task 15, Epoch 9/10 => Loss -0.282, Train_accy 100.00, Test_accy 77.46:  80%|████████  | 8/10 [12:13<02:42, 81.45s/it]
Task 15, Epoch 9/10 => Loss -0.282, Train_accy 100.00, Test_accy 77.46:  90%|█████████ | 9/10 [12:14<01:21, 81.64s/it]
Task 15, Epoch 10/10 => Loss -0.282, Train_accy 100.00, Test_accy 77.34:  90%|█████████ | 9/10 [13:35<01:21, 81.64s/it]
Task 15, Epoch 10/10 => Loss -0.282, Train_accy 100.00, Test_accy 77.34: 100%|██████████| 10/10 [13:35<00:00, 81.47s/it]
Task 15, Epoch 10/10 => Loss -0.282, Train_accy 100.00, Test_accy 77.34: 100%|██████████| 10/10 [13:35<00:00, 81.51s/it]
2026-02-09 21:25:52,644 [l2p.py] => Task 15, Epoch 10/10 => Loss -0.282, Train_accy 100.00, Test_accy 77.34
2026-02-09 21:26:51,463 [trainer.py] => CNN: {'total': 77.34, '00-09': 82.29, '10-19': 88.94, '20-29': 73.39, '30-39': 83.82, '40-49': 88.27, '50-59': 70.82, '60-69': 75.31, '70-79': 78.72, '80-89': 83.16, '90-99': 63.71, '100-109': 68.6, '110-119': 78.71, '120-129': 66.26, '130-139': 54.44, '140-149': 77.43, '150-159': 86.87, 'old': 76.79, 'new': 86.87, 'harmonic': 81.52}
2026-02-09 21:26:51,463 [trainer.py] => CNN top1 curve: [98.12, 96.83, 91.71, 89.78, 86.89, 86.7, 86.96, 86.62, 87.16, 85.65, 83.49, 81.62, 80.3, 78.34, 77.55, 77.34]
2026-02-09 21:26:51,463 [trainer.py] => CNN top5 curve: [100.0, 99.85, 99.66, 99.45, 99.3, 99.25, 99.15, 99.18, 99.07, 98.94, 98.66, 98.56, 98.26, 97.86, 97.74, 97.66]
2026-02-09 21:26:51,464 [trainer.py] => Average Accuracy (CNN): 85.94124999999998
2026-02-09 21:26:51,464 [l2p.py] => Learning on 160-170

  0%|          | 0/10 [00:00<?, ?it/s]
Task 16, Epoch 1/10 => Loss -0.076, Train_accy 95.91, Test_accy 71.41:   0%|          | 0/10 [01:44<?, ?it/s]
Task 16, Epoch 1/10 => Loss -0.076, Train_accy 95.91, Test_accy 71.41:  10%|█         | 1/10 [01:44<15:40, 104.54s/it]
Task 16, Epoch 2/10 => Loss -0.273, Train_accy 99.26, Test_accy 72.68:  10%|█         | 1/10 [03:28<15:40, 104.54s/it]
Task 16, Epoch 2/10 => Loss -0.273, Train_accy 99.26, Test_accy 72.68:  20%|██        | 2/10 [03:28<13:54, 104.31s/it]
Task 16, Epoch 3/10 => Loss -0.287, Train_accy 99.55, Test_accy 73.94:  20%|██        | 2/10 [05:12<13:54, 104.31s/it]
Task 16, Epoch 3/10 => Loss -0.287, Train_accy 99.55, Test_accy 73.94:  30%|███       | 3/10 [05:12<12:09, 104.26s/it]
Task 16, Epoch 4/10 => Loss -0.296, Train_accy 99.66, Test_accy 75.27:  30%|███       | 3/10 [06:58<12:09, 104.26s/it]
Task 16, Epoch 4/10 => Loss -0.296, Train_accy 99.66, Test_accy 75.27:  40%|████      | 4/10 [06:58<10:28, 104.75s/it]
Task 16, Epoch 5/10 => Loss -0.300, Train_accy 99.87, Test_accy 75.98:  40%|████      | 4/10 [08:42<10:28, 104.75s/it]
Task 16, Epoch 5/10 => Loss -0.300, Train_accy 99.87, Test_accy 75.98:  50%|█████     | 5/10 [08:42<08:42, 104.51s/it]
Task 16, Epoch 6/10 => Loss -0.303, Train_accy 99.87, Test_accy 76.51:  50%|█████     | 5/10 [10:26<08:42, 104.51s/it]
Task 16, Epoch 6/10 => Loss -0.303, Train_accy 99.87, Test_accy 76.51:  60%|██████    | 6/10 [10:26<06:57, 104.47s/it]
Task 16, Epoch 7/10 => Loss -0.305, Train_accy 99.95, Test_accy 76.40:  60%|██████    | 6/10 [12:10<06:57, 104.47s/it]
Task 16, Epoch 7/10 => Loss -0.305, Train_accy 99.95, Test_accy 76.40:  70%|███████   | 7/10 [12:10<05:12, 104.23s/it]
Task 16, Epoch 8/10 => Loss -0.307, Train_accy 100.00, Test_accy 76.21:  70%|███████   | 7/10 [13:54<05:12, 104.23s/it]
Task 16, Epoch 8/10 => Loss -0.307, Train_accy 100.00, Test_accy 76.21:  80%|████████  | 8/10 [13:54<03:28, 104.10s/it]
Task 16, Epoch 9/10 => Loss -0.308, Train_accy 100.00, Test_accy 76.10:  80%|████████  | 8/10 [15:38<03:28, 104.10s/it]
Task 16, Epoch 9/10 => Loss -0.308, Train_accy 100.00, Test_accy 76.10:  90%|█████████ | 9/10 [15:38<01:44, 104.00s/it]
Task 16, Epoch 10/10 => Loss -0.309, Train_accy 100.00, Test_accy 75.62:  90%|█████████ | 9/10 [17:21<01:44, 104.00s/it]
Task 16, Epoch 10/10 => Loss -0.309, Train_accy 100.00, Test_accy 75.62: 100%|██████████| 10/10 [17:21<00:00, 103.93s/it]
Task 16, Epoch 10/10 => Loss -0.309, Train_accy 100.00, Test_accy 75.62: 100%|██████████| 10/10 [17:21<00:00, 104.20s/it]
2026-02-09 21:44:13,482 [l2p.py] => Task 16, Epoch 10/10 => Loss -0.309, Train_accy 100.00, Test_accy 75.62
2026-02-09 21:45:17,835 [trainer.py] => CNN: {'total': 75.62, '00-09': 81.82, '10-19': 86.9, '20-29': 72.87, '30-39': 85.63, '40-49': 87.24, '50-59': 66.74, '60-69': 75.13, '70-79': 70.62, '80-89': 81.35, '90-99': 60.41, '100-109': 67.0, '110-119': 77.23, '120-129': 52.17, '130-139': 52.41, '140-149': 75.24, '150-159': 80.31, '160-169': 85.62, 'old': 74.67, 'new': 85.62, 'harmonic': 79.77}
2026-02-09 21:45:17,836 [trainer.py] => CNN top1 curve: [98.12, 96.83, 91.71, 89.78, 86.89, 86.7, 86.96, 86.62, 87.16, 85.65, 83.49, 81.62, 80.3, 78.34, 77.55, 77.34, 75.62]
2026-02-09 21:45:17,836 [trainer.py] => CNN top5 curve: [100.0, 99.85, 99.66, 99.45, 99.3, 99.25, 99.15, 99.18, 99.07, 98.94, 98.66, 98.56, 98.26, 97.86, 97.74, 97.66, 97.31]
2026-02-09 21:45:17,836 [trainer.py] => Average Accuracy (CNN): 85.33411764705882
2026-02-09 21:45:17,836 [l2p.py] => Learning on 170-180

  0%|          | 0/10 [00:00<?, ?it/s]
Task 17, Epoch 1/10 => Loss -0.020, Train_accy 94.50, Test_accy 71.50:   0%|          | 0/10 [01:42<?, ?it/s]
Task 17, Epoch 1/10 => Loss -0.020, Train_accy 94.50, Test_accy 71.50:  10%|█         | 1/10 [01:42<15:23, 102.65s/it]
Task 17, Epoch 2/10 => Loss -0.258, Train_accy 98.79, Test_accy 73.34:  10%|█         | 1/10 [03:25<15:23, 102.65s/it]
Task 17, Epoch 2/10 => Loss -0.258, Train_accy 98.79, Test_accy 73.34:  20%|██        | 2/10 [03:25<13:41, 102.74s/it]
Task 17, Epoch 3/10 => Loss -0.277, Train_accy 99.24, Test_accy 74.31:  20%|██        | 2/10 [05:08<13:41, 102.74s/it]
Task 17, Epoch 3/10 => Loss -0.277, Train_accy 99.24, Test_accy 74.31:  30%|███       | 3/10 [05:08<11:59, 102.72s/it]
Task 17, Epoch 4/10 => Loss -0.287, Train_accy 99.59, Test_accy 75.18:  30%|███       | 3/10 [06:50<11:59, 102.72s/it]
Task 17, Epoch 4/10 => Loss -0.287, Train_accy 99.59, Test_accy 75.18:  40%|████      | 4/10 [06:50<10:14, 102.38s/it]
Task 17, Epoch 5/10 => Loss -0.294, Train_accy 99.75, Test_accy 75.65:  40%|████      | 4/10 [08:31<10:14, 102.38s/it]
Task 17, Epoch 5/10 => Loss -0.294, Train_accy 99.75, Test_accy 75.65:  50%|█████     | 5/10 [08:31<08:30, 102.14s/it]
Task 17, Epoch 6/10 => Loss -0.297, Train_accy 99.78, Test_accy 75.99:  50%|█████     | 5/10 [10:14<08:30, 102.14s/it]
Task 17, Epoch 6/10 => Loss -0.297, Train_accy 99.78, Test_accy 75.99:  60%|██████    | 6/10 [10:14<06:49, 102.26s/it]
Task 17, Epoch 7/10 => Loss -0.301, Train_accy 99.84, Test_accy 76.28:  60%|██████    | 6/10 [11:56<06:49, 102.26s/it]
Task 17, Epoch 7/10 => Loss -0.301, Train_accy 99.84, Test_accy 76.28:  70%|███████   | 7/10 [11:56<05:06, 102.12s/it]
Task 17, Epoch 8/10 => Loss -0.303, Train_accy 99.87, Test_accy 76.28:  70%|███████   | 7/10 [13:38<05:06, 102.12s/it]
Task 17, Epoch 8/10 => Loss -0.303, Train_accy 99.87, Test_accy 76.28:  80%|████████  | 8/10 [13:38<03:24, 102.09s/it]
Task 17, Epoch 9/10 => Loss -0.305, Train_accy 99.97, Test_accy 76.40:  80%|████████  | 8/10 [15:20<03:24, 102.09s/it]
Task 17, Epoch 9/10 => Loss -0.305, Train_accy 99.97, Test_accy 76.40:  90%|█████████ | 9/10 [15:20<01:42, 102.10s/it]
Task 17, Epoch 10/10 => Loss -0.306, Train_accy 99.97, Test_accy 76.32:  90%|█████████ | 9/10 [17:02<01:42, 102.10s/it]
Task 17, Epoch 10/10 => Loss -0.306, Train_accy 99.97, Test_accy 76.32: 100%|██████████| 10/10 [17:02<00:00, 102.07s/it]
Task 17, Epoch 10/10 => Loss -0.306, Train_accy 99.97, Test_accy 76.32: 100%|██████████| 10/10 [17:02<00:00, 102.22s/it]
2026-02-09 22:02:20,062 [l2p.py] => Task 17, Epoch 10/10 => Loss -0.306, Train_accy 99.97, Test_accy 76.32
2026-02-09 22:03:28,519 [trainer.py] => CNN: {'total': 76.32, '00-09': 80.72, '10-19': 85.01, '20-29': 74.31, '30-39': 85.02, '40-49': 86.34, '50-59': 68.67, '60-69': 77.07, '70-79': 73.82, '80-89': 83.91, '90-99': 59.14, '100-109': 64.2, '110-119': 78.22, '120-129': 53.57, '130-139': 52.22, '140-149': 70.22, '150-159': 79.92, '160-169': 85.84, '170-179': 84.42, 'old': 75.74, 'new': 84.42, 'harmonic': 79.84}
2026-02-09 22:03:28,519 [trainer.py] => CNN top1 curve: [98.12, 96.83, 91.71, 89.78, 86.89, 86.7, 86.96, 86.62, 87.16, 85.65, 83.49, 81.62, 80.3, 78.34, 77.55, 77.34, 75.62, 76.32]
2026-02-09 22:03:28,519 [trainer.py] => CNN top5 curve: [100.0, 99.85, 99.66, 99.45, 99.3, 99.25, 99.15, 99.18, 99.07, 98.94, 98.66, 98.56, 98.26, 97.86, 97.74, 97.66, 97.31, 97.24]
2026-02-09 22:03:28,519 [trainer.py] => Average Accuracy (CNN): 84.83333333333331
2026-02-09 22:03:28,519 [l2p.py] => Learning on 180-190

  0%|          | 0/10 [00:00<?, ?it/s]
Task 18, Epoch 1/10 => Loss 0.180, Train_accy 93.28, Test_accy 74.10:   0%|          | 0/10 [01:26<?, ?it/s]
Task 18, Epoch 1/10 => Loss 0.180, Train_accy 93.28, Test_accy 74.10:  10%|█         | 1/10 [01:26<12:59, 86.59s/it]
Task 18, Epoch 2/10 => Loss -0.222, Train_accy 98.72, Test_accy 74.13:  10%|█         | 1/10 [02:53<12:59, 86.59s/it]
Task 18, Epoch 2/10 => Loss -0.222, Train_accy 98.72, Test_accy 74.13:  20%|██        | 2/10 [02:53<11:32, 86.60s/it]
Task 18, Epoch 3/10 => Loss -0.251, Train_accy 98.92, Test_accy 74.30:  20%|██        | 2/10 [04:20<11:32, 86.60s/it]
Task 18, Epoch 3/10 => Loss -0.251, Train_accy 98.92, Test_accy 74.30:  30%|███       | 3/10 [04:20<10:09, 87.13s/it]
Task 18, Epoch 4/10 => Loss -0.265, Train_accy 99.33, Test_accy 74.50:  30%|███       | 3/10 [05:47<10:09, 87.13s/it]
Task 18, Epoch 4/10 => Loss -0.265, Train_accy 99.33, Test_accy 74.50:  40%|████      | 4/10 [05:47<08:42, 87.08s/it]
Task 18, Epoch 5/10 => Loss -0.273, Train_accy 99.40, Test_accy 74.57:  40%|████      | 4/10 [07:15<08:42, 87.08s/it]
Task 18, Epoch 5/10 => Loss -0.273, Train_accy 99.40, Test_accy 74.57:  50%|█████     | 5/10 [07:15<07:16, 87.23s/it]
Task 18, Epoch 6/10 => Loss -0.280, Train_accy 99.80, Test_accy 74.67:  50%|█████     | 5/10 [08:42<07:16, 87.23s/it]
Task 18, Epoch 6/10 => Loss -0.280, Train_accy 99.80, Test_accy 74.67:  60%|██████    | 6/10 [08:42<05:48, 87.21s/it]
Task 18, Epoch 7/10 => Loss -0.284, Train_accy 99.93, Test_accy 74.76:  60%|██████    | 6/10 [10:09<05:48, 87.21s/it]
Task 18, Epoch 7/10 => Loss -0.284, Train_accy 99.93, Test_accy 74.76:  70%|███████   | 7/10 [10:09<04:21, 87.09s/it]
Task 18, Epoch 8/10 => Loss -0.287, Train_accy 100.00, Test_accy 74.88:  70%|███████   | 7/10 [11:36<04:21, 87.09s/it]
Task 18, Epoch 8/10 => Loss -0.287, Train_accy 100.00, Test_accy 74.88:  80%|████████  | 8/10 [11:36<02:54, 87.22s/it]
Task 18, Epoch 9/10 => Loss -0.289, Train_accy 100.00, Test_accy 74.89:  80%|████████  | 8/10 [13:03<02:54, 87.22s/it]
Task 18, Epoch 9/10 => Loss -0.289, Train_accy 100.00, Test_accy 74.89:  90%|█████████ | 9/10 [13:03<01:27, 87.07s/it]
Task 18, Epoch 10/10 => Loss -0.291, Train_accy 100.00, Test_accy 74.86:  90%|█████████ | 9/10 [14:30<01:27, 87.07s/it]
Task 18, Epoch 10/10 => Loss -0.291, Train_accy 100.00, Test_accy 74.86: 100%|██████████| 10/10 [14:30<00:00, 87.01s/it]
Task 18, Epoch 10/10 => Loss -0.291, Train_accy 100.00, Test_accy 74.86: 100%|██████████| 10/10 [14:30<00:00, 87.06s/it]
2026-02-09 22:17:59,109 [l2p.py] => Task 18, Epoch 10/10 => Loss -0.291, Train_accy 100.00, Test_accy 74.86
2026-02-09 22:19:09,884 [trainer.py] => CNN: {'total': 74.86, '00-09': 78.68, '10-19': 87.19, '20-29': 72.48, '30-39': 84.42, '40-49': 85.44, '50-59': 67.38, '60-69': 74.6, '70-79': 71.56, '80-89': 84.51, '90-99': 60.15, '100-109': 63.2, '110-119': 79.21, '120-129': 53.91, '130-139': 51.85, '140-149': 69.91, '150-159': 80.31, '160-169': 84.85, '170-179': 82.02, '180-189': 49.32, 'old': 75.69, 'new': 49.32, 'harmonic': 59.72}
2026-02-09 22:19:09,884 [trainer.py] => CNN top1 curve: [98.12, 96.83, 91.71, 89.78, 86.89, 86.7, 86.96, 86.62, 87.16, 85.65, 83.49, 81.62, 80.3, 78.34, 77.55, 77.34, 75.62, 76.32, 74.86]
2026-02-09 22:19:09,884 [trainer.py] => CNN top5 curve: [100.0, 99.85, 99.66, 99.45, 99.3, 99.25, 99.15, 99.18, 99.07, 98.94, 98.66, 98.56, 98.26, 97.86, 97.74, 97.66, 97.31, 97.24, 96.9]
2026-02-09 22:19:09,885 [trainer.py] => Average Accuracy (CNN): 84.30842105263156
2026-02-09 22:19:09,885 [l2p.py] => Learning on 190-200

  0%|          | 0/10 [00:00<?, ?it/s]
Task 19, Epoch 1/10 => Loss 0.011, Train_accy 94.89, Test_accy 72.21:   0%|          | 0/10 [01:38<?, ?it/s]
Task 19, Epoch 1/10 => Loss 0.011, Train_accy 94.89, Test_accy 72.21:  10%|█         | 1/10 [01:38<14:42, 98.05s/it]
Task 19, Epoch 2/10 => Loss -0.266, Train_accy 99.68, Test_accy 73.13:  10%|█         | 1/10 [03:15<14:42, 98.05s/it]
Task 19, Epoch 2/10 => Loss -0.266, Train_accy 99.68, Test_accy 73.13:  20%|██        | 2/10 [03:15<13:01, 97.73s/it]
Task 19, Epoch 3/10 => Loss -0.282, Train_accy 99.77, Test_accy 73.64:  20%|██        | 2/10 [04:53<13:01, 97.73s/it]
Task 19, Epoch 3/10 => Loss -0.282, Train_accy 99.77, Test_accy 73.64:  30%|███       | 3/10 [04:53<11:23, 97.70s/it]
Task 19, Epoch 4/10 => Loss -0.290, Train_accy 99.95, Test_accy 73.91:  30%|███       | 3/10 [06:31<11:23, 97.70s/it]
Task 19, Epoch 4/10 => Loss -0.290, Train_accy 99.95, Test_accy 73.91:  40%|████      | 4/10 [06:31<09:46, 97.82s/it]
Task 19, Epoch 5/10 => Loss -0.294, Train_accy 100.00, Test_accy 74.02:  40%|████      | 4/10 [08:08<09:46, 97.82s/it]
Task 19, Epoch 5/10 => Loss -0.294, Train_accy 100.00, Test_accy 74.02:  50%|█████     | 5/10 [08:08<08:08, 97.68s/it]
Task 19, Epoch 6/10 => Loss -0.296, Train_accy 100.00, Test_accy 74.37:  50%|█████     | 5/10 [09:46<08:08, 97.68s/it]
Task 19, Epoch 6/10 => Loss -0.296, Train_accy 100.00, Test_accy 74.37:  60%|██████    | 6/10 [09:46<06:30, 97.69s/it]
Task 19, Epoch 7/10 => Loss -0.298, Train_accy 100.00, Test_accy 74.38:  60%|██████    | 6/10 [11:23<06:30, 97.69s/it]
Task 19, Epoch 7/10 => Loss -0.298, Train_accy 100.00, Test_accy 74.38:  70%|███████   | 7/10 [11:23<04:52, 97.61s/it]
Task 19, Epoch 8/10 => Loss -0.298, Train_accy 100.00, Test_accy 74.56:  70%|███████   | 7/10 [13:01<04:52, 97.61s/it]
Task 19, Epoch 8/10 => Loss -0.298, Train_accy 100.00, Test_accy 74.56:  80%|████████  | 8/10 [13:01<03:14, 97.48s/it]
Task 19, Epoch 9/10 => Loss -0.300, Train_accy 100.00, Test_accy 74.53:  80%|████████  | 8/10 [14:39<03:14, 97.48s/it]
Task 19, Epoch 9/10 => Loss -0.300, Train_accy 100.00, Test_accy 74.53:  90%|█████████ | 9/10 [14:39<01:37, 97.68s/it]
Task 19, Epoch 10/10 => Loss -0.300, Train_accy 100.00, Test_accy 74.47:  90%|█████████ | 9/10 [16:17<01:37, 97.68s/it]
Task 19, Epoch 10/10 => Loss -0.300, Train_accy 100.00, Test_accy 74.47: 100%|██████████| 10/10 [16:17<00:00, 97.84s/it]
Task 19, Epoch 10/10 => Loss -0.300, Train_accy 100.00, Test_accy 74.47: 100%|██████████| 10/10 [16:17<00:00, 97.73s/it]
2026-02-09 22:35:27,250 [l2p.py] => Task 19, Epoch 10/10 => Loss -0.300, Train_accy 100.00, Test_accy 74.47
2026-02-09 22:36:41,846 [trainer.py] => CNN: {'total': 74.47, '00-09': 81.19, '10-19': 81.8, '20-29': 73.39, '30-39': 83.45, '40-49': 87.11, '50-59': 67.38, '60-69': 71.08, '70-79': 73.45, '80-89': 83.91, '90-99': 58.88, '100-109': 63.4, '110-119': 76.86, '120-129': 53.04, '130-139': 51.3, '140-149': 68.65, '150-159': 81.08, '160-169': 83.08, '170-179': 81.49, '180-189': 46.03, '190-199': 82.14, 'old': 74.12, 'new': 82.14, 'harmonic': 77.92}
2026-02-09 22:36:41,846 [trainer.py] => CNN top1 curve: [98.12, 96.83, 91.71, 89.78, 86.89, 86.7, 86.96, 86.62, 87.16, 85.65, 83.49, 81.62, 80.3, 78.34, 77.55, 77.34, 75.62, 76.32, 74.86, 74.47]
2026-02-09 22:36:41,846 [trainer.py] => CNN top5 curve: [100.0, 99.85, 99.66, 99.45, 99.3, 99.25, 99.15, 99.18, 99.07, 98.94, 98.66, 98.56, 98.26, 97.86, 97.74, 97.66, 97.31, 97.24, 96.9, 96.8]
2026-02-09 22:36:41,846 [trainer.py] => Average Accuracy (CNN): 83.81649999999999
2026-02-09 22:36:41,846 [l2p.py] => Learning on 200-210

  0%|          | 0/10 [00:00<?, ?it/s]
Task 20, Epoch 1/10 => Loss -0.019, Train_accy 95.62, Test_accy 71.18:   0%|          | 0/10 [01:42<?, ?it/s]
Task 20, Epoch 1/10 => Loss -0.019, Train_accy 95.62, Test_accy 71.18:  10%|█         | 1/10 [01:42<15:23, 102.65s/it]
Task 20, Epoch 2/10 => Loss -0.264, Train_accy 99.49, Test_accy 72.19:  10%|█         | 1/10 [03:25<15:23, 102.65s/it]
Task 20, Epoch 2/10 => Loss -0.264, Train_accy 99.49, Test_accy 72.19:  20%|██        | 2/10 [03:25<13:43, 102.90s/it]
Task 20, Epoch 3/10 => Loss -0.281, Train_accy 99.87, Test_accy 72.70:  20%|██        | 2/10 [05:08<13:43, 102.90s/it]
Task 20, Epoch 3/10 => Loss -0.281, Train_accy 99.87, Test_accy 72.70:  30%|███       | 3/10 [05:08<11:58, 102.69s/it]
Task 20, Epoch 4/10 => Loss -0.287, Train_accy 99.83, Test_accy 73.12:  30%|███       | 3/10 [06:50<11:58, 102.69s/it]
Task 20, Epoch 4/10 => Loss -0.287, Train_accy 99.83, Test_accy 73.12:  40%|████      | 4/10 [06:50<10:16, 102.72s/it]
Task 20, Epoch 5/10 => Loss -0.292, Train_accy 99.96, Test_accy 73.35:  40%|████      | 4/10 [08:33<10:16, 102.72s/it]
Task 20, Epoch 5/10 => Loss -0.292, Train_accy 99.96, Test_accy 73.35:  50%|█████     | 5/10 [08:33<08:32, 102.58s/it]
Task 20, Epoch 6/10 => Loss -0.294, Train_accy 100.00, Test_accy 73.48:  50%|█████     | 5/10 [10:15<08:32, 102.58s/it]
Task 20, Epoch 6/10 => Loss -0.294, Train_accy 100.00, Test_accy 73.48:  60%|██████    | 6/10 [10:15<06:50, 102.57s/it]
Task 20, Epoch 7/10 => Loss -0.296, Train_accy 100.00, Test_accy 73.60:  60%|██████    | 6/10 [11:58<06:50, 102.57s/it]
Task 20, Epoch 7/10 => Loss -0.296, Train_accy 100.00, Test_accy 73.60:  70%|███████   | 7/10 [11:58<05:07, 102.52s/it]
Task 20, Epoch 8/10 => Loss -0.297, Train_accy 100.00, Test_accy 73.68:  70%|███████   | 7/10 [13:40<05:07, 102.52s/it]
Task 20, Epoch 8/10 => Loss -0.297, Train_accy 100.00, Test_accy 73.68:  80%|████████  | 8/10 [13:40<03:25, 102.51s/it]
Task 20, Epoch 9/10 => Loss -0.297, Train_accy 100.00, Test_accy 73.65:  80%|████████  | 8/10 [15:23<03:25, 102.51s/it]
Task 20, Epoch 9/10 => Loss -0.297, Train_accy 100.00, Test_accy 73.65:  90%|█████████ | 9/10 [15:23<01:42, 102.50s/it]
Task 20, Epoch 10/10 => Loss -0.298, Train_accy 100.00, Test_accy 73.64:  90%|█████████ | 9/10 [17:05<01:42, 102.50s/it]
Task 20, Epoch 10/10 => Loss -0.298, Train_accy 100.00, Test_accy 73.64: 100%|██████████| 10/10 [17:05<00:00, 102.53s/it]
Task 20, Epoch 10/10 => Loss -0.298, Train_accy 100.00, Test_accy 73.64: 100%|██████████| 10/10 [17:05<00:00, 102.58s/it]
2026-02-09 22:53:47,657 [l2p.py] => Task 20, Epoch 10/10 => Loss -0.298, Train_accy 100.00, Test_accy 73.64
2026-02-09 22:55:05,600 [trainer.py] => CNN: {'total': 73.64, '00-09': 79.78, '10-19': 79.33, '20-29': 72.21, '30-39': 83.33, '40-49': 86.73, '50-59': 64.38, '60-69': 69.49, '70-79': 72.5, '80-89': 82.41, '90-99': 54.57, '100-109': 64.6, '110-119': 76.49, '120-129': 52.7, '130-139': 51.48, '140-149': 66.14, '150-159': 77.03, '160-169': 82.85, '170-179': 80.96, '180-189': 44.11, '190-199': 79.32, '200-209': 81.67, 'old': 73.24, 'new': 81.67, 'harmonic': 77.23}
2026-02-09 22:55:05,600 [trainer.py] => CNN top1 curve: [98.12, 96.83, 91.71, 89.78, 86.89, 86.7, 86.96, 86.62, 87.16, 85.65, 83.49, 81.62, 80.3, 78.34, 77.55, 77.34, 75.62, 76.32, 74.86, 74.47, 73.64]
2026-02-09 22:55:05,600 [trainer.py] => CNN top5 curve: [100.0, 99.85, 99.66, 99.45, 99.3, 99.25, 99.15, 99.18, 99.07, 98.94, 98.66, 98.56, 98.26, 97.86, 97.74, 97.66, 97.31, 97.24, 96.9, 96.8, 96.46]
2026-02-09 22:55:05,600 [trainer.py] => Average Accuracy (CNN): 83.33190476190475
2026-02-09 22:55:05,600 [l2p.py] => Learning on 210-220

  0%|          | 0/10 [00:00<?, ?it/s]
Task 21, Epoch 1/10 => Loss -0.048, Train_accy 95.98, Test_accy 70.62:   0%|          | 0/10 [01:49<?, ?it/s]
Task 21, Epoch 1/10 => Loss -0.048, Train_accy 95.98, Test_accy 70.62:  10%|█         | 1/10 [01:49<16:25, 109.46s/it]
Task 21, Epoch 2/10 => Loss -0.270, Train_accy 99.46, Test_accy 71.03:  10%|█         | 1/10 [03:38<16:25, 109.46s/it]
Task 21, Epoch 2/10 => Loss -0.270, Train_accy 99.46, Test_accy 71.03:  20%|██        | 2/10 [03:38<14:34, 109.36s/it]
Task 21, Epoch 3/10 => Loss -0.285, Train_accy 99.65, Test_accy 71.84:  20%|██        | 2/10 [05:28<14:34, 109.36s/it]
Task 21, Epoch 3/10 => Loss -0.285, Train_accy 99.65, Test_accy 71.84:  30%|███       | 3/10 [05:28<12:46, 109.45s/it]
Task 21, Epoch 4/10 => Loss -0.292, Train_accy 99.88, Test_accy 72.27:  30%|███       | 3/10 [07:17<12:46, 109.45s/it]
Task 21, Epoch 4/10 => Loss -0.292, Train_accy 99.88, Test_accy 72.27:  40%|████      | 4/10 [07:17<10:55, 109.33s/it]
Task 21, Epoch 5/10 => Loss -0.296, Train_accy 99.88, Test_accy 72.95:  40%|████      | 4/10 [09:06<10:55, 109.33s/it]
Task 21, Epoch 5/10 => Loss -0.296, Train_accy 99.88, Test_accy 72.95:  50%|█████     | 5/10 [09:06<09:06, 109.27s/it]
Task 21, Epoch 6/10 => Loss -0.299, Train_accy 99.96, Test_accy 73.13:  50%|█████     | 5/10 [10:55<09:06, 109.27s/it]
Task 21, Epoch 6/10 => Loss -0.299, Train_accy 99.96, Test_accy 73.13:  60%|██████    | 6/10 [10:55<07:16, 109.20s/it]
Task 21, Epoch 7/10 => Loss -0.301, Train_accy 99.96, Test_accy 73.33:  60%|██████    | 6/10 [12:44<07:16, 109.20s/it]
Task 21, Epoch 7/10 => Loss -0.301, Train_accy 99.96, Test_accy 73.33:  70%|███████   | 7/10 [12:44<05:27, 109.12s/it]
Task 21, Epoch 8/10 => Loss -0.302, Train_accy 99.96, Test_accy 73.43:  70%|███████   | 7/10 [14:34<05:27, 109.12s/it]
Task 21, Epoch 8/10 => Loss -0.302, Train_accy 99.96, Test_accy 73.43:  80%|████████  | 8/10 [14:34<03:38, 109.40s/it]
Task 21, Epoch 9/10 => Loss -0.304, Train_accy 99.96, Test_accy 73.28:  80%|████████  | 8/10 [16:24<03:38, 109.40s/it]
Task 21, Epoch 9/10 => Loss -0.304, Train_accy 99.96, Test_accy 73.28:  90%|█████████ | 9/10 [16:24<01:49, 109.48s/it]
Task 21, Epoch 10/10 => Loss -0.305, Train_accy 100.00, Test_accy 73.36:  90%|█████████ | 9/10 [18:13<01:49, 109.48s/it]
Task 21, Epoch 10/10 => Loss -0.305, Train_accy 100.00, Test_accy 73.36: 100%|██████████| 10/10 [18:13<00:00, 109.42s/it]
Task 21, Epoch 10/10 => Loss -0.305, Train_accy 100.00, Test_accy 73.36: 100%|██████████| 10/10 [18:13<00:00, 109.36s/it]
2026-02-09 23:13:19,195 [l2p.py] => Task 21, Epoch 10/10 => Loss -0.305, Train_accy 100.00, Test_accy 73.36
2026-02-09 23:14:40,644 [trainer.py] => CNN: {'total': 73.36, '00-09': 79.31, '10-19': 78.6, '20-29': 73.0, '30-39': 83.09, '40-49': 85.05, '50-59': 66.52, '60-69': 70.19, '70-79': 73.63, '80-89': 84.06, '90-99': 56.6, '100-109': 63.8, '110-119': 76.36, '120-129': 54.61, '130-139': 48.89, '140-149': 65.2, '150-159': 77.03, '160-169': 80.75, '170-179': 80.83, '180-189': 41.92, '190-199': 78.95, '200-209': 76.33, '210-219': 75.86, 'old': 73.24, 'new': 75.86, 'harmonic': 74.53}
2026-02-09 23:14:40,645 [trainer.py] => CNN top1 curve: [98.12, 96.83, 91.71, 89.78, 86.89, 86.7, 86.96, 86.62, 87.16, 85.65, 83.49, 81.62, 80.3, 78.34, 77.55, 77.34, 75.62, 76.32, 74.86, 74.47, 73.64, 73.36]
2026-02-09 23:14:40,645 [trainer.py] => CNN top5 curve: [100.0, 99.85, 99.66, 99.45, 99.3, 99.25, 99.15, 99.18, 99.07, 98.94, 98.66, 98.56, 98.26, 97.86, 97.74, 97.66, 97.31, 97.24, 96.9, 96.8, 96.46, 96.32]
2026-02-09 23:14:40,645 [trainer.py] => Average Accuracy (CNN): 82.87863636363635
2026-02-09 23:14:40,645 [l2p.py] => Learning on 220-230

  0%|          | 0/10 [00:00<?, ?it/s]
Task 22, Epoch 1/10 => Loss 0.068, Train_accy 93.58, Test_accy 70.82:   0%|          | 0/10 [01:45<?, ?it/s]
Task 22, Epoch 1/10 => Loss 0.068, Train_accy 93.58, Test_accy 70.82:  10%|█         | 1/10 [01:45<15:51, 105.75s/it]
Task 22, Epoch 2/10 => Loss -0.249, Train_accy 99.16, Test_accy 71.07:  10%|█         | 1/10 [03:30<15:51, 105.75s/it]
Task 22, Epoch 2/10 => Loss -0.249, Train_accy 99.16, Test_accy 71.07:  20%|██        | 2/10 [03:30<14:02, 105.30s/it]
Task 22, Epoch 3/10 => Loss -0.269, Train_accy 99.43, Test_accy 71.07:  20%|██        | 2/10 [05:16<14:02, 105.30s/it]
Task 22, Epoch 3/10 => Loss -0.269, Train_accy 99.43, Test_accy 71.07:  30%|███       | 3/10 [05:16<12:17, 105.36s/it]
Task 22, Epoch 4/10 => Loss -0.279, Train_accy 99.74, Test_accy 71.13:  30%|███       | 3/10 [07:01<12:17, 105.36s/it]
Task 22, Epoch 4/10 => Loss -0.279, Train_accy 99.74, Test_accy 71.13:  40%|████      | 4/10 [07:01<10:31, 105.19s/it]
Task 22, Epoch 5/10 => Loss -0.283, Train_accy 99.53, Test_accy 71.58:  40%|████      | 4/10 [08:45<10:31, 105.19s/it]
Task 22, Epoch 5/10 => Loss -0.283, Train_accy 99.53, Test_accy 71.58:  50%|█████     | 5/10 [08:45<08:45, 105.09s/it]
Task 22, Epoch 6/10 => Loss -0.287, Train_accy 99.79, Test_accy 71.63:  50%|█████     | 5/10 [10:31<08:45, 105.09s/it]
Task 22, Epoch 6/10 => Loss -0.287, Train_accy 99.79, Test_accy 71.63:  60%|██████    | 6/10 [10:31<07:00, 105.11s/it]
Task 22, Epoch 7/10 => Loss -0.290, Train_accy 99.74, Test_accy 71.57:  60%|██████    | 6/10 [12:16<07:00, 105.11s/it]
Task 22, Epoch 7/10 => Loss -0.290, Train_accy 99.74, Test_accy 71.57:  70%|███████   | 7/10 [12:16<05:15, 105.10s/it]
Task 22, Epoch 8/10 => Loss -0.292, Train_accy 99.79, Test_accy 71.70:  70%|███████   | 7/10 [14:00<05:15, 105.10s/it]
Task 22, Epoch 8/10 => Loss -0.292, Train_accy 99.79, Test_accy 71.70:  80%|████████  | 8/10 [14:00<03:29, 104.85s/it]
Task 22, Epoch 9/10 => Loss -0.293, Train_accy 99.79, Test_accy 71.68:  80%|████████  | 8/10 [15:46<03:29, 104.85s/it]
Task 22, Epoch 9/10 => Loss -0.293, Train_accy 99.79, Test_accy 71.68:  90%|█████████ | 9/10 [15:46<01:45, 105.06s/it]
Task 22, Epoch 10/10 => Loss -0.296, Train_accy 99.95, Test_accy 71.78:  90%|█████████ | 9/10 [17:30<01:45, 105.06s/it]
Task 22, Epoch 10/10 => Loss -0.296, Train_accy 99.95, Test_accy 71.78: 100%|██████████| 10/10 [17:30<00:00, 105.01s/it]
Task 22, Epoch 10/10 => Loss -0.296, Train_accy 99.95, Test_accy 71.78: 100%|██████████| 10/10 [17:30<00:00, 105.10s/it]
2026-02-09 23:32:11,634 [l2p.py] => Task 22, Epoch 10/10 => Loss -0.296, Train_accy 99.95, Test_accy 71.78
2026-02-09 23:33:35,731 [trainer.py] => CNN: {'total': 71.78, '00-09': 80.72, '10-19': 80.49, '20-29': 71.56, '30-39': 84.9, '40-49': 85.05, '50-59': 67.6, '60-69': 70.37, '70-79': 69.68, '80-89': 83.61, '90-99': 55.08, '100-109': 65.4, '110-119': 73.51, '120-129': 56.7, '130-139': 49.26, '140-149': 61.44, '150-159': 79.34, '160-169': 80.86, '170-179': 77.9, '180-189': 39.45, '190-199': 78.01, '200-209': 74.67, '210-219': 62.15, '220-229': 54.27, 'old': 72.4, 'new': 54.27, 'harmonic': 62.04}
2026-02-09 23:33:35,731 [trainer.py] => CNN top1 curve: [98.12, 96.83, 91.71, 89.78, 86.89, 86.7, 86.96, 86.62, 87.16, 85.65, 83.49, 81.62, 80.3, 78.34, 77.55, 77.34, 75.62, 76.32, 74.86, 74.47, 73.64, 73.36, 71.78]
2026-02-09 23:33:35,731 [trainer.py] => CNN top5 curve: [100.0, 99.85, 99.66, 99.45, 99.3, 99.25, 99.15, 99.18, 99.07, 98.94, 98.66, 98.56, 98.26, 97.86, 97.74, 97.66, 97.31, 97.24, 96.9, 96.8, 96.46, 96.32, 95.98]
2026-02-09 23:33:35,731 [trainer.py] => Average Accuracy (CNN): 82.39608695652173
2026-02-09 23:33:35,731 [l2p.py] => Learning on 230-240

  0%|          | 0/10 [00:00<?, ?it/s]
Task 23, Epoch 1/10 => Loss -0.046, Train_accy 95.48, Test_accy 69.80:   0%|          | 0/10 [01:52<?, ?it/s]
Task 23, Epoch 1/10 => Loss -0.046, Train_accy 95.48, Test_accy 69.80:  10%|█         | 1/10 [01:52<16:54, 112.70s/it]
Task 23, Epoch 2/10 => Loss -0.286, Train_accy 99.61, Test_accy 70.44:  10%|█         | 1/10 [03:44<16:54, 112.70s/it]
Task 23, Epoch 2/10 => Loss -0.286, Train_accy 99.61, Test_accy 70.44:  20%|██        | 2/10 [03:44<14:57, 112.25s/it]
Task 23, Epoch 3/10 => Loss -0.300, Train_accy 99.78, Test_accy 71.13:  20%|██        | 2/10 [05:36<14:57, 112.25s/it]
Task 23, Epoch 3/10 => Loss -0.300, Train_accy 99.78, Test_accy 71.13:  30%|███       | 3/10 [05:36<13:03, 111.97s/it]
Task 23, Epoch 4/10 => Loss -0.307, Train_accy 99.96, Test_accy 71.63:  30%|███       | 3/10 [07:29<13:03, 111.97s/it]
Task 23, Epoch 4/10 => Loss -0.307, Train_accy 99.96, Test_accy 71.63:  40%|████      | 4/10 [07:29<11:14, 112.42s/it]
Task 23, Epoch 5/10 => Loss -0.310, Train_accy 99.96, Test_accy 71.86:  40%|████      | 4/10 [09:21<11:14, 112.42s/it]
Task 23, Epoch 5/10 => Loss -0.310, Train_accy 99.96, Test_accy 71.86:  50%|█████     | 5/10 [09:21<09:21, 112.25s/it]
Task 23, Epoch 6/10 => Loss -0.311, Train_accy 100.00, Test_accy 71.94:  50%|█████     | 5/10 [11:13<09:21, 112.25s/it]
Task 23, Epoch 6/10 => Loss -0.311, Train_accy 100.00, Test_accy 71.94:  60%|██████    | 6/10 [11:13<07:28, 112.13s/it]
Task 23, Epoch 7/10 => Loss -0.312, Train_accy 100.00, Test_accy 72.16:  60%|██████    | 6/10 [13:05<07:28, 112.13s/it]
Task 23, Epoch 7/10 => Loss -0.312, Train_accy 100.00, Test_accy 72.16:  70%|███████   | 7/10 [13:05<05:36, 112.05s/it]
Task 23, Epoch 8/10 => Loss -0.314, Train_accy 100.00, Test_accy 72.15:  70%|███████   | 7/10 [14:57<05:36, 112.05s/it]
Task 23, Epoch 8/10 => Loss -0.314, Train_accy 100.00, Test_accy 72.15:  80%|████████  | 8/10 [14:57<03:44, 112.03s/it]
Task 23, Epoch 9/10 => Loss -0.314, Train_accy 100.00, Test_accy 72.26:  80%|████████  | 8/10 [16:50<03:44, 112.03s/it]
Task 23, Epoch 9/10 => Loss -0.314, Train_accy 100.00, Test_accy 72.26:  90%|█████████ | 9/10 [16:50<01:52, 112.32s/it]
Task 23, Epoch 10/10 => Loss -0.315, Train_accy 100.00, Test_accy 72.25:  90%|█████████ | 9/10 [18:42<01:52, 112.32s/it]
Task 23, Epoch 10/10 => Loss -0.315, Train_accy 100.00, Test_accy 72.25: 100%|██████████| 10/10 [18:42<00:00, 112.42s/it]
Task 23, Epoch 10/10 => Loss -0.315, Train_accy 100.00, Test_accy 72.25: 100%|██████████| 10/10 [18:42<00:00, 112.27s/it]
2026-02-09 23:52:18,456 [l2p.py] => Task 23, Epoch 10/10 => Loss -0.315, Train_accy 100.00, Test_accy 72.25
Traceback (most recent call last):
  File "/home/team/zhaohongwei/Code/Research/Awesome-MMCL/C3Box-main/main.py", line 31, in <module>
    main()
  File "/home/team/zhaohongwei/Code/Research/Awesome-MMCL/C3Box-main/main.py", line 14, in main
    train(args)
  File "/home/team/zhaohongwei/Code/Research/Awesome-MMCL/C3Box-main/trainer.py", line 18, in train
    _train(args)
  File "/home/team/zhaohongwei/Code/Research/Awesome-MMCL/C3Box-main/trainer.py", line 55, in _train
    cnn_accy, nme_accy, zs_seen, zs_unseen, zs_harmonic, zs_total = model.eval_task()
  File "/home/team/zhaohongwei/Code/Research/Awesome-MMCL/C3Box-main/models/base.py", line 88, in eval_task
    y_pred, y_true = self._eval_cnn(self.test_loader)
  File "/home/team/zhaohongwei/Code/Research/Awesome-MMCL/C3Box-main/models/l2p.py", line 226, in _eval_cnn
    for _, (_, inputs, targets) in enumerate(loader):
  File "/home/team/zhaohongwei/anaconda3/envs/mmcl/lib/python3.10/site-packages/torch/utils/data/dataloader.py", line 633, in __next__
    data = self._next_data()
  File "/home/team/zhaohongwei/anaconda3/envs/mmcl/lib/python3.10/site-packages/torch/utils/data/dataloader.py", line 1328, in _next_data
    idx, data = self._get_data()
  File "/home/team/zhaohongwei/anaconda3/envs/mmcl/lib/python3.10/site-packages/torch/utils/data/dataloader.py", line 1294, in _get_data
    success, data = self._try_get_data()
  File "/home/team/zhaohongwei/anaconda3/envs/mmcl/lib/python3.10/site-packages/torch/utils/data/dataloader.py", line 1159, in _try_get_data
    raise RuntimeError(
RuntimeError: Too many open files. Communication with the workers is no longer possible. Please increase the limit using `ulimit -n` in the shell or change the sharing strategy by calling `torch.multiprocessing.set_sharing_strategy('file_system')` at the beginning of your code
2026-02-09 23:53:48,211 [trainer.py] => config: ./configs/l2p/l2p_sun_B150_Inc30.json
2026-02-09 23:53:48,211 [trainer.py] => prefix:  
2026-02-09 23:53:48,211 [trainer.py] => dataset: sun
2026-02-09 23:53:48,211 [trainer.py] => memory_size: 0
2026-02-09 23:53:48,211 [trainer.py] => memory_per_class: 0
2026-02-09 23:53:48,211 [trainer.py] => fixed_memory: False
2026-02-09 23:53:48,212 [trainer.py] => shuffle: True
2026-02-09 23:53:48,212 [trainer.py] => init_cls: 150
2026-02-09 23:53:48,212 [trainer.py] => increment: 10
2026-02-09 23:53:48,212 [trainer.py] => model_name: l2p
2026-02-09 23:53:48,212 [trainer.py] => backbone_type: clip
2026-02-09 23:53:48,212 [trainer.py] => get_original_backbone: True
2026-02-09 23:53:48,212 [trainer.py] => device: [device(type='cuda', index=7)]
2026-02-09 23:53:48,212 [trainer.py] => seed: 1993
2026-02-09 23:53:48,212 [trainer.py] => tuned_epoch: 10
2026-02-09 23:53:48,212 [trainer.py] => init_lr: 0.001875
2026-02-09 23:53:48,212 [trainer.py] => batch_size: 16
2026-02-09 23:53:48,212 [trainer.py] => weight_decay: 0
2026-02-09 23:53:48,212 [trainer.py] => min_lr: 1e-05
2026-02-09 23:53:48,212 [trainer.py] => optimizer: adam
2026-02-09 23:53:48,212 [trainer.py] => scheduler: constant
2026-02-09 23:53:48,212 [trainer.py] => reinit_optimizer: True
2026-02-09 23:53:48,212 [trainer.py] => global_pool: token
2026-02-09 23:53:48,212 [trainer.py] => head_type: prompt
2026-02-09 23:53:48,212 [trainer.py] => freeze: ['blocks', 'patch_embed', 'cls_token', 'norm', 'pos_embed']
2026-02-09 23:53:48,212 [trainer.py] => pretrained: True
2026-02-09 23:53:48,212 [trainer.py] => drop: 0.0
2026-02-09 23:53:48,212 [trainer.py] => drop_path: 0.0
2026-02-09 23:53:48,212 [trainer.py] => prompt_pool: True
2026-02-09 23:53:48,212 [trainer.py] => size: 10
2026-02-09 23:53:48,212 [trainer.py] => length: 5
2026-02-09 23:53:48,212 [trainer.py] => top_k: 5
2026-02-09 23:53:48,212 [trainer.py] => initializer: uniform
2026-02-09 23:53:48,212 [trainer.py] => prompt_key: True
2026-02-09 23:53:48,212 [trainer.py] => prompt_key_init: uniform
2026-02-09 23:53:48,212 [trainer.py] => use_prompt_mask: False
2026-02-09 23:53:48,212 [trainer.py] => shared_prompt_pool: False
2026-02-09 23:53:48,212 [trainer.py] => shared_prompt_key: False
2026-02-09 23:53:48,212 [trainer.py] => batchwise_prompt: True
2026-02-09 23:53:48,213 [trainer.py] => embedding_key: cls
2026-02-09 23:53:48,213 [trainer.py] => predefined_key: 
2026-02-09 23:53:48,213 [trainer.py] => pull_constraint: True
2026-02-09 23:53:48,213 [trainer.py] => pull_constraint_coeff: 0.1
2026-02-09 23:53:48,213 [trainer.py] => nb_classes: 300
2026-02-09 23:53:48,213 [trainer.py] => total_class_num: 300
['abbey', 'airplane cabin', 'airport terminal', 'alley', 'amphitheater', 'amusement arcade', 'amusement park', 'anechoic chamber', 'apartment building', 'apse', 'aquarium', 'aqueduct', 'arch', 'archive', 'arrival gate', 'art gallery', 'art school', 'art studio', 'assembly line', 'athletic field', 'atrium', 'attic', 'auditorium', 'auto factory', 'badlands', 'badminton court', 'baggage claim', 'bakery', 'balcony', 'ball pit', 'ballroom', 'bamboo forest', 'banquet hall', 'bar', 'barn', 'barndoor', 'baseball field', 'basement', 'basilica', 'basketball court', 'bathroom', 'batters box', 'bayou', 'bazaar', 'beach', 'beauty salon', 'bedroom', 'berth', 'biology laboratory', 'bistro', 'boardwalk', 'boat deck', 'boathouse', 'bookstore', 'booth', 'botanical garden', 'bow window', 'bowling alley', 'boxing ring', 'brewery', 'bridge', 'building facade', 'bullring', 'burial chamber', 'bus interior', 'butchers shop', 'butte', 'cabin', 'cafeteria', 'campsite', 'campus', 'canal', 'candy store', 'canyon', 'car interior', 'carrousel', 'casino', 'castle', 'catacomb', 'cathedral', 'cavern', 'cemetery', 'chalet', 'cheese factory', 'chemistry lab', 'chicken coop', 'childs room', 'church', 'classroom', 'clean room', 'cliff', 'cloister', 'closet', 'clothing store', 'coast', 'cockpit', 'coffee shop', 'computer room', 'conference center', 'conference room', 'construction site', 'control room', 'control tower', 'corn field', 'corral', 'corridor', 'cottage garden', 'courthouse', 'courtroom', 'courtyard', 'covered bridge', 'creek', 'crevasse', 'crosswalk', 'cubicle', 'dam', 'delicatessen', 'dentists office', 'desert', 'diner', 'dinette', 'dining car', 'dining room', 'discotheque', 'dock', 'doorway', 'dorm room', 'driveway', 'driving range', 'drugstore', 'electrical substation', 'elevator', 'elevator shaft', 'engine room', 'escalator', 'excavation', 'factory', 'fairway', 'fastfood restaurant', 'field', 'fire escape', 'fire station', 'firing range', 'fishpond', 'florist shop', 'food court', 'forest', 'forest path', 'forest road', 'formal garden', 'fountain', 'galley', 'game room', 'garage', 'garbage dump', 'gas station', 'gazebo', 'general store', 'gift shop', 'golf course', 'greenhouse', 'gymnasium', 'hangar', 'harbor', 'hayfield', 'heliport', 'herb garden', 'highway', 'hill', 'home office', 'hospital', 'hospital room', 'hot spring', 'hot tub', 'hotel', 'hotel room', 'house', 'hunting lodge', 'ice cream parlor', 'ice floe', 'ice shelf', 'ice skating rink', 'iceberg', 'igloo', 'industrial area', 'inn', 'islet', 'jacuzzi', 'jail', 'jail cell', 'jewelry shop', 'kasbah', 'kennel', 'kindergarden classroom', 'kitchen', 'kitchenette', 'labyrinth', 'lake', 'landfill', 'landing deck', 'laundromat', 'lecture room', 'library', 'lido deck', 'lift bridge', 'lighthouse', 'limousine interior', 'living room', 'lobby', 'lock chamber', 'locker room', 'mansion', 'manufactured home', 'market', 'marsh', 'martial arts gym', 'mausoleum', 'medina', 'moat', 'monastery', 'mosque', 'motel', 'mountain', 'mountain snowy', 'movie theater', 'museum', 'music store', 'music studio', 'nuclear power plant', 'nursery', 'oast house', 'observatory', 'ocean', 'office', 'office building', 'oil refinery', 'oilrig', 'operating room', 'orchard', 'outhouse', 'pagoda', 'palace', 'pantry', 'park', 'parking garage', 'parking lot', 'parlor', 'pasture', 'patio', 'pavilion', 'pharmacy', 'phone booth', 'physics laboratory', 'picnic area', 'pilothouse', 'planetarium', 'playground', 'playroom', 'plaza', 'podium', 'pond', 'poolroom', 'power plant', 'promenade deck', 'pub', 'pulpit', 'putting green', 'racecourse', 'raceway', 'raft', 'railroad track', 'rainforest', 'reception', 'recreation room', 'residential neighborhood', 'restaurant', 'restaurant kitchen', 'restaurant patio', 'rice paddy', 'riding arena', 'river', 'rock arch', 'rope bridge', 'ruin', 'runway', 'sandbar', 'sandbox', 'sauna', 'schoolhouse', 'sea cliff', 'server room', 'shed', 'shoe shop', 'shopfront', 'shopping mall', 'shower', 'skatepark', 'ski lodge', 'ski resort', 'ski slope']
['a photo of a {}.', 'a photo of the {}.']
{'abbey': 0, 'airplane_cabin': 1, 'airport_terminal': 2, 'alley': 3, 'amphitheater': 4, 'amusement_arcade': 5, 'amusement_park': 6, 'anechoic_chamber': 7, 'apartment_building': 8, 'apse': 9, 'aquarium': 10, 'aqueduct': 11, 'arch': 12, 'archive': 13, 'arrival_gate': 14, 'art_gallery': 15, 'art_school': 16, 'art_studio': 17, 'assembly_line': 18, 'athletic_field': 19, 'atrium': 20, 'attic': 21, 'auditorium': 22, 'auto_factory': 23, 'badlands': 24, 'badminton_court': 25, 'baggage_claim': 26, 'bakery': 27, 'balcony': 28, 'ball_pit': 29, 'ballroom': 30, 'bamboo_forest': 31, 'banquet_hall': 32, 'bar': 33, 'barn': 34, 'barndoor': 35, 'baseball_field': 36, 'basement': 37, 'basilica': 38, 'basketball_court': 39, 'bathroom': 40, 'batters_box': 41, 'bayou': 42, 'bazaar': 43, 'beach': 44, 'beauty_salon': 45, 'bedroom': 46, 'berth': 47, 'biology_laboratory': 48, 'bistro': 49, 'boardwalk': 50, 'boat_deck': 51, 'boathouse': 52, 'bookstore': 53, 'booth': 54, 'botanical_garden': 55, 'bow_window': 56, 'bowling_alley': 57, 'boxing_ring': 58, 'brewery': 59, 'bridge': 60, 'building_facade': 61, 'bullring': 62, 'burial_chamber': 63, 'bus_interior': 64, 'butchers_shop': 65, 'butte': 66, 'cabin': 67, 'cafeteria': 68, 'campsite': 69, 'campus': 70, 'canal': 71, 'candy_store': 72, 'canyon': 73, 'car_interior': 74, 'carrousel': 75, 'casino': 76, 'castle': 77, 'catacomb': 78, 'cathedral': 79, 'cavern': 80, 'cemetery': 81, 'chalet': 82, 'cheese_factory': 83, 'chemistry_lab': 84, 'chicken_coop': 85, 'childs_room': 86, 'church': 87, 'classroom': 88, 'clean_room': 89, 'cliff': 90, 'cloister': 91, 'closet': 92, 'clothing_store': 93, 'coast': 94, 'cockpit': 95, 'coffee_shop': 96, 'computer_room': 97, 'conference_center': 98, 'conference_room': 99, 'construction_site': 100, 'control_room': 101, 'control_tower': 102, 'corn_field': 103, 'corral': 104, 'corridor': 105, 'cottage_garden': 106, 'courthouse': 107, 'courtroom': 108, 'courtyard': 109, 'covered_bridge': 110, 'creek': 111, 'crevasse': 112, 'crosswalk': 113, 'cubicle': 114, 'dam': 115, 'delicatessen': 116, 'dentists_office': 117, 'desert': 118, 'diner': 119, 'dinette': 120, 'dining_car': 121, 'dining_room': 122, 'discotheque': 123, 'dock': 124, 'doorway': 125, 'dorm_room': 126, 'driveway': 127, 'driving_range': 128, 'drugstore': 129, 'electrical_substation': 130, 'elevator': 131, 'elevator_shaft': 132, 'engine_room': 133, 'escalator': 134, 'excavation': 135, 'factory': 136, 'fairway': 137, 'fastfood_restaurant': 138, 'field': 139, 'fire_escape': 140, 'fire_station': 141, 'firing_range': 142, 'fishpond': 143, 'florist_shop': 144, 'food_court': 145, 'forest': 146, 'forest_path': 147, 'forest_road': 148, 'formal_garden': 149, 'fountain': 150, 'galley': 151, 'game_room': 152, 'garage': 153, 'garbage_dump': 154, 'gas_station': 155, 'gazebo': 156, 'general_store': 157, 'gift_shop': 158, 'golf_course': 159, 'greenhouse': 160, 'gymnasium': 161, 'hangar': 162, 'harbor': 163, 'hayfield': 164, 'heliport': 165, 'herb_garden': 166, 'highway': 167, 'hill': 168, 'home_office': 169, 'hospital': 170, 'hospital_room': 171, 'hot_spring': 172, 'hot_tub': 173, 'hotel': 174, 'hotel_room': 175, 'house': 176, 'hunting_lodge': 177, 'ice_cream_parlor': 178, 'ice_floe': 179, 'ice_shelf': 180, 'ice_skating_rink': 181, 'iceberg': 182, 'igloo': 183, 'industrial_area': 184, 'inn': 185, 'islet': 186, 'jacuzzi': 187, 'jail': 188, 'jail_cell': 189, 'jewelry_shop': 190, 'kasbah': 191, 'kennel': 192, 'kindergarden_classroom': 193, 'kitchen': 194, 'kitchenette': 195, 'labyrinth': 196, 'lake': 197, 'landfill': 198, 'landing_deck': 199, 'laundromat': 200, 'lecture_room': 201, 'library': 202, 'lido_deck': 203, 'lift_bridge': 204, 'lighthouse': 205, 'limousine_interior': 206, 'living_room': 207, 'lobby': 208, 'lock_chamber': 209, 'locker_room': 210, 'mansion': 211, 'manufactured_home': 212, 'market': 213, 'marsh': 214, 'martial_arts_gym': 215, 'mausoleum': 216, 'medina': 217, 'moat': 218, 'monastery': 219, 'mosque': 220, 'motel': 221, 'mountain': 222, 'mountain_snowy': 223, 'movie_theater': 224, 'museum': 225, 'music_store': 226, 'music_studio': 227, 'nuclear_power_plant': 228, 'nursery': 229, 'oast_house': 230, 'observatory': 231, 'ocean': 232, 'office': 233, 'office_building': 234, 'oil_refinery': 235, 'oilrig': 236, 'operating_room': 237, 'orchard': 238, 'outhouse': 239, 'pagoda': 240, 'palace': 241, 'pantry': 242, 'park': 243, 'parking_garage': 244, 'parking_lot': 245, 'parlor': 246, 'pasture': 247, 'patio': 248, 'pavilion': 249, 'pharmacy': 250, 'phone_booth': 251, 'physics_laboratory': 252, 'picnic_area': 253, 'pilothouse': 254, 'planetarium': 255, 'playground': 256, 'playroom': 257, 'plaza': 258, 'podium': 259, 'pond': 260, 'poolroom': 261, 'power_plant': 262, 'promenade_deck': 263, 'pub': 264, 'pulpit': 265, 'putting_green': 266, 'racecourse': 267, 'raceway': 268, 'raft': 269, 'railroad_track': 270, 'rainforest': 271, 'reception': 272, 'recreation_room': 273, 'residential_neighborhood': 274, 'restaurant': 275, 'restaurant_kitchen': 276, 'restaurant_patio': 277, 'rice_paddy': 278, 'riding_arena': 279, 'river': 280, 'rock_arch': 281, 'rope_bridge': 282, 'ruin': 283, 'runway': 284, 'sandbar': 285, 'sandbox': 286, 'sauna': 287, 'schoolhouse': 288, 'sea_cliff': 289, 'server_room': 290, 'shed': 291, 'shoe_shop': 292, 'shopfront': 293, 'shopping_mall': 294, 'shower': 295, 'skatepark': 296, 'ski_lodge': 297, 'ski_resort': 298, 'ski_slope': 299}
2026-02-09 23:53:48,520 [data_manager.py] => [169, 221, 146, 296, 92, 229, 49, 70, 126, 77, 243, 57, 120, 223, 27, 217, 154, 8, 101, 182, 54, 50, 97, 162, 28, 193, 79, 6, 151, 0, 173, 187, 44, 277, 157, 16, 257, 122, 35, 9, 171, 176, 134, 4, 87, 255, 112, 153, 246, 286, 147, 186, 107, 98, 10, 7, 266, 214, 36, 165, 139, 254, 103, 269, 59, 23, 298, 39, 73, 208, 135, 299, 102, 20, 12, 268, 11, 209, 161, 210, 74, 42, 56, 99, 235, 133, 159, 189, 145, 238, 215, 241, 138, 195, 233, 279, 88, 199, 64, 280, 26, 203, 17, 245, 174, 236, 137, 252, 80, 68, 181, 150, 118, 94, 75, 2, 109, 119, 232, 15, 69, 184, 201, 261, 55, 287, 273, 66, 175, 32, 142, 136, 116, 76, 179, 1, 91, 248, 275, 240, 290, 170, 132, 106, 265, 270, 85, 19, 284, 43, 259, 293, 228, 200, 104, 227, 51, 224, 163, 297, 216, 260, 93, 46, 100, 272, 105, 72, 131, 3, 156, 256, 249, 48, 113, 82, 172, 213, 62, 53, 271, 168, 253, 226, 183, 180, 276, 283, 78, 61, 143, 278, 30, 141, 196, 264, 231, 52, 222, 40, 125, 219, 65, 166, 192, 289, 45, 205, 89, 267, 90, 71, 167, 262, 281, 212, 96, 84, 127, 67, 294, 178, 288, 197, 21, 18, 111, 108, 58, 230, 188, 31, 110, 291, 129, 24, 204, 83, 81, 251, 60, 13, 128, 14, 86, 63, 117, 198, 274, 5, 22, 144, 258, 121, 38, 207, 148, 292, 41, 234, 237, 114, 202, 37, 149, 206, 155, 29, 130, 177, 194, 152, 34, 33, 239, 160, 140, 47, 244, 25, 282, 158, 211, 123, 190, 218, 164, 247, 263, 191, 220, 115, 242, 250, 124, 295, 95, 285, 225, 185]
After shuffle, class_to_label is:  ['home office', 'motel', 'forest', 'skatepark', 'closet', 'nursery', 'bistro', 'campus', 'dorm room', 'castle', 'park', 'bowling alley', 'dinette', 'mountain snowy', 'bakery', 'medina', 'garbage dump', 'apartment building', 'control room', 'iceberg', 'booth', 'boardwalk', 'computer room', 'hangar', 'balcony', 'kindergarden classroom', 'cathedral', 'amusement park', 'galley', 'abbey', 'hot tub', 'jacuzzi', 'beach', 'restaurant patio', 'general store', 'art school', 'playroom', 'dining room', 'barndoor', 'apse', 'hospital room', 'house', 'escalator', 'amphitheater', 'church', 'planetarium', 'crevasse', 'garage', 'parlor', 'sandbox', 'forest path', 'islet', 'courthouse', 'conference center', 'aquarium', 'anechoic chamber', 'putting green', 'marsh', 'baseball field', 'heliport', 'field', 'pilothouse', 'corn field', 'raft', 'brewery', 'auto factory', 'ski resort', 'basketball court', 'canyon', 'lobby', 'excavation', 'ski slope', 'control tower', 'atrium', 'arch', 'raceway', 'aqueduct', 'lock chamber', 'gymnasium', 'locker room', 'car interior', 'bayou', 'bow window', 'conference room', 'oil refinery', 'engine room', 'golf course', 'jail cell', 'food court', 'orchard', 'martial arts gym', 'palace', 'fastfood restaurant', 'kitchenette', 'office', 'riding arena', 'classroom', 'landing deck', 'bus interior', 'river', 'baggage claim', 'lido deck', 'art studio', 'parking lot', 'hotel', 'oilrig', 'fairway', 'physics laboratory', 'cavern', 'cafeteria', 'ice skating rink', 'fountain', 'desert', 'coast', 'carrousel', 'airport terminal', 'courtyard', 'diner', 'ocean', 'art gallery', 'campsite', 'industrial area', 'lecture room', 'poolroom', 'botanical garden', 'sauna', 'recreation room', 'butte', 'hotel room', 'banquet hall', 'firing range', 'factory', 'delicatessen', 'casino', 'ice floe', 'airplane cabin', 'cloister', 'patio', 'restaurant', 'pagoda', 'server room', 'hospital', 'elevator shaft', 'cottage garden', 'pulpit', 'railroad track', 'chicken coop', 'athletic field', 'runway', 'bazaar', 'podium', 'shopfront', 'nuclear power plant', 'laundromat', 'corral', 'music studio', 'boat deck', 'movie theater', 'harbor', 'ski lodge', 'mausoleum', 'pond', 'clothing store', 'bedroom', 'construction site', 'reception', 'corridor', 'candy store', 'elevator', 'alley', 'gazebo', 'playground', 'pavilion', 'biology laboratory', 'crosswalk', 'chalet', 'hot spring', 'market', 'bullring', 'bookstore', 'rainforest', 'hill', 'picnic area', 'music store', 'igloo', 'ice shelf', 'restaurant kitchen', 'ruin', 'catacomb', 'building facade', 'fishpond', 'rice paddy', 'ballroom', 'fire station', 'labyrinth', 'pub', 'observatory', 'boathouse', 'mountain', 'bathroom', 'doorway', 'monastery', 'butchers shop', 'herb garden', 'kennel', 'sea cliff', 'beauty salon', 'lighthouse', 'clean room', 'racecourse', 'cliff', 'canal', 'highway', 'power plant', 'rock arch', 'manufactured home', 'coffee shop', 'chemistry lab', 'driveway', 'cabin', 'shopping mall', 'ice cream parlor', 'schoolhouse', 'lake', 'attic', 'assembly line', 'creek', 'courtroom', 'boxing ring', 'oast house', 'jail', 'bamboo forest', 'covered bridge', 'shed', 'drugstore', 'badlands', 'lift bridge', 'cheese factory', 'cemetery', 'phone booth', 'bridge', 'archive', 'driving range', 'arrival gate', 'childs room', 'burial chamber', 'dentists office', 'landfill', 'residential neighborhood', 'amusement arcade', 'auditorium', 'florist shop', 'plaza', 'dining car', 'basilica', 'living room', 'forest road', 'shoe shop', 'batters box', 'office building', 'operating room', 'cubicle', 'library', 'basement', 'formal garden', 'limousine interior', 'gas station', 'ball pit', 'electrical substation', 'hunting lodge', 'kitchen', 'game room', 'barn', 'bar', 'outhouse', 'greenhouse', 'fire escape', 'berth', 'parking garage', 'badminton court', 'rope bridge', 'gift shop', 'mansion', 'discotheque', 'jewelry shop', 'moat', 'hayfield', 'pasture', 'promenade deck', 'kasbah', 'mosque', 'dam', 'pantry', 'pharmacy', 'dock', 'shower', 'cockpit', 'sandbar', 'museum', 'inn']
Training class stages: [150, 10, 10, 10, 10, 10, 10, 10, 10, 10, 10, 10, 10, 10, 10, 10]
Using CLIP model as the backbone
2026-02-09 23:53:50,088 [instantiator.py] => Created a temporary directory at /tmp/tmppe1lryth
2026-02-09 23:53:50,089 [instantiator.py] => Writing /tmp/tmppe1lryth/_remote_module_non_scriptable.py
2026-02-09 23:53:50,240 [factory.py] => Loaded ViT-B-16 model config.
2026-02-09 23:53:51,773 [factory.py] => Loading pretrained ViT-B-16 weights (/home/team/zhaohongwei/pretrained_models/open_clip_pytorch_model_laion400m_e32.bin).
/home/team/zhaohongwei/anaconda3/envs/mmcl/lib/python3.10/site-packages/torch/_utils.py:776: UserWarning: TypedStorage is deprecated. It will be removed in the future and UntypedStorage will be the only storage class. This should only matter to you if you are using storages directly.  To access UntypedStorage directly, use tensor.untyped_storage() instead of tensor.storage()
  return self.fget.__get__(instance, owner)()
2026-02-09 23:53:52,823 [l2p.py] => 86,560,556 model total parameters.
2026-02-09 23:53:52,823 [l2p.py] => 197,420 model training parameters.
2026-02-09 23:53:52,824 [l2p.py] => prompt.prompt: 38400
2026-02-09 23:53:52,824 [l2p.py] => prompt.prompt_key: 5120
2026-02-09 23:53:52,824 [l2p.py] => head.weight: 153600
2026-02-09 23:53:52,824 [l2p.py] => head.bias: 300
2026-02-09 23:53:52,824 [l2p.py] => Learning on 0-150

  0%|          | 0/10 [00:00<?, ?it/s]
Task 0, Epoch 1/10 => Loss 0.444, Train_accy 82.27, Test_accy 85.91:   0%|          | 0/10 [07:12<?, ?it/s]
Task 0, Epoch 1/10 => Loss 0.444, Train_accy 82.27, Test_accy 85.91:  10%|█         | 1/10 [07:12<1:04:53, 432.67s/it]
Task 0, Epoch 2/10 => Loss 0.045, Train_accy 89.20, Test_accy 86.54:  10%|█         | 1/10 [14:24<1:04:53, 432.67s/it]
Task 0, Epoch 2/10 => Loss 0.045, Train_accy 89.20, Test_accy 86.54:  20%|██        | 2/10 [14:24<57:37, 432.21s/it]  
Task 0, Epoch 3/10 => Loss -0.020, Train_accy 91.47, Test_accy 86.40:  20%|██        | 2/10 [21:37<57:37, 432.21s/it]
Task 0, Epoch 3/10 => Loss -0.020, Train_accy 91.47, Test_accy 86.40:  30%|███       | 3/10 [21:37<50:26, 432.35s/it]
Task 0, Epoch 4/10 => Loss -0.063, Train_accy 92.61, Test_accy 86.53:  30%|███       | 3/10 [28:49<50:26, 432.35s/it]
Task 0, Epoch 4/10 => Loss -0.063, Train_accy 92.61, Test_accy 86.53:  40%|████      | 4/10 [28:49<43:15, 432.58s/it]
Task 0, Epoch 5/10 => Loss -0.096, Train_accy 93.77, Test_accy 86.12:  40%|████      | 4/10 [36:03<43:15, 432.58s/it]
Task 0, Epoch 5/10 => Loss -0.096, Train_accy 93.77, Test_accy 86.12:  50%|█████     | 5/10 [36:03<36:04, 432.83s/it]
Task 0, Epoch 6/10 => Loss -0.118, Train_accy 94.42, Test_accy 85.79:  50%|█████     | 5/10 [43:16<36:04, 432.83s/it]
Task 0, Epoch 6/10 => Loss -0.118, Train_accy 94.42, Test_accy 85.79:  60%|██████    | 6/10 [43:16<28:51, 432.80s/it]
Task 0, Epoch 7/10 => Loss -0.139, Train_accy 95.00, Test_accy 85.61:  60%|██████    | 6/10 [50:29<28:51, 432.80s/it]
Task 0, Epoch 7/10 => Loss -0.139, Train_accy 95.00, Test_accy 85.61:  70%|███████   | 7/10 [50:29<21:39, 433.01s/it]
Task 0, Epoch 8/10 => Loss -0.155, Train_accy 95.58, Test_accy 86.09:  70%|███████   | 7/10 [57:42<21:39, 433.01s/it]
Task 0, Epoch 8/10 => Loss -0.155, Train_accy 95.58, Test_accy 86.09:  80%|████████  | 8/10 [57:42<14:26, 433.07s/it]
Task 0, Epoch 9/10 => Loss -0.165, Train_accy 95.90, Test_accy 85.89:  80%|████████  | 8/10 [1:04:55<14:26, 433.07s/it]
Task 0, Epoch 9/10 => Loss -0.165, Train_accy 95.90, Test_accy 85.89:  90%|█████████ | 9/10 [1:04:55<07:12, 432.92s/it]
Task 0, Epoch 10/10 => Loss -0.177, Train_accy 96.32, Test_accy 85.87:  90%|█████████ | 9/10 [1:12:10<07:12, 432.92s/it]
Task 0, Epoch 10/10 => Loss -0.177, Train_accy 96.32, Test_accy 85.87: 100%|██████████| 10/10 [1:12:10<00:00, 433.60s/it]
Task 0, Epoch 10/10 => Loss -0.177, Train_accy 96.32, Test_accy 85.87: 100%|██████████| 10/10 [1:12:10<00:00, 433.04s/it]
2026-02-10 01:06:03,835 [l2p.py] => Task 0, Epoch 10/10 => Loss -0.177, Train_accy 96.32, Test_accy 85.87
2026-02-10 01:06:59,398 [trainer.py] => CNN: {'total': 85.87, '00-09': 83.86, '10-19': 86.61, '20-29': 82.44, '30-39': 89.49, '40-49': 86.34, '50-59': 89.48, '60-69': 86.42, '70-79': 90.96, '80-89': 91.13, '90-99': 79.95, '100-109': 77.2, '110-119': 88.0, '120-129': 80.87, '130-139': 85.37, '140-149': 85.58, 'old': 0, 'new': 85.87, 'harmonic': 0.0}
2026-02-10 01:06:59,398 [trainer.py] => CNN top1 curve: [85.87]
2026-02-10 01:06:59,398 [trainer.py] => CNN top5 curve: [98.61]
2026-02-10 01:06:59,398 [trainer.py] => Average Accuracy (CNN): 85.87
2026-02-10 01:06:59,399 [l2p.py] => Learning on 150-160

  0%|          | 0/10 [00:00<?, ?it/s]
Task 1, Epoch 1/10 => Loss 0.415, Train_accy 92.80, Test_accy 81.25:   0%|          | 0/10 [01:22<?, ?it/s]
Task 1, Epoch 1/10 => Loss 0.415, Train_accy 92.80, Test_accy 81.25:  10%|█         | 1/10 [01:22<12:21, 82.34s/it]
Task 1, Epoch 2/10 => Loss -0.027, Train_accy 99.43, Test_accy 81.39:  10%|█         | 1/10 [02:44<12:21, 82.34s/it]
Task 1, Epoch 2/10 => Loss -0.027, Train_accy 99.43, Test_accy 81.39:  20%|██        | 2/10 [02:44<10:59, 82.38s/it]
Task 1, Epoch 3/10 => Loss -0.102, Train_accy 99.72, Test_accy 81.60:  20%|██        | 2/10 [04:06<10:59, 82.38s/it]
Task 1, Epoch 3/10 => Loss -0.102, Train_accy 99.72, Test_accy 81.60:  30%|███       | 3/10 [04:06<09:35, 82.25s/it]
Task 1, Epoch 4/10 => Loss -0.154, Train_accy 99.86, Test_accy 81.67:  30%|███       | 3/10 [05:28<09:35, 82.25s/it]
Task 1, Epoch 4/10 => Loss -0.154, Train_accy 99.86, Test_accy 81.67:  40%|████      | 4/10 [05:28<08:12, 82.02s/it]
Task 1, Epoch 5/10 => Loss -0.192, Train_accy 99.91, Test_accy 82.06:  40%|████      | 4/10 [06:50<08:12, 82.02s/it]
Task 1, Epoch 5/10 => Loss -0.192, Train_accy 99.91, Test_accy 82.06:  50%|█████     | 5/10 [06:50<06:49, 81.89s/it]
Task 1, Epoch 6/10 => Loss -0.218, Train_accy 99.95, Test_accy 82.32:  50%|█████     | 5/10 [08:11<06:49, 81.89s/it]
Task 1, Epoch 6/10 => Loss -0.218, Train_accy 99.95, Test_accy 82.32:  60%|██████    | 6/10 [08:11<05:26, 81.59s/it]
Task 1, Epoch 7/10 => Loss -0.238, Train_accy 100.00, Test_accy 82.45:  60%|██████    | 6/10 [09:32<05:26, 81.59s/it]
Task 1, Epoch 7/10 => Loss -0.238, Train_accy 100.00, Test_accy 82.45:  70%|███████   | 7/10 [09:32<04:04, 81.50s/it]
Task 1, Epoch 8/10 => Loss -0.254, Train_accy 99.95, Test_accy 82.54:  70%|███████   | 7/10 [10:54<04:04, 81.50s/it] 
Task 1, Epoch 8/10 => Loss -0.254, Train_accy 99.95, Test_accy 82.54:  80%|████████  | 8/10 [10:54<02:43, 81.70s/it]
Task 1, Epoch 9/10 => Loss -0.268, Train_accy 100.00, Test_accy 82.77:  80%|████████  | 8/10 [12:15<02:43, 81.70s/it]
Task 1, Epoch 9/10 => Loss -0.268, Train_accy 100.00, Test_accy 82.77:  90%|█████████ | 9/10 [12:15<01:21, 81.54s/it]
Task 1, Epoch 10/10 => Loss -0.277, Train_accy 100.00, Test_accy 82.77:  90%|█████████ | 9/10 [13:37<01:21, 81.54s/it]
Task 1, Epoch 10/10 => Loss -0.277, Train_accy 100.00, Test_accy 82.77: 100%|██████████| 10/10 [13:37<00:00, 81.52s/it]
Task 1, Epoch 10/10 => Loss -0.277, Train_accy 100.00, Test_accy 82.77: 100%|██████████| 10/10 [13:37<00:00, 81.73s/it]
2026-02-10 01:20:36,679 [l2p.py] => Task 1, Epoch 10/10 => Loss -0.277, Train_accy 100.00, Test_accy 82.77
2026-02-10 01:21:35,203 [trainer.py] => CNN: {'total': 82.77, '00-09': 84.95, '10-19': 86.03, '20-29': 82.31, '30-39': 88.89, '40-49': 86.34, '50-59': 89.48, '60-69': 85.89, '70-79': 90.58, '80-89': 90.98, '90-99': 78.17, '100-109': 77.2, '110-119': 88.24, '120-129': 80.7, '130-139': 83.15, '140-149': 85.58, '150-159': 33.78, 'old': 85.57, 'new': 33.78, 'harmonic': 48.44}
2026-02-10 01:21:35,203 [trainer.py] => CNN top1 curve: [85.87, 82.77]
2026-02-10 01:21:35,203 [trainer.py] => CNN top5 curve: [98.61, 98.35]
2026-02-10 01:21:35,203 [trainer.py] => Average Accuracy (CNN): 84.32
2026-02-10 01:21:35,204 [l2p.py] => Learning on 160-170

  0%|          | 0/10 [00:00<?, ?it/s]
Task 2, Epoch 1/10 => Loss -0.047, Train_accy 94.94, Test_accy 74.97:   0%|          | 0/10 [01:44<?, ?it/s]
Task 2, Epoch 1/10 => Loss -0.047, Train_accy 94.94, Test_accy 74.97:  10%|█         | 1/10 [01:44<15:40, 104.53s/it]
Task 2, Epoch 2/10 => Loss -0.269, Train_accy 99.29, Test_accy 74.74:  10%|█         | 1/10 [03:28<15:40, 104.53s/it]
Task 2, Epoch 2/10 => Loss -0.269, Train_accy 99.29, Test_accy 74.74:  20%|██        | 2/10 [03:28<13:54, 104.29s/it]
Task 2, Epoch 3/10 => Loss -0.286, Train_accy 99.53, Test_accy 74.89:  20%|██        | 2/10 [05:12<13:54, 104.29s/it]
Task 2, Epoch 3/10 => Loss -0.286, Train_accy 99.53, Test_accy 74.89:  30%|███       | 3/10 [05:12<12:09, 104.25s/it]
Task 2, Epoch 4/10 => Loss -0.296, Train_accy 99.79, Test_accy 75.07:  30%|███       | 3/10 [06:56<12:09, 104.25s/it]
Task 2, Epoch 4/10 => Loss -0.296, Train_accy 99.79, Test_accy 75.07:  40%|████      | 4/10 [06:56<10:25, 104.19s/it]
Task 2, Epoch 5/10 => Loss -0.300, Train_accy 99.89, Test_accy 75.18:  40%|████      | 4/10 [08:41<10:25, 104.19s/it]
Task 2, Epoch 5/10 => Loss -0.300, Train_accy 99.89, Test_accy 75.18:  50%|█████     | 5/10 [08:41<08:41, 104.33s/it]
Task 2, Epoch 6/10 => Loss -0.303, Train_accy 99.97, Test_accy 75.49:  50%|█████     | 5/10 [10:25<08:41, 104.33s/it]
Task 2, Epoch 6/10 => Loss -0.303, Train_accy 99.97, Test_accy 75.49:  60%|██████    | 6/10 [10:25<06:57, 104.34s/it]
Task 2, Epoch 7/10 => Loss -0.305, Train_accy 99.95, Test_accy 75.54:  60%|██████    | 6/10 [12:10<06:57, 104.34s/it]
Task 2, Epoch 7/10 => Loss -0.305, Train_accy 99.95, Test_accy 75.54:  70%|███████   | 7/10 [12:10<05:13, 104.46s/it]
Task 2, Epoch 8/10 => Loss -0.307, Train_accy 99.97, Test_accy 75.65:  70%|███████   | 7/10 [13:55<05:13, 104.46s/it]
Task 2, Epoch 8/10 => Loss -0.307, Train_accy 99.97, Test_accy 75.65:  80%|████████  | 8/10 [13:55<03:29, 104.56s/it]
Task 2, Epoch 9/10 => Loss -0.308, Train_accy 100.00, Test_accy 75.82:  80%|████████  | 8/10 [15:40<03:29, 104.56s/it]
Task 2, Epoch 9/10 => Loss -0.308, Train_accy 100.00, Test_accy 75.82:  90%|█████████ | 9/10 [15:40<01:44, 104.74s/it]
Task 2, Epoch 10/10 => Loss -0.309, Train_accy 100.00, Test_accy 75.99:  90%|█████████ | 9/10 [17:25<01:44, 104.74s/it]
Task 2, Epoch 10/10 => Loss -0.309, Train_accy 100.00, Test_accy 75.99: 100%|██████████| 10/10 [17:25<00:00, 104.94s/it]
Task 2, Epoch 10/10 => Loss -0.309, Train_accy 100.00, Test_accy 75.99: 100%|██████████| 10/10 [17:25<00:00, 104.59s/it]
2026-02-10 01:39:01,125 [l2p.py] => Task 2, Epoch 10/10 => Loss -0.309, Train_accy 100.00, Test_accy 75.99
2026-02-10 01:40:05,731 [trainer.py] => CNN: {'total': 75.99, '00-09': 83.54, '10-19': 85.88, '20-29': 84.67, '30-39': 87.8, '40-49': 83.89, '50-59': 84.55, '60-69': 85.54, '70-79': 89.83, '80-89': 89.77, '90-99': 76.65, '100-109': 75.6, '110-119': 85.52, '120-129': 79.13, '130-139': 82.96, '140-149': 87.46, '150-159': 33.2, '160-169': 15.27, 'old': 81.72, 'new': 15.27, 'harmonic': 25.73}
2026-02-10 01:40:05,732 [trainer.py] => CNN top1 curve: [85.87, 82.77, 75.99]
2026-02-10 01:40:05,732 [trainer.py] => CNN top5 curve: [98.61, 98.35, 97.75]
2026-02-10 01:40:05,732 [trainer.py] => Average Accuracy (CNN): 81.54333333333334
2026-02-10 01:40:05,732 [l2p.py] => Learning on 170-180

  0%|          | 0/10 [00:00<?, ?it/s]
Task 3, Epoch 1/10 => Loss -0.002, Train_accy 93.33, Test_accy 70.74:   0%|          | 0/10 [01:42<?, ?it/s]
Task 3, Epoch 1/10 => Loss -0.002, Train_accy 93.33, Test_accy 70.74:  10%|█         | 1/10 [01:42<15:25, 102.83s/it]
Task 3, Epoch 2/10 => Loss -0.256, Train_accy 98.98, Test_accy 70.93:  10%|█         | 1/10 [03:25<15:25, 102.83s/it]
Task 3, Epoch 2/10 => Loss -0.256, Train_accy 98.98, Test_accy 70.93:  20%|██        | 2/10 [03:25<13:42, 102.81s/it]
Task 3, Epoch 3/10 => Loss -0.275, Train_accy 99.24, Test_accy 71.00:  20%|██        | 2/10 [05:07<13:42, 102.81s/it]
Task 3, Epoch 3/10 => Loss -0.275, Train_accy 99.24, Test_accy 71.00:  30%|███       | 3/10 [05:07<11:57, 102.54s/it]
Task 3, Epoch 4/10 => Loss -0.285, Train_accy 99.56, Test_accy 71.14:  30%|███       | 3/10 [06:49<11:57, 102.54s/it]
Task 3, Epoch 4/10 => Loss -0.285, Train_accy 99.56, Test_accy 71.14:  40%|████      | 4/10 [06:49<10:13, 102.22s/it]
Task 3, Epoch 5/10 => Loss -0.292, Train_accy 99.56, Test_accy 71.30:  40%|████      | 4/10 [08:32<10:13, 102.22s/it]
Task 3, Epoch 5/10 => Loss -0.292, Train_accy 99.56, Test_accy 71.30:  50%|█████     | 5/10 [08:32<08:32, 102.48s/it]
Task 3, Epoch 6/10 => Loss -0.297, Train_accy 99.81, Test_accy 71.54:  50%|█████     | 5/10 [10:14<08:32, 102.48s/it]
Task 3, Epoch 6/10 => Loss -0.297, Train_accy 99.81, Test_accy 71.54:  60%|██████    | 6/10 [10:14<06:48, 102.24s/it]
Task 3, Epoch 7/10 => Loss -0.301, Train_accy 99.87, Test_accy 71.80:  60%|██████    | 6/10 [11:55<06:48, 102.24s/it]
Task 3, Epoch 7/10 => Loss -0.301, Train_accy 99.87, Test_accy 71.80:  70%|███████   | 7/10 [11:55<05:06, 102.05s/it]
Task 3, Epoch 8/10 => Loss -0.303, Train_accy 99.94, Test_accy 71.98:  70%|███████   | 7/10 [13:37<05:06, 102.05s/it]
Task 3, Epoch 8/10 => Loss -0.303, Train_accy 99.94, Test_accy 71.98:  80%|████████  | 8/10 [13:37<03:23, 101.98s/it]
Task 3, Epoch 9/10 => Loss -0.305, Train_accy 99.94, Test_accy 72.36:  80%|████████  | 8/10 [15:19<03:23, 101.98s/it]
Task 3, Epoch 9/10 => Loss -0.305, Train_accy 99.94, Test_accy 72.36:  90%|█████████ | 9/10 [15:19<01:42, 102.01s/it]
Task 3, Epoch 10/10 => Loss -0.307, Train_accy 99.97, Test_accy 72.40:  90%|█████████ | 9/10 [17:02<01:42, 102.01s/it]
Task 3, Epoch 10/10 => Loss -0.307, Train_accy 99.97, Test_accy 72.40: 100%|██████████| 10/10 [17:02<00:00, 102.28s/it]
Task 3, Epoch 10/10 => Loss -0.307, Train_accy 99.97, Test_accy 72.40: 100%|██████████| 10/10 [17:02<00:00, 102.27s/it]
2026-02-10 01:57:08,475 [l2p.py] => Task 3, Epoch 10/10 => Loss -0.307, Train_accy 99.97, Test_accy 72.40
2026-02-10 01:58:17,078 [trainer.py] => CNN: {'total': 72.4, '00-09': 83.7, '10-19': 86.03, '20-29': 83.88, '30-39': 87.32, '40-49': 84.92, '50-59': 84.12, '60-69': 83.42, '70-79': 91.15, '80-89': 91.58, '90-99': 76.14, '100-109': 76.6, '110-119': 84.9, '120-129': 79.83, '130-139': 82.22, '140-149': 87.15, '150-159': 28.96, '160-169': 13.38, '170-179': 27.16, 'old': 75.64, 'new': 27.16, 'harmonic': 39.97}
2026-02-10 01:58:17,079 [trainer.py] => CNN top1 curve: [85.87, 82.77, 75.99, 72.4]
2026-02-10 01:58:17,079 [trainer.py] => CNN top5 curve: [98.61, 98.35, 97.75, 97.39]
2026-02-10 01:58:17,079 [trainer.py] => Average Accuracy (CNN): 79.2575
2026-02-10 01:58:17,079 [l2p.py] => Learning on 180-190

  0%|          | 0/10 [00:00<?, ?it/s]
Task 4, Epoch 1/10 => Loss 0.229, Train_accy 92.00, Test_accy 70.06:   0%|          | 0/10 [01:26<?, ?it/s]
Task 4, Epoch 1/10 => Loss 0.229, Train_accy 92.00, Test_accy 70.06:  10%|█         | 1/10 [01:26<12:59, 86.64s/it]
Task 4, Epoch 2/10 => Loss -0.215, Train_accy 98.59, Test_accy 69.94:  10%|█         | 1/10 [02:53<12:59, 86.64s/it]
Task 4, Epoch 2/10 => Loss -0.215, Train_accy 98.59, Test_accy 69.94:  20%|██        | 2/10 [02:53<11:36, 87.05s/it]
Task 4, Epoch 3/10 => Loss -0.246, Train_accy 98.86, Test_accy 69.95:  20%|██        | 2/10 [04:21<11:36, 87.05s/it]
Task 4, Epoch 3/10 => Loss -0.246, Train_accy 98.86, Test_accy 69.95:  30%|███       | 3/10 [04:21<10:12, 87.49s/it]
Task 4, Epoch 4/10 => Loss -0.262, Train_accy 99.13, Test_accy 69.83:  30%|███       | 3/10 [05:49<10:12, 87.49s/it]
Task 4, Epoch 4/10 => Loss -0.262, Train_accy 99.13, Test_accy 69.83:  40%|████      | 4/10 [05:49<08:45, 87.51s/it]
Task 4, Epoch 5/10 => Loss -0.271, Train_accy 99.33, Test_accy 69.94:  40%|████      | 4/10 [07:17<08:45, 87.51s/it]
Task 4, Epoch 5/10 => Loss -0.271, Train_accy 99.33, Test_accy 69.94:  50%|█████     | 5/10 [07:17<07:18, 87.64s/it]
Task 4, Epoch 6/10 => Loss -0.278, Train_accy 99.87, Test_accy 69.83:  50%|█████     | 5/10 [08:44<07:18, 87.64s/it]
Task 4, Epoch 6/10 => Loss -0.278, Train_accy 99.87, Test_accy 69.83:  60%|██████    | 6/10 [08:44<05:50, 87.58s/it]
Task 4, Epoch 7/10 => Loss -0.283, Train_accy 100.00, Test_accy 69.85:  60%|██████    | 6/10 [10:11<05:50, 87.58s/it]
Task 4, Epoch 7/10 => Loss -0.283, Train_accy 100.00, Test_accy 69.85:  70%|███████   | 7/10 [10:11<04:21, 87.31s/it]
Task 4, Epoch 8/10 => Loss -0.285, Train_accy 100.00, Test_accy 69.88:  70%|███████   | 7/10 [11:39<04:21, 87.31s/it]
Task 4, Epoch 8/10 => Loss -0.285, Train_accy 100.00, Test_accy 69.88:  80%|████████  | 8/10 [11:39<02:54, 87.41s/it]
Task 4, Epoch 9/10 => Loss -0.288, Train_accy 100.00, Test_accy 69.90:  80%|████████  | 8/10 [13:07<02:54, 87.41s/it]
Task 4, Epoch 9/10 => Loss -0.288, Train_accy 100.00, Test_accy 69.90:  90%|█████████ | 9/10 [13:07<01:27, 87.56s/it]
Task 4, Epoch 10/10 => Loss -0.290, Train_accy 100.00, Test_accy 69.88:  90%|█████████ | 9/10 [14:35<01:27, 87.56s/it]
Task 4, Epoch 10/10 => Loss -0.290, Train_accy 100.00, Test_accy 69.88: 100%|██████████| 10/10 [14:35<00:00, 87.69s/it]
Task 4, Epoch 10/10 => Loss -0.290, Train_accy 100.00, Test_accy 69.88: 100%|██████████| 10/10 [14:35<00:00, 87.51s/it]
2026-02-10 02:12:52,218 [l2p.py] => Task 4, Epoch 10/10 => Loss -0.290, Train_accy 100.00, Test_accy 69.88
2026-02-10 02:14:03,929 [trainer.py] => CNN: {'total': 69.88, '00-09': 83.54, '10-19': 84.86, '20-29': 84.53, '30-39': 87.2, '40-49': 84.15, '50-59': 83.69, '60-69': 84.48, '70-79': 89.64, '80-89': 91.28, '90-99': 76.65, '100-109': 77.6, '110-119': 84.78, '120-129': 80.7, '130-139': 83.52, '140-149': 86.21, '150-159': 25.87, '160-169': 12.94, '170-179': 24.1, '180-189': 4.93, 'old': 71.99, 'new': 4.93, 'harmonic': 9.23}
2026-02-10 02:14:03,929 [trainer.py] => CNN top1 curve: [85.87, 82.77, 75.99, 72.4, 69.88]
2026-02-10 02:14:03,929 [trainer.py] => CNN top5 curve: [98.61, 98.35, 97.75, 97.39, 96.58]
2026-02-10 02:14:03,930 [trainer.py] => Average Accuracy (CNN): 77.38199999999999
2026-02-10 02:14:03,930 [l2p.py] => Learning on 190-200

  0%|          | 0/10 [00:00<?, ?it/s]
Task 5, Epoch 1/10 => Loss 0.043, Train_accy 93.39, Test_accy 66.54:   0%|          | 0/10 [01:39<?, ?it/s]
Task 5, Epoch 1/10 => Loss 0.043, Train_accy 93.39, Test_accy 66.54:  10%|█         | 1/10 [01:39<14:51, 99.02s/it]
Task 5, Epoch 2/10 => Loss -0.262, Train_accy 99.59, Test_accy 66.37:  10%|█         | 1/10 [03:17<14:51, 99.02s/it]
Task 5, Epoch 2/10 => Loss -0.262, Train_accy 99.59, Test_accy 66.37:  20%|██        | 2/10 [03:17<13:08, 98.55s/it]
Task 5, Epoch 3/10 => Loss -0.280, Train_accy 99.73, Test_accy 66.52:  20%|██        | 2/10 [04:57<13:08, 98.55s/it]
Task 5, Epoch 3/10 => Loss -0.280, Train_accy 99.73, Test_accy 66.52:  30%|███       | 3/10 [04:57<11:33, 99.13s/it]
Task 5, Epoch 4/10 => Loss -0.288, Train_accy 99.86, Test_accy 66.50:  30%|███       | 3/10 [06:34<11:33, 99.13s/it]
Task 5, Epoch 4/10 => Loss -0.288, Train_accy 99.86, Test_accy 66.50:  40%|████      | 4/10 [06:34<09:51, 98.62s/it]
Task 5, Epoch 5/10 => Loss -0.293, Train_accy 100.00, Test_accy 66.41:  40%|████      | 4/10 [08:12<09:51, 98.62s/it]
Task 5, Epoch 5/10 => Loss -0.293, Train_accy 100.00, Test_accy 66.41:  50%|█████     | 5/10 [08:12<08:11, 98.31s/it]
Task 5, Epoch 6/10 => Loss -0.295, Train_accy 100.00, Test_accy 66.51:  50%|█████     | 5/10 [09:50<08:11, 98.31s/it]
Task 5, Epoch 6/10 => Loss -0.295, Train_accy 100.00, Test_accy 66.51:  60%|██████    | 6/10 [09:50<06:32, 98.08s/it]
Task 5, Epoch 7/10 => Loss -0.296, Train_accy 99.95, Test_accy 66.60:  60%|██████    | 6/10 [11:27<06:32, 98.08s/it] 
Task 5, Epoch 7/10 => Loss -0.296, Train_accy 99.95, Test_accy 66.60:  70%|███████   | 7/10 [11:27<04:53, 97.82s/it]
Task 5, Epoch 8/10 => Loss -0.298, Train_accy 100.00, Test_accy 66.52:  70%|███████   | 7/10 [13:04<04:53, 97.82s/it]
Task 5, Epoch 8/10 => Loss -0.298, Train_accy 100.00, Test_accy 66.52:  80%|████████  | 8/10 [13:04<03:15, 97.67s/it]
Task 5, Epoch 9/10 => Loss -0.299, Train_accy 100.00, Test_accy 66.52:  80%|████████  | 8/10 [14:42<03:15, 97.67s/it]
Task 5, Epoch 9/10 => Loss -0.299, Train_accy 100.00, Test_accy 66.52:  90%|█████████ | 9/10 [14:42<01:37, 97.55s/it]
Task 5, Epoch 10/10 => Loss -0.299, Train_accy 100.00, Test_accy 66.51:  90%|█████████ | 9/10 [16:19<01:37, 97.55s/it]
Task 5, Epoch 10/10 => Loss -0.299, Train_accy 100.00, Test_accy 66.51: 100%|██████████| 10/10 [16:19<00:00, 97.41s/it]
Task 5, Epoch 10/10 => Loss -0.299, Train_accy 100.00, Test_accy 66.51: 100%|██████████| 10/10 [16:19<00:00, 97.93s/it]
2026-02-10 02:30:23,253 [l2p.py] => Task 5, Epoch 10/10 => Loss -0.299, Train_accy 100.00, Test_accy 66.51
2026-02-10 02:31:37,086 [trainer.py] => CNN: {'total': 66.51, '00-09': 82.92, '10-19': 84.43, '20-29': 84.01, '30-39': 87.44, '40-49': 82.73, '50-59': 82.62, '60-69': 83.25, '70-79': 89.45, '80-89': 92.18, '90-99': 76.4, '100-109': 76.4, '110-119': 84.65, '120-129': 79.3, '130-139': 82.96, '140-149': 85.89, '150-159': 23.94, '160-169': 11.62, '170-179': 22.77, '180-189': 4.11, '190-199': 8.46, 'old': 69.18, 'new': 8.46, 'harmonic': 15.08}
2026-02-10 02:31:37,087 [trainer.py] => CNN top1 curve: [85.87, 82.77, 75.99, 72.4, 69.88, 66.51]
2026-02-10 02:31:37,087 [trainer.py] => CNN top5 curve: [98.61, 98.35, 97.75, 97.39, 96.58, 95.79]
2026-02-10 02:31:37,087 [trainer.py] => Average Accuracy (CNN): 75.57
2026-02-10 02:31:37,087 [l2p.py] => Learning on 200-210

  0%|          | 0/10 [00:00<?, ?it/s]
Task 6, Epoch 1/10 => Loss 0.008, Train_accy 94.34, Test_accy 63.31:   0%|          | 0/10 [01:43<?, ?it/s]
Task 6, Epoch 1/10 => Loss 0.008, Train_accy 94.34, Test_accy 63.31:  10%|█         | 1/10 [01:43<15:28, 103.12s/it]
Task 6, Epoch 2/10 => Loss -0.262, Train_accy 99.62, Test_accy 63.52:  10%|█         | 1/10 [03:27<15:28, 103.12s/it]
Task 6, Epoch 2/10 => Loss -0.262, Train_accy 99.62, Test_accy 63.52:  20%|██        | 2/10 [03:27<13:49, 103.63s/it]
Task 6, Epoch 3/10 => Loss -0.280, Train_accy 99.83, Test_accy 63.66:  20%|██        | 2/10 [05:11<13:49, 103.63s/it]
Task 6, Epoch 3/10 => Loss -0.280, Train_accy 99.83, Test_accy 63.66:  30%|███       | 3/10 [05:11<12:08, 104.00s/it]
Task 6, Epoch 4/10 => Loss -0.287, Train_accy 99.83, Test_accy 63.77:  30%|███       | 3/10 [06:54<12:08, 104.00s/it]
Task 6, Epoch 4/10 => Loss -0.287, Train_accy 99.83, Test_accy 63.77:  40%|████      | 4/10 [06:54<10:21, 103.57s/it]
Task 6, Epoch 5/10 => Loss -0.291, Train_accy 99.96, Test_accy 63.82:  40%|████      | 4/10 [08:37<10:21, 103.57s/it]
Task 6, Epoch 5/10 => Loss -0.291, Train_accy 99.96, Test_accy 63.82:  50%|█████     | 5/10 [08:37<08:36, 103.32s/it]
Task 6, Epoch 6/10 => Loss -0.294, Train_accy 100.00, Test_accy 63.88:  50%|█████     | 5/10 [10:19<08:36, 103.32s/it]
Task 6, Epoch 6/10 => Loss -0.294, Train_accy 100.00, Test_accy 63.88:  60%|██████    | 6/10 [10:19<06:52, 103.03s/it]
Task 6, Epoch 7/10 => Loss -0.295, Train_accy 100.00, Test_accy 63.90:  60%|██████    | 6/10 [12:02<06:52, 103.03s/it]
Task 6, Epoch 7/10 => Loss -0.295, Train_accy 100.00, Test_accy 63.90:  70%|███████   | 7/10 [12:02<05:08, 102.84s/it]
Task 6, Epoch 8/10 => Loss -0.296, Train_accy 100.00, Test_accy 63.89:  70%|███████   | 7/10 [13:44<05:08, 102.84s/it]
Task 6, Epoch 8/10 => Loss -0.296, Train_accy 100.00, Test_accy 63.89:  80%|████████  | 8/10 [13:44<03:25, 102.80s/it]
Task 6, Epoch 9/10 => Loss -0.297, Train_accy 100.00, Test_accy 63.93:  80%|████████  | 8/10 [15:27<03:25, 102.80s/it]
Task 6, Epoch 9/10 => Loss -0.297, Train_accy 100.00, Test_accy 63.93:  90%|█████████ | 9/10 [15:27<01:42, 102.70s/it]
Task 6, Epoch 10/10 => Loss -0.298, Train_accy 100.00, Test_accy 63.91:  90%|█████████ | 9/10 [17:10<01:42, 102.70s/it]
Task 6, Epoch 10/10 => Loss -0.298, Train_accy 100.00, Test_accy 63.91: 100%|██████████| 10/10 [17:10<00:00, 102.72s/it]
Task 6, Epoch 10/10 => Loss -0.298, Train_accy 100.00, Test_accy 63.91: 100%|██████████| 10/10 [17:10<00:00, 103.02s/it]
2026-02-10 02:48:47,322 [l2p.py] => Task 6, Epoch 10/10 => Loss -0.298, Train_accy 100.00, Test_accy 63.91
2026-02-10 02:50:05,752 [trainer.py] => CNN: {'total': 63.91, '00-09': 83.23, '10-19': 84.43, '20-29': 82.83, '30-39': 87.08, '40-49': 84.79, '50-59': 83.69, '60-69': 83.6, '70-79': 89.64, '80-89': 92.48, '90-99': 77.16, '100-109': 76.8, '110-119': 83.91, '120-129': 78.78, '130-139': 82.41, '140-149': 87.15, '150-159': 26.25, '160-169': 9.73, '170-179': 19.71, '180-189': 4.11, '190-199': 6.58, '200-209': 15.5, 'old': 66.31, 'new': 15.5, 'harmonic': 25.13}
2026-02-10 02:50:05,753 [trainer.py] => CNN top1 curve: [85.87, 82.77, 75.99, 72.4, 69.88, 66.51, 63.91]
2026-02-10 02:50:05,753 [trainer.py] => CNN top5 curve: [98.61, 98.35, 97.75, 97.39, 96.58, 95.79, 95.13]
2026-02-10 02:50:05,753 [trainer.py] => Average Accuracy (CNN): 73.9042857142857
2026-02-10 02:50:05,753 [l2p.py] => Learning on 210-220

  0%|          | 0/10 [00:00<?, ?it/s]
Task 7, Epoch 1/10 => Loss -0.037, Train_accy 96.06, Test_accy 60.91:   0%|          | 0/10 [01:49<?, ?it/s]
Task 7, Epoch 1/10 => Loss -0.037, Train_accy 96.06, Test_accy 60.91:  10%|█         | 1/10 [01:49<16:21, 109.08s/it]
Task 7, Epoch 2/10 => Loss -0.270, Train_accy 99.50, Test_accy 60.94:  10%|█         | 1/10 [03:38<16:21, 109.08s/it]
Task 7, Epoch 2/10 => Loss -0.270, Train_accy 99.50, Test_accy 60.94:  20%|██        | 2/10 [03:38<14:35, 109.41s/it]
Task 7, Epoch 3/10 => Loss -0.285, Train_accy 99.65, Test_accy 60.92:  20%|██        | 2/10 [05:27<14:35, 109.41s/it]
Task 7, Epoch 3/10 => Loss -0.285, Train_accy 99.65, Test_accy 60.92:  30%|███       | 3/10 [05:27<12:44, 109.17s/it]
Task 7, Epoch 4/10 => Loss -0.292, Train_accy 99.81, Test_accy 60.97:  30%|███       | 3/10 [07:16<12:44, 109.17s/it]
Task 7, Epoch 4/10 => Loss -0.292, Train_accy 99.81, Test_accy 60.97:  40%|████      | 4/10 [07:16<10:54, 109.11s/it]
Task 7, Epoch 5/10 => Loss -0.296, Train_accy 99.92, Test_accy 61.03:  40%|████      | 4/10 [09:06<10:54, 109.11s/it]
Task 7, Epoch 5/10 => Loss -0.296, Train_accy 99.92, Test_accy 61.03:  50%|█████     | 5/10 [09:06<09:06, 109.37s/it]
Task 7, Epoch 6/10 => Loss -0.299, Train_accy 99.92, Test_accy 61.20:  50%|█████     | 5/10 [10:55<09:06, 109.37s/it]
Task 7, Epoch 6/10 => Loss -0.299, Train_accy 99.92, Test_accy 61.20:  60%|██████    | 6/10 [10:55<07:17, 109.36s/it]
Task 7, Epoch 7/10 => Loss -0.301, Train_accy 99.96, Test_accy 61.30:  60%|██████    | 6/10 [12:45<07:17, 109.36s/it]
Task 7, Epoch 7/10 => Loss -0.301, Train_accy 99.96, Test_accy 61.30:  70%|███████   | 7/10 [12:45<05:28, 109.39s/it]
Task 7, Epoch 8/10 => Loss -0.302, Train_accy 99.96, Test_accy 61.34:  70%|███████   | 7/10 [14:34<05:28, 109.39s/it]
Task 7, Epoch 8/10 => Loss -0.302, Train_accy 99.96, Test_accy 61.34:  80%|████████  | 8/10 [14:34<03:39, 109.51s/it]
Task 7, Epoch 9/10 => Loss -0.303, Train_accy 99.96, Test_accy 61.37:  80%|████████  | 8/10 [16:23<03:39, 109.51s/it]
Task 7, Epoch 9/10 => Loss -0.303, Train_accy 99.96, Test_accy 61.37:  90%|█████████ | 9/10 [16:23<01:49, 109.29s/it]
Task 7, Epoch 10/10 => Loss -0.304, Train_accy 99.96, Test_accy 61.55:  90%|█████████ | 9/10 [18:12<01:49, 109.29s/it]
Task 7, Epoch 10/10 => Loss -0.304, Train_accy 99.96, Test_accy 61.55: 100%|██████████| 10/10 [18:12<00:00, 109.02s/it]
Task 7, Epoch 10/10 => Loss -0.304, Train_accy 99.96, Test_accy 61.55: 100%|██████████| 10/10 [18:12<00:00, 109.22s/it]
2026-02-10 03:08:18,006 [l2p.py] => Task 7, Epoch 10/10 => Loss -0.304, Train_accy 99.96, Test_accy 61.55
2026-02-10 03:09:38,835 [trainer.py] => CNN: {'total': 61.55, '00-09': 82.13, '10-19': 85.01, '20-29': 82.44, '30-39': 87.68, '40-49': 85.18, '50-59': 81.55, '60-69': 83.6, '70-79': 90.21, '80-89': 93.68, '90-99': 75.13, '100-109': 75.4, '110-119': 84.41, '120-129': 79.48, '130-139': 84.44, '140-149': 84.95, '150-159': 25.1, '160-169': 10.84, '170-179': 18.51, '180-189': 3.01, '190-199': 7.52, '200-209': 12.17, '210-219': 16.48, 'old': 63.72, 'new': 16.48, 'harmonic': 26.19}
2026-02-10 03:09:38,835 [trainer.py] => CNN top1 curve: [85.87, 82.77, 75.99, 72.4, 69.88, 66.51, 63.91, 61.55]
2026-02-10 03:09:38,836 [trainer.py] => CNN top5 curve: [98.61, 98.35, 97.75, 97.39, 96.58, 95.79, 95.13, 94.24]
2026-02-10 03:09:38,836 [trainer.py] => Average Accuracy (CNN): 72.35999999999999
2026-02-10 03:09:38,836 [l2p.py] => Learning on 220-230

  0%|          | 0/10 [00:00<?, ?it/s]
Task 8, Epoch 1/10 => Loss 0.076, Train_accy 93.22, Test_accy 58.91:   0%|          | 0/10 [01:44<?, ?it/s]
Task 8, Epoch 1/10 => Loss 0.076, Train_accy 93.22, Test_accy 58.91:  10%|█         | 1/10 [01:44<15:40, 104.49s/it]
Task 8, Epoch 2/10 => Loss -0.248, Train_accy 99.11, Test_accy 59.02:  10%|█         | 1/10 [03:28<15:40, 104.49s/it]
Task 8, Epoch 2/10 => Loss -0.248, Train_accy 99.11, Test_accy 59.02:  20%|██        | 2/10 [03:28<13:53, 104.22s/it]
Task 8, Epoch 3/10 => Loss -0.267, Train_accy 99.58, Test_accy 59.16:  20%|██        | 2/10 [05:13<13:53, 104.22s/it]
Task 8, Epoch 3/10 => Loss -0.267, Train_accy 99.58, Test_accy 59.16:  30%|███       | 3/10 [05:13<12:11, 104.47s/it]
Task 8, Epoch 4/10 => Loss -0.274, Train_accy 99.58, Test_accy 59.59:  30%|███       | 3/10 [06:58<12:11, 104.47s/it]
Task 8, Epoch 4/10 => Loss -0.274, Train_accy 99.58, Test_accy 59.59:  40%|████      | 4/10 [06:58<10:28, 104.81s/it]
Task 8, Epoch 5/10 => Loss -0.280, Train_accy 99.69, Test_accy 59.61:  40%|████      | 4/10 [08:44<10:28, 104.81s/it]
Task 8, Epoch 5/10 => Loss -0.280, Train_accy 99.69, Test_accy 59.61:  50%|█████     | 5/10 [08:44<08:46, 105.38s/it]
Task 8, Epoch 6/10 => Loss -0.286, Train_accy 99.74, Test_accy 59.67:  50%|█████     | 5/10 [10:30<08:46, 105.38s/it]
Task 8, Epoch 6/10 => Loss -0.286, Train_accy 99.74, Test_accy 59.67:  60%|██████    | 6/10 [10:30<07:02, 105.53s/it]
Task 8, Epoch 7/10 => Loss -0.291, Train_accy 99.90, Test_accy 59.66:  60%|██████    | 6/10 [12:16<07:02, 105.53s/it]
Task 8, Epoch 7/10 => Loss -0.291, Train_accy 99.90, Test_accy 59.66:  70%|███████   | 7/10 [12:16<05:16, 105.50s/it]
Task 8, Epoch 8/10 => Loss -0.292, Train_accy 99.90, Test_accy 59.74:  70%|███████   | 7/10 [14:01<05:16, 105.50s/it]
Task 8, Epoch 8/10 => Loss -0.292, Train_accy 99.90, Test_accy 59.74:  80%|████████  | 8/10 [14:01<03:31, 105.57s/it]
Task 8, Epoch 9/10 => Loss -0.295, Train_accy 99.90, Test_accy 59.83:  80%|████████  | 8/10 [15:47<03:31, 105.57s/it]
Task 8, Epoch 9/10 => Loss -0.295, Train_accy 99.90, Test_accy 59.83:  90%|█████████ | 9/10 [15:47<01:45, 105.58s/it]
Task 8, Epoch 10/10 => Loss -0.294, Train_accy 99.90, Test_accy 59.80:  90%|█████████ | 9/10 [17:32<01:45, 105.58s/it]
Task 8, Epoch 10/10 => Loss -0.294, Train_accy 99.90, Test_accy 59.80: 100%|██████████| 10/10 [17:32<00:00, 105.27s/it]
Task 8, Epoch 10/10 => Loss -0.294, Train_accy 99.90, Test_accy 59.80: 100%|██████████| 10/10 [17:32<00:00, 105.22s/it]
2026-02-10 03:27:11,027 [l2p.py] => Task 8, Epoch 10/10 => Loss -0.294, Train_accy 99.90, Test_accy 59.80
2026-02-10 03:28:36,091 [trainer.py] => CNN: {'total': 59.8, '00-09': 83.86, '10-19': 86.61, '20-29': 83.62, '30-39': 86.84, '40-49': 84.41, '50-59': 82.83, '60-69': 85.19, '70-79': 90.77, '80-89': 91.43, '90-99': 80.71, '100-109': 76.2, '110-119': 87.87, '120-129': 77.74, '130-139': 84.81, '140-149': 85.58, '150-159': 23.75, '160-169': 11.62, '170-179': 19.97, '180-189': 1.37, '190-199': 7.89, '200-209': 12.83, '210-219': 8.65, '220-229': 2.99, 'old': 61.79, 'new': 2.99, 'harmonic': 5.7}
2026-02-10 03:28:36,092 [trainer.py] => CNN top1 curve: [85.87, 82.77, 75.99, 72.4, 69.88, 66.51, 63.91, 61.55, 59.8]
2026-02-10 03:28:36,092 [trainer.py] => CNN top5 curve: [98.61, 98.35, 97.75, 97.39, 96.58, 95.79, 95.13, 94.24, 92.93]
2026-02-10 03:28:36,092 [trainer.py] => Average Accuracy (CNN): 70.96444444444442
2026-02-10 03:28:36,092 [l2p.py] => Learning on 230-240

  0%|          | 0/10 [00:00<?, ?it/s]
Task 9, Epoch 1/10 => Loss -0.021, Train_accy 95.48, Test_accy 57.18:   0%|          | 0/10 [01:52<?, ?it/s]
Task 9, Epoch 1/10 => Loss -0.021, Train_accy 95.48, Test_accy 57.18:  10%|█         | 1/10 [01:52<16:49, 112.22s/it]
Task 9, Epoch 2/10 => Loss -0.284, Train_accy 99.61, Test_accy 57.40:  10%|█         | 1/10 [03:44<16:49, 112.22s/it]
Task 9, Epoch 2/10 => Loss -0.284, Train_accy 99.61, Test_accy 57.40:  20%|██        | 2/10 [03:44<14:59, 112.49s/it]
Task 9, Epoch 3/10 => Loss -0.299, Train_accy 99.87, Test_accy 57.48:  20%|██        | 2/10 [05:37<14:59, 112.49s/it]
Task 9, Epoch 3/10 => Loss -0.299, Train_accy 99.87, Test_accy 57.48:  30%|███       | 3/10 [05:37<13:07, 112.57s/it]
Task 9, Epoch 4/10 => Loss -0.306, Train_accy 99.91, Test_accy 57.58:  30%|███       | 3/10 [07:30<13:07, 112.57s/it]
Task 9, Epoch 4/10 => Loss -0.306, Train_accy 99.91, Test_accy 57.58:  40%|████      | 4/10 [07:30<11:16, 112.81s/it]
Task 9, Epoch 5/10 => Loss -0.309, Train_accy 100.00, Test_accy 57.65:  40%|████      | 4/10 [09:23<11:16, 112.81s/it]
Task 9, Epoch 5/10 => Loss -0.309, Train_accy 100.00, Test_accy 57.65:  50%|█████     | 5/10 [09:23<09:24, 112.87s/it]
Task 9, Epoch 6/10 => Loss -0.311, Train_accy 100.00, Test_accy 57.80:  50%|█████     | 5/10 [11:16<09:24, 112.87s/it]
Task 9, Epoch 6/10 => Loss -0.311, Train_accy 100.00, Test_accy 57.80:  60%|██████    | 6/10 [11:16<07:30, 112.71s/it]
Task 9, Epoch 7/10 => Loss -0.313, Train_accy 100.00, Test_accy 57.86:  60%|██████    | 6/10 [13:09<07:30, 112.71s/it]
Task 9, Epoch 7/10 => Loss -0.313, Train_accy 100.00, Test_accy 57.86:  70%|███████   | 7/10 [13:09<05:39, 113.04s/it]
Task 9, Epoch 8/10 => Loss -0.313, Train_accy 100.00, Test_accy 57.85:  70%|███████   | 7/10 [15:01<05:39, 113.04s/it]
Task 9, Epoch 8/10 => Loss -0.313, Train_accy 100.00, Test_accy 57.85:  80%|████████  | 8/10 [15:01<03:45, 112.64s/it]
Task 9, Epoch 9/10 => Loss -0.314, Train_accy 100.00, Test_accy 57.89:  80%|████████  | 8/10 [16:53<03:45, 112.64s/it]
Task 9, Epoch 9/10 => Loss -0.314, Train_accy 100.00, Test_accy 57.89:  90%|█████████ | 9/10 [16:53<01:52, 112.38s/it]
Task 9, Epoch 10/10 => Loss -0.314, Train_accy 100.00, Test_accy 57.92:  90%|█████████ | 9/10 [18:46<01:52, 112.38s/it]
Task 9, Epoch 10/10 => Loss -0.314, Train_accy 100.00, Test_accy 57.92: 100%|██████████| 10/10 [18:46<00:00, 112.48s/it]
Task 9, Epoch 10/10 => Loss -0.314, Train_accy 100.00, Test_accy 57.92: 100%|██████████| 10/10 [18:46<00:00, 112.61s/it]
2026-02-10 03:47:22,259 [l2p.py] => Task 9, Epoch 10/10 => Loss -0.314, Train_accy 100.00, Test_accy 57.92
Traceback (most recent call last):
  File "/home/team/zhaohongwei/Code/Research/Awesome-MMCL/C3Box-main/main.py", line 31, in <module>
    main()
  File "/home/team/zhaohongwei/Code/Research/Awesome-MMCL/C3Box-main/main.py", line 14, in main
    train(args)
  File "/home/team/zhaohongwei/Code/Research/Awesome-MMCL/C3Box-main/trainer.py", line 18, in train
    _train(args)
  File "/home/team/zhaohongwei/Code/Research/Awesome-MMCL/C3Box-main/trainer.py", line 55, in _train
    cnn_accy, nme_accy, zs_seen, zs_unseen, zs_harmonic, zs_total = model.eval_task()
  File "/home/team/zhaohongwei/Code/Research/Awesome-MMCL/C3Box-main/models/base.py", line 88, in eval_task
    y_pred, y_true = self._eval_cnn(self.test_loader)
  File "/home/team/zhaohongwei/Code/Research/Awesome-MMCL/C3Box-main/models/l2p.py", line 226, in _eval_cnn
    for _, (_, inputs, targets) in enumerate(loader):
  File "/home/team/zhaohongwei/anaconda3/envs/mmcl/lib/python3.10/site-packages/torch/utils/data/dataloader.py", line 633, in __next__
    data = self._next_data()
  File "/home/team/zhaohongwei/anaconda3/envs/mmcl/lib/python3.10/site-packages/torch/utils/data/dataloader.py", line 1328, in _next_data
    idx, data = self._get_data()
  File "/home/team/zhaohongwei/anaconda3/envs/mmcl/lib/python3.10/site-packages/torch/utils/data/dataloader.py", line 1294, in _get_data
    success, data = self._try_get_data()
  File "/home/team/zhaohongwei/anaconda3/envs/mmcl/lib/python3.10/site-packages/torch/utils/data/dataloader.py", line 1159, in _try_get_data
    raise RuntimeError(
RuntimeError: Too many open files. Communication with the workers is no longer possible. Please increase the limit using `ulimit -n` in the shell or change the sharing strategy by calling `torch.multiprocessing.set_sharing_strategy('file_system')` at the beginning of your code
2026-02-10 03:48:53,298 [trainer.py] => config: ./configs/l2p/l2p_food_B0_Inc10.json
2026-02-10 03:48:53,298 [trainer.py] => prefix:  
2026-02-10 03:48:53,298 [trainer.py] => dataset: food101
2026-02-10 03:48:53,298 [trainer.py] => memory_size: 0
2026-02-10 03:48:53,298 [trainer.py] => memory_per_class: 0
2026-02-10 03:48:53,298 [trainer.py] => fixed_memory: False
2026-02-10 03:48:53,298 [trainer.py] => shuffle: True
2026-02-10 03:48:53,298 [trainer.py] => init_cls: 10
2026-02-10 03:48:53,298 [trainer.py] => increment: 10
2026-02-10 03:48:53,298 [trainer.py] => model_name: l2p
2026-02-10 03:48:53,298 [trainer.py] => backbone_type: clip
2026-02-10 03:48:53,298 [trainer.py] => get_original_backbone: True
2026-02-10 03:48:53,298 [trainer.py] => device: [device(type='cuda', index=7)]
2026-02-10 03:48:53,298 [trainer.py] => seed: 1993
2026-02-10 03:48:53,298 [trainer.py] => tuned_epoch: 10
2026-02-10 03:48:53,298 [trainer.py] => init_lr: 0.001875
2026-02-10 03:48:53,298 [trainer.py] => batch_size: 16
2026-02-10 03:48:53,298 [trainer.py] => weight_decay: 0
2026-02-10 03:48:53,298 [trainer.py] => min_lr: 1e-05
2026-02-10 03:48:53,298 [trainer.py] => optimizer: adam
2026-02-10 03:48:53,298 [trainer.py] => scheduler: constant
2026-02-10 03:48:53,298 [trainer.py] => reinit_optimizer: True
2026-02-10 03:48:53,298 [trainer.py] => global_pool: token
2026-02-10 03:48:53,298 [trainer.py] => head_type: prompt
2026-02-10 03:48:53,298 [trainer.py] => freeze: ['blocks', 'patch_embed', 'cls_token', 'norm', 'pos_embed']
2026-02-10 03:48:53,298 [trainer.py] => pretrained: True
2026-02-10 03:48:53,298 [trainer.py] => drop: 0.0
2026-02-10 03:48:53,299 [trainer.py] => drop_path: 0.0
2026-02-10 03:48:53,299 [trainer.py] => prompt_pool: True
2026-02-10 03:48:53,299 [trainer.py] => size: 10
2026-02-10 03:48:53,299 [trainer.py] => length: 5
2026-02-10 03:48:53,299 [trainer.py] => top_k: 5
2026-02-10 03:48:53,299 [trainer.py] => initializer: uniform
2026-02-10 03:48:53,299 [trainer.py] => prompt_key: True
2026-02-10 03:48:53,299 [trainer.py] => prompt_key_init: uniform
2026-02-10 03:48:53,299 [trainer.py] => use_prompt_mask: False
2026-02-10 03:48:53,299 [trainer.py] => shared_prompt_pool: False
2026-02-10 03:48:53,299 [trainer.py] => shared_prompt_key: False
2026-02-10 03:48:53,299 [trainer.py] => batchwise_prompt: True
2026-02-10 03:48:53,299 [trainer.py] => embedding_key: cls
2026-02-10 03:48:53,299 [trainer.py] => predefined_key: 
2026-02-10 03:48:53,299 [trainer.py] => pull_constraint: True
2026-02-10 03:48:53,299 [trainer.py] => pull_constraint_coeff: 0.1
2026-02-10 03:48:53,299 [trainer.py] => nb_classes: 100
2026-02-10 03:48:53,299 [trainer.py] => total_class_num: 100
['apple pie', 'baby back ribs', 'baklava', 'beef carpaccio', 'beef tartare', 'beet salad', 'beignets', 'bibimbap', 'bread pudding', 'breakfast burrito', 'bruschetta', 'caesar salad', 'cannoli', 'caprese salad', 'carrot cake', 'ceviche', 'cheese plate', 'cheesecake', 'chicken curry', 'chicken quesadilla', 'chicken wings', 'chocolate cake', 'chocolate mousse', 'churros', 'clam chowder', 'club sandwich', 'crab cakes', 'creme brulee', 'croque madame', 'cup cakes', 'deviled eggs', 'donuts', 'dumplings', 'edamame', 'eggs benedict', 'escargots', 'falafel', 'filet mignon', 'fish and chips', 'foie gras', 'french fries', 'french onion soup', 'french toast', 'fried calamari', 'fried rice', 'frozen yogurt', 'garlic bread', 'gnocchi', 'greek salad', 'grilled cheese sandwich', 'grilled salmon', 'guacamole', 'gyoza', 'hamburger', 'hot and sour soup', 'hot dog', 'huevos rancheros', 'hummus', 'ice cream', 'lasagna', 'lobster bisque', 'lobster roll sandwich', 'macaroni and cheese', 'macarons', 'miso soup', 'mussels', 'nachos', 'omelette', 'onion rings', 'oysters', 'pad thai', 'paella', 'pancakes', 'panna cotta', 'peking duck', 'pho', 'pizza', 'pork chop', 'poutine', 'prime rib', 'pulled pork sandwich', 'ramen', 'ravioli', 'red velvet cake', 'risotto', 'samosa', 'sashimi', 'scallops', 'seaweed salad', 'shrimp and grits', 'spaghetti bolognese', 'spaghetti carbonara', 'spring rolls', 'steak', 'strawberry shortcake', 'sushi', 'tacos', 'takoyaki', 'tiramisu', 'tuna tartare']
['a photo of {}, a type of food.']
{'apple_pie': 0, 'baby_back_ribs': 1, 'baklava': 2, 'beef_carpaccio': 3, 'beef_tartare': 4, 'beet_salad': 5, 'beignets': 6, 'bibimbap': 7, 'bread_pudding': 8, 'breakfast_burrito': 9, 'bruschetta': 10, 'caesar_salad': 11, 'cannoli': 12, 'caprese_salad': 13, 'carrot_cake': 14, 'ceviche': 15, 'cheese_plate': 16, 'cheesecake': 17, 'chicken_curry': 18, 'chicken_quesadilla': 19, 'chicken_wings': 20, 'chocolate_cake': 21, 'chocolate_mousse': 22, 'churros': 23, 'clam_chowder': 24, 'club_sandwich': 25, 'crab_cakes': 26, 'creme_brulee': 27, 'croque_madame': 28, 'cup_cakes': 29, 'deviled_eggs': 30, 'donuts': 31, 'dumplings': 32, 'edamame': 33, 'eggs_benedict': 34, 'escargots': 35, 'falafel': 36, 'filet_mignon': 37, 'fish_and_chips': 38, 'foie_gras': 39, 'french_fries': 40, 'french_onion_soup': 41, 'french_toast': 42, 'fried_calamari': 43, 'fried_rice': 44, 'frozen_yogurt': 45, 'garlic_bread': 46, 'gnocchi': 47, 'greek_salad': 48, 'grilled_cheese_sandwich': 49, 'grilled_salmon': 50, 'guacamole': 51, 'gyoza': 52, 'hamburger': 53, 'hot_and_sour_soup': 54, 'hot_dog': 55, 'huevos_rancheros': 56, 'hummus': 57, 'ice_cream': 58, 'lasagna': 59, 'lobster_bisque': 60, 'lobster_roll_sandwich': 61, 'macaroni_and_cheese': 62, 'macarons': 63, 'miso_soup': 64, 'mussels': 65, 'nachos': 66, 'omelette': 67, 'onion_rings': 68, 'oysters': 69, 'pad_thai': 70, 'paella': 71, 'pancakes': 72, 'panna_cotta': 73, 'peking_duck': 74, 'pho': 75, 'pizza': 76, 'pork_chop': 77, 'poutine': 78, 'prime_rib': 79, 'pulled_pork_sandwich': 80, 'ramen': 81, 'ravioli': 82, 'red_velvet_cake': 83, 'risotto': 84, 'samosa': 85, 'sashimi': 86, 'scallops': 87, 'seaweed_salad': 88, 'shrimp_and_grits': 89, 'spaghetti_bolognese': 90, 'spaghetti_carbonara': 91, 'spring_rolls': 92, 'steak': 93, 'strawberry_shortcake': 94, 'sushi': 95, 'tacos': 96, 'takoyaki': 97, 'tiramisu': 98, 'tuna_tartare': 99}
2026-02-10 03:48:53,620 [data_manager.py] => [68, 56, 78, 8, 23, 84, 90, 65, 74, 76, 40, 89, 3, 92, 55, 9, 26, 80, 43, 38, 58, 70, 77, 1, 85, 19, 17, 50, 28, 53, 13, 81, 45, 82, 6, 59, 83, 16, 15, 44, 91, 41, 72, 60, 79, 52, 20, 10, 31, 54, 37, 95, 14, 71, 96, 98, 97, 2, 64, 66, 42, 22, 35, 86, 24, 34, 87, 21, 99, 0, 88, 27, 18, 94, 11, 12, 47, 25, 30, 46, 62, 69, 36, 61, 7, 63, 75, 5, 32, 4, 51, 48, 73, 93, 39, 67, 29, 49, 57, 33]
After shuffle, class_to_label is:  ['onion rings', 'huevos rancheros', 'poutine', 'bread pudding', 'churros', 'risotto', 'spaghetti bolognese', 'mussels', 'peking duck', 'pizza', 'french fries', 'shrimp and grits', 'beef carpaccio', 'spring rolls', 'hot dog', 'breakfast burrito', 'crab cakes', 'pulled pork sandwich', 'fried calamari', 'fish and chips', 'ice cream', 'pad thai', 'pork chop', 'baby back ribs', 'samosa', 'chicken quesadilla', 'cheesecake', 'grilled salmon', 'croque madame', 'hamburger', 'caprese salad', 'ramen', 'frozen yogurt', 'ravioli', 'beignets', 'lasagna', 'red velvet cake', 'cheese plate', 'ceviche', 'fried rice', 'spaghetti carbonara', 'french onion soup', 'pancakes', 'lobster bisque', 'prime rib', 'gyoza', 'chicken wings', 'bruschetta', 'donuts', 'hot and sour soup', 'filet mignon', 'sushi', 'carrot cake', 'paella', 'tacos', 'tiramisu', 'takoyaki', 'baklava', 'miso soup', 'nachos', 'french toast', 'chocolate mousse', 'escargots', 'sashimi', 'clam chowder', 'eggs benedict', 'scallops', 'chocolate cake', 'tuna tartare', 'apple pie', 'seaweed salad', 'creme brulee', 'chicken curry', 'strawberry shortcake', 'caesar salad', 'cannoli', 'gnocchi', 'club sandwich', 'deviled eggs', 'garlic bread', 'macaroni and cheese', 'oysters', 'falafel', 'lobster roll sandwich', 'bibimbap', 'macarons', 'pho', 'beet salad', 'dumplings', 'beef tartare', 'guacamole', 'greek salad', 'panna cotta', 'steak', 'foie gras', 'omelette', 'cup cakes', 'grilled cheese sandwich', 'hummus', 'edamame']
Training class stages: [10, 10, 10, 10, 10, 10, 10, 10, 10, 10]
Using CLIP model as the backbone
2026-02-10 03:48:54,921 [instantiator.py] => Created a temporary directory at /tmp/tmpw4dr325v
2026-02-10 03:48:54,921 [instantiator.py] => Writing /tmp/tmpw4dr325v/_remote_module_non_scriptable.py
2026-02-10 03:48:55,055 [factory.py] => Loaded ViT-B-16 model config.
2026-02-10 03:48:56,501 [factory.py] => Loading pretrained ViT-B-16 weights (/home/team/zhaohongwei/pretrained_models/open_clip_pytorch_model_laion400m_e32.bin).
/home/team/zhaohongwei/anaconda3/envs/mmcl/lib/python3.10/site-packages/torch/_utils.py:776: UserWarning: TypedStorage is deprecated. It will be removed in the future and UntypedStorage will be the only storage class. This should only matter to you if you are using storages directly.  To access UntypedStorage directly, use tensor.untyped_storage() instead of tensor.storage()
  return self.fget.__get__(instance, owner)()
2026-02-10 03:48:57,522 [l2p.py] => 86,457,956 model total parameters.
2026-02-10 03:48:57,523 [l2p.py] => 94,820 model training parameters.
2026-02-10 03:48:57,523 [l2p.py] => prompt.prompt: 38400
2026-02-10 03:48:57,523 [l2p.py] => prompt.prompt_key: 5120
2026-02-10 03:48:57,523 [l2p.py] => head.weight: 51200
2026-02-10 03:48:57,523 [l2p.py] => head.bias: 100
2026-02-10 03:48:57,523 [l2p.py] => Learning on 0-10

  0%|          | 0/10 [00:00<?, ?it/s]
Task 0, Epoch 1/10 => Loss 0.108, Train_accy 94.94, Test_accy 97.62:   0%|          | 0/10 [01:35<?, ?it/s]
Task 0, Epoch 1/10 => Loss 0.108, Train_accy 94.94, Test_accy 97.62:  10%|█         | 1/10 [01:35<14:21, 95.70s/it]
Task 0, Epoch 2/10 => Loss -0.256, Train_accy 98.05, Test_accy 97.77:  10%|█         | 1/10 [03:11<14:21, 95.70s/it]
Task 0, Epoch 2/10 => Loss -0.256, Train_accy 98.05, Test_accy 97.77:  20%|██        | 2/10 [03:11<12:44, 95.60s/it]
Task 0, Epoch 3/10 => Loss -0.298, Train_accy 98.43, Test_accy 97.77:  20%|██        | 2/10 [04:46<12:44, 95.60s/it]
Task 0, Epoch 3/10 => Loss -0.298, Train_accy 98.43, Test_accy 97.77:  30%|███       | 3/10 [04:46<11:08, 95.53s/it]
Task 0, Epoch 4/10 => Loss -0.311, Train_accy 98.77, Test_accy 97.82:  30%|███       | 3/10 [06:22<11:08, 95.53s/it]
Task 0, Epoch 4/10 => Loss -0.311, Train_accy 98.77, Test_accy 97.82:  40%|████      | 4/10 [06:22<09:33, 95.61s/it]
Task 0, Epoch 5/10 => Loss -0.320, Train_accy 99.12, Test_accy 97.72:  40%|████      | 4/10 [07:57<09:33, 95.61s/it]
Task 0, Epoch 5/10 => Loss -0.320, Train_accy 99.12, Test_accy 97.72:  50%|█████     | 5/10 [07:57<07:58, 95.60s/it]
Task 0, Epoch 6/10 => Loss -0.327, Train_accy 99.34, Test_accy 97.87:  50%|█████     | 5/10 [09:33<07:58, 95.60s/it]
Task 0, Epoch 6/10 => Loss -0.327, Train_accy 99.34, Test_accy 97.87:  60%|██████    | 6/10 [09:33<06:22, 95.54s/it]
Task 0, Epoch 7/10 => Loss -0.333, Train_accy 99.51, Test_accy 97.52:  60%|██████    | 6/10 [11:08<06:22, 95.54s/it]
Task 0, Epoch 7/10 => Loss -0.333, Train_accy 99.51, Test_accy 97.52:  70%|███████   | 7/10 [11:08<04:46, 95.48s/it]
Task 0, Epoch 8/10 => Loss -0.339, Train_accy 99.64, Test_accy 98.02:  70%|███████   | 7/10 [12:44<04:46, 95.48s/it]
Task 0, Epoch 8/10 => Loss -0.339, Train_accy 99.64, Test_accy 98.02:  80%|████████  | 8/10 [12:44<03:11, 95.52s/it]
Task 0, Epoch 9/10 => Loss -0.343, Train_accy 99.77, Test_accy 98.02:  80%|████████  | 8/10 [14:20<03:11, 95.52s/it]
Task 0, Epoch 9/10 => Loss -0.343, Train_accy 99.77, Test_accy 98.02:  90%|█████████ | 9/10 [14:20<01:35, 95.60s/it]
Task 0, Epoch 10/10 => Loss -0.346, Train_accy 99.87, Test_accy 97.92:  90%|█████████ | 9/10 [15:56<01:35, 95.60s/it]
Task 0, Epoch 10/10 => Loss -0.346, Train_accy 99.87, Test_accy 97.92: 100%|██████████| 10/10 [15:56<00:00, 95.72s/it]
Task 0, Epoch 10/10 => Loss -0.346, Train_accy 99.87, Test_accy 97.92: 100%|██████████| 10/10 [15:56<00:00, 95.61s/it]
2026-02-10 04:04:54,250 [l2p.py] => Task 0, Epoch 10/10 => Loss -0.346, Train_accy 99.87, Test_accy 97.92
2026-02-10 04:05:06,914 [trainer.py] => CNN: {'total': 97.92, '00-09': 97.92, 'old': 0, 'new': 97.92, 'harmonic': 0.0}
2026-02-10 04:05:06,914 [trainer.py] => CNN top1 curve: [97.92]
2026-02-10 04:05:06,915 [trainer.py] => CNN top5 curve: [99.85]
2026-02-10 04:05:06,915 [trainer.py] => Average Accuracy (CNN): 97.92
2026-02-10 04:05:06,915 [l2p.py] => Learning on 10-20

  0%|          | 0/10 [00:00<?, ?it/s]
Task 1, Epoch 1/10 => Loss 0.185, Train_accy 93.08, Test_accy 78.27:   0%|          | 0/10 [01:49<?, ?it/s]
Task 1, Epoch 1/10 => Loss 0.185, Train_accy 93.08, Test_accy 78.27:  10%|█         | 1/10 [01:49<16:21, 109.05s/it]
Task 1, Epoch 2/10 => Loss -0.194, Train_accy 96.60, Test_accy 84.91:  10%|█         | 1/10 [03:37<16:21, 109.05s/it]
Task 1, Epoch 2/10 => Loss -0.194, Train_accy 96.60, Test_accy 84.91:  20%|██        | 2/10 [03:37<14:27, 108.41s/it]
Task 1, Epoch 3/10 => Loss -0.261, Train_accy 97.17, Test_accy 88.19:  20%|██        | 2/10 [05:24<14:27, 108.41s/it]
Task 1, Epoch 3/10 => Loss -0.261, Train_accy 97.17, Test_accy 88.19:  30%|███       | 3/10 [05:24<12:36, 108.03s/it]
Task 1, Epoch 4/10 => Loss -0.282, Train_accy 97.76, Test_accy 89.39:  30%|███       | 3/10 [07:12<12:36, 108.03s/it]
Task 1, Epoch 4/10 => Loss -0.282, Train_accy 97.76, Test_accy 89.39:  40%|████      | 4/10 [07:12<10:47, 107.87s/it]
Task 1, Epoch 5/10 => Loss -0.292, Train_accy 98.04, Test_accy 90.46:  40%|████      | 4/10 [09:00<10:47, 107.87s/it]
Task 1, Epoch 5/10 => Loss -0.292, Train_accy 98.04, Test_accy 90.46:  50%|█████     | 5/10 [09:00<08:59, 107.98s/it]
Task 1, Epoch 6/10 => Loss -0.303, Train_accy 98.36, Test_accy 90.94:  50%|█████     | 5/10 [10:48<08:59, 107.98s/it]
Task 1, Epoch 6/10 => Loss -0.303, Train_accy 98.36, Test_accy 90.94:  60%|██████    | 6/10 [10:48<07:12, 108.11s/it]
Task 1, Epoch 7/10 => Loss -0.312, Train_accy 98.63, Test_accy 91.54:  60%|██████    | 6/10 [12:37<07:12, 108.11s/it]
Task 1, Epoch 7/10 => Loss -0.312, Train_accy 98.63, Test_accy 91.54:  70%|███████   | 7/10 [12:37<05:25, 108.41s/it]
Task 1, Epoch 8/10 => Loss -0.318, Train_accy 98.88, Test_accy 91.86:  70%|███████   | 7/10 [14:26<05:25, 108.41s/it]
Task 1, Epoch 8/10 => Loss -0.318, Train_accy 98.88, Test_accy 91.86:  80%|████████  | 8/10 [14:26<03:36, 108.49s/it]
Task 1, Epoch 9/10 => Loss -0.324, Train_accy 99.02, Test_accy 92.39:  80%|████████  | 8/10 [16:14<03:36, 108.49s/it]
Task 1, Epoch 9/10 => Loss -0.324, Train_accy 99.02, Test_accy 92.39:  90%|█████████ | 9/10 [16:14<01:48, 108.42s/it]
Task 1, Epoch 10/10 => Loss -0.329, Train_accy 99.21, Test_accy 92.69:  90%|█████████ | 9/10 [18:02<01:48, 108.42s/it]
Task 1, Epoch 10/10 => Loss -0.329, Train_accy 99.21, Test_accy 92.69: 100%|██████████| 10/10 [18:02<00:00, 108.33s/it]
Task 1, Epoch 10/10 => Loss -0.329, Train_accy 99.21, Test_accy 92.69: 100%|██████████| 10/10 [18:02<00:00, 108.28s/it]
2026-02-10 04:23:09,786 [l2p.py] => Task 1, Epoch 10/10 => Loss -0.329, Train_accy 99.21, Test_accy 92.69
2026-02-10 04:23:34,262 [trainer.py] => CNN: {'total': 92.69, '00-09': 95.4, '10-19': 89.92, 'old': 95.4, 'new': 89.92, 'harmonic': 92.58}
2026-02-10 04:23:34,262 [trainer.py] => CNN top1 curve: [97.92, 92.69]
2026-02-10 04:23:34,263 [trainer.py] => CNN top5 curve: [99.85, 99.3]
2026-02-10 04:23:34,263 [trainer.py] => Average Accuracy (CNN): 95.305
2026-02-10 04:23:34,263 [l2p.py] => Learning on 20-30

  0%|          | 0/10 [00:00<?, ?it/s]
Task 2, Epoch 1/10 => Loss -0.075, Train_accy 93.47, Test_accy 78.49:   0%|          | 0/10 [01:59<?, ?it/s]
Task 2, Epoch 1/10 => Loss -0.075, Train_accy 93.47, Test_accy 78.49:  10%|█         | 1/10 [01:59<17:58, 119.81s/it]
Task 2, Epoch 2/10 => Loss -0.236, Train_accy 96.34, Test_accy 82.68:  10%|█         | 1/10 [03:59<17:58, 119.81s/it]
Task 2, Epoch 2/10 => Loss -0.236, Train_accy 96.34, Test_accy 82.68:  20%|██        | 2/10 [03:59<15:58, 119.85s/it]
Task 2, Epoch 3/10 => Loss -0.258, Train_accy 97.10, Test_accy 85.41:  20%|██        | 2/10 [05:59<15:58, 119.85s/it]
Task 2, Epoch 3/10 => Loss -0.258, Train_accy 97.10, Test_accy 85.41:  30%|███       | 3/10 [05:59<13:59, 119.93s/it]
Task 2, Epoch 4/10 => Loss -0.272, Train_accy 97.50, Test_accy 86.81:  30%|███       | 3/10 [08:00<13:59, 119.93s/it]
Task 2, Epoch 4/10 => Loss -0.272, Train_accy 97.50, Test_accy 86.81:  40%|████      | 4/10 [08:00<12:01, 120.22s/it]
Task 2, Epoch 5/10 => Loss -0.284, Train_accy 97.99, Test_accy 87.63:  40%|████      | 4/10 [10:01<12:01, 120.22s/it]
Task 2, Epoch 5/10 => Loss -0.284, Train_accy 97.99, Test_accy 87.63:  50%|█████     | 5/10 [10:01<10:01, 120.37s/it]
Task 2, Epoch 6/10 => Loss -0.292, Train_accy 98.19, Test_accy 88.00:  50%|█████     | 5/10 [12:01<10:01, 120.37s/it]
Task 2, Epoch 6/10 => Loss -0.292, Train_accy 98.19, Test_accy 88.00:  60%|██████    | 6/10 [12:01<08:01, 120.26s/it]
Task 2, Epoch 7/10 => Loss -0.300, Train_accy 98.52, Test_accy 88.61:  60%|██████    | 6/10 [14:01<08:01, 120.26s/it]
Task 2, Epoch 7/10 => Loss -0.300, Train_accy 98.52, Test_accy 88.61:  70%|███████   | 7/10 [14:01<06:00, 120.18s/it]
Task 2, Epoch 8/10 => Loss -0.305, Train_accy 98.52, Test_accy 89.00:  70%|███████   | 7/10 [16:01<06:00, 120.18s/it]
Task 2, Epoch 8/10 => Loss -0.305, Train_accy 98.52, Test_accy 89.00:  80%|████████  | 8/10 [16:01<04:00, 120.24s/it]
Task 2, Epoch 9/10 => Loss -0.313, Train_accy 98.84, Test_accy 89.11:  80%|████████  | 8/10 [18:01<04:00, 120.24s/it]
Task 2, Epoch 9/10 => Loss -0.313, Train_accy 98.84, Test_accy 89.11:  90%|█████████ | 9/10 [18:01<02:00, 120.33s/it]
Task 2, Epoch 10/10 => Loss -0.316, Train_accy 98.91, Test_accy 89.43:  90%|█████████ | 9/10 [20:02<02:00, 120.33s/it]
Task 2, Epoch 10/10 => Loss -0.316, Train_accy 98.91, Test_accy 89.43: 100%|██████████| 10/10 [20:02<00:00, 120.50s/it]
Task 2, Epoch 10/10 => Loss -0.316, Train_accy 98.91, Test_accy 89.43: 100%|██████████| 10/10 [20:02<00:00, 120.29s/it]
2026-02-10 04:43:37,143 [l2p.py] => Task 2, Epoch 10/10 => Loss -0.316, Train_accy 98.91, Test_accy 89.43
2026-02-10 04:44:14,040 [trainer.py] => CNN: {'total': 89.43, '00-09': 93.76, '10-19': 87.54, '20-29': 86.92, 'old': 90.69, 'new': 86.92, 'harmonic': 88.76}
2026-02-10 04:44:14,040 [trainer.py] => CNN top1 curve: [97.92, 92.69, 89.43]
2026-02-10 04:44:14,040 [trainer.py] => CNN top5 curve: [99.85, 99.3, 98.7]
2026-02-10 04:44:14,041 [trainer.py] => Average Accuracy (CNN): 93.34666666666668
2026-02-10 04:44:14,041 [l2p.py] => Learning on 30-40

  0%|          | 0/10 [00:00<?, ?it/s]
Task 3, Epoch 1/10 => Loss -0.083, Train_accy 94.31, Test_accy 75.43:   0%|          | 0/10 [02:11<?, ?it/s]
Task 3, Epoch 1/10 => Loss -0.083, Train_accy 94.31, Test_accy 75.43:  10%|█         | 1/10 [02:11<19:46, 131.86s/it]
Task 3, Epoch 2/10 => Loss -0.247, Train_accy 97.20, Test_accy 80.70:  10%|█         | 1/10 [04:23<19:46, 131.86s/it]
Task 3, Epoch 2/10 => Loss -0.247, Train_accy 97.20, Test_accy 80.70:  20%|██        | 2/10 [04:23<17:35, 131.90s/it]
Task 3, Epoch 3/10 => Loss -0.267, Train_accy 97.83, Test_accy 82.56:  20%|██        | 2/10 [06:35<17:35, 131.90s/it]
Task 3, Epoch 3/10 => Loss -0.267, Train_accy 97.83, Test_accy 82.56:  30%|███       | 3/10 [06:35<15:22, 131.81s/it]
Task 3, Epoch 4/10 => Loss -0.280, Train_accy 98.07, Test_accy 84.12:  30%|███       | 3/10 [08:47<15:22, 131.81s/it]
Task 3, Epoch 4/10 => Loss -0.280, Train_accy 98.07, Test_accy 84.12:  40%|████      | 4/10 [08:47<13:10, 131.74s/it]
Task 3, Epoch 5/10 => Loss -0.292, Train_accy 98.63, Test_accy 85.08:  40%|████      | 4/10 [10:59<13:10, 131.74s/it]
Task 3, Epoch 5/10 => Loss -0.292, Train_accy 98.63, Test_accy 85.08:  50%|█████     | 5/10 [10:59<10:58, 131.80s/it]
Task 3, Epoch 6/10 => Loss -0.298, Train_accy 98.77, Test_accy 85.73:  50%|█████     | 5/10 [13:10<10:58, 131.80s/it]
Task 3, Epoch 6/10 => Loss -0.298, Train_accy 98.77, Test_accy 85.73:  60%|██████    | 6/10 [13:10<08:47, 131.82s/it]
Task 3, Epoch 7/10 => Loss -0.304, Train_accy 98.99, Test_accy 86.30:  60%|██████    | 6/10 [15:23<08:47, 131.82s/it]
Task 3, Epoch 7/10 => Loss -0.304, Train_accy 98.99, Test_accy 86.30:  70%|███████   | 7/10 [15:23<06:35, 131.94s/it]
Task 3, Epoch 8/10 => Loss -0.310, Train_accy 99.09, Test_accy 86.97:  70%|███████   | 7/10 [17:35<06:35, 131.94s/it]
Task 3, Epoch 8/10 => Loss -0.310, Train_accy 99.09, Test_accy 86.97:  80%|████████  | 8/10 [17:35<04:24, 132.02s/it]
Task 3, Epoch 9/10 => Loss -0.314, Train_accy 99.21, Test_accy 87.18:  80%|████████  | 8/10 [19:47<04:24, 132.02s/it]
Task 3, Epoch 9/10 => Loss -0.314, Train_accy 99.21, Test_accy 87.18:  90%|█████████ | 9/10 [19:47<02:12, 132.09s/it]
Task 3, Epoch 10/10 => Loss -0.318, Train_accy 99.37, Test_accy 86.51:  90%|█████████ | 9/10 [21:59<02:12, 132.09s/it]
Task 3, Epoch 10/10 => Loss -0.318, Train_accy 99.37, Test_accy 86.51: 100%|██████████| 10/10 [21:59<00:00, 132.03s/it]
Task 3, Epoch 10/10 => Loss -0.318, Train_accy 99.37, Test_accy 86.51: 100%|██████████| 10/10 [21:59<00:00, 131.94s/it]
2026-02-10 05:06:13,465 [l2p.py] => Task 3, Epoch 10/10 => Loss -0.318, Train_accy 99.37, Test_accy 86.51
2026-02-10 05:07:02,505 [trainer.py] => CNN: {'total': 86.51, '00-09': 91.19, '10-19': 84.86, '20-29': 83.18, '30-39': 86.75, 'old': 86.43, 'new': 86.75, 'harmonic': 86.59}
2026-02-10 05:07:02,506 [trainer.py] => CNN top1 curve: [97.92, 92.69, 89.43, 86.51]
2026-02-10 05:07:02,506 [trainer.py] => CNN top5 curve: [99.85, 99.3, 98.7, 98.15]
2026-02-10 05:07:02,506 [trainer.py] => Average Accuracy (CNN): 91.6375
2026-02-10 05:07:02,506 [l2p.py] => Learning on 40-50

  0%|          | 0/10 [00:00<?, ?it/s]
Task 4, Epoch 1/10 => Loss -0.164, Train_accy 96.36, Test_accy 76.38:   0%|          | 0/10 [02:24<?, ?it/s]
Task 4, Epoch 1/10 => Loss -0.164, Train_accy 96.36, Test_accy 76.38:  10%|█         | 1/10 [02:24<21:41, 144.57s/it]
Task 4, Epoch 2/10 => Loss -0.293, Train_accy 98.25, Test_accy 80.48:  10%|█         | 1/10 [04:49<21:41, 144.57s/it]
Task 4, Epoch 2/10 => Loss -0.293, Train_accy 98.25, Test_accy 80.48:  20%|██        | 2/10 [04:49<19:16, 144.56s/it]
Task 4, Epoch 3/10 => Loss -0.309, Train_accy 98.71, Test_accy 82.29:  20%|██        | 2/10 [07:13<19:16, 144.56s/it]
Task 4, Epoch 3/10 => Loss -0.309, Train_accy 98.71, Test_accy 82.29:  30%|███       | 3/10 [07:13<16:51, 144.53s/it]
Task 4, Epoch 4/10 => Loss -0.321, Train_accy 99.03, Test_accy 83.28:  30%|███       | 3/10 [09:38<16:51, 144.53s/it]
Task 4, Epoch 4/10 => Loss -0.321, Train_accy 99.03, Test_accy 83.28:  40%|████      | 4/10 [09:38<14:27, 144.57s/it]
Task 4, Epoch 5/10 => Loss -0.330, Train_accy 99.38, Test_accy 84.06:  40%|████      | 4/10 [12:03<14:27, 144.57s/it]
Task 4, Epoch 5/10 => Loss -0.330, Train_accy 99.38, Test_accy 84.06:  50%|█████     | 5/10 [12:03<12:03, 144.73s/it]
Task 4, Epoch 6/10 => Loss -0.334, Train_accy 99.39, Test_accy 84.69:  50%|█████     | 5/10 [14:27<12:03, 144.73s/it]
Task 4, Epoch 6/10 => Loss -0.334, Train_accy 99.39, Test_accy 84.69:  60%|██████    | 6/10 [14:27<09:38, 144.73s/it]
Task 4, Epoch 7/10 => Loss -0.340, Train_accy 99.68, Test_accy 85.07:  60%|██████    | 6/10 [16:52<09:38, 144.73s/it]
Task 4, Epoch 7/10 => Loss -0.340, Train_accy 99.68, Test_accy 85.07:  70%|███████   | 7/10 [16:52<07:13, 144.59s/it]
Task 4, Epoch 8/10 => Loss -0.342, Train_accy 99.73, Test_accy 84.75:  70%|███████   | 7/10 [19:16<07:13, 144.59s/it]
Task 4, Epoch 8/10 => Loss -0.342, Train_accy 99.73, Test_accy 84.75:  80%|████████  | 8/10 [19:16<04:49, 144.51s/it]
Task 4, Epoch 9/10 => Loss -0.346, Train_accy 99.79, Test_accy 84.66:  80%|████████  | 8/10 [21:41<04:49, 144.51s/it]
Task 4, Epoch 9/10 => Loss -0.346, Train_accy 99.79, Test_accy 84.66:  90%|█████████ | 9/10 [21:41<02:24, 144.51s/it]
Task 4, Epoch 10/10 => Loss -0.348, Train_accy 99.88, Test_accy 84.44:  90%|█████████ | 9/10 [24:05<02:24, 144.51s/it]
Task 4, Epoch 10/10 => Loss -0.348, Train_accy 99.88, Test_accy 84.44: 100%|██████████| 10/10 [24:05<00:00, 144.40s/it]
Task 4, Epoch 10/10 => Loss -0.348, Train_accy 99.88, Test_accy 84.44: 100%|██████████| 10/10 [24:05<00:00, 144.53s/it]
2026-02-10 05:31:07,816 [l2p.py] => Task 4, Epoch 10/10 => Loss -0.348, Train_accy 99.88, Test_accy 84.44
2026-02-10 05:32:08,560 [trainer.py] => CNN: {'total': 84.44, '00-09': 90.0, '10-19': 84.05, '20-29': 78.13, '30-39': 82.96, '40-49': 87.07, 'old': 83.79, 'new': 87.07, 'harmonic': 85.4}
2026-02-10 05:32:08,560 [trainer.py] => CNN top1 curve: [97.92, 92.69, 89.43, 86.51, 84.44]
2026-02-10 05:32:08,560 [trainer.py] => CNN top5 curve: [99.85, 99.3, 98.7, 98.15, 97.76]
2026-02-10 05:32:08,560 [trainer.py] => Average Accuracy (CNN): 90.19800000000001
2026-02-10 05:32:08,560 [l2p.py] => Learning on 50-60

  0%|          | 0/10 [00:00<?, ?it/s]
Task 5, Epoch 1/10 => Loss -0.110, Train_accy 94.94, Test_accy 72.73:   0%|          | 0/10 [02:36<?, ?it/s]
Task 5, Epoch 1/10 => Loss -0.110, Train_accy 94.94, Test_accy 72.73:  10%|█         | 1/10 [02:36<23:24, 156.00s/it]
Task 5, Epoch 2/10 => Loss -0.264, Train_accy 97.45, Test_accy 74.91:  10%|█         | 1/10 [05:12<23:24, 156.00s/it]
Task 5, Epoch 2/10 => Loss -0.264, Train_accy 97.45, Test_accy 74.91:  20%|██        | 2/10 [05:12<20:49, 156.19s/it]
Task 5, Epoch 3/10 => Loss -0.285, Train_accy 98.14, Test_accy 77.37:  20%|██        | 2/10 [07:48<20:49, 156.19s/it]
Task 5, Epoch 3/10 => Loss -0.285, Train_accy 98.14, Test_accy 77.37:  30%|███       | 3/10 [07:48<18:13, 156.27s/it]
Task 5, Epoch 4/10 => Loss -0.299, Train_accy 98.52, Test_accy 78.46:  30%|███       | 3/10 [10:25<18:13, 156.27s/it]
Task 5, Epoch 4/10 => Loss -0.299, Train_accy 98.52, Test_accy 78.46:  40%|████      | 4/10 [10:25<15:38, 156.48s/it]
Task 5, Epoch 5/10 => Loss -0.307, Train_accy 98.72, Test_accy 79.77:  40%|████      | 4/10 [13:02<15:38, 156.48s/it]
Task 5, Epoch 5/10 => Loss -0.307, Train_accy 98.72, Test_accy 79.77:  50%|█████     | 5/10 [13:02<13:02, 156.56s/it]
Task 5, Epoch 6/10 => Loss -0.315, Train_accy 98.90, Test_accy 80.57:  50%|█████     | 5/10 [15:38<13:02, 156.56s/it]
Task 5, Epoch 6/10 => Loss -0.315, Train_accy 98.90, Test_accy 80.57:  60%|██████    | 6/10 [15:38<10:26, 156.53s/it]
Task 5, Epoch 7/10 => Loss -0.323, Train_accy 99.30, Test_accy 80.92:  60%|██████    | 6/10 [18:14<10:26, 156.53s/it]
Task 5, Epoch 7/10 => Loss -0.323, Train_accy 99.30, Test_accy 80.92:  70%|███████   | 7/10 [18:14<07:49, 156.44s/it]
Task 5, Epoch 8/10 => Loss -0.326, Train_accy 99.47, Test_accy 81.80:  70%|███████   | 7/10 [20:51<07:49, 156.44s/it]
Task 5, Epoch 8/10 => Loss -0.326, Train_accy 99.47, Test_accy 81.80:  80%|████████  | 8/10 [20:51<05:12, 156.36s/it]
Task 5, Epoch 9/10 => Loss -0.331, Train_accy 99.54, Test_accy 82.28:  80%|████████  | 8/10 [23:27<05:12, 156.36s/it]
Task 5, Epoch 9/10 => Loss -0.331, Train_accy 99.54, Test_accy 82.28:  90%|█████████ | 9/10 [23:27<02:36, 156.42s/it]
Task 5, Epoch 10/10 => Loss -0.335, Train_accy 99.69, Test_accy 82.33:  90%|█████████ | 9/10 [26:05<02:36, 156.42s/it]
Task 5, Epoch 10/10 => Loss -0.335, Train_accy 99.69, Test_accy 82.33: 100%|██████████| 10/10 [26:05<00:00, 156.78s/it]
Task 5, Epoch 10/10 => Loss -0.335, Train_accy 99.69, Test_accy 82.33: 100%|██████████| 10/10 [26:05<00:00, 156.52s/it]
2026-02-10 05:58:13,814 [l2p.py] => Task 5, Epoch 10/10 => Loss -0.335, Train_accy 99.69, Test_accy 82.33
2026-02-10 05:59:27,747 [trainer.py] => CNN: {'total': 82.33, '00-09': 88.76, '10-19': 82.43, '20-29': 77.58, '30-39': 83.83, '40-49': 84.0, '50-59': 77.31, 'old': 83.33, 'new': 77.31, 'harmonic': 80.21}
2026-02-10 05:59:27,748 [trainer.py] => CNN top1 curve: [97.92, 92.69, 89.43, 86.51, 84.44, 82.33]
2026-02-10 05:59:27,748 [trainer.py] => CNN top5 curve: [99.85, 99.3, 98.7, 98.15, 97.76, 97.29]
2026-02-10 05:59:27,748 [trainer.py] => Average Accuracy (CNN): 88.88666666666667
2026-02-10 05:59:27,748 [l2p.py] => Learning on 60-70

  0%|          | 0/10 [00:00<?, ?it/s]
Task 6, Epoch 1/10 => Loss -0.021, Train_accy 90.86, Test_accy 71.41:   0%|          | 0/10 [02:50<?, ?it/s]
Task 6, Epoch 1/10 => Loss -0.021, Train_accy 90.86, Test_accy 71.41:  10%|█         | 1/10 [02:50<25:32, 170.33s/it]
Task 6, Epoch 2/10 => Loss -0.184, Train_accy 94.23, Test_accy 72.30:  10%|█         | 1/10 [05:39<25:32, 170.33s/it]
Task 6, Epoch 2/10 => Loss -0.184, Train_accy 94.23, Test_accy 72.30:  20%|██        | 2/10 [05:39<22:37, 169.68s/it]
Task 6, Epoch 3/10 => Loss -0.209, Train_accy 94.96, Test_accy 73.62:  20%|██        | 2/10 [08:28<22:37, 169.68s/it]
Task 6, Epoch 3/10 => Loss -0.209, Train_accy 94.96, Test_accy 73.62:  30%|███       | 3/10 [08:28<19:46, 169.50s/it]
Task 6, Epoch 4/10 => Loss -0.225, Train_accy 95.50, Test_accy 74.39:  30%|███       | 3/10 [11:19<19:46, 169.50s/it]
Task 6, Epoch 4/10 => Loss -0.225, Train_accy 95.50, Test_accy 74.39:  40%|████      | 4/10 [11:19<16:58, 169.78s/it]
Task 6, Epoch 5/10 => Loss -0.241, Train_accy 96.22, Test_accy 75.58:  40%|████      | 4/10 [14:09<16:58, 169.78s/it]
Task 6, Epoch 5/10 => Loss -0.241, Train_accy 96.22, Test_accy 75.58:  50%|█████     | 5/10 [14:09<14:09, 169.89s/it]
Task 6, Epoch 6/10 => Loss -0.249, Train_accy 96.28, Test_accy 75.63:  50%|█████     | 5/10 [16:58<14:09, 169.89s/it]
Task 6, Epoch 6/10 => Loss -0.249, Train_accy 96.28, Test_accy 75.63:  60%|██████    | 6/10 [16:58<11:19, 169.84s/it]
Task 6, Epoch 7/10 => Loss -0.259, Train_accy 96.65, Test_accy 75.77:  60%|██████    | 6/10 [19:48<11:19, 169.84s/it]
Task 6, Epoch 7/10 => Loss -0.259, Train_accy 96.65, Test_accy 75.77:  70%|███████   | 7/10 [19:48<08:29, 169.85s/it]
Task 6, Epoch 8/10 => Loss -0.265, Train_accy 96.86, Test_accy 76.43:  70%|███████   | 7/10 [22:38<08:29, 169.85s/it]
Task 6, Epoch 8/10 => Loss -0.265, Train_accy 96.86, Test_accy 76.43:  80%|████████  | 8/10 [22:38<05:39, 169.85s/it]
Task 6, Epoch 9/10 => Loss -0.271, Train_accy 96.96, Test_accy 76.61:  80%|████████  | 8/10 [25:27<05:39, 169.85s/it]
Task 6, Epoch 9/10 => Loss -0.271, Train_accy 96.96, Test_accy 76.61:  90%|█████████ | 9/10 [25:27<02:49, 169.58s/it]
Task 6, Epoch 10/10 => Loss -0.276, Train_accy 97.07, Test_accy 77.26:  90%|█████████ | 9/10 [28:16<02:49, 169.58s/it]
Task 6, Epoch 10/10 => Loss -0.276, Train_accy 97.07, Test_accy 77.26: 100%|██████████| 10/10 [28:16<00:00, 169.38s/it]
Task 6, Epoch 10/10 => Loss -0.276, Train_accy 97.07, Test_accy 77.26: 100%|██████████| 10/10 [28:16<00:00, 169.65s/it]
2026-02-10 06:27:44,283 [l2p.py] => Task 6, Epoch 10/10 => Loss -0.276, Train_accy 97.07, Test_accy 77.26
2026-02-10 06:29:09,203 [trainer.py] => CNN: {'total': 77.26, '00-09': 88.56, '10-19': 81.62, '20-29': 72.84, '30-39': 82.67, '40-49': 83.44, '50-59': 76.27, '60-69': 55.0, 'old': 80.91, 'new': 55.0, 'harmonic': 65.49}
2026-02-10 06:29:09,203 [trainer.py] => CNN top1 curve: [97.92, 92.69, 89.43, 86.51, 84.44, 82.33, 77.26]
2026-02-10 06:29:09,203 [trainer.py] => CNN top5 curve: [99.85, 99.3, 98.7, 98.15, 97.76, 97.29, 96.04]
2026-02-10 06:29:09,203 [trainer.py] => Average Accuracy (CNN): 87.22571428571429
2026-02-10 06:29:09,203 [l2p.py] => Learning on 70-80

  0%|          | 0/10 [00:00<?, ?it/s]
Task 7, Epoch 1/10 => Loss -0.141, Train_accy 95.42, Test_accy 71.65:   0%|          | 0/10 [03:00<?, ?it/s]
Task 7, Epoch 1/10 => Loss -0.141, Train_accy 95.42, Test_accy 71.65:  10%|█         | 1/10 [03:00<27:04, 180.50s/it]
Task 7, Epoch 2/10 => Loss -0.278, Train_accy 97.80, Test_accy 73.80:  10%|█         | 1/10 [06:02<27:04, 180.50s/it]
Task 7, Epoch 2/10 => Loss -0.278, Train_accy 97.80, Test_accy 73.80:  20%|██        | 2/10 [06:02<24:12, 181.53s/it]
Task 7, Epoch 3/10 => Loss -0.297, Train_accy 98.41, Test_accy 75.16:  20%|██        | 2/10 [09:04<24:12, 181.53s/it]
Task 7, Epoch 3/10 => Loss -0.297, Train_accy 98.41, Test_accy 75.16:  30%|███       | 3/10 [09:04<21:10, 181.48s/it]
Task 7, Epoch 4/10 => Loss -0.308, Train_accy 98.87, Test_accy 75.82:  30%|███       | 3/10 [12:04<21:10, 181.48s/it]
Task 7, Epoch 4/10 => Loss -0.308, Train_accy 98.87, Test_accy 75.82:  40%|████      | 4/10 [12:04<18:05, 180.98s/it]
Task 7, Epoch 5/10 => Loss -0.318, Train_accy 99.11, Test_accy 76.57:  40%|████      | 4/10 [15:04<18:05, 180.98s/it]
Task 7, Epoch 5/10 => Loss -0.318, Train_accy 99.11, Test_accy 76.57:  50%|█████     | 5/10 [15:04<15:02, 180.60s/it]
Task 7, Epoch 6/10 => Loss -0.326, Train_accy 99.31, Test_accy 77.21:  50%|█████     | 5/10 [18:05<15:02, 180.60s/it]
Task 7, Epoch 6/10 => Loss -0.326, Train_accy 99.31, Test_accy 77.21:  60%|██████    | 6/10 [18:05<12:02, 180.64s/it]
Task 7, Epoch 7/10 => Loss -0.331, Train_accy 99.56, Test_accy 77.50:  60%|██████    | 6/10 [21:05<12:02, 180.64s/it]
Task 7, Epoch 7/10 => Loss -0.331, Train_accy 99.56, Test_accy 77.50:  70%|███████   | 7/10 [21:05<09:01, 180.44s/it]
Task 7, Epoch 8/10 => Loss -0.335, Train_accy 99.61, Test_accy 77.54:  70%|███████   | 7/10 [24:04<09:01, 180.44s/it]
Task 7, Epoch 8/10 => Loss -0.335, Train_accy 99.61, Test_accy 77.54:  80%|████████  | 8/10 [24:04<06:00, 180.14s/it]
Task 7, Epoch 9/10 => Loss -0.339, Train_accy 99.79, Test_accy 77.62:  80%|████████  | 8/10 [27:05<06:00, 180.14s/it]
Task 7, Epoch 9/10 => Loss -0.339, Train_accy 99.79, Test_accy 77.62:  90%|█████████ | 9/10 [27:05<03:00, 180.24s/it]
Task 7, Epoch 10/10 => Loss -0.342, Train_accy 99.87, Test_accy 77.15:  90%|█████████ | 9/10 [30:04<03:00, 180.24s/it]
Task 7, Epoch 10/10 => Loss -0.342, Train_accy 99.87, Test_accy 77.15: 100%|██████████| 10/10 [30:04<00:00, 180.09s/it]
Task 7, Epoch 10/10 => Loss -0.342, Train_accy 99.87, Test_accy 77.15: 100%|██████████| 10/10 [30:04<00:00, 180.48s/it]
2026-02-10 06:59:14,010 [l2p.py] => Task 7, Epoch 10/10 => Loss -0.342, Train_accy 99.87, Test_accy 77.15
Traceback (most recent call last):
  File "/home/team/zhaohongwei/Code/Research/Awesome-MMCL/C3Box-main/main.py", line 31, in <module>
    main()
  File "/home/team/zhaohongwei/Code/Research/Awesome-MMCL/C3Box-main/main.py", line 14, in main
    train(args)
  File "/home/team/zhaohongwei/Code/Research/Awesome-MMCL/C3Box-main/trainer.py", line 18, in train
    _train(args)
  File "/home/team/zhaohongwei/Code/Research/Awesome-MMCL/C3Box-main/trainer.py", line 55, in _train
    cnn_accy, nme_accy, zs_seen, zs_unseen, zs_harmonic, zs_total = model.eval_task()
  File "/home/team/zhaohongwei/Code/Research/Awesome-MMCL/C3Box-main/models/base.py", line 88, in eval_task
    y_pred, y_true = self._eval_cnn(self.test_loader)
  File "/home/team/zhaohongwei/Code/Research/Awesome-MMCL/C3Box-main/models/l2p.py", line 226, in _eval_cnn
    for _, (_, inputs, targets) in enumerate(loader):
  File "/home/team/zhaohongwei/anaconda3/envs/mmcl/lib/python3.10/site-packages/torch/utils/data/dataloader.py", line 633, in __next__
    data = self._next_data()
  File "/home/team/zhaohongwei/anaconda3/envs/mmcl/lib/python3.10/site-packages/torch/utils/data/dataloader.py", line 1328, in _next_data
    idx, data = self._get_data()
  File "/home/team/zhaohongwei/anaconda3/envs/mmcl/lib/python3.10/site-packages/torch/utils/data/dataloader.py", line 1294, in _get_data
    success, data = self._try_get_data()
  File "/home/team/zhaohongwei/anaconda3/envs/mmcl/lib/python3.10/site-packages/torch/utils/data/dataloader.py", line 1159, in _try_get_data
    raise RuntimeError(
RuntimeError: Too many open files. Communication with the workers is no longer possible. Please increase the limit using `ulimit -n` in the shell or change the sharing strategy by calling `torch.multiprocessing.set_sharing_strategy('file_system')` at the beginning of your code
2026-02-10 07:00:42,598 [trainer.py] => config: ./configs/l2p/l2p_food_B50_Inc10.json
2026-02-10 07:00:42,598 [trainer.py] => prefix:  
2026-02-10 07:00:42,598 [trainer.py] => dataset: food101
2026-02-10 07:00:42,598 [trainer.py] => memory_size: 0
2026-02-10 07:00:42,598 [trainer.py] => memory_per_class: 0
2026-02-10 07:00:42,598 [trainer.py] => fixed_memory: False
2026-02-10 07:00:42,598 [trainer.py] => shuffle: True
2026-02-10 07:00:42,598 [trainer.py] => init_cls: 50
2026-02-10 07:00:42,598 [trainer.py] => increment: 10
2026-02-10 07:00:42,598 [trainer.py] => model_name: l2p
2026-02-10 07:00:42,598 [trainer.py] => backbone_type: clip
2026-02-10 07:00:42,598 [trainer.py] => get_original_backbone: True
2026-02-10 07:00:42,599 [trainer.py] => device: [device(type='cuda', index=7)]
2026-02-10 07:00:42,599 [trainer.py] => seed: 1993
2026-02-10 07:00:42,599 [trainer.py] => tuned_epoch: 10
2026-02-10 07:00:42,599 [trainer.py] => init_lr: 0.001875
2026-02-10 07:00:42,599 [trainer.py] => batch_size: 16
2026-02-10 07:00:42,599 [trainer.py] => weight_decay: 0
2026-02-10 07:00:42,599 [trainer.py] => min_lr: 1e-05
2026-02-10 07:00:42,599 [trainer.py] => optimizer: adam
2026-02-10 07:00:42,599 [trainer.py] => scheduler: constant
2026-02-10 07:00:42,599 [trainer.py] => reinit_optimizer: True
2026-02-10 07:00:42,599 [trainer.py] => global_pool: token
2026-02-10 07:00:42,599 [trainer.py] => head_type: prompt
2026-02-10 07:00:42,599 [trainer.py] => freeze: ['blocks', 'patch_embed', 'cls_token', 'norm', 'pos_embed']
2026-02-10 07:00:42,599 [trainer.py] => pretrained: True
2026-02-10 07:00:42,599 [trainer.py] => drop: 0.0
2026-02-10 07:00:42,599 [trainer.py] => drop_path: 0.0
2026-02-10 07:00:42,599 [trainer.py] => prompt_pool: True
2026-02-10 07:00:42,599 [trainer.py] => size: 10
2026-02-10 07:00:42,599 [trainer.py] => length: 5
2026-02-10 07:00:42,599 [trainer.py] => top_k: 5
2026-02-10 07:00:42,599 [trainer.py] => initializer: uniform
2026-02-10 07:00:42,599 [trainer.py] => prompt_key: True
2026-02-10 07:00:42,599 [trainer.py] => prompt_key_init: uniform
2026-02-10 07:00:42,599 [trainer.py] => use_prompt_mask: False
2026-02-10 07:00:42,599 [trainer.py] => shared_prompt_pool: False
2026-02-10 07:00:42,599 [trainer.py] => shared_prompt_key: False
2026-02-10 07:00:42,599 [trainer.py] => batchwise_prompt: True
2026-02-10 07:00:42,599 [trainer.py] => embedding_key: cls
2026-02-10 07:00:42,599 [trainer.py] => predefined_key: 
2026-02-10 07:00:42,599 [trainer.py] => pull_constraint: True
2026-02-10 07:00:42,599 [trainer.py] => pull_constraint_coeff: 0.1
2026-02-10 07:00:42,599 [trainer.py] => nb_classes: 100
2026-02-10 07:00:42,600 [trainer.py] => total_class_num: 100
['apple pie', 'baby back ribs', 'baklava', 'beef carpaccio', 'beef tartare', 'beet salad', 'beignets', 'bibimbap', 'bread pudding', 'breakfast burrito', 'bruschetta', 'caesar salad', 'cannoli', 'caprese salad', 'carrot cake', 'ceviche', 'cheese plate', 'cheesecake', 'chicken curry', 'chicken quesadilla', 'chicken wings', 'chocolate cake', 'chocolate mousse', 'churros', 'clam chowder', 'club sandwich', 'crab cakes', 'creme brulee', 'croque madame', 'cup cakes', 'deviled eggs', 'donuts', 'dumplings', 'edamame', 'eggs benedict', 'escargots', 'falafel', 'filet mignon', 'fish and chips', 'foie gras', 'french fries', 'french onion soup', 'french toast', 'fried calamari', 'fried rice', 'frozen yogurt', 'garlic bread', 'gnocchi', 'greek salad', 'grilled cheese sandwich', 'grilled salmon', 'guacamole', 'gyoza', 'hamburger', 'hot and sour soup', 'hot dog', 'huevos rancheros', 'hummus', 'ice cream', 'lasagna', 'lobster bisque', 'lobster roll sandwich', 'macaroni and cheese', 'macarons', 'miso soup', 'mussels', 'nachos', 'omelette', 'onion rings', 'oysters', 'pad thai', 'paella', 'pancakes', 'panna cotta', 'peking duck', 'pho', 'pizza', 'pork chop', 'poutine', 'prime rib', 'pulled pork sandwich', 'ramen', 'ravioli', 'red velvet cake', 'risotto', 'samosa', 'sashimi', 'scallops', 'seaweed salad', 'shrimp and grits', 'spaghetti bolognese', 'spaghetti carbonara', 'spring rolls', 'steak', 'strawberry shortcake', 'sushi', 'tacos', 'takoyaki', 'tiramisu', 'tuna tartare']
['a photo of {}, a type of food.']
{'apple_pie': 0, 'baby_back_ribs': 1, 'baklava': 2, 'beef_carpaccio': 3, 'beef_tartare': 4, 'beet_salad': 5, 'beignets': 6, 'bibimbap': 7, 'bread_pudding': 8, 'breakfast_burrito': 9, 'bruschetta': 10, 'caesar_salad': 11, 'cannoli': 12, 'caprese_salad': 13, 'carrot_cake': 14, 'ceviche': 15, 'cheese_plate': 16, 'cheesecake': 17, 'chicken_curry': 18, 'chicken_quesadilla': 19, 'chicken_wings': 20, 'chocolate_cake': 21, 'chocolate_mousse': 22, 'churros': 23, 'clam_chowder': 24, 'club_sandwich': 25, 'crab_cakes': 26, 'creme_brulee': 27, 'croque_madame': 28, 'cup_cakes': 29, 'deviled_eggs': 30, 'donuts': 31, 'dumplings': 32, 'edamame': 33, 'eggs_benedict': 34, 'escargots': 35, 'falafel': 36, 'filet_mignon': 37, 'fish_and_chips': 38, 'foie_gras': 39, 'french_fries': 40, 'french_onion_soup': 41, 'french_toast': 42, 'fried_calamari': 43, 'fried_rice': 44, 'frozen_yogurt': 45, 'garlic_bread': 46, 'gnocchi': 47, 'greek_salad': 48, 'grilled_cheese_sandwich': 49, 'grilled_salmon': 50, 'guacamole': 51, 'gyoza': 52, 'hamburger': 53, 'hot_and_sour_soup': 54, 'hot_dog': 55, 'huevos_rancheros': 56, 'hummus': 57, 'ice_cream': 58, 'lasagna': 59, 'lobster_bisque': 60, 'lobster_roll_sandwich': 61, 'macaroni_and_cheese': 62, 'macarons': 63, 'miso_soup': 64, 'mussels': 65, 'nachos': 66, 'omelette': 67, 'onion_rings': 68, 'oysters': 69, 'pad_thai': 70, 'paella': 71, 'pancakes': 72, 'panna_cotta': 73, 'peking_duck': 74, 'pho': 75, 'pizza': 76, 'pork_chop': 77, 'poutine': 78, 'prime_rib': 79, 'pulled_pork_sandwich': 80, 'ramen': 81, 'ravioli': 82, 'red_velvet_cake': 83, 'risotto': 84, 'samosa': 85, 'sashimi': 86, 'scallops': 87, 'seaweed_salad': 88, 'shrimp_and_grits': 89, 'spaghetti_bolognese': 90, 'spaghetti_carbonara': 91, 'spring_rolls': 92, 'steak': 93, 'strawberry_shortcake': 94, 'sushi': 95, 'tacos': 96, 'takoyaki': 97, 'tiramisu': 98, 'tuna_tartare': 99}
2026-02-10 07:00:42,915 [data_manager.py] => [68, 56, 78, 8, 23, 84, 90, 65, 74, 76, 40, 89, 3, 92, 55, 9, 26, 80, 43, 38, 58, 70, 77, 1, 85, 19, 17, 50, 28, 53, 13, 81, 45, 82, 6, 59, 83, 16, 15, 44, 91, 41, 72, 60, 79, 52, 20, 10, 31, 54, 37, 95, 14, 71, 96, 98, 97, 2, 64, 66, 42, 22, 35, 86, 24, 34, 87, 21, 99, 0, 88, 27, 18, 94, 11, 12, 47, 25, 30, 46, 62, 69, 36, 61, 7, 63, 75, 5, 32, 4, 51, 48, 73, 93, 39, 67, 29, 49, 57, 33]
After shuffle, class_to_label is:  ['onion rings', 'huevos rancheros', 'poutine', 'bread pudding', 'churros', 'risotto', 'spaghetti bolognese', 'mussels', 'peking duck', 'pizza', 'french fries', 'shrimp and grits', 'beef carpaccio', 'spring rolls', 'hot dog', 'breakfast burrito', 'crab cakes', 'pulled pork sandwich', 'fried calamari', 'fish and chips', 'ice cream', 'pad thai', 'pork chop', 'baby back ribs', 'samosa', 'chicken quesadilla', 'cheesecake', 'grilled salmon', 'croque madame', 'hamburger', 'caprese salad', 'ramen', 'frozen yogurt', 'ravioli', 'beignets', 'lasagna', 'red velvet cake', 'cheese plate', 'ceviche', 'fried rice', 'spaghetti carbonara', 'french onion soup', 'pancakes', 'lobster bisque', 'prime rib', 'gyoza', 'chicken wings', 'bruschetta', 'donuts', 'hot and sour soup', 'filet mignon', 'sushi', 'carrot cake', 'paella', 'tacos', 'tiramisu', 'takoyaki', 'baklava', 'miso soup', 'nachos', 'french toast', 'chocolate mousse', 'escargots', 'sashimi', 'clam chowder', 'eggs benedict', 'scallops', 'chocolate cake', 'tuna tartare', 'apple pie', 'seaweed salad', 'creme brulee', 'chicken curry', 'strawberry shortcake', 'caesar salad', 'cannoli', 'gnocchi', 'club sandwich', 'deviled eggs', 'garlic bread', 'macaroni and cheese', 'oysters', 'falafel', 'lobster roll sandwich', 'bibimbap', 'macarons', 'pho', 'beet salad', 'dumplings', 'beef tartare', 'guacamole', 'greek salad', 'panna cotta', 'steak', 'foie gras', 'omelette', 'cup cakes', 'grilled cheese sandwich', 'hummus', 'edamame']
Training class stages: [50, 10, 10, 10, 10, 10]
Using CLIP model as the backbone
2026-02-10 07:00:44,245 [instantiator.py] => Created a temporary directory at /tmp/tmpifcbv73o
2026-02-10 07:00:44,245 [instantiator.py] => Writing /tmp/tmpifcbv73o/_remote_module_non_scriptable.py
2026-02-10 07:00:44,375 [factory.py] => Loaded ViT-B-16 model config.
2026-02-10 07:00:45,809 [factory.py] => Loading pretrained ViT-B-16 weights (/home/team/zhaohongwei/pretrained_models/open_clip_pytorch_model_laion400m_e32.bin).
/home/team/zhaohongwei/anaconda3/envs/mmcl/lib/python3.10/site-packages/torch/_utils.py:776: UserWarning: TypedStorage is deprecated. It will be removed in the future and UntypedStorage will be the only storage class. This should only matter to you if you are using storages directly.  To access UntypedStorage directly, use tensor.untyped_storage() instead of tensor.storage()
  return self.fget.__get__(instance, owner)()
2026-02-10 07:00:46,808 [l2p.py] => 86,457,956 model total parameters.
2026-02-10 07:00:46,809 [l2p.py] => 94,820 model training parameters.
2026-02-10 07:00:46,809 [l2p.py] => prompt.prompt: 38400
2026-02-10 07:00:46,809 [l2p.py] => prompt.prompt_key: 5120
2026-02-10 07:00:46,809 [l2p.py] => head.weight: 51200
2026-02-10 07:00:46,809 [l2p.py] => head.bias: 100
2026-02-10 07:00:46,809 [l2p.py] => Learning on 0-50

  0%|          | 0/10 [00:00<?, ?it/s]
Task 0, Epoch 1/10 => Loss 0.183, Train_accy 87.90, Test_accy 90.53:   0%|          | 0/10 [07:55<?, ?it/s]
Task 0, Epoch 1/10 => Loss 0.183, Train_accy 87.90, Test_accy 90.53:  10%|█         | 1/10 [07:55<1:11:16, 475.14s/it]
Task 0, Epoch 2/10 => Loss -0.070, Train_accy 91.83, Test_accy 90.67:  10%|█         | 1/10 [15:50<1:11:16, 475.14s/it]
Task 0, Epoch 2/10 => Loss -0.070, Train_accy 91.83, Test_accy 90.67:  20%|██        | 2/10 [15:50<1:03:23, 475.40s/it]
Task 0, Epoch 3/10 => Loss -0.109, Train_accy 92.87, Test_accy 91.10:  20%|██        | 2/10 [23:47<1:03:23, 475.40s/it]
Task 0, Epoch 3/10 => Loss -0.109, Train_accy 92.87, Test_accy 91.10:  30%|███       | 3/10 [23:47<55:30, 475.83s/it]  
Task 0, Epoch 4/10 => Loss -0.133, Train_accy 93.44, Test_accy 90.69:  30%|███       | 3/10 [31:42<55:30, 475.83s/it]
Task 0, Epoch 4/10 => Loss -0.133, Train_accy 93.44, Test_accy 90.69:  40%|████      | 4/10 [31:42<47:32, 475.50s/it]
Task 0, Epoch 5/10 => Loss -0.152, Train_accy 94.03, Test_accy 91.06:  40%|████      | 4/10 [39:38<47:32, 475.50s/it]
Task 0, Epoch 5/10 => Loss -0.152, Train_accy 94.03, Test_accy 91.06:  50%|█████     | 5/10 [39:38<39:39, 475.81s/it]
Task 0, Epoch 6/10 => Loss -0.169, Train_accy 94.54, Test_accy 90.68:  50%|█████     | 5/10 [47:36<39:39, 475.81s/it]
Task 0, Epoch 6/10 => Loss -0.169, Train_accy 94.54, Test_accy 90.68:  60%|██████    | 6/10 [47:36<31:46, 476.73s/it]
Task 0, Epoch 7/10 => Loss -0.182, Train_accy 94.98, Test_accy 90.73:  60%|██████    | 6/10 [55:32<31:46, 476.73s/it]
Task 0, Epoch 7/10 => Loss -0.182, Train_accy 94.98, Test_accy 90.73:  70%|███████   | 7/10 [55:32<23:48, 476.20s/it]
Task 0, Epoch 8/10 => Loss -0.195, Train_accy 95.37, Test_accy 90.43:  70%|███████   | 7/10 [1:03:28<23:48, 476.20s/it]
Task 0, Epoch 8/10 => Loss -0.195, Train_accy 95.37, Test_accy 90.43:  80%|████████  | 8/10 [1:03:28<15:52, 476.23s/it]
Task 0, Epoch 9/10 => Loss -0.204, Train_accy 95.65, Test_accy 89.95:  80%|████████  | 8/10 [1:11:23<15:52, 476.23s/it]
Task 0, Epoch 9/10 => Loss -0.204, Train_accy 95.65, Test_accy 89.95:  90%|█████████ | 9/10 [1:11:23<07:55, 475.88s/it]
Task 0, Epoch 10/10 => Loss -0.215, Train_accy 96.05, Test_accy 90.37:  90%|█████████ | 9/10 [1:19:18<07:55, 475.88s/it]
Task 0, Epoch 10/10 => Loss -0.215, Train_accy 96.05, Test_accy 90.37: 100%|██████████| 10/10 [1:19:18<00:00, 475.60s/it]
Task 0, Epoch 10/10 => Loss -0.215, Train_accy 96.05, Test_accy 90.37: 100%|██████████| 10/10 [1:19:18<00:00, 475.84s/it]
2026-02-10 08:20:05,825 [l2p.py] => Task 0, Epoch 10/10 => Loss -0.215, Train_accy 96.05, Test_accy 90.37
2026-02-10 08:21:07,311 [trainer.py] => CNN: {'total': 90.37, '00-09': 93.12, '10-19': 89.52, '20-29': 88.52, '30-39': 89.51, '40-49': 91.19, 'old': 0, 'new': 90.37, 'harmonic': 0.0}
2026-02-10 08:21:07,311 [trainer.py] => CNN top1 curve: [90.37]
2026-02-10 08:21:07,311 [trainer.py] => CNN top5 curve: [98.72]
2026-02-10 08:21:07,311 [trainer.py] => Average Accuracy (CNN): 90.37
2026-02-10 08:21:07,311 [l2p.py] => Learning on 50-60

  0%|          | 0/10 [00:00<?, ?it/s]
Task 1, Epoch 1/10 => Loss 0.175, Train_accy 93.15, Test_accy 78.26:   0%|          | 0/10 [02:37<?, ?it/s]
Task 1, Epoch 1/10 => Loss 0.175, Train_accy 93.15, Test_accy 78.26:  10%|█         | 1/10 [02:37<23:33, 157.11s/it]
Task 1, Epoch 2/10 => Loss -0.196, Train_accy 97.16, Test_accy 81.32:  10%|█         | 1/10 [05:13<23:33, 157.11s/it]
Task 1, Epoch 2/10 => Loss -0.196, Train_accy 97.16, Test_accy 81.32:  20%|██        | 2/10 [05:13<20:52, 156.61s/it]
Task 1, Epoch 3/10 => Loss -0.269, Train_accy 97.70, Test_accy 84.45:  20%|██        | 2/10 [07:49<20:52, 156.61s/it]
Task 1, Epoch 3/10 => Loss -0.269, Train_accy 97.70, Test_accy 84.45:  30%|███       | 3/10 [07:49<18:15, 156.48s/it]
Task 1, Epoch 4/10 => Loss -0.288, Train_accy 98.19, Test_accy 85.32:  30%|███       | 3/10 [10:26<18:15, 156.48s/it]
Task 1, Epoch 4/10 => Loss -0.288, Train_accy 98.19, Test_accy 85.32:  40%|████      | 4/10 [10:26<15:38, 156.43s/it]
Task 1, Epoch 5/10 => Loss -0.300, Train_accy 98.54, Test_accy 86.10:  40%|████      | 4/10 [13:02<15:38, 156.43s/it]
Task 1, Epoch 5/10 => Loss -0.300, Train_accy 98.54, Test_accy 86.10:  50%|█████     | 5/10 [13:02<13:02, 156.47s/it]
Task 1, Epoch 6/10 => Loss -0.310, Train_accy 98.84, Test_accy 86.98:  50%|█████     | 5/10 [15:39<13:02, 156.47s/it]
Task 1, Epoch 6/10 => Loss -0.310, Train_accy 98.84, Test_accy 86.98:  60%|██████    | 6/10 [15:39<10:27, 156.79s/it]
Task 1, Epoch 7/10 => Loss -0.316, Train_accy 99.04, Test_accy 87.47:  60%|██████    | 6/10 [18:16<10:27, 156.79s/it]
Task 1, Epoch 7/10 => Loss -0.316, Train_accy 99.04, Test_accy 87.47:  70%|███████   | 7/10 [18:16<07:50, 156.70s/it]
Task 1, Epoch 8/10 => Loss -0.322, Train_accy 99.32, Test_accy 87.86:  70%|███████   | 7/10 [20:53<07:50, 156.70s/it]
Task 1, Epoch 8/10 => Loss -0.322, Train_accy 99.32, Test_accy 87.86:  80%|████████  | 8/10 [20:53<05:13, 156.90s/it]
Task 1, Epoch 9/10 => Loss -0.327, Train_accy 99.47, Test_accy 88.00:  80%|████████  | 8/10 [23:30<05:13, 156.90s/it]
Task 1, Epoch 9/10 => Loss -0.327, Train_accy 99.47, Test_accy 88.00:  90%|█████████ | 9/10 [23:30<02:36, 156.69s/it]
Task 1, Epoch 10/10 => Loss -0.331, Train_accy 99.54, Test_accy 87.90:  90%|█████████ | 9/10 [26:06<02:36, 156.69s/it]
Task 1, Epoch 10/10 => Loss -0.331, Train_accy 99.54, Test_accy 87.90: 100%|██████████| 10/10 [26:06<00:00, 156.60s/it]
Task 1, Epoch 10/10 => Loss -0.331, Train_accy 99.54, Test_accy 87.90: 100%|██████████| 10/10 [26:06<00:00, 156.65s/it]
2026-02-10 08:47:13,805 [l2p.py] => Task 1, Epoch 10/10 => Loss -0.331, Train_accy 99.54, Test_accy 87.90
2026-02-10 08:48:26,965 [trainer.py] => CNN: {'total': 87.9, '00-09': 91.88, '10-19': 88.0, '20-29': 85.82, '30-39': 88.5, '40-49': 89.83, '50-59': 83.33, 'old': 88.81, 'new': 83.33, 'harmonic': 85.98}
2026-02-10 08:48:26,965 [trainer.py] => CNN top1 curve: [90.37, 87.9]
2026-02-10 08:48:26,965 [trainer.py] => CNN top5 curve: [98.72, 98.08]
2026-02-10 08:48:26,965 [trainer.py] => Average Accuracy (CNN): 89.135
2026-02-10 08:48:26,965 [l2p.py] => Learning on 60-70

  0%|          | 0/10 [00:00<?, ?it/s]
Task 2, Epoch 1/10 => Loss -0.014, Train_accy 91.35, Test_accy 76.37:   0%|          | 0/10 [02:48<?, ?it/s]
Task 2, Epoch 1/10 => Loss -0.014, Train_accy 91.35, Test_accy 76.37:  10%|█         | 1/10 [02:48<25:16, 168.50s/it]
Task 2, Epoch 2/10 => Loss -0.184, Train_accy 94.14, Test_accy 77.76:  10%|█         | 1/10 [05:36<25:16, 168.50s/it]
Task 2, Epoch 2/10 => Loss -0.184, Train_accy 94.14, Test_accy 77.76:  20%|██        | 2/10 [05:36<22:27, 168.49s/it]
Task 2, Epoch 3/10 => Loss -0.209, Train_accy 94.86, Test_accy 78.56:  20%|██        | 2/10 [08:26<22:27, 168.49s/it]
Task 2, Epoch 3/10 => Loss -0.209, Train_accy 94.86, Test_accy 78.56:  30%|███       | 3/10 [08:26<19:43, 169.07s/it]
Task 2, Epoch 4/10 => Loss -0.227, Train_accy 95.64, Test_accy 79.18:  30%|███       | 3/10 [11:16<19:43, 169.07s/it]
Task 2, Epoch 4/10 => Loss -0.227, Train_accy 95.64, Test_accy 79.18:  40%|████      | 4/10 [11:16<16:54, 169.16s/it]
Task 2, Epoch 5/10 => Loss -0.240, Train_accy 96.11, Test_accy 80.15:  40%|████      | 4/10 [14:05<16:54, 169.16s/it]
Task 2, Epoch 5/10 => Loss -0.240, Train_accy 96.11, Test_accy 80.15:  50%|█████     | 5/10 [14:05<14:06, 169.29s/it]
Task 2, Epoch 6/10 => Loss -0.252, Train_accy 96.43, Test_accy 80.21:  50%|█████     | 5/10 [16:54<14:06, 169.29s/it]
Task 2, Epoch 6/10 => Loss -0.252, Train_accy 96.43, Test_accy 80.21:  60%|██████    | 6/10 [16:54<11:16, 169.17s/it]
Task 2, Epoch 7/10 => Loss -0.261, Train_accy 96.60, Test_accy 80.87:  60%|██████    | 6/10 [19:43<11:16, 169.17s/it]
Task 2, Epoch 7/10 => Loss -0.261, Train_accy 96.60, Test_accy 80.87:  70%|███████   | 7/10 [19:43<08:26, 169.00s/it]
Task 2, Epoch 8/10 => Loss -0.267, Train_accy 97.06, Test_accy 81.38:  70%|███████   | 7/10 [22:31<08:26, 169.00s/it]
Task 2, Epoch 8/10 => Loss -0.267, Train_accy 97.06, Test_accy 81.38:  80%|████████  | 8/10 [22:31<05:37, 168.90s/it]
Task 2, Epoch 9/10 => Loss -0.274, Train_accy 97.23, Test_accy 81.34:  80%|████████  | 8/10 [25:21<05:37, 168.90s/it]
Task 2, Epoch 9/10 => Loss -0.274, Train_accy 97.23, Test_accy 81.34:  90%|█████████ | 9/10 [25:21<02:48, 168.99s/it]
Task 2, Epoch 10/10 => Loss -0.279, Train_accy 97.32, Test_accy 81.40:  90%|█████████ | 9/10 [28:10<02:48, 168.99s/it]
Task 2, Epoch 10/10 => Loss -0.279, Train_accy 97.32, Test_accy 81.40: 100%|██████████| 10/10 [28:10<00:00, 169.07s/it]
Task 2, Epoch 10/10 => Loss -0.279, Train_accy 97.32, Test_accy 81.40: 100%|██████████| 10/10 [28:10<00:00, 169.03s/it]
2026-02-10 09:16:37,259 [l2p.py] => Task 2, Epoch 10/10 => Loss -0.279, Train_accy 97.32, Test_accy 81.40
2026-02-10 09:18:02,403 [trainer.py] => CNN: {'total': 81.4, '00-09': 90.25, '10-19': 86.58, '20-29': 84.77, '30-39': 87.52, '40-49': 88.07, '50-59': 78.76, '60-69': 53.38, 'old': 86.0, 'new': 53.38, 'harmonic': 65.87}
2026-02-10 09:18:02,403 [trainer.py] => CNN top1 curve: [90.37, 87.9, 81.4]
2026-02-10 09:18:02,403 [trainer.py] => CNN top5 curve: [98.72, 98.08, 96.81]
2026-02-10 09:18:02,403 [trainer.py] => Average Accuracy (CNN): 86.55666666666667
2026-02-10 09:18:02,404 [l2p.py] => Learning on 70-80

  0%|          | 0/10 [00:00<?, ?it/s]
Task 3, Epoch 1/10 => Loss -0.139, Train_accy 95.74, Test_accy 74.91:   0%|          | 0/10 [03:00<?, ?it/s]
Task 3, Epoch 1/10 => Loss -0.139, Train_accy 95.74, Test_accy 74.91:  10%|█         | 1/10 [03:00<27:05, 180.57s/it]
Task 3, Epoch 2/10 => Loss -0.282, Train_accy 98.02, Test_accy 77.59:  10%|█         | 1/10 [06:01<27:05, 180.57s/it]
Task 3, Epoch 2/10 => Loss -0.282, Train_accy 98.02, Test_accy 77.59:  20%|██        | 2/10 [06:01<24:04, 180.54s/it]
Task 3, Epoch 3/10 => Loss -0.299, Train_accy 98.54, Test_accy 78.78:  20%|██        | 2/10 [09:01<24:04, 180.54s/it]
Task 3, Epoch 3/10 => Loss -0.299, Train_accy 98.54, Test_accy 78.78:  30%|███       | 3/10 [09:01<21:04, 180.64s/it]
Task 3, Epoch 4/10 => Loss -0.312, Train_accy 98.87, Test_accy 79.63:  30%|███       | 3/10 [12:02<21:04, 180.64s/it]
Task 3, Epoch 4/10 => Loss -0.312, Train_accy 98.87, Test_accy 79.63:  40%|████      | 4/10 [12:02<18:04, 180.67s/it]
Task 3, Epoch 5/10 => Loss -0.323, Train_accy 99.30, Test_accy 80.01:  40%|████      | 4/10 [15:03<18:04, 180.67s/it]
Task 3, Epoch 5/10 => Loss -0.323, Train_accy 99.30, Test_accy 80.01:  50%|█████     | 5/10 [15:03<15:03, 180.65s/it]
Task 3, Epoch 6/10 => Loss -0.328, Train_accy 99.50, Test_accy 80.60:  50%|█████     | 5/10 [18:04<15:03, 180.65s/it]
Task 3, Epoch 6/10 => Loss -0.328, Train_accy 99.50, Test_accy 80.60:  60%|██████    | 6/10 [18:04<12:02, 180.71s/it]
Task 3, Epoch 7/10 => Loss -0.332, Train_accy 99.47, Test_accy 80.95:  60%|██████    | 6/10 [21:05<12:02, 180.71s/it]
Task 3, Epoch 7/10 => Loss -0.332, Train_accy 99.47, Test_accy 80.95:  70%|███████   | 7/10 [21:05<09:02, 180.83s/it]
Task 3, Epoch 8/10 => Loss -0.335, Train_accy 99.65, Test_accy 80.87:  70%|███████   | 7/10 [24:05<09:02, 180.83s/it]
Task 3, Epoch 8/10 => Loss -0.335, Train_accy 99.65, Test_accy 80.87:  80%|████████  | 8/10 [24:05<06:01, 180.63s/it]
Task 3, Epoch 9/10 => Loss -0.340, Train_accy 99.80, Test_accy 81.07:  80%|████████  | 8/10 [27:07<06:01, 180.63s/it]
Task 3, Epoch 9/10 => Loss -0.340, Train_accy 99.80, Test_accy 81.07:  90%|█████████ | 9/10 [27:07<03:00, 181.00s/it]
Task 3, Epoch 10/10 => Loss -0.341, Train_accy 99.90, Test_accy 80.87:  90%|█████████ | 9/10 [30:08<03:00, 181.00s/it]
Task 3, Epoch 10/10 => Loss -0.341, Train_accy 99.90, Test_accy 80.87: 100%|██████████| 10/10 [30:08<00:00, 181.14s/it]
Task 3, Epoch 10/10 => Loss -0.341, Train_accy 99.90, Test_accy 80.87: 100%|██████████| 10/10 [30:08<00:00, 180.86s/it]
2026-02-10 09:48:10,997 [l2p.py] => Task 3, Epoch 10/10 => Loss -0.341, Train_accy 99.90, Test_accy 80.87
Traceback (most recent call last):
  File "/home/team/zhaohongwei/Code/Research/Awesome-MMCL/C3Box-main/main.py", line 31, in <module>
    main()
  File "/home/team/zhaohongwei/Code/Research/Awesome-MMCL/C3Box-main/main.py", line 14, in main
    train(args)
  File "/home/team/zhaohongwei/Code/Research/Awesome-MMCL/C3Box-main/trainer.py", line 18, in train
    _train(args)
  File "/home/team/zhaohongwei/Code/Research/Awesome-MMCL/C3Box-main/trainer.py", line 55, in _train
    cnn_accy, nme_accy, zs_seen, zs_unseen, zs_harmonic, zs_total = model.eval_task()
  File "/home/team/zhaohongwei/Code/Research/Awesome-MMCL/C3Box-main/models/base.py", line 88, in eval_task
    y_pred, y_true = self._eval_cnn(self.test_loader)
  File "/home/team/zhaohongwei/Code/Research/Awesome-MMCL/C3Box-main/models/l2p.py", line 226, in _eval_cnn
    for _, (_, inputs, targets) in enumerate(loader):
  File "/home/team/zhaohongwei/anaconda3/envs/mmcl/lib/python3.10/site-packages/torch/utils/data/dataloader.py", line 633, in __next__
    data = self._next_data()
  File "/home/team/zhaohongwei/anaconda3/envs/mmcl/lib/python3.10/site-packages/torch/utils/data/dataloader.py", line 1328, in _next_data
    idx, data = self._get_data()
  File "/home/team/zhaohongwei/anaconda3/envs/mmcl/lib/python3.10/site-packages/torch/utils/data/dataloader.py", line 1294, in _get_data
    success, data = self._try_get_data()
  File "/home/team/zhaohongwei/anaconda3/envs/mmcl/lib/python3.10/site-packages/torch/utils/data/dataloader.py", line 1159, in _try_get_data
    raise RuntimeError(
RuntimeError: Too many open files. Communication with the workers is no longer possible. Please increase the limit using `ulimit -n` in the shell or change the sharing strategy by calling `torch.multiprocessing.set_sharing_strategy('file_system')` at the beginning of your code
2026-02-10 09:49:40,793 [trainer.py] => config: ./configs/l2p/l2p_objectnet_B0_Inc20.json
2026-02-10 09:49:40,794 [trainer.py] => prefix:  
2026-02-10 09:49:40,794 [trainer.py] => dataset: objectnet
2026-02-10 09:49:40,794 [trainer.py] => memory_size: 0
2026-02-10 09:49:40,794 [trainer.py] => memory_per_class: 0
2026-02-10 09:49:40,794 [trainer.py] => fixed_memory: False
2026-02-10 09:49:40,794 [trainer.py] => shuffle: True
2026-02-10 09:49:40,794 [trainer.py] => init_cls: 20
2026-02-10 09:49:40,794 [trainer.py] => increment: 20
2026-02-10 09:49:40,794 [trainer.py] => model_name: l2p
2026-02-10 09:49:40,794 [trainer.py] => backbone_type: clip
2026-02-10 09:49:40,794 [trainer.py] => get_original_backbone: True
2026-02-10 09:49:40,794 [trainer.py] => device: [device(type='cuda', index=7)]
2026-02-10 09:49:40,794 [trainer.py] => seed: 1993
2026-02-10 09:49:40,794 [trainer.py] => tuned_epoch: 10
2026-02-10 09:49:40,794 [trainer.py] => init_lr: 0.001875
2026-02-10 09:49:40,794 [trainer.py] => batch_size: 16
2026-02-10 09:49:40,794 [trainer.py] => weight_decay: 0
2026-02-10 09:49:40,794 [trainer.py] => min_lr: 1e-05
2026-02-10 09:49:40,794 [trainer.py] => optimizer: adam
2026-02-10 09:49:40,794 [trainer.py] => scheduler: constant
2026-02-10 09:49:40,794 [trainer.py] => reinit_optimizer: True
2026-02-10 09:49:40,794 [trainer.py] => global_pool: token
2026-02-10 09:49:40,794 [trainer.py] => head_type: prompt
2026-02-10 09:49:40,794 [trainer.py] => freeze: ['blocks', 'patch_embed', 'cls_token', 'norm', 'pos_embed']
2026-02-10 09:49:40,794 [trainer.py] => pretrained: True
2026-02-10 09:49:40,794 [trainer.py] => drop: 0.0
2026-02-10 09:49:40,795 [trainer.py] => drop_path: 0.0
2026-02-10 09:49:40,795 [trainer.py] => prompt_pool: True
2026-02-10 09:49:40,795 [trainer.py] => size: 10
2026-02-10 09:49:40,795 [trainer.py] => length: 5
2026-02-10 09:49:40,795 [trainer.py] => top_k: 5
2026-02-10 09:49:40,795 [trainer.py] => initializer: uniform
2026-02-10 09:49:40,795 [trainer.py] => prompt_key: True
2026-02-10 09:49:40,795 [trainer.py] => prompt_key_init: uniform
2026-02-10 09:49:40,795 [trainer.py] => use_prompt_mask: False
2026-02-10 09:49:40,795 [trainer.py] => shared_prompt_pool: False
2026-02-10 09:49:40,795 [trainer.py] => shared_prompt_key: False
2026-02-10 09:49:40,795 [trainer.py] => batchwise_prompt: True
2026-02-10 09:49:40,795 [trainer.py] => embedding_key: cls
2026-02-10 09:49:40,795 [trainer.py] => predefined_key: 
2026-02-10 09:49:40,795 [trainer.py] => pull_constraint: True
2026-02-10 09:49:40,795 [trainer.py] => pull_constraint_coeff: 0.1
2026-02-10 09:49:40,795 [trainer.py] => nb_classes: 200
2026-02-10 09:49:40,795 [trainer.py] => total_class_num: 200
['air freshener', 'alarm clock', 'backpack', 'baking sheet', 'banana', 'band aid', 'baseball bat', 'baseball glove', 'basket', 'bathrobe', 'battery', 'bed sheet', 'beer bottle', 'beer can', 'belt', 'bench', 'bicycle', 'bike pump', 'bills money', 'binder closed', 'biscuits', 'blanket', 'blender', 'blouse', 'board game', 'book closed', 'bookend', 'boots', 'bottle cap', 'bottle opener', 'bottle stopper', 'box', 'bracelet', 'bread knife', 'bread loaf', 'briefcase', 'brooch', 'broom', 'bucket', 'butchers knife', 'butter', 'button', 'calendar', 'can opener', 'candle', 'canned food', 'cd case', 'cellphone', 'cellphone case', 'cellphone charger', 'cereal', 'chair', 'cheese', 'chess piece', 'chocolate', 'chopstick', 'clothes hamper', 'clothes hanger', 'coaster', 'coffee beans', 'coffee french press', 'coffee grinder', 'coffee machine', 'coffee table', 'coin money', 'comb', 'combination lock', 'computer mouse', 'contact lens case', 'cooking oil bottle', 'cork', 'cutting board', 'deodorant', 'desk lamp', 'detergent', 'dish soap', 'document folder closed', 'dog bed', 'doormat', 'drawer open', 'dress', 'dress pants', 'dress shirt', 'dress shoe men', 'dress shoe women', 'drill', 'drinking cup', 'drinking straw', 'drying rack for clothes', 'drying rack for dishes', 'dust pan', 'dvd player', 'earbuds', 'earring', 'egg', 'egg carton', 'envelope', 'eraser white board', 'extension cable', 'eyeglasses', 'fan', 'figurine or statue', 'first aid kit', 'flashlight', 'floss container', 'flour container', 'fork', 'frying pan', 'full sized towel', 'glue container', 'hair brush', 'hair dryer', 'hairclip', 'hairtie', 'hammer', 'hand mirror', 'hand towel or rag', 'handbag', 'hat', 'headphones over ear', 'helmet', 'honey container', 'ice', 'ice cube tray', 'iron for clothes', 'ironing board', 'jam', 'jar', 'jeans', 'kettle', 'key chain', 'keyboard', 'ladle', 'lampshade', 'laptop charger', 'laptop open', 'leaf', 'leggings', 'lemon', 'letter opener', 'lettuce', 'light bulb', 'lighter', 'lipstick', 'loofah', 'magazine', 'makeup', 'makeup brush', 'marker', 'match', 'measuring cup', 'microwave', 'milk', 'mixing salad bowl', 'monitor', 'mouse pad', 'mouthwash', 'mug', 'multitool', 'nail clippers', 'nail fastener', 'nail file', 'nail polish', 'napkin', 'necklace', 'newspaper', 'night light', 'nightstand', 'notebook', 'notepad', 'nut for screw', 'orange', 'oven mitts', 'padlock', 'paint can', 'paintbrush', 'paper', 'paper bag', 'paper plates', 'paper towel', 'paperclip', 'peeler', 'pen', 'pencil', 'pepper shaker', 'pet food container', 'phone landline', 'photograph printed', 'pill bottle', 'pill organizer', 'pillow', 'pitcher', 'placemat', 'plastic bag', 'plastic cup', 'plastic wrap', 'plate', 'playing cards', 'pliers', 'plunger']
['itap of a {}.', 'a bad photo of the {}.', 'a origami {}.', 'a photo of the large {}.', 'a {} in a video game.', 'art of the {}.', 'a photo of the small {}.']
{'air_freshener': 0, 'alarm_clock': 1, 'backpack': 2, 'baking_sheet': 3, 'banana': 4, 'band_aid': 5, 'baseball_bat': 6, 'baseball_glove': 7, 'basket': 8, 'bathrobe': 9, 'battery': 10, 'bed_sheet': 11, 'beer_bottle': 12, 'beer_can': 13, 'belt': 14, 'bench': 15, 'bicycle': 16, 'bike_pump': 17, 'bills_money': 18, 'binder_closed': 19, 'biscuits': 20, 'blanket': 21, 'blender': 22, 'blouse': 23, 'board_game': 24, 'book_closed': 25, 'bookend': 26, 'boots': 27, 'bottle_cap': 28, 'bottle_opener': 29, 'bottle_stopper': 30, 'box': 31, 'bracelet': 32, 'bread_knife': 33, 'bread_loaf': 34, 'briefcase': 35, 'brooch': 36, 'broom': 37, 'bucket': 38, 'butchers_knife': 39, 'butter': 40, 'button': 41, 'calendar': 42, 'can_opener': 43, 'candle': 44, 'canned_food': 45, 'cd_case': 46, 'cellphone': 47, 'cellphone_case': 48, 'cellphone_charger': 49, 'cereal': 50, 'chair': 51, 'cheese': 52, 'chess_piece': 53, 'chocolate': 54, 'chopstick': 55, 'clothes_hamper': 56, 'clothes_hanger': 57, 'coaster': 58, 'coffee_beans': 59, 'coffee_french_press': 60, 'coffee_grinder': 61, 'coffee_machine': 62, 'coffee_table': 63, 'coin_money': 64, 'comb': 65, 'combination_lock': 66, 'computer_mouse': 67, 'contact_lens_case': 68, 'cooking_oil_bottle': 69, 'cork': 70, 'cutting_board': 71, 'deodorant': 72, 'desk_lamp': 73, 'detergent': 74, 'dish_soap': 75, 'document_folder_closed': 76, 'dog_bed': 77, 'doormat': 78, 'drawer_open': 79, 'dress': 80, 'dress_pants': 81, 'dress_shirt': 82, 'dress_shoe_men': 83, 'dress_shoe_women': 84, 'drill': 85, 'drinking_cup': 86, 'drinking_straw': 87, 'drying_rack_for_clothes': 88, 'drying_rack_for_dishes': 89, 'dust_pan': 90, 'dvd_player': 91, 'earbuds': 92, 'earring': 93, 'egg': 94, 'egg_carton': 95, 'envelope': 96, 'eraser_white_board': 97, 'extension_cable': 98, 'eyeglasses': 99, 'fan': 100, 'figurine_or_statue': 101, 'first_aid_kit': 102, 'flashlight': 103, 'floss_container': 104, 'flour_container': 105, 'fork': 106, 'frying_pan': 107, 'full_sized_towel': 108, 'glue_container': 109, 'hair_brush': 110, 'hair_dryer': 111, 'hairclip': 112, 'hairtie': 113, 'hammer': 114, 'hand_mirror': 115, 'hand_towel_or_rag': 116, 'handbag': 117, 'hat': 118, 'headphones_over_ear': 119, 'helmet': 120, 'honey_container': 121, 'ice': 122, 'ice_cube_tray': 123, 'iron_for_clothes': 124, 'ironing_board': 125, 'jam': 126, 'jar': 127, 'jeans': 128, 'kettle': 129, 'key_chain': 130, 'keyboard': 131, 'ladle': 132, 'lampshade': 133, 'laptop_charger': 134, 'laptop_open': 135, 'leaf': 136, 'leggings': 137, 'lemon': 138, 'letter_opener': 139, 'lettuce': 140, 'light_bulb': 141, 'lighter': 142, 'lipstick': 143, 'loofah': 144, 'magazine': 145, 'makeup': 146, 'makeup_brush': 147, 'marker': 148, 'match': 149, 'measuring_cup': 150, 'microwave': 151, 'milk': 152, 'mixing_salad_bowl': 153, 'monitor': 154, 'mouse_pad': 155, 'mouthwash': 156, 'mug': 157, 'multitool': 158, 'nail_clippers': 159, 'nail_fastener': 160, 'nail_file': 161, 'nail_polish': 162, 'napkin': 163, 'necklace': 164, 'newspaper': 165, 'night_light': 166, 'nightstand': 167, 'notebook': 168, 'notepad': 169, 'nut_for_screw': 170, 'orange': 171, 'oven_mitts': 172, 'padlock': 173, 'paint_can': 174, 'paintbrush': 175, 'paper': 176, 'paper_bag': 177, 'paper_plates': 178, 'paper_towel': 179, 'paperclip': 180, 'peeler': 181, 'pen': 182, 'pencil': 183, 'pepper_shaker': 184, 'pet_food_container': 185, 'phone_landline': 186, 'photograph_printed': 187, 'pill_bottle': 188, 'pill_organizer': 189, 'pillow': 190, 'pitcher': 191, 'placemat': 192, 'plastic_bag': 193, 'plastic_cup': 194, 'plastic_wrap': 195, 'plate': 196, 'playing_cards': 197, 'pliers': 198, 'plunger': 199}
2026-02-10 09:49:41,004 [data_manager.py] => [168, 136, 51, 9, 183, 101, 171, 99, 42, 159, 191, 70, 16, 188, 27, 10, 175, 26, 68, 187, 98, 6, 85, 35, 112, 43, 100, 0, 103, 181, 88, 59, 4, 2, 116, 174, 94, 80, 106, 1, 147, 17, 141, 131, 72, 23, 173, 54, 197, 118, 87, 32, 79, 104, 91, 19, 135, 107, 178, 36, 11, 199, 142, 8, 122, 3, 28, 57, 153, 172, 190, 56, 49, 44, 97, 62, 151, 169, 194, 55, 192, 12, 189, 78, 66, 180, 15, 137, 109, 134, 92, 119, 126, 52, 170, 40, 148, 65, 144, 64, 138, 45, 77, 89, 154, 90, 71, 193, 74, 30, 113, 143, 96, 84, 67, 50, 186, 156, 69, 21, 18, 111, 108, 58, 125, 157, 150, 110, 182, 129, 166, 83, 81, 60, 13, 165, 14, 176, 63, 117, 5, 22, 145, 121, 38, 41, 82, 127, 114, 20, 31, 53, 37, 163, 196, 130, 152, 162, 86, 76, 24, 34, 184, 149, 33, 128, 198, 155, 146, 167, 139, 120, 140, 102, 47, 25, 158, 123, 46, 164, 61, 7, 115, 75, 133, 160, 105, 132, 179, 124, 48, 73, 93, 39, 95, 195, 29, 177, 185, 161]
After shuffle, class_to_label is:  ['notebook', 'leaf', 'chair', 'bathrobe', 'pencil', 'figurine or statue', 'orange', 'eyeglasses', 'calendar', 'nail clippers', 'pitcher', 'cork', 'bicycle', 'pill bottle', 'boots', 'battery', 'paintbrush', 'bookend', 'contact lens case', 'photograph printed', 'extension cable', 'baseball bat', 'drill', 'briefcase', 'hairclip', 'can opener', 'fan', 'air freshener', 'flashlight', 'peeler', 'drying rack for clothes', 'coffee beans', 'banana', 'backpack', 'hand towel or rag', 'paint can', 'egg', 'dress', 'fork', 'alarm clock', 'makeup brush', 'bike pump', 'light bulb', 'keyboard', 'deodorant', 'blouse', 'padlock', 'chocolate', 'playing cards', 'hat', 'drinking straw', 'bracelet', 'drawer open', 'floss container', 'dvd player', 'binder closed', 'laptop open', 'frying pan', 'paper plates', 'brooch', 'bed sheet', 'plunger', 'lighter', 'basket', 'ice', 'baking sheet', 'bottle cap', 'clothes hanger', 'mixing salad bowl', 'oven mitts', 'pillow', 'clothes hamper', 'cellphone charger', 'candle', 'eraser white board', 'coffee machine', 'microwave', 'notepad', 'plastic cup', 'chopstick', 'placemat', 'beer bottle', 'pill organizer', 'doormat', 'combination lock', 'paperclip', 'bench', 'leggings', 'glue container', 'laptop charger', 'earbuds', 'headphones over ear', 'jam', 'cheese', 'nut for screw', 'butter', 'marker', 'comb', 'loofah', 'coin money', 'lemon', 'canned food', 'dog bed', 'drying rack for dishes', 'monitor', 'dust pan', 'cutting board', 'plastic bag', 'detergent', 'bottle stopper', 'hairtie', 'lipstick', 'envelope', 'dress shoe women', 'computer mouse', 'cereal', 'phone landline', 'mouthwash', 'cooking oil bottle', 'blanket', 'bills money', 'hair dryer', 'full sized towel', 'coaster', 'ironing board', 'mug', 'measuring cup', 'hair brush', 'pen', 'kettle', 'night light', 'dress shoe men', 'dress pants', 'coffee french press', 'beer can', 'newspaper', 'belt', 'paper', 'coffee table', 'handbag', 'band aid', 'blender', 'magazine', 'honey container', 'bucket', 'button', 'dress shirt', 'jar', 'hammer', 'biscuits', 'box', 'chess piece', 'broom', 'napkin', 'plate', 'key chain', 'milk', 'nail polish', 'drinking cup', 'document folder closed', 'board game', 'bread loaf', 'pepper shaker', 'match', 'bread knife', 'jeans', 'pliers', 'mouse pad', 'makeup', 'nightstand', 'letter opener', 'helmet', 'lettuce', 'first aid kit', 'cellphone', 'book closed', 'multitool', 'ice cube tray', 'cd case', 'necklace', 'coffee grinder', 'baseball glove', 'hand mirror', 'dish soap', 'lampshade', 'nail fastener', 'flour container', 'ladle', 'paper towel', 'iron for clothes', 'cellphone case', 'desk lamp', 'earring', 'butchers knife', 'egg carton', 'plastic wrap', 'bottle opener', 'paper bag', 'pet food container', 'nail file']
Training class stages: [20, 20, 20, 20, 20, 20, 20, 20, 20, 20]
Using CLIP model as the backbone
2026-02-10 09:49:42,223 [instantiator.py] => Created a temporary directory at /tmp/tmp91tg4nuw
2026-02-10 09:49:42,224 [instantiator.py] => Writing /tmp/tmp91tg4nuw/_remote_module_non_scriptable.py
2026-02-10 09:49:42,357 [factory.py] => Loaded ViT-B-16 model config.
2026-02-10 09:49:43,816 [factory.py] => Loading pretrained ViT-B-16 weights (/home/team/zhaohongwei/pretrained_models/open_clip_pytorch_model_laion400m_e32.bin).
/home/team/zhaohongwei/anaconda3/envs/mmcl/lib/python3.10/site-packages/torch/_utils.py:776: UserWarning: TypedStorage is deprecated. It will be removed in the future and UntypedStorage will be the only storage class. This should only matter to you if you are using storages directly.  To access UntypedStorage directly, use tensor.untyped_storage() instead of tensor.storage()
  return self.fget.__get__(instance, owner)()
2026-02-10 09:49:44,871 [l2p.py] => 86,509,256 model total parameters.
2026-02-10 09:49:44,872 [l2p.py] => 146,120 model training parameters.
2026-02-10 09:49:44,872 [l2p.py] => prompt.prompt: 38400
2026-02-10 09:49:44,872 [l2p.py] => prompt.prompt_key: 5120
2026-02-10 09:49:44,872 [l2p.py] => head.weight: 102400
2026-02-10 09:49:44,872 [l2p.py] => head.bias: 200
2026-02-10 09:49:44,872 [l2p.py] => Learning on 0-20

  0%|          | 0/10 [00:00<?, ?it/s]
Task 0, Epoch 1/10 => Loss 1.625, Train_accy 58.50, Test_accy 76.20:   0%|          | 0/10 [01:13<?, ?it/s]
Task 0, Epoch 1/10 => Loss 1.625, Train_accy 58.50, Test_accy 76.20:  10%|█         | 1/10 [01:13<10:58, 73.22s/it]
Task 0, Epoch 2/10 => Loss 0.586, Train_accy 80.33, Test_accy 81.55:  10%|█         | 1/10 [02:25<10:58, 73.22s/it]
Task 0, Epoch 2/10 => Loss 0.586, Train_accy 80.33, Test_accy 81.55:  20%|██        | 2/10 [02:25<09:40, 72.58s/it]
Task 0, Epoch 3/10 => Loss 0.282, Train_accy 85.00, Test_accy 84.08:  20%|██        | 2/10 [03:36<09:40, 72.58s/it]
Task 0, Epoch 3/10 => Loss 0.282, Train_accy 85.00, Test_accy 84.08:  30%|███       | 3/10 [03:36<08:22, 71.72s/it]
Task 0, Epoch 4/10 => Loss 0.112, Train_accy 88.64, Test_accy 84.93:  30%|███       | 3/10 [04:47<08:22, 71.72s/it]
Task 0, Epoch 4/10 => Loss 0.112, Train_accy 88.64, Test_accy 84.93:  40%|████      | 4/10 [04:47<07:09, 71.56s/it]
Task 0, Epoch 5/10 => Loss 0.013, Train_accy 90.99, Test_accy 85.92:  40%|████      | 4/10 [05:59<07:09, 71.56s/it]
Task 0, Epoch 5/10 => Loss 0.013, Train_accy 90.99, Test_accy 85.92:  50%|█████     | 5/10 [05:59<05:58, 71.66s/it]
Task 0, Epoch 6/10 => Loss -0.050, Train_accy 92.34, Test_accy 84.93:  50%|█████     | 5/10 [07:09<05:58, 71.66s/it]
Task 0, Epoch 6/10 => Loss -0.050, Train_accy 92.34, Test_accy 84.93:  60%|██████    | 6/10 [07:09<04:45, 71.35s/it]
Task 0, Epoch 7/10 => Loss -0.096, Train_accy 93.69, Test_accy 85.49:  60%|██████    | 6/10 [08:21<04:45, 71.35s/it]
Task 0, Epoch 7/10 => Loss -0.096, Train_accy 93.69, Test_accy 85.49:  70%|███████   | 7/10 [08:21<03:34, 71.48s/it]
Task 0, Epoch 8/10 => Loss -0.132, Train_accy 94.83, Test_accy 85.21:  70%|███████   | 7/10 [09:33<03:34, 71.48s/it]
Task 0, Epoch 8/10 => Loss -0.132, Train_accy 94.83, Test_accy 85.21:  80%|████████  | 8/10 [09:33<02:23, 71.60s/it]
Task 0, Epoch 9/10 => Loss -0.158, Train_accy 95.65, Test_accy 85.49:  80%|████████  | 8/10 [10:45<02:23, 71.60s/it]
Task 0, Epoch 9/10 => Loss -0.158, Train_accy 95.65, Test_accy 85.49:  90%|█████████ | 9/10 [10:45<01:11, 71.69s/it]
Task 0, Epoch 10/10 => Loss -0.185, Train_accy 96.90, Test_accy 85.49:  90%|█████████ | 9/10 [11:56<01:11, 71.69s/it]
Task 0, Epoch 10/10 => Loss -0.185, Train_accy 96.90, Test_accy 85.49: 100%|██████████| 10/10 [11:56<00:00, 71.36s/it]
Task 0, Epoch 10/10 => Loss -0.185, Train_accy 96.90, Test_accy 85.49: 100%|██████████| 10/10 [11:56<00:00, 71.61s/it]
2026-02-10 10:01:41,438 [l2p.py] => Task 0, Epoch 10/10 => Loss -0.185, Train_accy 96.90, Test_accy 85.49
2026-02-10 10:01:57,097 [trainer.py] => CNN: {'total': 85.49, '00-09': 87.03, '10-19': 83.22, 'old': 0, 'new': 85.49, 'harmonic': 0.0}
2026-02-10 10:01:57,097 [trainer.py] => CNN top1 curve: [85.49]
2026-02-10 10:01:57,098 [trainer.py] => CNN top5 curve: [97.61]
2026-02-10 10:01:57,098 [trainer.py] => Average Accuracy (CNN): 85.49
2026-02-10 10:01:57,098 [l2p.py] => Learning on 20-40

  0%|          | 0/10 [00:00<?, ?it/s]
Task 1, Epoch 1/10 => Loss 1.779, Train_accy 54.66, Test_accy 58.41:   0%|          | 0/10 [01:20<?, ?it/s]
Task 1, Epoch 1/10 => Loss 1.779, Train_accy 54.66, Test_accy 58.41:  10%|█         | 1/10 [01:20<12:01, 80.14s/it]
Task 1, Epoch 2/10 => Loss 0.737, Train_accy 78.28, Test_accy 67.46:  10%|█         | 1/10 [02:39<12:01, 80.14s/it]
Task 1, Epoch 2/10 => Loss 0.737, Train_accy 78.28, Test_accy 67.46:  20%|██        | 2/10 [02:39<10:39, 79.95s/it]
Task 1, Epoch 3/10 => Loss 0.393, Train_accy 84.48, Test_accy 70.87:  20%|██        | 2/10 [04:00<10:39, 79.95s/it]
Task 1, Epoch 3/10 => Loss 0.393, Train_accy 84.48, Test_accy 70.87:  30%|███       | 3/10 [04:00<09:21, 80.20s/it]
Task 1, Epoch 4/10 => Loss 0.210, Train_accy 87.84, Test_accy 73.24:  30%|███       | 3/10 [05:22<09:21, 80.20s/it]
Task 1, Epoch 4/10 => Loss 0.210, Train_accy 87.84, Test_accy 73.24:  40%|████      | 4/10 [05:22<08:05, 80.94s/it]
Task 1, Epoch 5/10 => Loss 0.095, Train_accy 89.85, Test_accy 74.50:  40%|████      | 4/10 [06:41<08:05, 80.94s/it]
Task 1, Epoch 5/10 => Loss 0.095, Train_accy 89.85, Test_accy 74.50:  50%|█████     | 5/10 [06:41<06:41, 80.33s/it]
Task 1, Epoch 6/10 => Loss 0.007, Train_accy 91.94, Test_accy 75.76:  50%|█████     | 5/10 [08:02<06:41, 80.33s/it]
Task 1, Epoch 6/10 => Loss 0.007, Train_accy 91.94, Test_accy 75.76:  60%|██████    | 6/10 [08:02<05:21, 80.31s/it]
Task 1, Epoch 7/10 => Loss -0.060, Train_accy 93.01, Test_accy 76.43:  60%|██████    | 6/10 [09:21<05:21, 80.31s/it]
Task 1, Epoch 7/10 => Loss -0.060, Train_accy 93.01, Test_accy 76.43:  70%|███████   | 7/10 [09:21<04:00, 80.16s/it]
Task 1, Epoch 8/10 => Loss -0.111, Train_accy 94.12, Test_accy 77.09:  70%|███████   | 7/10 [10:41<04:00, 80.16s/it]
Task 1, Epoch 8/10 => Loss -0.111, Train_accy 94.12, Test_accy 77.09:  80%|████████  | 8/10 [10:41<02:39, 79.95s/it]
Task 1, Epoch 9/10 => Loss -0.144, Train_accy 95.22, Test_accy 77.46:  80%|████████  | 8/10 [12:00<02:39, 79.95s/it]
Task 1, Epoch 9/10 => Loss -0.144, Train_accy 95.22, Test_accy 77.46:  90%|█████████ | 9/10 [12:00<01:19, 79.60s/it]
Task 1, Epoch 10/10 => Loss -0.170, Train_accy 95.97, Test_accy 77.69:  90%|█████████ | 9/10 [13:19<01:19, 79.60s/it]
Task 1, Epoch 10/10 => Loss -0.170, Train_accy 95.97, Test_accy 77.69: 100%|██████████| 10/10 [13:19<00:00, 79.54s/it]
Task 1, Epoch 10/10 => Loss -0.170, Train_accy 95.97, Test_accy 77.69: 100%|██████████| 10/10 [13:19<00:00, 79.96s/it]
2026-02-10 10:15:16,760 [l2p.py] => Task 1, Epoch 10/10 => Loss -0.170, Train_accy 95.97, Test_accy 77.69
2026-02-10 10:15:45,151 [trainer.py] => CNN: {'total': 77.69, '00-09': 79.72, '10-19': 78.32, '20-29': 69.88, '30-39': 82.33, 'old': 79.15, 'new': 76.06, 'harmonic': 77.57}
2026-02-10 10:15:45,152 [trainer.py] => CNN top1 curve: [85.49, 77.69]
2026-02-10 10:15:45,152 [trainer.py] => CNN top5 curve: [97.61, 93.92]
2026-02-10 10:15:45,152 [trainer.py] => Average Accuracy (CNN): 81.59
2026-02-10 10:15:45,152 [l2p.py] => Learning on 40-60

  0%|          | 0/10 [00:00<?, ?it/s]
Task 2, Epoch 1/10 => Loss 0.923, Train_accy 71.89, Test_accy 58.22:   0%|          | 0/10 [01:34<?, ?it/s]
Task 2, Epoch 1/10 => Loss 0.923, Train_accy 71.89, Test_accy 58.22:  10%|█         | 1/10 [01:34<14:14, 94.93s/it]
Task 2, Epoch 2/10 => Loss 0.207, Train_accy 84.96, Test_accy 63.47:  10%|█         | 1/10 [03:10<14:14, 94.93s/it]
Task 2, Epoch 2/10 => Loss 0.207, Train_accy 84.96, Test_accy 63.47:  20%|██        | 2/10 [03:10<12:41, 95.15s/it]
Task 2, Epoch 3/10 => Loss 0.087, Train_accy 87.75, Test_accy 65.99:  20%|██        | 2/10 [04:46<12:41, 95.15s/it]
Task 2, Epoch 3/10 => Loss 0.087, Train_accy 87.75, Test_accy 65.99:  30%|███       | 3/10 [04:46<11:08, 95.44s/it]
Task 2, Epoch 4/10 => Loss 0.011, Train_accy 90.51, Test_accy 67.20:  30%|███       | 3/10 [06:19<11:08, 95.44s/it]
Task 2, Epoch 4/10 => Loss 0.011, Train_accy 90.51, Test_accy 67.20:  40%|████      | 4/10 [06:19<09:28, 94.76s/it]
Task 2, Epoch 5/10 => Loss -0.046, Train_accy 92.29, Test_accy 68.37:  40%|████      | 4/10 [07:53<09:28, 94.76s/it]
Task 2, Epoch 5/10 => Loss -0.046, Train_accy 92.29, Test_accy 68.37:  50%|█████     | 5/10 [07:53<07:52, 94.58s/it]
Task 2, Epoch 6/10 => Loss -0.080, Train_accy 92.74, Test_accy 69.58:  50%|█████     | 5/10 [09:27<07:52, 94.58s/it]
Task 2, Epoch 6/10 => Loss -0.080, Train_accy 92.74, Test_accy 69.58:  60%|██████    | 6/10 [09:27<06:17, 94.32s/it]
Task 2, Epoch 7/10 => Loss -0.117, Train_accy 94.04, Test_accy 70.18:  60%|██████    | 6/10 [11:02<06:17, 94.32s/it]
Task 2, Epoch 7/10 => Loss -0.117, Train_accy 94.04, Test_accy 70.18:  70%|███████   | 7/10 [11:02<04:42, 94.31s/it]
Task 2, Epoch 8/10 => Loss -0.152, Train_accy 95.38, Test_accy 70.69:  70%|███████   | 7/10 [12:37<04:42, 94.31s/it]
Task 2, Epoch 8/10 => Loss -0.152, Train_accy 95.38, Test_accy 70.69:  80%|████████  | 8/10 [12:37<03:09, 94.68s/it]
Task 2, Epoch 9/10 => Loss -0.175, Train_accy 96.35, Test_accy 71.04:  80%|████████  | 8/10 [14:12<03:09, 94.68s/it]
Task 2, Epoch 9/10 => Loss -0.175, Train_accy 96.35, Test_accy 71.04:  90%|█████████ | 9/10 [14:12<01:34, 94.76s/it]
Task 2, Epoch 10/10 => Loss -0.195, Train_accy 96.98, Test_accy 72.30:  90%|█████████ | 9/10 [15:47<01:34, 94.76s/it]
Task 2, Epoch 10/10 => Loss -0.195, Train_accy 96.98, Test_accy 72.30: 100%|██████████| 10/10 [15:47<00:00, 94.86s/it]
Task 2, Epoch 10/10 => Loss -0.195, Train_accy 96.98, Test_accy 72.30: 100%|██████████| 10/10 [15:47<00:00, 94.76s/it]
2026-02-10 10:31:32,762 [l2p.py] => Task 2, Epoch 10/10 => Loss -0.195, Train_accy 96.98, Test_accy 72.30
2026-02-10 10:32:13,159 [trainer.py] => CNN: {'total': 72.3, '00-09': 78.07, '10-19': 76.57, '20-29': 67.7, '30-39': 76.66, '40-49': 67.89, '50-59': 65.36, 'old': 74.94, 'new': 66.67, 'harmonic': 70.56}
2026-02-10 10:32:13,159 [trainer.py] => CNN top1 curve: [85.49, 77.69, 72.3]
2026-02-10 10:32:13,159 [trainer.py] => CNN top5 curve: [97.61, 93.92, 92.13]
2026-02-10 10:32:13,159 [trainer.py] => Average Accuracy (CNN): 78.49333333333334
2026-02-10 10:32:13,160 [l2p.py] => Learning on 60-80

  0%|          | 0/10 [00:00<?, ?it/s]
Task 3, Epoch 1/10 => Loss 0.952, Train_accy 67.81, Test_accy 55.02:   0%|          | 0/10 [01:46<?, ?it/s]
Task 3, Epoch 1/10 => Loss 0.952, Train_accy 67.81, Test_accy 55.02:  10%|█         | 1/10 [01:46<16:01, 106.88s/it]
Task 3, Epoch 2/10 => Loss 0.279, Train_accy 82.20, Test_accy 57.60:  10%|█         | 1/10 [03:35<16:01, 106.88s/it]
Task 3, Epoch 2/10 => Loss 0.279, Train_accy 82.20, Test_accy 57.60:  20%|██        | 2/10 [03:35<14:23, 107.92s/it]
Task 3, Epoch 3/10 => Loss 0.149, Train_accy 85.24, Test_accy 59.51:  20%|██        | 2/10 [05:24<14:23, 107.92s/it]
Task 3, Epoch 3/10 => Loss 0.149, Train_accy 85.24, Test_accy 59.51:  30%|███       | 3/10 [05:24<12:38, 108.30s/it]
Task 3, Epoch 4/10 => Loss 0.079, Train_accy 87.61, Test_accy 61.71:  30%|███       | 3/10 [07:11<12:38, 108.30s/it]
Task 3, Epoch 4/10 => Loss 0.079, Train_accy 87.61, Test_accy 61.71:  40%|████      | 4/10 [07:11<10:47, 107.88s/it]
Task 3, Epoch 5/10 => Loss 0.028, Train_accy 89.12, Test_accy 61.30:  40%|████      | 4/10 [08:59<10:47, 107.88s/it]
Task 3, Epoch 5/10 => Loss 0.028, Train_accy 89.12, Test_accy 61.30:  50%|█████     | 5/10 [08:59<08:59, 107.99s/it]
Task 3, Epoch 6/10 => Loss -0.022, Train_accy 90.23, Test_accy 62.64:  50%|█████     | 5/10 [10:46<08:59, 107.99s/it]
Task 3, Epoch 6/10 => Loss -0.022, Train_accy 90.23, Test_accy 62.64:  60%|██████    | 6/10 [10:46<07:09, 107.48s/it]
Task 3, Epoch 7/10 => Loss -0.072, Train_accy 92.42, Test_accy 64.06:  60%|██████    | 6/10 [12:35<07:09, 107.48s/it]
Task 3, Epoch 7/10 => Loss -0.072, Train_accy 92.42, Test_accy 64.06:  70%|███████   | 7/10 [12:35<05:24, 108.11s/it]
Task 3, Epoch 8/10 => Loss -0.100, Train_accy 93.34, Test_accy 64.33:  70%|███████   | 7/10 [14:22<05:24, 108.11s/it]
Task 3, Epoch 8/10 => Loss -0.100, Train_accy 93.34, Test_accy 64.33:  80%|████████  | 8/10 [14:22<03:35, 107.68s/it]
Task 3, Epoch 9/10 => Loss -0.122, Train_accy 94.23, Test_accy 64.59:  80%|████████  | 8/10 [16:09<03:35, 107.68s/it]
Task 3, Epoch 9/10 => Loss -0.122, Train_accy 94.23, Test_accy 64.59:  90%|█████████ | 9/10 [16:09<01:47, 107.39s/it]
Task 3, Epoch 10/10 => Loss -0.146, Train_accy 95.12, Test_accy 64.40:  90%|█████████ | 9/10 [17:57<01:47, 107.39s/it]
Task 3, Epoch 10/10 => Loss -0.146, Train_accy 95.12, Test_accy 64.40: 100%|██████████| 10/10 [17:57<00:00, 107.72s/it]
Task 3, Epoch 10/10 => Loss -0.146, Train_accy 95.12, Test_accy 64.40: 100%|██████████| 10/10 [17:57<00:00, 107.76s/it]
2026-02-10 10:50:10,755 [l2p.py] => Task 3, Epoch 10/10 => Loss -0.146, Train_accy 95.12, Test_accy 64.40
2026-02-10 10:51:03,801 [trainer.py] => CNN: {'total': 64.4, '00-09': 70.05, '10-19': 74.48, '20-29': 55.59, '30-39': 76.34, '40-49': 69.42, '50-59': 63.4, '60-69': 57.42, '70-79': 49.24, 'old': 68.21, 'new': 53.53, 'harmonic': 59.98}
2026-02-10 10:51:03,801 [trainer.py] => CNN top1 curve: [85.49, 77.69, 72.3, 64.4]
2026-02-10 10:51:03,802 [trainer.py] => CNN top5 curve: [97.61, 93.92, 92.13, 89.32]
2026-02-10 10:51:03,802 [trainer.py] => Average Accuracy (CNN): 74.97
2026-02-10 10:51:03,802 [l2p.py] => Learning on 80-100

  0%|          | 0/10 [00:00<?, ?it/s]
Task 4, Epoch 1/10 => Loss 0.753, Train_accy 73.09, Test_accy 54.22:   0%|          | 0/10 [01:57<?, ?it/s]
Task 4, Epoch 1/10 => Loss 0.753, Train_accy 73.09, Test_accy 54.22:  10%|█         | 1/10 [01:57<17:41, 118.00s/it]
Task 4, Epoch 2/10 => Loss 0.140, Train_accy 85.86, Test_accy 55.11:  10%|█         | 1/10 [03:56<17:41, 118.00s/it]
Task 4, Epoch 2/10 => Loss 0.140, Train_accy 85.86, Test_accy 55.11:  20%|██        | 2/10 [03:56<15:46, 118.25s/it]
Task 4, Epoch 3/10 => Loss 0.041, Train_accy 88.60, Test_accy 57.43:  20%|██        | 2/10 [05:57<15:46, 118.25s/it]
Task 4, Epoch 3/10 => Loss 0.041, Train_accy 88.60, Test_accy 57.43:  30%|███       | 3/10 [05:57<13:56, 119.48s/it]
Task 4, Epoch 4/10 => Loss -0.024, Train_accy 90.40, Test_accy 57.92:  30%|███       | 3/10 [07:55<13:56, 119.48s/it]
Task 4, Epoch 4/10 => Loss -0.024, Train_accy 90.40, Test_accy 57.92:  40%|████      | 4/10 [07:55<11:53, 118.86s/it]
Task 4, Epoch 5/10 => Loss -0.074, Train_accy 92.79, Test_accy 59.60:  40%|████      | 4/10 [09:56<11:53, 118.86s/it]
Task 4, Epoch 5/10 => Loss -0.074, Train_accy 92.79, Test_accy 59.60:  50%|█████     | 5/10 [09:56<09:58, 119.67s/it]
Task 4, Epoch 6/10 => Loss -0.105, Train_accy 93.26, Test_accy 59.82:  50%|█████     | 5/10 [11:54<09:58, 119.67s/it]
Task 4, Epoch 6/10 => Loss -0.105, Train_accy 93.26, Test_accy 59.82:  60%|██████    | 6/10 [11:54<07:56, 119.16s/it]
Task 4, Epoch 7/10 => Loss -0.138, Train_accy 94.75, Test_accy 60.46:  60%|██████    | 6/10 [13:52<07:56, 119.16s/it]
Task 4, Epoch 7/10 => Loss -0.138, Train_accy 94.75, Test_accy 60.46:  70%|███████   | 7/10 [13:52<05:55, 118.62s/it]
Task 4, Epoch 8/10 => Loss -0.165, Train_accy 95.85, Test_accy 61.16:  70%|███████   | 7/10 [15:51<05:55, 118.62s/it]
Task 4, Epoch 8/10 => Loss -0.165, Train_accy 95.85, Test_accy 61.16:  80%|████████  | 8/10 [15:51<03:57, 118.90s/it]
Task 4, Epoch 9/10 => Loss -0.190, Train_accy 96.79, Test_accy 61.25:  80%|████████  | 8/10 [17:52<03:57, 118.90s/it]
Task 4, Epoch 9/10 => Loss -0.190, Train_accy 96.79, Test_accy 61.25:  90%|█████████ | 9/10 [17:52<01:59, 119.38s/it]
Task 4, Epoch 10/10 => Loss -0.207, Train_accy 97.49, Test_accy 60.86:  90%|█████████ | 9/10 [19:50<01:59, 119.38s/it]
Task 4, Epoch 10/10 => Loss -0.207, Train_accy 97.49, Test_accy 60.86: 100%|██████████| 10/10 [19:50<00:00, 119.15s/it]
Task 4, Epoch 10/10 => Loss -0.207, Train_accy 97.49, Test_accy 60.86: 100%|██████████| 10/10 [19:50<00:00, 119.06s/it]
2026-02-10 11:10:54,454 [l2p.py] => Task 4, Epoch 10/10 => Loss -0.207, Train_accy 97.49, Test_accy 60.86
2026-02-10 11:12:00,083 [trainer.py] => CNN: {'total': 60.86, '00-09': 64.86, '10-19': 74.48, '20-29': 53.11, '30-39': 72.56, '40-49': 69.11, '50-59': 62.42, '60-69': 56.32, '70-79': 44.41, '80-89': 51.76, '90-99': 59.17, 'old': 61.94, 'new': 55.99, 'harmonic': 58.81}
2026-02-10 11:12:00,084 [trainer.py] => CNN top1 curve: [85.49, 77.69, 72.3, 64.4, 60.86]
2026-02-10 11:12:00,084 [trainer.py] => CNN top5 curve: [97.61, 93.92, 92.13, 89.32, 87.4]
2026-02-10 11:12:00,084 [trainer.py] => Average Accuracy (CNN): 72.148
2026-02-10 11:12:00,084 [l2p.py] => Learning on 100-120

  0%|          | 0/10 [00:00<?, ?it/s]
Task 5, Epoch 1/10 => Loss 0.763, Train_accy 73.90, Test_accy 50.38:   0%|          | 0/10 [02:14<?, ?it/s]
Task 5, Epoch 1/10 => Loss 0.763, Train_accy 73.90, Test_accy 50.38:  10%|█         | 1/10 [02:14<20:08, 134.30s/it]
Task 5, Epoch 2/10 => Loss 0.159, Train_accy 85.80, Test_accy 52.18:  10%|█         | 1/10 [04:26<20:08, 134.30s/it]
Task 5, Epoch 2/10 => Loss 0.159, Train_accy 85.80, Test_accy 52.18:  20%|██        | 2/10 [04:26<17:46, 133.28s/it]
Task 5, Epoch 3/10 => Loss 0.054, Train_accy 88.65, Test_accy 54.28:  20%|██        | 2/10 [06:39<17:46, 133.28s/it]
Task 5, Epoch 3/10 => Loss 0.054, Train_accy 88.65, Test_accy 54.28:  30%|███       | 3/10 [06:39<15:30, 132.99s/it]
Task 5, Epoch 4/10 => Loss -0.011, Train_accy 90.77, Test_accy 55.24:  30%|███       | 3/10 [08:53<15:30, 132.99s/it]
Task 5, Epoch 4/10 => Loss -0.011, Train_accy 90.77, Test_accy 55.24:  40%|████      | 4/10 [08:53<13:19, 133.20s/it]
Task 5, Epoch 5/10 => Loss -0.053, Train_accy 91.95, Test_accy 56.46:  40%|████      | 4/10 [11:07<13:19, 133.20s/it]
Task 5, Epoch 5/10 => Loss -0.053, Train_accy 91.95, Test_accy 56.46:  50%|█████     | 5/10 [11:07<11:08, 133.77s/it]
Task 5, Epoch 6/10 => Loss -0.086, Train_accy 92.70, Test_accy 56.64:  50%|█████     | 5/10 [13:21<11:08, 133.77s/it]
Task 5, Epoch 6/10 => Loss -0.086, Train_accy 92.70, Test_accy 56.64:  60%|██████    | 6/10 [13:21<08:54, 133.58s/it]
Task 5, Epoch 7/10 => Loss -0.124, Train_accy 94.48, Test_accy 57.17:  60%|██████    | 6/10 [15:33<08:54, 133.58s/it]
Task 5, Epoch 7/10 => Loss -0.124, Train_accy 94.48, Test_accy 57.17:  70%|███████   | 7/10 [15:33<06:39, 133.25s/it]
Task 5, Epoch 8/10 => Loss -0.150, Train_accy 95.29, Test_accy 57.47:  70%|███████   | 7/10 [17:47<06:39, 133.25s/it]
Task 5, Epoch 8/10 => Loss -0.150, Train_accy 95.29, Test_accy 57.47:  80%|████████  | 8/10 [17:47<04:26, 133.38s/it]
Task 5, Epoch 9/10 => Loss -0.170, Train_accy 95.48, Test_accy 57.35:  80%|████████  | 8/10 [20:00<04:26, 133.38s/it]
Task 5, Epoch 9/10 => Loss -0.170, Train_accy 95.48, Test_accy 57.35:  90%|█████████ | 9/10 [20:00<02:13, 133.45s/it]
Task 5, Epoch 10/10 => Loss -0.191, Train_accy 96.51, Test_accy 57.98:  90%|█████████ | 9/10 [22:13<02:13, 133.45s/it]
Task 5, Epoch 10/10 => Loss -0.191, Train_accy 96.51, Test_accy 57.98: 100%|██████████| 10/10 [22:13<00:00, 133.20s/it]
Task 5, Epoch 10/10 => Loss -0.191, Train_accy 96.51, Test_accy 57.98: 100%|██████████| 10/10 [22:13<00:00, 133.35s/it]
2026-02-10 11:34:13,600 [l2p.py] => Task 5, Epoch 10/10 => Loss -0.191, Train_accy 96.51, Test_accy 57.98
2026-02-10 11:35:32,099 [trainer.py] => CNN: {'total': 57.98, '00-09': 62.74, '10-19': 73.08, '20-29': 54.97, '30-39': 69.09, '40-49': 65.75, '50-59': 56.86, '60-69': 52.47, '70-79': 43.81, '80-89': 48.24, '90-99': 57.4, '100-109': 50.82, '110-119': 59.25, 'old': 58.5, 'new': 55.46, 'harmonic': 56.94}
2026-02-10 11:35:32,100 [trainer.py] => CNN top1 curve: [85.49, 77.69, 72.3, 64.4, 60.86, 57.98]
2026-02-10 11:35:32,100 [trainer.py] => CNN top5 curve: [97.61, 93.92, 92.13, 89.32, 87.4, 85.36]
2026-02-10 11:35:32,100 [trainer.py] => Average Accuracy (CNN): 69.78666666666668
2026-02-10 11:35:32,100 [l2p.py] => Learning on 120-140

  0%|          | 0/10 [00:00<?, ?it/s]
Task 6, Epoch 1/10 => Loss 0.782, Train_accy 73.85, Test_accy 49.27:   0%|          | 0/10 [02:23<?, ?it/s]
Task 6, Epoch 1/10 => Loss 0.782, Train_accy 73.85, Test_accy 49.27:  10%|█         | 1/10 [02:23<21:32, 143.58s/it]
Task 6, Epoch 2/10 => Loss 0.164, Train_accy 85.67, Test_accy 50.70:  10%|█         | 1/10 [04:47<21:32, 143.58s/it]
Task 6, Epoch 2/10 => Loss 0.164, Train_accy 85.67, Test_accy 50.70:  20%|██        | 2/10 [04:47<19:12, 144.03s/it]
Task 6, Epoch 3/10 => Loss 0.068, Train_accy 88.41, Test_accy 51.88:  20%|██        | 2/10 [07:11<19:12, 144.03s/it]
Task 6, Epoch 3/10 => Loss 0.068, Train_accy 88.41, Test_accy 51.88:  30%|███       | 3/10 [07:11<16:46, 143.83s/it]
Task 6, Epoch 4/10 => Loss -0.002, Train_accy 90.00, Test_accy 52.11:  30%|███       | 3/10 [09:35<16:46, 143.83s/it]
Task 6, Epoch 4/10 => Loss -0.002, Train_accy 90.00, Test_accy 52.11:  40%|████      | 4/10 [09:35<14:22, 143.82s/it]
Task 6, Epoch 5/10 => Loss -0.048, Train_accy 91.89, Test_accy 53.00:  40%|████      | 4/10 [12:01<14:22, 143.82s/it]
Task 6, Epoch 5/10 => Loss -0.048, Train_accy 91.89, Test_accy 53.00:  50%|█████     | 5/10 [12:01<12:03, 144.67s/it]
Task 6, Epoch 6/10 => Loss -0.091, Train_accy 93.12, Test_accy 53.61:  50%|█████     | 5/10 [14:25<12:03, 144.67s/it]
Task 6, Epoch 6/10 => Loss -0.091, Train_accy 93.12, Test_accy 53.61:  60%|██████    | 6/10 [14:25<09:38, 144.52s/it]
Task 6, Epoch 7/10 => Loss -0.125, Train_accy 94.24, Test_accy 53.78:  60%|██████    | 6/10 [16:48<09:38, 144.52s/it]
Task 6, Epoch 7/10 => Loss -0.125, Train_accy 94.24, Test_accy 53.78:  70%|███████   | 7/10 [16:48<07:12, 144.11s/it]
Task 6, Epoch 8/10 => Loss -0.162, Train_accy 95.67, Test_accy 54.52:  70%|███████   | 7/10 [19:15<07:12, 144.11s/it]
Task 6, Epoch 8/10 => Loss -0.162, Train_accy 95.67, Test_accy 54.52:  80%|████████  | 8/10 [19:15<04:49, 144.97s/it]
Task 6, Epoch 9/10 => Loss -0.174, Train_accy 96.29, Test_accy 54.06:  80%|████████  | 8/10 [21:41<04:49, 144.97s/it]
Task 6, Epoch 9/10 => Loss -0.174, Train_accy 96.29, Test_accy 54.06:  90%|█████████ | 9/10 [21:41<02:25, 145.16s/it]
Task 6, Epoch 10/10 => Loss -0.194, Train_accy 97.03, Test_accy 54.26:  90%|█████████ | 9/10 [24:05<02:25, 145.16s/it]
Task 6, Epoch 10/10 => Loss -0.194, Train_accy 97.03, Test_accy 54.26: 100%|██████████| 10/10 [24:05<00:00, 144.88s/it]
Task 6, Epoch 10/10 => Loss -0.194, Train_accy 97.03, Test_accy 54.26: 100%|██████████| 10/10 [24:05<00:00, 144.57s/it]
2026-02-10 11:59:37,777 [l2p.py] => Task 6, Epoch 10/10 => Loss -0.194, Train_accy 97.03, Test_accy 54.26
2026-02-10 12:01:07,205 [trainer.py] => CNN: {'total': 54.26, '00-09': 60.14, '10-19': 68.53, '20-29': 53.42, '30-39': 66.56, '40-49': 61.77, '50-59': 55.23, '60-69': 51.1, '70-79': 42.9, '80-89': 46.27, '90-99': 53.25, '100-109': 46.56, '110-119': 57.37, '120-129': 52.63, '130-139': 42.11, 'old': 55.4, 'new': 47.52, 'harmonic': 51.16}
2026-02-10 12:01:07,205 [trainer.py] => CNN top1 curve: [85.49, 77.69, 72.3, 64.4, 60.86, 57.98, 54.26]
2026-02-10 12:01:07,205 [trainer.py] => CNN top5 curve: [97.61, 93.92, 92.13, 89.32, 87.4, 85.36, 84.0]
2026-02-10 12:01:07,205 [trainer.py] => Average Accuracy (CNN): 67.56857142857143
2026-02-10 12:01:07,206 [l2p.py] => Learning on 140-160

  0%|          | 0/10 [00:00<?, ?it/s]
Task 7, Epoch 1/10 => Loss 0.821, Train_accy 72.44, Test_accy 46.60:   0%|          | 0/10 [02:40<?, ?it/s]
Task 7, Epoch 1/10 => Loss 0.821, Train_accy 72.44, Test_accy 46.60:  10%|█         | 1/10 [02:40<24:04, 160.54s/it]
Task 7, Epoch 2/10 => Loss 0.230, Train_accy 83.78, Test_accy 47.46:  10%|█         | 1/10 [05:20<24:04, 160.54s/it]
Task 7, Epoch 2/10 => Loss 0.230, Train_accy 83.78, Test_accy 47.46:  20%|██        | 2/10 [05:20<21:23, 160.40s/it]
Task 7, Epoch 3/10 => Loss 0.124, Train_accy 86.38, Test_accy 48.09:  20%|██        | 2/10 [08:01<21:23, 160.40s/it]
Task 7, Epoch 3/10 => Loss 0.124, Train_accy 86.38, Test_accy 48.09:  30%|███       | 3/10 [08:01<18:42, 160.41s/it]
Task 7, Epoch 4/10 => Loss 0.065, Train_accy 88.11, Test_accy 48.86:  30%|███       | 3/10 [10:43<18:42, 160.41s/it]
Task 7, Epoch 4/10 => Loss 0.065, Train_accy 88.11, Test_accy 48.86:  40%|████      | 4/10 [10:43<16:06, 161.08s/it]
Task 7, Epoch 5/10 => Loss 0.003, Train_accy 89.35, Test_accy 50.24:  40%|████      | 4/10 [13:23<16:06, 161.08s/it]
Task 7, Epoch 5/10 => Loss 0.003, Train_accy 89.35, Test_accy 50.24:  50%|█████     | 5/10 [13:23<13:24, 160.80s/it]
Task 7, Epoch 6/10 => Loss -0.032, Train_accy 90.73, Test_accy 50.60:  50%|█████     | 5/10 [16:05<13:24, 160.80s/it]
Task 7, Epoch 6/10 => Loss -0.032, Train_accy 90.73, Test_accy 50.60:  60%|██████    | 6/10 [16:05<10:44, 161.13s/it]
Task 7, Epoch 7/10 => Loss -0.067, Train_accy 92.08, Test_accy 50.80:  60%|██████    | 6/10 [18:46<10:44, 161.13s/it]
Task 7, Epoch 7/10 => Loss -0.067, Train_accy 92.08, Test_accy 50.80:  70%|███████   | 7/10 [18:46<08:02, 160.96s/it]
Task 7, Epoch 8/10 => Loss -0.096, Train_accy 93.29, Test_accy 50.90:  70%|███████   | 7/10 [21:27<08:02, 160.96s/it]
Task 7, Epoch 8/10 => Loss -0.096, Train_accy 93.29, Test_accy 50.90:  80%|████████  | 8/10 [21:27<05:22, 161.17s/it]
Task 7, Epoch 9/10 => Loss -0.119, Train_accy 94.43, Test_accy 51.51:  80%|████████  | 8/10 [24:07<05:22, 161.17s/it]
Task 7, Epoch 9/10 => Loss -0.119, Train_accy 94.43, Test_accy 51.51:  90%|█████████ | 9/10 [24:07<02:40, 160.81s/it]
Task 7, Epoch 10/10 => Loss -0.145, Train_accy 94.85, Test_accy 51.91:  90%|█████████ | 9/10 [26:50<02:40, 160.81s/it]
Task 7, Epoch 10/10 => Loss -0.145, Train_accy 94.85, Test_accy 51.91: 100%|██████████| 10/10 [26:50<00:00, 161.51s/it]
Task 7, Epoch 10/10 => Loss -0.145, Train_accy 94.85, Test_accy 51.91: 100%|██████████| 10/10 [26:50<00:00, 161.08s/it]
2026-02-10 12:27:58,009 [l2p.py] => Task 7, Epoch 10/10 => Loss -0.145, Train_accy 94.85, Test_accy 51.91
2026-02-10 12:29:41,934 [trainer.py] => CNN: {'total': 51.91, '00-09': 61.08, '10-19': 67.13, '20-29': 49.69, '30-39': 67.19, '40-49': 60.55, '50-59': 51.31, '60-69': 52.2, '70-79': 38.67, '80-89': 47.84, '90-99': 53.25, '100-109': 45.57, '110-119': 55.23, '120-129': 47.95, '130-139': 39.01, '140-149': 45.31, '150-159': 47.79, 'old': 52.76, 'new': 46.53, 'harmonic': 49.45}
2026-02-10 12:29:41,935 [trainer.py] => CNN top1 curve: [85.49, 77.69, 72.3, 64.4, 60.86, 57.98, 54.26, 51.91]
2026-02-10 12:29:41,935 [trainer.py] => CNN top5 curve: [97.61, 93.92, 92.13, 89.32, 87.4, 85.36, 84.0, 81.68]
2026-02-10 12:29:41,935 [trainer.py] => Average Accuracy (CNN): 65.61125
2026-02-10 12:29:41,935 [l2p.py] => Learning on 160-180

  0%|          | 0/10 [00:00<?, ?it/s]
Task 8, Epoch 1/10 => Loss 0.995, Train_accy 65.71, Test_accy 46.21:   0%|          | 0/10 [02:46<?, ?it/s]
Task 8, Epoch 1/10 => Loss 0.995, Train_accy 65.71, Test_accy 46.21:  10%|█         | 1/10 [02:46<24:56, 166.27s/it]
Task 8, Epoch 2/10 => Loss 0.356, Train_accy 79.66, Test_accy 46.68:  10%|█         | 1/10 [05:31<24:56, 166.27s/it]
Task 8, Epoch 2/10 => Loss 0.356, Train_accy 79.66, Test_accy 46.68:  20%|██        | 2/10 [05:31<22:06, 165.83s/it]
Task 8, Epoch 3/10 => Loss 0.236, Train_accy 83.05, Test_accy 47.65:  20%|██        | 2/10 [08:18<22:06, 165.83s/it]
Task 8, Epoch 3/10 => Loss 0.236, Train_accy 83.05, Test_accy 47.65:  30%|███       | 3/10 [08:18<19:22, 166.08s/it]
Task 8, Epoch 4/10 => Loss 0.166, Train_accy 84.77, Test_accy 48.29:  30%|███       | 3/10 [11:04<19:22, 166.08s/it]
Task 8, Epoch 4/10 => Loss 0.166, Train_accy 84.77, Test_accy 48.29:  40%|████      | 4/10 [11:04<16:37, 166.17s/it]
Task 8, Epoch 5/10 => Loss 0.097, Train_accy 87.09, Test_accy 48.37:  40%|████      | 4/10 [13:50<16:37, 166.17s/it]
Task 8, Epoch 5/10 => Loss 0.097, Train_accy 87.09, Test_accy 48.37:  50%|█████     | 5/10 [13:50<13:51, 166.27s/it]
Task 8, Epoch 6/10 => Loss 0.057, Train_accy 89.13, Test_accy 49.47:  50%|█████     | 5/10 [16:37<13:51, 166.27s/it]
Task 8, Epoch 6/10 => Loss 0.057, Train_accy 89.13, Test_accy 49.47:  60%|██████    | 6/10 [16:37<11:04, 166.24s/it]
Task 8, Epoch 7/10 => Loss 0.019, Train_accy 89.41, Test_accy 49.57:  60%|██████    | 6/10 [19:23<11:04, 166.24s/it]
Task 8, Epoch 7/10 => Loss 0.019, Train_accy 89.41, Test_accy 49.57:  70%|███████   | 7/10 [19:23<08:18, 166.13s/it]
Task 8, Epoch 8/10 => Loss -0.017, Train_accy 90.97, Test_accy 50.03:  70%|███████   | 7/10 [22:08<08:18, 166.13s/it]
Task 8, Epoch 8/10 => Loss -0.017, Train_accy 90.97, Test_accy 50.03:  80%|████████  | 8/10 [22:08<05:31, 165.82s/it]
Task 8, Epoch 9/10 => Loss -0.039, Train_accy 92.33, Test_accy 50.28:  80%|████████  | 8/10 [24:54<05:31, 165.82s/it]
Task 8, Epoch 9/10 => Loss -0.039, Train_accy 92.33, Test_accy 50.28:  90%|█████████ | 9/10 [24:54<02:45, 165.85s/it]
Task 8, Epoch 10/10 => Loss -0.071, Train_accy 92.73, Test_accy 49.66:  90%|█████████ | 9/10 [27:40<02:45, 165.85s/it]
Task 8, Epoch 10/10 => Loss -0.071, Train_accy 92.73, Test_accy 49.66: 100%|██████████| 10/10 [27:40<00:00, 165.91s/it]
Task 8, Epoch 10/10 => Loss -0.071, Train_accy 92.73, Test_accy 49.66: 100%|██████████| 10/10 [27:40<00:00, 166.01s/it]
2026-02-10 12:57:22,088 [l2p.py] => Task 8, Epoch 10/10 => Loss -0.071, Train_accy 92.73, Test_accy 49.66
2026-02-10 12:59:17,650 [trainer.py] => CNN: {'total': 49.66, '00-09': 61.08, '10-19': 68.18, '20-29': 51.24, '30-39': 65.3, '40-49': 62.69, '50-59': 49.35, '60-69': 49.45, '70-79': 41.09, '80-89': 45.49, '90-99': 51.78, '100-109': 43.93, '110-119': 54.42, '120-129': 44.74, '130-139': 38.7, '140-149': 41.29, '150-159': 45.03, '160-169': 40.73, '170-179': 37.67, 'old': 50.88, 'new': 39.27, 'harmonic': 44.33}
2026-02-10 12:59:17,650 [trainer.py] => CNN top1 curve: [85.49, 77.69, 72.3, 64.4, 60.86, 57.98, 54.26, 51.91, 49.66]
2026-02-10 12:59:17,650 [trainer.py] => CNN top5 curve: [97.61, 93.92, 92.13, 89.32, 87.4, 85.36, 84.0, 81.68, 79.17]
2026-02-10 12:59:17,651 [trainer.py] => Average Accuracy (CNN): 63.83888888888888
2026-02-10 12:59:17,651 [l2p.py] => Learning on 180-200

  0%|          | 0/10 [00:00<?, ?it/s]
Task 9, Epoch 1/10 => Loss 0.947, Train_accy 67.82, Test_accy 44.69:   0%|          | 0/10 [03:02<?, ?it/s]
Task 9, Epoch 1/10 => Loss 0.947, Train_accy 67.82, Test_accy 44.69:  10%|█         | 1/10 [03:02<27:23, 182.62s/it]
Task 9, Epoch 2/10 => Loss 0.296, Train_accy 81.32, Test_accy 45.93:  10%|█         | 1/10 [06:06<27:23, 182.62s/it]
Task 9, Epoch 2/10 => Loss 0.296, Train_accy 81.32, Test_accy 45.93:  20%|██        | 2/10 [06:06<24:27, 183.38s/it]
Task 9, Epoch 3/10 => Loss 0.175, Train_accy 85.09, Test_accy 46.74:  20%|██        | 2/10 [09:08<24:27, 183.38s/it]
Task 9, Epoch 3/10 => Loss 0.175, Train_accy 85.09, Test_accy 46.74:  30%|███       | 3/10 [09:08<21:19, 182.77s/it]
Task 9, Epoch 4/10 => Loss 0.101, Train_accy 86.38, Test_accy 47.22:  30%|███       | 3/10 [12:11<21:19, 182.77s/it]
Task 9, Epoch 4/10 => Loss 0.101, Train_accy 86.38, Test_accy 47.22:  40%|████      | 4/10 [12:11<18:17, 182.92s/it]
Task 9, Epoch 5/10 => Loss 0.040, Train_accy 88.93, Test_accy 48.01:  40%|████      | 4/10 [15:14<18:17, 182.92s/it]
Task 9, Epoch 5/10 => Loss 0.040, Train_accy 88.93, Test_accy 48.01:  50%|█████     | 5/10 [15:14<15:14, 182.86s/it]
Task 9, Epoch 6/10 => Loss -0.014, Train_accy 90.54, Test_accy 48.10:  50%|█████     | 5/10 [18:18<15:14, 182.86s/it]
Task 9, Epoch 6/10 => Loss -0.014, Train_accy 90.54, Test_accy 48.10:  60%|██████    | 6/10 [18:18<12:13, 183.36s/it]
Task 9, Epoch 7/10 => Loss -0.050, Train_accy 91.92, Test_accy 47.98:  60%|██████    | 6/10 [21:21<12:13, 183.36s/it]
Task 9, Epoch 7/10 => Loss -0.050, Train_accy 91.92, Test_accy 47.98:  70%|███████   | 7/10 [21:21<09:09, 183.15s/it]
Task 9, Epoch 8/10 => Loss -0.085, Train_accy 93.49, Test_accy 48.37:  70%|███████   | 7/10 [24:23<09:09, 183.15s/it]
Task 9, Epoch 8/10 => Loss -0.085, Train_accy 93.49, Test_accy 48.37:  80%|████████  | 8/10 [24:23<06:05, 182.83s/it]
Task 9, Epoch 9/10 => Loss -0.101, Train_accy 94.31, Test_accy 48.99:  80%|████████  | 8/10 [27:28<06:05, 182.83s/it]
Task 9, Epoch 9/10 => Loss -0.101, Train_accy 94.31, Test_accy 48.99:  90%|█████████ | 9/10 [27:28<03:03, 183.30s/it]
Task 9, Epoch 10/10 => Loss -0.118, Train_accy 94.15, Test_accy 48.88:  90%|█████████ | 9/10 [30:31<03:03, 183.30s/it]
Task 9, Epoch 10/10 => Loss -0.118, Train_accy 94.15, Test_accy 48.88: 100%|██████████| 10/10 [30:31<00:00, 183.21s/it]
Task 9, Epoch 10/10 => Loss -0.118, Train_accy 94.15, Test_accy 48.88: 100%|██████████| 10/10 [30:31<00:00, 183.10s/it]
2026-02-10 13:29:48,691 [l2p.py] => Task 9, Epoch 10/10 => Loss -0.118, Train_accy 94.15, Test_accy 48.88
2026-02-10 13:31:58,737 [trainer.py] => CNN: {'total': 48.88, '00-09': 59.91, '10-19': 68.18, '20-29': 50.0, '30-39': 65.93, '40-49': 63.61, '50-59': 47.06, '60-69': 52.2, '70-79': 41.09, '80-89': 45.49, '90-99': 52.07, '100-109': 42.3, '110-119': 55.23, '120-129': 48.54, '130-139': 38.39, '140-149': 41.29, '150-159': 44.75, '160-169': 40.12, '170-179': 29.33, '180-189': 47.39, '190-199': 42.31, 'old': 49.36, 'new': 44.55, 'harmonic': 46.83}
2026-02-10 13:31:58,738 [trainer.py] => CNN top1 curve: [85.49, 77.69, 72.3, 64.4, 60.86, 57.98, 54.26, 51.91, 49.66, 48.88]
2026-02-10 13:31:58,738 [trainer.py] => CNN top5 curve: [97.61, 93.92, 92.13, 89.32, 87.4, 85.36, 84.0, 81.68, 79.17, 78.59]
2026-02-10 13:31:58,738 [trainer.py] => Average Accuracy (CNN): 62.342999999999996

========================================
Finished objectnet_init20_inc20
Backbone: OpenCLIP_LAION400M
Average Accuracy (Top1): 62.34
Last Accuracy: 48.88
========================================

2026-02-10 13:32:01,359 [trainer.py] => config: ./configs/l2p/l2p_objectnet_B100_Inc20.json
2026-02-10 13:32:01,359 [trainer.py] => prefix:  
2026-02-10 13:32:01,359 [trainer.py] => dataset: objectnet
2026-02-10 13:32:01,360 [trainer.py] => memory_size: 0
2026-02-10 13:32:01,360 [trainer.py] => memory_per_class: 0
2026-02-10 13:32:01,360 [trainer.py] => fixed_memory: False
2026-02-10 13:32:01,360 [trainer.py] => shuffle: True
2026-02-10 13:32:01,360 [trainer.py] => init_cls: 100
2026-02-10 13:32:01,360 [trainer.py] => increment: 20
2026-02-10 13:32:01,360 [trainer.py] => model_name: l2p
2026-02-10 13:32:01,360 [trainer.py] => backbone_type: clip
2026-02-10 13:32:01,360 [trainer.py] => get_original_backbone: True
2026-02-10 13:32:01,360 [trainer.py] => device: [device(type='cuda', index=7)]
2026-02-10 13:32:01,360 [trainer.py] => seed: 1993
2026-02-10 13:32:01,360 [trainer.py] => tuned_epoch: 10
2026-02-10 13:32:01,360 [trainer.py] => init_lr: 0.001875
2026-02-10 13:32:01,360 [trainer.py] => batch_size: 16
2026-02-10 13:32:01,360 [trainer.py] => weight_decay: 0
2026-02-10 13:32:01,360 [trainer.py] => min_lr: 1e-05
2026-02-10 13:32:01,360 [trainer.py] => optimizer: adam
2026-02-10 13:32:01,360 [trainer.py] => scheduler: constant
2026-02-10 13:32:01,360 [trainer.py] => reinit_optimizer: True
2026-02-10 13:32:01,360 [trainer.py] => global_pool: token
2026-02-10 13:32:01,360 [trainer.py] => head_type: prompt
2026-02-10 13:32:01,360 [trainer.py] => freeze: ['blocks', 'patch_embed', 'cls_token', 'norm', 'pos_embed']
2026-02-10 13:32:01,360 [trainer.py] => pretrained: True
2026-02-10 13:32:01,360 [trainer.py] => drop: 0.0
2026-02-10 13:32:01,360 [trainer.py] => drop_path: 0.0
2026-02-10 13:32:01,360 [trainer.py] => prompt_pool: True
2026-02-10 13:32:01,360 [trainer.py] => size: 10
2026-02-10 13:32:01,360 [trainer.py] => length: 5
2026-02-10 13:32:01,360 [trainer.py] => top_k: 5
2026-02-10 13:32:01,360 [trainer.py] => initializer: uniform
2026-02-10 13:32:01,360 [trainer.py] => prompt_key: True
2026-02-10 13:32:01,360 [trainer.py] => prompt_key_init: uniform
2026-02-10 13:32:01,360 [trainer.py] => use_prompt_mask: False
2026-02-10 13:32:01,361 [trainer.py] => shared_prompt_pool: False
2026-02-10 13:32:01,361 [trainer.py] => shared_prompt_key: False
2026-02-10 13:32:01,361 [trainer.py] => batchwise_prompt: True
2026-02-10 13:32:01,361 [trainer.py] => embedding_key: cls
2026-02-10 13:32:01,361 [trainer.py] => predefined_key: 
2026-02-10 13:32:01,361 [trainer.py] => pull_constraint: True
2026-02-10 13:32:01,361 [trainer.py] => pull_constraint_coeff: 0.1
2026-02-10 13:32:01,361 [trainer.py] => nb_classes: 200
2026-02-10 13:32:01,361 [trainer.py] => total_class_num: 200
['air freshener', 'alarm clock', 'backpack', 'baking sheet', 'banana', 'band aid', 'baseball bat', 'baseball glove', 'basket', 'bathrobe', 'battery', 'bed sheet', 'beer bottle', 'beer can', 'belt', 'bench', 'bicycle', 'bike pump', 'bills money', 'binder closed', 'biscuits', 'blanket', 'blender', 'blouse', 'board game', 'book closed', 'bookend', 'boots', 'bottle cap', 'bottle opener', 'bottle stopper', 'box', 'bracelet', 'bread knife', 'bread loaf', 'briefcase', 'brooch', 'broom', 'bucket', 'butchers knife', 'butter', 'button', 'calendar', 'can opener', 'candle', 'canned food', 'cd case', 'cellphone', 'cellphone case', 'cellphone charger', 'cereal', 'chair', 'cheese', 'chess piece', 'chocolate', 'chopstick', 'clothes hamper', 'clothes hanger', 'coaster', 'coffee beans', 'coffee french press', 'coffee grinder', 'coffee machine', 'coffee table', 'coin money', 'comb', 'combination lock', 'computer mouse', 'contact lens case', 'cooking oil bottle', 'cork', 'cutting board', 'deodorant', 'desk lamp', 'detergent', 'dish soap', 'document folder closed', 'dog bed', 'doormat', 'drawer open', 'dress', 'dress pants', 'dress shirt', 'dress shoe men', 'dress shoe women', 'drill', 'drinking cup', 'drinking straw', 'drying rack for clothes', 'drying rack for dishes', 'dust pan', 'dvd player', 'earbuds', 'earring', 'egg', 'egg carton', 'envelope', 'eraser white board', 'extension cable', 'eyeglasses', 'fan', 'figurine or statue', 'first aid kit', 'flashlight', 'floss container', 'flour container', 'fork', 'frying pan', 'full sized towel', 'glue container', 'hair brush', 'hair dryer', 'hairclip', 'hairtie', 'hammer', 'hand mirror', 'hand towel or rag', 'handbag', 'hat', 'headphones over ear', 'helmet', 'honey container', 'ice', 'ice cube tray', 'iron for clothes', 'ironing board', 'jam', 'jar', 'jeans', 'kettle', 'key chain', 'keyboard', 'ladle', 'lampshade', 'laptop charger', 'laptop open', 'leaf', 'leggings', 'lemon', 'letter opener', 'lettuce', 'light bulb', 'lighter', 'lipstick', 'loofah', 'magazine', 'makeup', 'makeup brush', 'marker', 'match', 'measuring cup', 'microwave', 'milk', 'mixing salad bowl', 'monitor', 'mouse pad', 'mouthwash', 'mug', 'multitool', 'nail clippers', 'nail fastener', 'nail file', 'nail polish', 'napkin', 'necklace', 'newspaper', 'night light', 'nightstand', 'notebook', 'notepad', 'nut for screw', 'orange', 'oven mitts', 'padlock', 'paint can', 'paintbrush', 'paper', 'paper bag', 'paper plates', 'paper towel', 'paperclip', 'peeler', 'pen', 'pencil', 'pepper shaker', 'pet food container', 'phone landline', 'photograph printed', 'pill bottle', 'pill organizer', 'pillow', 'pitcher', 'placemat', 'plastic bag', 'plastic cup', 'plastic wrap', 'plate', 'playing cards', 'pliers', 'plunger']
['itap of a {}.', 'a bad photo of the {}.', 'a origami {}.', 'a photo of the large {}.', 'a {} in a video game.', 'art of the {}.', 'a photo of the small {}.']
{'air_freshener': 0, 'alarm_clock': 1, 'backpack': 2, 'baking_sheet': 3, 'banana': 4, 'band_aid': 5, 'baseball_bat': 6, 'baseball_glove': 7, 'basket': 8, 'bathrobe': 9, 'battery': 10, 'bed_sheet': 11, 'beer_bottle': 12, 'beer_can': 13, 'belt': 14, 'bench': 15, 'bicycle': 16, 'bike_pump': 17, 'bills_money': 18, 'binder_closed': 19, 'biscuits': 20, 'blanket': 21, 'blender': 22, 'blouse': 23, 'board_game': 24, 'book_closed': 25, 'bookend': 26, 'boots': 27, 'bottle_cap': 28, 'bottle_opener': 29, 'bottle_stopper': 30, 'box': 31, 'bracelet': 32, 'bread_knife': 33, 'bread_loaf': 34, 'briefcase': 35, 'brooch': 36, 'broom': 37, 'bucket': 38, 'butchers_knife': 39, 'butter': 40, 'button': 41, 'calendar': 42, 'can_opener': 43, 'candle': 44, 'canned_food': 45, 'cd_case': 46, 'cellphone': 47, 'cellphone_case': 48, 'cellphone_charger': 49, 'cereal': 50, 'chair': 51, 'cheese': 52, 'chess_piece': 53, 'chocolate': 54, 'chopstick': 55, 'clothes_hamper': 56, 'clothes_hanger': 57, 'coaster': 58, 'coffee_beans': 59, 'coffee_french_press': 60, 'coffee_grinder': 61, 'coffee_machine': 62, 'coffee_table': 63, 'coin_money': 64, 'comb': 65, 'combination_lock': 66, 'computer_mouse': 67, 'contact_lens_case': 68, 'cooking_oil_bottle': 69, 'cork': 70, 'cutting_board': 71, 'deodorant': 72, 'desk_lamp': 73, 'detergent': 74, 'dish_soap': 75, 'document_folder_closed': 76, 'dog_bed': 77, 'doormat': 78, 'drawer_open': 79, 'dress': 80, 'dress_pants': 81, 'dress_shirt': 82, 'dress_shoe_men': 83, 'dress_shoe_women': 84, 'drill': 85, 'drinking_cup': 86, 'drinking_straw': 87, 'drying_rack_for_clothes': 88, 'drying_rack_for_dishes': 89, 'dust_pan': 90, 'dvd_player': 91, 'earbuds': 92, 'earring': 93, 'egg': 94, 'egg_carton': 95, 'envelope': 96, 'eraser_white_board': 97, 'extension_cable': 98, 'eyeglasses': 99, 'fan': 100, 'figurine_or_statue': 101, 'first_aid_kit': 102, 'flashlight': 103, 'floss_container': 104, 'flour_container': 105, 'fork': 106, 'frying_pan': 107, 'full_sized_towel': 108, 'glue_container': 109, 'hair_brush': 110, 'hair_dryer': 111, 'hairclip': 112, 'hairtie': 113, 'hammer': 114, 'hand_mirror': 115, 'hand_towel_or_rag': 116, 'handbag': 117, 'hat': 118, 'headphones_over_ear': 119, 'helmet': 120, 'honey_container': 121, 'ice': 122, 'ice_cube_tray': 123, 'iron_for_clothes': 124, 'ironing_board': 125, 'jam': 126, 'jar': 127, 'jeans': 128, 'kettle': 129, 'key_chain': 130, 'keyboard': 131, 'ladle': 132, 'lampshade': 133, 'laptop_charger': 134, 'laptop_open': 135, 'leaf': 136, 'leggings': 137, 'lemon': 138, 'letter_opener': 139, 'lettuce': 140, 'light_bulb': 141, 'lighter': 142, 'lipstick': 143, 'loofah': 144, 'magazine': 145, 'makeup': 146, 'makeup_brush': 147, 'marker': 148, 'match': 149, 'measuring_cup': 150, 'microwave': 151, 'milk': 152, 'mixing_salad_bowl': 153, 'monitor': 154, 'mouse_pad': 155, 'mouthwash': 156, 'mug': 157, 'multitool': 158, 'nail_clippers': 159, 'nail_fastener': 160, 'nail_file': 161, 'nail_polish': 162, 'napkin': 163, 'necklace': 164, 'newspaper': 165, 'night_light': 166, 'nightstand': 167, 'notebook': 168, 'notepad': 169, 'nut_for_screw': 170, 'orange': 171, 'oven_mitts': 172, 'padlock': 173, 'paint_can': 174, 'paintbrush': 175, 'paper': 176, 'paper_bag': 177, 'paper_plates': 178, 'paper_towel': 179, 'paperclip': 180, 'peeler': 181, 'pen': 182, 'pencil': 183, 'pepper_shaker': 184, 'pet_food_container': 185, 'phone_landline': 186, 'photograph_printed': 187, 'pill_bottle': 188, 'pill_organizer': 189, 'pillow': 190, 'pitcher': 191, 'placemat': 192, 'plastic_bag': 193, 'plastic_cup': 194, 'plastic_wrap': 195, 'plate': 196, 'playing_cards': 197, 'pliers': 198, 'plunger': 199}
2026-02-10 13:32:01,552 [data_manager.py] => [168, 136, 51, 9, 183, 101, 171, 99, 42, 159, 191, 70, 16, 188, 27, 10, 175, 26, 68, 187, 98, 6, 85, 35, 112, 43, 100, 0, 103, 181, 88, 59, 4, 2, 116, 174, 94, 80, 106, 1, 147, 17, 141, 131, 72, 23, 173, 54, 197, 118, 87, 32, 79, 104, 91, 19, 135, 107, 178, 36, 11, 199, 142, 8, 122, 3, 28, 57, 153, 172, 190, 56, 49, 44, 97, 62, 151, 169, 194, 55, 192, 12, 189, 78, 66, 180, 15, 137, 109, 134, 92, 119, 126, 52, 170, 40, 148, 65, 144, 64, 138, 45, 77, 89, 154, 90, 71, 193, 74, 30, 113, 143, 96, 84, 67, 50, 186, 156, 69, 21, 18, 111, 108, 58, 125, 157, 150, 110, 182, 129, 166, 83, 81, 60, 13, 165, 14, 176, 63, 117, 5, 22, 145, 121, 38, 41, 82, 127, 114, 20, 31, 53, 37, 163, 196, 130, 152, 162, 86, 76, 24, 34, 184, 149, 33, 128, 198, 155, 146, 167, 139, 120, 140, 102, 47, 25, 158, 123, 46, 164, 61, 7, 115, 75, 133, 160, 105, 132, 179, 124, 48, 73, 93, 39, 95, 195, 29, 177, 185, 161]
After shuffle, class_to_label is:  ['notebook', 'leaf', 'chair', 'bathrobe', 'pencil', 'figurine or statue', 'orange', 'eyeglasses', 'calendar', 'nail clippers', 'pitcher', 'cork', 'bicycle', 'pill bottle', 'boots', 'battery', 'paintbrush', 'bookend', 'contact lens case', 'photograph printed', 'extension cable', 'baseball bat', 'drill', 'briefcase', 'hairclip', 'can opener', 'fan', 'air freshener', 'flashlight', 'peeler', 'drying rack for clothes', 'coffee beans', 'banana', 'backpack', 'hand towel or rag', 'paint can', 'egg', 'dress', 'fork', 'alarm clock', 'makeup brush', 'bike pump', 'light bulb', 'keyboard', 'deodorant', 'blouse', 'padlock', 'chocolate', 'playing cards', 'hat', 'drinking straw', 'bracelet', 'drawer open', 'floss container', 'dvd player', 'binder closed', 'laptop open', 'frying pan', 'paper plates', 'brooch', 'bed sheet', 'plunger', 'lighter', 'basket', 'ice', 'baking sheet', 'bottle cap', 'clothes hanger', 'mixing salad bowl', 'oven mitts', 'pillow', 'clothes hamper', 'cellphone charger', 'candle', 'eraser white board', 'coffee machine', 'microwave', 'notepad', 'plastic cup', 'chopstick', 'placemat', 'beer bottle', 'pill organizer', 'doormat', 'combination lock', 'paperclip', 'bench', 'leggings', 'glue container', 'laptop charger', 'earbuds', 'headphones over ear', 'jam', 'cheese', 'nut for screw', 'butter', 'marker', 'comb', 'loofah', 'coin money', 'lemon', 'canned food', 'dog bed', 'drying rack for dishes', 'monitor', 'dust pan', 'cutting board', 'plastic bag', 'detergent', 'bottle stopper', 'hairtie', 'lipstick', 'envelope', 'dress shoe women', 'computer mouse', 'cereal', 'phone landline', 'mouthwash', 'cooking oil bottle', 'blanket', 'bills money', 'hair dryer', 'full sized towel', 'coaster', 'ironing board', 'mug', 'measuring cup', 'hair brush', 'pen', 'kettle', 'night light', 'dress shoe men', 'dress pants', 'coffee french press', 'beer can', 'newspaper', 'belt', 'paper', 'coffee table', 'handbag', 'band aid', 'blender', 'magazine', 'honey container', 'bucket', 'button', 'dress shirt', 'jar', 'hammer', 'biscuits', 'box', 'chess piece', 'broom', 'napkin', 'plate', 'key chain', 'milk', 'nail polish', 'drinking cup', 'document folder closed', 'board game', 'bread loaf', 'pepper shaker', 'match', 'bread knife', 'jeans', 'pliers', 'mouse pad', 'makeup', 'nightstand', 'letter opener', 'helmet', 'lettuce', 'first aid kit', 'cellphone', 'book closed', 'multitool', 'ice cube tray', 'cd case', 'necklace', 'coffee grinder', 'baseball glove', 'hand mirror', 'dish soap', 'lampshade', 'nail fastener', 'flour container', 'ladle', 'paper towel', 'iron for clothes', 'cellphone case', 'desk lamp', 'earring', 'butchers knife', 'egg carton', 'plastic wrap', 'bottle opener', 'paper bag', 'pet food container', 'nail file']
Training class stages: [100, 20, 20, 20, 20, 20]
Using CLIP model as the backbone
2026-02-10 13:32:02,832 [instantiator.py] => Created a temporary directory at /tmp/tmpt9enbh5c
2026-02-10 13:32:02,833 [instantiator.py] => Writing /tmp/tmpt9enbh5c/_remote_module_non_scriptable.py
2026-02-10 13:32:02,970 [factory.py] => Loaded ViT-B-16 model config.
2026-02-10 13:32:04,562 [factory.py] => Loading pretrained ViT-B-16 weights (/home/team/zhaohongwei/pretrained_models/open_clip_pytorch_model_laion400m_e32.bin).
/home/team/zhaohongwei/anaconda3/envs/mmcl/lib/python3.10/site-packages/torch/_utils.py:776: UserWarning: TypedStorage is deprecated. It will be removed in the future and UntypedStorage will be the only storage class. This should only matter to you if you are using storages directly.  To access UntypedStorage directly, use tensor.untyped_storage() instead of tensor.storage()
  return self.fget.__get__(instance, owner)()
2026-02-10 13:32:05,596 [l2p.py] => 86,509,256 model total parameters.
2026-02-10 13:32:05,597 [l2p.py] => 146,120 model training parameters.
2026-02-10 13:32:05,597 [l2p.py] => prompt.prompt: 38400
2026-02-10 13:32:05,597 [l2p.py] => prompt.prompt_key: 5120
2026-02-10 13:32:05,597 [l2p.py] => head.weight: 102400
2026-02-10 13:32:05,597 [l2p.py] => head.bias: 200
2026-02-10 13:32:05,597 [l2p.py] => Learning on 0-100

  0%|          | 0/10 [00:00<?, ?it/s]
Task 0, Epoch 1/10 => Loss 2.012, Train_accy 49.11, Test_accy 64.98:   0%|          | 0/10 [05:23<?, ?it/s]
Task 0, Epoch 1/10 => Loss 2.012, Train_accy 49.11, Test_accy 64.98:  10%|█         | 1/10 [05:23<48:28, 323.16s/it]
Task 0, Epoch 2/10 => Loss 0.753, Train_accy 70.27, Test_accy 67.19:  10%|█         | 1/10 [10:45<48:28, 323.16s/it]
Task 0, Epoch 2/10 => Loss 0.753, Train_accy 70.27, Test_accy 67.19:  20%|██        | 2/10 [10:45<43:01, 322.72s/it]
Task 0, Epoch 3/10 => Loss 0.538, Train_accy 75.75, Test_accy 69.36:  20%|██        | 2/10 [16:08<43:01, 322.72s/it]
Task 0, Epoch 3/10 => Loss 0.538, Train_accy 75.75, Test_accy 69.36:  30%|███       | 3/10 [16:08<37:40, 322.95s/it]
Task 0, Epoch 4/10 => Loss 0.409, Train_accy 78.76, Test_accy 69.66:  30%|███       | 3/10 [21:34<37:40, 322.95s/it]
Task 0, Epoch 4/10 => Loss 0.409, Train_accy 78.76, Test_accy 69.66:  40%|████      | 4/10 [21:34<32:24, 324.14s/it]
Task 0, Epoch 5/10 => Loss 0.311, Train_accy 81.61, Test_accy 69.30:  40%|████      | 4/10 [27:01<32:24, 324.14s/it]
Task 0, Epoch 5/10 => Loss 0.311, Train_accy 81.61, Test_accy 69.30:  50%|█████     | 5/10 [27:01<27:05, 325.09s/it]
Task 0, Epoch 6/10 => Loss 0.230, Train_accy 83.92, Test_accy 69.36:  50%|█████     | 5/10 [32:24<27:05, 325.09s/it]
Task 0, Epoch 6/10 => Loss 0.230, Train_accy 83.92, Test_accy 69.36:  60%|██████    | 6/10 [32:24<21:37, 324.40s/it]
Task 0, Epoch 7/10 => Loss 0.165, Train_accy 85.84, Test_accy 68.99:  60%|██████    | 6/10 [37:48<21:37, 324.40s/it]
Task 0, Epoch 7/10 => Loss 0.165, Train_accy 85.84, Test_accy 68.99:  70%|███████   | 7/10 [37:48<16:12, 324.17s/it]
Task 0, Epoch 8/10 => Loss 0.110, Train_accy 87.67, Test_accy 68.96:  70%|███████   | 7/10 [43:13<16:12, 324.17s/it]
Task 0, Epoch 8/10 => Loss 0.110, Train_accy 87.67, Test_accy 68.96:  80%|████████  | 8/10 [43:13<10:48, 324.35s/it]
Task 0, Epoch 9/10 => Loss 0.063, Train_accy 89.23, Test_accy 68.29:  80%|████████  | 8/10 [48:37<10:48, 324.35s/it]
Task 0, Epoch 9/10 => Loss 0.063, Train_accy 89.23, Test_accy 68.29:  90%|█████████ | 9/10 [48:37<05:24, 324.48s/it]
Task 0, Epoch 10/10 => Loss 0.023, Train_accy 90.69, Test_accy 68.78:  90%|█████████ | 9/10 [54:01<05:24, 324.48s/it]
Task 0, Epoch 10/10 => Loss 0.023, Train_accy 90.69, Test_accy 68.78: 100%|██████████| 10/10 [54:01<00:00, 324.35s/it]
Task 0, Epoch 10/10 => Loss 0.023, Train_accy 90.69, Test_accy 68.78: 100%|██████████| 10/10 [54:01<00:00, 324.19s/it]
2026-02-10 14:26:08,017 [l2p.py] => Task 0, Epoch 10/10 => Loss 0.023, Train_accy 90.69, Test_accy 68.78
2026-02-10 14:27:13,886 [trainer.py] => CNN: {'total': 68.78, '00-09': 71.23, '10-19': 69.58, '20-29': 66.77, '30-39': 72.87, '40-49': 70.34, '50-59': 71.9, '60-69': 67.86, '70-79': 58.31, '80-89': 61.18, '90-99': 75.74, 'old': 0, 'new': 68.78, 'harmonic': 0.0}
2026-02-10 14:27:13,887 [trainer.py] => CNN top1 curve: [68.78]
2026-02-10 14:27:13,887 [trainer.py] => CNN top5 curve: [90.03]
2026-02-10 14:27:13,887 [trainer.py] => Average Accuracy (CNN): 68.78
2026-02-10 14:27:13,888 [l2p.py] => Learning on 100-120

  0%|          | 0/10 [00:00<?, ?it/s]
Task 1, Epoch 1/10 => Loss 1.846, Train_accy 50.95, Test_accy 57.32:   0%|          | 0/10 [02:14<?, ?it/s]
Task 1, Epoch 1/10 => Loss 1.846, Train_accy 50.95, Test_accy 57.32:  10%|█         | 1/10 [02:14<20:12, 134.76s/it]
Task 1, Epoch 2/10 => Loss 0.755, Train_accy 77.79, Test_accy 58.92:  10%|█         | 1/10 [04:27<20:12, 134.76s/it]
Task 1, Epoch 2/10 => Loss 0.755, Train_accy 77.79, Test_accy 58.92:  20%|██        | 2/10 [04:27<17:49, 133.72s/it]
Task 1, Epoch 3/10 => Loss 0.405, Train_accy 82.98, Test_accy 59.88:  20%|██        | 2/10 [06:41<17:49, 133.72s/it]
Task 1, Epoch 3/10 => Loss 0.405, Train_accy 82.98, Test_accy 59.88:  30%|███       | 3/10 [06:41<15:36, 133.85s/it]
Task 1, Epoch 4/10 => Loss 0.215, Train_accy 87.47, Test_accy 60.87:  30%|███       | 3/10 [08:55<15:36, 133.85s/it]
Task 1, Epoch 4/10 => Loss 0.215, Train_accy 87.47, Test_accy 60.87:  40%|████      | 4/10 [08:55<13:22, 133.74s/it]
Task 1, Epoch 5/10 => Loss 0.097, Train_accy 89.62, Test_accy 61.42:  40%|████      | 4/10 [11:09<13:22, 133.74s/it]
Task 1, Epoch 5/10 => Loss 0.097, Train_accy 89.62, Test_accy 61.42:  50%|█████     | 5/10 [11:09<11:09, 133.98s/it]
Task 1, Epoch 6/10 => Loss 0.018, Train_accy 91.10, Test_accy 62.06:  50%|█████     | 5/10 [13:22<11:09, 133.98s/it]
Task 1, Epoch 6/10 => Loss 0.018, Train_accy 91.10, Test_accy 62.06:  60%|██████    | 6/10 [13:22<08:54, 133.70s/it]
Task 1, Epoch 7/10 => Loss -0.047, Train_accy 92.66, Test_accy 61.40:  60%|██████    | 6/10 [15:39<08:54, 133.70s/it]
Task 1, Epoch 7/10 => Loss -0.047, Train_accy 92.66, Test_accy 61.40:  70%|███████   | 7/10 [15:39<06:43, 134.51s/it]
Task 1, Epoch 8/10 => Loss -0.095, Train_accy 94.03, Test_accy 60.66:  70%|███████   | 7/10 [17:53<06:43, 134.51s/it]
Task 1, Epoch 8/10 => Loss -0.095, Train_accy 94.03, Test_accy 60.66:  80%|████████  | 8/10 [17:53<04:28, 134.35s/it]
Task 1, Epoch 9/10 => Loss -0.128, Train_accy 94.59, Test_accy 61.22:  80%|████████  | 8/10 [20:08<04:28, 134.35s/it]
Task 1, Epoch 9/10 => Loss -0.128, Train_accy 94.59, Test_accy 61.22:  90%|█████████ | 9/10 [20:08<02:14, 134.61s/it]
Task 1, Epoch 10/10 => Loss -0.155, Train_accy 95.96, Test_accy 61.80:  90%|█████████ | 9/10 [22:21<02:14, 134.61s/it]
Task 1, Epoch 10/10 => Loss -0.155, Train_accy 95.96, Test_accy 61.80: 100%|██████████| 10/10 [22:21<00:00, 134.27s/it]
Task 1, Epoch 10/10 => Loss -0.155, Train_accy 95.96, Test_accy 61.80: 100%|██████████| 10/10 [22:21<00:00, 134.18s/it]
2026-02-10 14:49:35,691 [l2p.py] => Task 1, Epoch 10/10 => Loss -0.155, Train_accy 95.96, Test_accy 61.80
2026-02-10 14:50:54,046 [trainer.py] => CNN: {'total': 61.8, '00-09': 68.16, '10-19': 64.69, '20-29': 62.73, '30-39': 65.3, '40-49': 66.06, '50-59': 69.93, '60-69': 67.31, '70-79': 54.38, '80-89': 53.73, '90-99': 72.78, '100-109': 40.66, '110-119': 52.28, 'old': 64.86, 'new': 47.05, 'harmonic': 54.54}
2026-02-10 14:50:54,047 [trainer.py] => CNN top1 curve: [68.78, 61.8]
2026-02-10 14:50:54,047 [trainer.py] => CNN top5 curve: [90.03, 86.47]
2026-02-10 14:50:54,047 [trainer.py] => Average Accuracy (CNN): 65.28999999999999
2026-02-10 14:50:54,047 [l2p.py] => Learning on 120-140

  0%|          | 0/10 [00:00<?, ?it/s]
Task 2, Epoch 1/10 => Loss 0.875, Train_accy 71.80, Test_accy 52.37:   0%|          | 0/10 [02:23<?, ?it/s]
Task 2, Epoch 1/10 => Loss 0.875, Train_accy 71.80, Test_accy 52.37:  10%|█         | 1/10 [02:23<21:31, 143.51s/it]
Task 2, Epoch 2/10 => Loss 0.207, Train_accy 85.09, Test_accy 52.89:  10%|█         | 1/10 [04:48<21:31, 143.51s/it]
Task 2, Epoch 2/10 => Loss 0.207, Train_accy 85.09, Test_accy 52.89:  20%|██        | 2/10 [04:48<19:17, 144.63s/it]
Task 2, Epoch 3/10 => Loss 0.085, Train_accy 88.30, Test_accy 53.91:  20%|██        | 2/10 [07:13<19:17, 144.63s/it]
Task 2, Epoch 3/10 => Loss 0.085, Train_accy 88.30, Test_accy 53.91:  30%|███       | 3/10 [07:13<16:52, 144.61s/it]
Task 2, Epoch 4/10 => Loss 0.015, Train_accy 90.19, Test_accy 53.87:  30%|███       | 3/10 [09:38<16:52, 144.61s/it]
Task 2, Epoch 4/10 => Loss 0.015, Train_accy 90.19, Test_accy 53.87:  40%|████      | 4/10 [09:38<14:28, 144.80s/it]
Task 2, Epoch 5/10 => Loss -0.031, Train_accy 91.46, Test_accy 54.11:  40%|████      | 4/10 [12:02<14:28, 144.80s/it]
Task 2, Epoch 5/10 => Loss -0.031, Train_accy 91.46, Test_accy 54.11:  50%|█████     | 5/10 [12:02<12:03, 144.62s/it]
Task 2, Epoch 6/10 => Loss -0.065, Train_accy 92.58, Test_accy 55.73:  50%|█████     | 5/10 [14:26<12:03, 144.62s/it]
Task 2, Epoch 6/10 => Loss -0.065, Train_accy 92.58, Test_accy 55.73:  60%|██████    | 6/10 [14:26<09:37, 144.31s/it]
Task 2, Epoch 7/10 => Loss -0.096, Train_accy 93.40, Test_accy 55.60:  60%|██████    | 6/10 [16:52<09:37, 144.31s/it]
Task 2, Epoch 7/10 => Loss -0.096, Train_accy 93.40, Test_accy 55.60:  70%|███████   | 7/10 [16:52<07:14, 144.70s/it]
Task 2, Epoch 8/10 => Loss -0.132, Train_accy 94.82, Test_accy 56.15:  70%|███████   | 7/10 [19:15<07:14, 144.70s/it]
Task 2, Epoch 8/10 => Loss -0.132, Train_accy 94.82, Test_accy 56.15:  80%|████████  | 8/10 [19:15<04:48, 144.44s/it]
Task 2, Epoch 9/10 => Loss -0.148, Train_accy 95.29, Test_accy 56.43:  80%|████████  | 8/10 [21:39<04:48, 144.44s/it]
Task 2, Epoch 9/10 => Loss -0.148, Train_accy 95.29, Test_accy 56.43:  90%|█████████ | 9/10 [21:39<02:24, 144.04s/it]
Task 2, Epoch 10/10 => Loss -0.177, Train_accy 96.06, Test_accy 57.62:  90%|█████████ | 9/10 [24:05<02:24, 144.04s/it]
Task 2, Epoch 10/10 => Loss -0.177, Train_accy 96.06, Test_accy 57.62: 100%|██████████| 10/10 [24:05<00:00, 144.86s/it]
Task 2, Epoch 10/10 => Loss -0.177, Train_accy 96.06, Test_accy 57.62: 100%|██████████| 10/10 [24:05<00:00, 144.59s/it]
2026-02-10 15:14:59,924 [l2p.py] => Task 2, Epoch 10/10 => Loss -0.177, Train_accy 96.06, Test_accy 57.62
2026-02-10 15:16:29,847 [trainer.py] => CNN: {'total': 57.62, '00-09': 67.69, '10-19': 61.89, '20-29': 62.73, '30-39': 67.19, '40-49': 67.89, '50-59': 71.24, '60-69': 64.29, '70-79': 54.68, '80-89': 58.82, '90-99': 67.16, '100-109': 40.66, '110-119': 48.79, '120-129': 39.47, '130-139': 32.82, 'old': 61.22, 'new': 36.24, 'harmonic': 45.53}
2026-02-10 15:16:29,848 [trainer.py] => CNN top1 curve: [68.78, 61.8, 57.62]
2026-02-10 15:16:29,848 [trainer.py] => CNN top5 curve: [90.03, 86.47, 84.35]
2026-02-10 15:16:29,848 [trainer.py] => Average Accuracy (CNN): 62.73333333333333
2026-02-10 15:16:29,849 [l2p.py] => Learning on 140-160

  0%|          | 0/10 [00:00<?, ?it/s]
Task 3, Epoch 1/10 => Loss 0.895, Train_accy 70.44, Test_accy 49.48:   0%|          | 0/10 [02:41<?, ?it/s]
Task 3, Epoch 1/10 => Loss 0.895, Train_accy 70.44, Test_accy 49.48:  10%|█         | 1/10 [02:41<24:09, 161.09s/it]
Task 3, Epoch 2/10 => Loss 0.239, Train_accy 83.20, Test_accy 49.08:  10%|█         | 1/10 [05:24<24:09, 161.09s/it]
Task 3, Epoch 2/10 => Loss 0.239, Train_accy 83.20, Test_accy 49.08:  20%|██        | 2/10 [05:24<21:40, 162.55s/it]
Task 3, Epoch 3/10 => Loss 0.131, Train_accy 85.75, Test_accy 49.59:  20%|██        | 2/10 [08:05<21:40, 162.55s/it]
Task 3, Epoch 3/10 => Loss 0.131, Train_accy 85.75, Test_accy 49.59:  30%|███       | 3/10 [08:05<18:51, 161.59s/it]
Task 3, Epoch 4/10 => Loss 0.067, Train_accy 87.41, Test_accy 49.44:  30%|███       | 3/10 [10:46<18:51, 161.59s/it]
Task 3, Epoch 4/10 => Loss 0.067, Train_accy 87.41, Test_accy 49.44:  40%|████      | 4/10 [10:46<16:08, 161.35s/it]
Task 3, Epoch 5/10 => Loss 0.022, Train_accy 89.59, Test_accy 50.43:  40%|████      | 4/10 [13:27<16:08, 161.35s/it]
Task 3, Epoch 5/10 => Loss 0.022, Train_accy 89.59, Test_accy 50.43:  50%|█████     | 5/10 [13:27<13:26, 161.30s/it]
Task 3, Epoch 6/10 => Loss -0.019, Train_accy 91.01, Test_accy 50.36:  50%|█████     | 5/10 [16:09<13:26, 161.30s/it]
Task 3, Epoch 6/10 => Loss -0.019, Train_accy 91.01, Test_accy 50.36:  60%|██████    | 6/10 [16:09<10:46, 161.74s/it]
Task 3, Epoch 7/10 => Loss -0.057, Train_accy 91.80, Test_accy 50.71:  60%|██████    | 6/10 [18:51<10:46, 161.74s/it]
Task 3, Epoch 7/10 => Loss -0.057, Train_accy 91.80, Test_accy 50.71:  70%|███████   | 7/10 [18:51<08:05, 161.82s/it]
Task 3, Epoch 8/10 => Loss -0.086, Train_accy 92.70, Test_accy 51.96:  70%|███████   | 7/10 [21:32<08:05, 161.82s/it]
Task 3, Epoch 8/10 => Loss -0.086, Train_accy 92.70, Test_accy 51.96:  80%|████████  | 8/10 [21:32<05:23, 161.58s/it]
Task 3, Epoch 9/10 => Loss -0.115, Train_accy 93.85, Test_accy 51.93:  80%|████████  | 8/10 [24:14<05:23, 161.58s/it]
Task 3, Epoch 9/10 => Loss -0.115, Train_accy 93.85, Test_accy 51.93:  90%|█████████ | 9/10 [24:14<02:41, 161.54s/it]
Task 3, Epoch 10/10 => Loss -0.142, Train_accy 95.16, Test_accy 52.39:  90%|█████████ | 9/10 [26:57<02:41, 161.54s/it]
Task 3, Epoch 10/10 => Loss -0.142, Train_accy 95.16, Test_accy 52.39: 100%|██████████| 10/10 [26:57<00:00, 161.89s/it]
Task 3, Epoch 10/10 => Loss -0.142, Train_accy 95.16, Test_accy 52.39: 100%|██████████| 10/10 [26:57<00:00, 161.71s/it]
2026-02-10 15:43:26,941 [l2p.py] => Task 3, Epoch 10/10 => Loss -0.142, Train_accy 95.16, Test_accy 52.39
2026-02-10 15:45:10,911 [trainer.py] => CNN: {'total': 52.39, '00-09': 65.33, '10-19': 66.08, '20-29': 64.91, '30-39': 67.51, '40-49': 62.69, '50-59': 68.63, '60-69': 62.36, '70-79': 52.57, '80-89': 56.08, '90-99': 63.91, '100-109': 42.3, '110-119': 49.6, '120-129': 36.84, '130-139': 28.48, '140-149': 26.27, '150-159': 29.83, 'old': 56.28, 'new': 28.03, 'harmonic': 37.42}
2026-02-10 15:45:10,912 [trainer.py] => CNN top1 curve: [68.78, 61.8, 57.62, 52.39]
2026-02-10 15:45:10,912 [trainer.py] => CNN top5 curve: [90.03, 86.47, 84.35, 81.92]
2026-02-10 15:45:10,912 [trainer.py] => Average Accuracy (CNN): 60.147499999999994
2026-02-10 15:45:10,912 [l2p.py] => Learning on 160-180

  0%|          | 0/10 [00:00<?, ?it/s]
Task 4, Epoch 1/10 => Loss 1.020, Train_accy 64.63, Test_accy 46.51:   0%|          | 0/10 [02:45<?, ?it/s]
Task 4, Epoch 1/10 => Loss 1.020, Train_accy 64.63, Test_accy 46.51:  10%|█         | 1/10 [02:45<24:52, 165.88s/it]
Task 4, Epoch 2/10 => Loss 0.358, Train_accy 80.50, Test_accy 46.48:  10%|█         | 1/10 [05:31<24:52, 165.88s/it]
Task 4, Epoch 2/10 => Loss 0.358, Train_accy 80.50, Test_accy 46.48:  20%|██        | 2/10 [05:31<22:05, 165.67s/it]
Task 4, Epoch 3/10 => Loss 0.240, Train_accy 82.69, Test_accy 47.08:  20%|██        | 2/10 [08:17<22:05, 165.67s/it]
Task 4, Epoch 3/10 => Loss 0.240, Train_accy 82.69, Test_accy 47.08:  30%|███       | 3/10 [08:17<19:20, 165.85s/it]
Task 4, Epoch 4/10 => Loss 0.160, Train_accy 85.13, Test_accy 47.01:  30%|███       | 3/10 [11:03<19:20, 165.85s/it]
Task 4, Epoch 4/10 => Loss 0.160, Train_accy 85.13, Test_accy 47.01:  40%|████      | 4/10 [11:03<16:34, 165.82s/it]
Task 4, Epoch 5/10 => Loss 0.098, Train_accy 86.77, Test_accy 47.28:  40%|████      | 4/10 [13:50<16:34, 165.82s/it]
Task 4, Epoch 5/10 => Loss 0.098, Train_accy 86.77, Test_accy 47.28:  50%|█████     | 5/10 [13:50<13:51, 166.23s/it]
Task 4, Epoch 6/10 => Loss 0.056, Train_accy 88.61, Test_accy 47.93:  50%|█████     | 5/10 [16:35<13:51, 166.23s/it]
Task 4, Epoch 6/10 => Loss 0.056, Train_accy 88.61, Test_accy 47.93:  60%|██████    | 6/10 [16:35<11:03, 165.81s/it]
Task 4, Epoch 7/10 => Loss 0.020, Train_accy 89.97, Test_accy 48.35:  60%|██████    | 6/10 [19:20<11:03, 165.81s/it]
Task 4, Epoch 7/10 => Loss 0.020, Train_accy 89.97, Test_accy 48.35:  70%|███████   | 7/10 [19:20<08:17, 165.79s/it]
Task 4, Epoch 8/10 => Loss -0.011, Train_accy 91.25, Test_accy 48.17:  70%|███████   | 7/10 [22:07<08:17, 165.79s/it]
Task 4, Epoch 8/10 => Loss -0.011, Train_accy 91.25, Test_accy 48.17:  80%|████████  | 8/10 [22:07<05:32, 166.00s/it]
Task 4, Epoch 9/10 => Loss -0.035, Train_accy 91.53, Test_accy 48.54:  80%|████████  | 8/10 [24:54<05:32, 166.00s/it]
Task 4, Epoch 9/10 => Loss -0.035, Train_accy 91.53, Test_accy 48.54:  90%|█████████ | 9/10 [24:54<02:46, 166.26s/it]
Task 4, Epoch 10/10 => Loss -0.067, Train_accy 92.89, Test_accy 48.70:  90%|█████████ | 9/10 [27:40<02:46, 166.26s/it]
Task 4, Epoch 10/10 => Loss -0.067, Train_accy 92.89, Test_accy 48.70: 100%|██████████| 10/10 [27:40<00:00, 166.12s/it]
Task 4, Epoch 10/10 => Loss -0.067, Train_accy 92.89, Test_accy 48.70: 100%|██████████| 10/10 [27:40<00:00, 166.00s/it]
2026-02-10 16:12:50,963 [l2p.py] => Task 4, Epoch 10/10 => Loss -0.067, Train_accy 92.89, Test_accy 48.70
2026-02-10 16:14:46,699 [trainer.py] => CNN: {'total': 48.7, '00-09': 66.75, '10-19': 63.29, '20-29': 60.87, '30-39': 68.77, '40-49': 63.0, '50-59': 69.28, '60-69': 62.09, '70-79': 55.29, '80-89': 58.82, '90-99': 63.02, '100-109': 37.05, '110-119': 44.77, '120-129': 36.84, '130-139': 28.48, '140-149': 25.74, '150-159': 26.8, '160-169': 24.92, '170-179': 23.33, 'old': 51.59, 'new': 24.17, 'harmonic': 32.92}
2026-02-10 16:14:46,699 [trainer.py] => CNN top1 curve: [68.78, 61.8, 57.62, 52.39, 48.7]
2026-02-10 16:14:46,699 [trainer.py] => CNN top5 curve: [90.03, 86.47, 84.35, 81.92, 79.34]
2026-02-10 16:14:46,700 [trainer.py] => Average Accuracy (CNN): 57.85799999999999
2026-02-10 16:14:46,700 [l2p.py] => Learning on 180-200

  0%|          | 0/10 [00:00<?, ?it/s]
Task 5, Epoch 1/10 => Loss 0.997, Train_accy 66.88, Test_accy 44.09:   0%|          | 0/10 [03:03<?, ?it/s]
Task 5, Epoch 1/10 => Loss 0.997, Train_accy 66.88, Test_accy 44.09:  10%|█         | 1/10 [03:03<27:32, 183.66s/it]
Task 5, Epoch 2/10 => Loss 0.307, Train_accy 81.20, Test_accy 44.67:  10%|█         | 1/10 [06:06<27:32, 183.66s/it]
Task 5, Epoch 2/10 => Loss 0.307, Train_accy 81.20, Test_accy 44.67:  20%|██        | 2/10 [06:06<24:24, 183.12s/it]
Task 5, Epoch 3/10 => Loss 0.178, Train_accy 84.62, Test_accy 44.90:  20%|██        | 2/10 [09:09<24:24, 183.12s/it]
Task 5, Epoch 3/10 => Loss 0.178, Train_accy 84.62, Test_accy 44.90:  30%|███       | 3/10 [09:09<21:22, 183.16s/it]
Task 5, Epoch 4/10 => Loss 0.111, Train_accy 86.38, Test_accy 45.23:  30%|███       | 3/10 [12:11<21:22, 183.16s/it]
Task 5, Epoch 4/10 => Loss 0.111, Train_accy 86.38, Test_accy 45.23:  40%|████      | 4/10 [12:11<18:16, 182.81s/it]
Task 5, Epoch 5/10 => Loss 0.038, Train_accy 89.36, Test_accy 45.53:  40%|████      | 4/10 [15:14<18:16, 182.81s/it]
Task 5, Epoch 5/10 => Loss 0.038, Train_accy 89.36, Test_accy 45.53:  50%|█████     | 5/10 [15:14<15:13, 182.78s/it]
Task 5, Epoch 6/10 => Loss -0.007, Train_accy 90.50, Test_accy 45.93:  50%|█████     | 5/10 [18:18<15:13, 182.78s/it]
Task 5, Epoch 6/10 => Loss -0.007, Train_accy 90.50, Test_accy 45.93:  60%|██████    | 6/10 [18:18<12:12, 183.10s/it]
Task 5, Epoch 7/10 => Loss -0.049, Train_accy 91.92, Test_accy 46.38:  60%|██████    | 6/10 [21:21<12:12, 183.10s/it]
Task 5, Epoch 7/10 => Loss -0.049, Train_accy 91.92, Test_accy 46.38:  70%|███████   | 7/10 [21:21<09:08, 183.00s/it]
Task 5, Epoch 8/10 => Loss -0.085, Train_accy 93.41, Test_accy 46.38:  70%|███████   | 7/10 [24:24<09:08, 183.00s/it]
Task 5, Epoch 8/10 => Loss -0.085, Train_accy 93.41, Test_accy 46.38:  80%|████████  | 8/10 [24:24<06:06, 183.04s/it]
Task 5, Epoch 9/10 => Loss -0.107, Train_accy 93.96, Test_accy 47.07:  80%|████████  | 8/10 [27:25<06:06, 183.04s/it]
Task 5, Epoch 9/10 => Loss -0.107, Train_accy 93.96, Test_accy 47.07:  90%|█████████ | 9/10 [27:25<03:02, 182.54s/it]
Task 5, Epoch 10/10 => Loss -0.134, Train_accy 95.13, Test_accy 47.19:  90%|█████████ | 9/10 [30:27<03:02, 182.54s/it]
Task 5, Epoch 10/10 => Loss -0.134, Train_accy 95.13, Test_accy 47.19: 100%|██████████| 10/10 [30:27<00:00, 182.38s/it]
Task 5, Epoch 10/10 => Loss -0.134, Train_accy 95.13, Test_accy 47.19: 100%|██████████| 10/10 [30:27<00:00, 182.77s/it]
2026-02-10 16:45:14,431 [l2p.py] => Task 5, Epoch 10/10 => Loss -0.134, Train_accy 95.13, Test_accy 47.19
2026-02-10 16:47:23,754 [trainer.py] => CNN: {'total': 47.19, '00-09': 66.51, '10-19': 68.88, '20-29': 63.98, '30-39': 70.66, '40-49': 63.91, '50-59': 67.97, '60-69': 63.74, '70-79': 54.38, '80-89': 55.29, '90-99': 63.31, '100-109': 39.67, '110-119': 46.92, '120-129': 35.38, '130-139': 29.41, '140-149': 26.54, '150-159': 26.8, '160-169': 22.49, '170-179': 21.0, '180-189': 34.49, '190-199': 25.0, 'old': 49.16, 'new': 29.19, 'harmonic': 36.63}
2026-02-10 16:47:23,755 [trainer.py] => CNN top1 curve: [68.78, 61.8, 57.62, 52.39, 48.7, 47.19]
2026-02-10 16:47:23,755 [trainer.py] => CNN top5 curve: [90.03, 86.47, 84.35, 81.92, 79.34, 77.75]
2026-02-10 16:47:23,755 [trainer.py] => Average Accuracy (CNN): 56.07999999999999

========================================
Finished objectnet_init100_inc20
Backbone: OpenCLIP_LAION400M
Average Accuracy (Top1): 56.08
Last Accuracy: 47.19
========================================


