nohup: 忽略输入
Files already downloaded and verified
<continuum.scenarios.class_incremental.ClassIncremental object at 0x7fecf91fcbb0> <continuum.scenarios.class_incremental.ClassIncremental object at 0x7fecf91fcbb0>
Files already downloaded and verified
Evaluation for task 0 has started.
['television', 'apple', 'oak_tree', 'pickup_truck', 'lizard']

  0%|          | 0/21 [00:00<?, ?it/s]
  5%|▍         | 1/21 [00:01<00:39,  1.95s/it]
 10%|▉         | 2/21 [00:02<00:22,  1.18s/it]
 14%|█▍        | 3/21 [00:03<00:20,  1.12s/it]
 19%|█▉        | 4/21 [00:04<00:18,  1.09s/it]
 24%|██▍       | 5/21 [00:05<00:17,  1.08s/it]
 29%|██▊       | 6/21 [00:06<00:16,  1.07s/it]
 33%|███▎      | 7/21 [00:07<00:14,  1.06s/it]
 38%|███▊      | 8/21 [00:08<00:13,  1.06s/it]
 43%|████▎     | 9/21 [00:09<00:12,  1.06s/it]
 48%|████▊     | 10/21 [00:11<00:11,  1.06s/it]
 52%|█████▏    | 11/21 [00:12<00:10,  1.06s/it]
 57%|█████▋    | 12/21 [00:13<00:09,  1.06s/it]
 62%|██████▏   | 13/21 [00:14<00:08,  1.06s/it]
 67%|██████▋   | 14/21 [00:15<00:07,  1.05s/it]
 71%|███████▏  | 15/21 [00:16<00:06,  1.06s/it]
 76%|███████▌  | 16/21 [00:17<00:05,  1.06s/it]
 81%|████████  | 17/21 [00:18<00:04,  1.06s/it]
 86%|████████▌ | 18/21 [00:19<00:03,  1.06s/it]
 90%|█████████ | 19/21 [00:20<00:02,  1.06s/it]
 95%|█████████▌| 20/21 [00:21<00:00,  1.02it/s]
100%|██████████| 21/21 [00:22<00:00,  1.09s/it]
100%|██████████| 21/21 [00:22<00:00,  1.08s/it]

  0%|          | 0/8 [00:00<?, ?it/s]
 12%|█▎        | 1/8 [00:00<00:03,  1.96it/s]
 25%|██▌       | 2/8 [00:00<00:02,  2.52it/s]
 38%|███▊      | 3/8 [00:01<00:01,  2.74it/s]
 50%|█████     | 4/8 [00:01<00:01,  2.85it/s]
 62%|██████▎   | 5/8 [00:01<00:01,  2.91it/s]
 75%|███████▌  | 6/8 [00:02<00:00,  2.98it/s]
 88%|████████▊ | 7/8 [00:02<00:00,  2.77it/s]
100%|██████████| 8/8 [00:02<00:00,  2.93it/s]
100%|██████████| 8/8 [00:02<00:00,  2.81it/s]
Evaluation for task 1 has started.
['trout', 'road', 'wolf', 'mushroom', 'camel']

  0%|          | 0/21 [00:00<?, ?it/s]
  5%|▍         | 1/21 [00:01<00:22,  1.11s/it]
 10%|▉         | 2/21 [00:01<00:18,  1.04it/s]
 14%|█▍        | 3/21 [00:03<00:18,  1.00s/it]
 19%|█▉        | 4/21 [00:04<00:17,  1.03s/it]
 24%|██▍       | 5/21 [00:05<00:16,  1.04s/it]
 29%|██▊       | 6/21 [00:06<00:15,  1.05s/it]
 33%|███▎      | 7/21 [00:07<00:14,  1.05s/it]
 38%|███▊      | 8/21 [00:08<00:13,  1.06s/it]
 43%|████▎     | 9/21 [00:09<00:12,  1.06s/it]
 48%|████▊     | 10/21 [00:10<00:11,  1.06s/it]
 52%|█████▏    | 11/21 [00:11<00:10,  1.06s/it]
 57%|█████▋    | 12/21 [00:12<00:09,  1.06s/it]
 62%|██████▏   | 13/21 [00:13<00:08,  1.06s/it]
 67%|██████▋   | 14/21 [00:14<00:07,  1.06s/it]
 71%|███████▏  | 15/21 [00:15<00:06,  1.06s/it]
 76%|███████▌  | 16/21 [00:16<00:05,  1.06s/it]
 81%|████████  | 17/21 [00:17<00:04,  1.06s/it]
 86%|████████▌ | 18/21 [00:18<00:03,  1.06s/it]
 90%|█████████ | 19/21 [00:19<00:02,  1.06s/it]
 95%|█████████▌| 20/21 [00:20<00:00,  1.02it/s]
100%|██████████| 21/21 [00:22<00:00,  1.10s/it]
100%|██████████| 21/21 [00:22<00:00,  1.05s/it]

  0%|          | 0/16 [00:00<?, ?it/s]
  6%|▋         | 1/16 [00:00<00:07,  1.97it/s]
 12%|█▎        | 2/16 [00:00<00:05,  2.43it/s]
 19%|█▉        | 3/16 [00:01<00:04,  2.64it/s]
 25%|██▌       | 4/16 [00:01<00:04,  2.75it/s]
 31%|███▏      | 5/16 [00:01<00:03,  2.81it/s]
 38%|███▊      | 6/16 [00:02<00:03,  2.85it/s]
 44%|████▍     | 7/16 [00:02<00:03,  2.87it/s]
 50%|█████     | 8/16 [00:02<00:02,  2.87it/s]
 56%|█████▋    | 9/16 [00:03<00:02,  2.62it/s]
 62%|██████▎   | 10/16 [00:03<00:02,  2.67it/s]
 69%|██████▉   | 11/16 [00:04<00:01,  2.73it/s]
 75%|███████▌  | 12/16 [00:04<00:01,  2.78it/s]
 81%|████████▏ | 13/16 [00:04<00:01,  2.78it/s]
 88%|████████▊ | 14/16 [00:05<00:00,  2.79it/s]
 94%|█████████▍| 15/16 [00:05<00:00,  2.77it/s]
100%|██████████| 16/16 [00:05<00:00,  3.13it/s]
100%|██████████| 16/16 [00:05<00:00,  2.80it/s]
Evaluation for task 2 has started.
['wardrobe', 'tulip', 'bowl', 'seal', 'mountain']

  0%|          | 0/21 [00:00<?, ?it/s]
  5%|▍         | 1/21 [00:01<00:23,  1.15s/it]
 10%|▉         | 2/21 [00:02<00:18,  1.02it/s]
 14%|█▍        | 3/21 [00:03<00:18,  1.02s/it]
 19%|█▉        | 4/21 [00:04<00:17,  1.03s/it]
 24%|██▍       | 5/21 [00:05<00:16,  1.04s/it]
 29%|██▊       | 6/21 [00:06<00:15,  1.05s/it]
 33%|███▎      | 7/21 [00:07<00:14,  1.05s/it]
 38%|███▊      | 8/21 [00:08<00:13,  1.05s/it]
 43%|████▎     | 9/21 [00:09<00:12,  1.05s/it]
 48%|████▊     | 10/21 [00:10<00:11,  1.05s/it]
 52%|█████▏    | 11/21 [00:11<00:10,  1.05s/it]
 57%|█████▋    | 12/21 [00:12<00:09,  1.05s/it]
 62%|██████▏   | 13/21 [00:13<00:08,  1.05s/it]
 67%|██████▋   | 14/21 [00:14<00:07,  1.05s/it]
 71%|███████▏  | 15/21 [00:15<00:06,  1.05s/it]
 76%|███████▌  | 16/21 [00:16<00:05,  1.05s/it]
 81%|████████  | 17/21 [00:17<00:04,  1.05s/it]
 86%|████████▌ | 18/21 [00:18<00:03,  1.05s/it]
 90%|█████████ | 19/21 [00:19<00:02,  1.05s/it]
 95%|█████████▌| 20/21 [00:20<00:00,  1.03it/s]
100%|██████████| 21/21 [00:22<00:00,  1.08s/it]
100%|██████████| 21/21 [00:22<00:00,  1.05s/it]

  0%|          | 0/24 [00:00<?, ?it/s]
  4%|▍         | 1/24 [00:00<00:12,  1.86it/s]
  8%|▊         | 2/24 [00:00<00:09,  2.36it/s]
 12%|█▎        | 3/24 [00:01<00:08,  2.53it/s]
 17%|█▋        | 4/24 [00:01<00:07,  2.67it/s]
 21%|██        | 5/24 [00:01<00:07,  2.67it/s]
 25%|██▌       | 6/24 [00:02<00:06,  2.73it/s]
 29%|██▉       | 7/24 [00:02<00:06,  2.72it/s]
 33%|███▎      | 8/24 [00:03<00:05,  2.78it/s]
 38%|███▊      | 9/24 [00:03<00:05,  2.77it/s]
 42%|████▏     | 10/24 [00:03<00:04,  2.80it/s]
 46%|████▌     | 11/24 [00:04<00:04,  2.82it/s]
 50%|█████     | 12/24 [00:04<00:04,  2.77it/s]
 54%|█████▍    | 13/24 [00:04<00:03,  2.81it/s]
 58%|█████▊    | 14/24 [00:05<00:03,  2.84it/s]
 62%|██████▎   | 15/24 [00:05<00:03,  2.86it/s]
 67%|██████▋   | 16/24 [00:05<00:02,  2.88it/s]
 71%|███████   | 17/24 [00:06<00:02,  2.89it/s]
 75%|███████▌  | 18/24 [00:06<00:02,  2.90it/s]
 79%|███████▉  | 19/24 [00:06<00:01,  2.90it/s]
 83%|████████▎ | 20/24 [00:07<00:01,  2.90it/s]
 88%|████████▊ | 21/24 [00:07<00:01,  2.91it/s]
 92%|█████████▏| 22/24 [00:07<00:00,  2.91it/s]
 96%|█████████▌| 23/24 [00:08<00:00,  2.91it/s]
100%|██████████| 24/24 [00:08<00:00,  3.39it/s]
100%|██████████| 24/24 [00:08<00:00,  2.85it/s]
Evaluation for task 3 has started.
['snake', 'plate', 'butterfly', 'bicycle', 'telephone']

  0%|          | 0/21 [00:00<?, ?it/s]
  5%|▍         | 1/21 [00:01<00:23,  1.15s/it]
 10%|▉         | 2/21 [00:02<00:18,  1.02it/s]
 14%|█▍        | 3/21 [00:03<00:18,  1.01s/it]
 19%|█▉        | 4/21 [00:04<00:17,  1.03s/it]
 24%|██▍       | 5/21 [00:05<00:16,  1.04s/it]
 29%|██▊       | 6/21 [00:06<00:15,  1.04s/it]
 33%|███▎      | 7/21 [00:07<00:14,  1.05s/it]
 38%|███▊      | 8/21 [00:08<00:13,  1.05s/it]
 43%|████▎     | 9/21 [00:09<00:12,  1.05s/it]
 48%|████▊     | 10/21 [00:10<00:11,  1.05s/it]
 52%|█████▏    | 11/21 [00:11<00:10,  1.05s/it]
 57%|█████▋    | 12/21 [00:12<00:09,  1.05s/it]
 62%|██████▏   | 13/21 [00:13<00:08,  1.05s/it]
 67%|██████▋   | 14/21 [00:14<00:07,  1.06s/it]
 71%|███████▏  | 15/21 [00:15<00:06,  1.06s/it]
 76%|███████▌  | 16/21 [00:16<00:05,  1.06s/it]
 81%|████████  | 17/21 [00:17<00:04,  1.06s/it]
 86%|████████▌ | 18/21 [00:18<00:03,  1.06s/it]
 90%|█████████ | 19/21 [00:19<00:02,  1.06s/it]
 95%|█████████▌| 20/21 [00:20<00:00,  1.02it/s]
100%|██████████| 21/21 [00:22<00:00,  1.09s/it]
100%|██████████| 21/21 [00:22<00:00,  1.05s/it]

  0%|          | 0/32 [00:00<?, ?it/s]
  3%|▎         | 1/32 [00:00<00:16,  1.83it/s]
  6%|▋         | 2/32 [00:00<00:13,  2.29it/s]
  9%|▉         | 3/32 [00:01<00:11,  2.52it/s]
 12%|█▎        | 4/32 [00:01<00:10,  2.64it/s]
 16%|█▌        | 5/32 [00:01<00:09,  2.73it/s]
 19%|█▉        | 6/32 [00:02<00:09,  2.78it/s]
 22%|██▏       | 7/32 [00:02<00:08,  2.82it/s]
 25%|██▌       | 8/32 [00:02<00:08,  2.85it/s]
 28%|██▊       | 9/32 [00:03<00:08,  2.86it/s]
 31%|███▏      | 10/32 [00:03<00:07,  2.87it/s]
 34%|███▍      | 11/32 [00:04<00:07,  2.88it/s]
 38%|███▊      | 12/32 [00:04<00:06,  2.89it/s]
 41%|████      | 13/32 [00:04<00:06,  2.89it/s]
 44%|████▍     | 14/32 [00:05<00:06,  2.89it/s]
 47%|████▋     | 15/32 [00:05<00:06,  2.83it/s]
 50%|█████     | 16/32 [00:05<00:05,  2.84it/s]
 53%|█████▎    | 17/32 [00:06<00:05,  2.86it/s]
 56%|█████▋    | 18/32 [00:06<00:04,  2.85it/s]
 59%|█████▉    | 19/32 [00:06<00:04,  2.86it/s]
 62%|██████▎   | 20/32 [00:07<00:04,  2.88it/s]
 66%|██████▌   | 21/32 [00:07<00:03,  2.89it/s]
 69%|██████▉   | 22/32 [00:07<00:03,  2.90it/s]
 72%|███████▏  | 23/32 [00:08<00:03,  2.90it/s]
 75%|███████▌  | 24/32 [00:08<00:02,  2.91it/s]
 78%|███████▊  | 25/32 [00:08<00:02,  2.91it/s]
 81%|████████▏ | 26/32 [00:09<00:02,  2.82it/s]
 84%|████████▍ | 27/32 [00:09<00:01,  2.84it/s]
 88%|████████▊ | 28/32 [00:09<00:01,  2.86it/s]
 91%|█████████ | 29/32 [00:10<00:01,  2.83it/s]
 94%|█████████▍| 30/32 [00:10<00:00,  2.73it/s]
 97%|█████████▋| 31/32 [00:11<00:00,  2.77it/s]
100%|██████████| 32/32 [00:11<00:00,  3.44it/s]
100%|██████████| 32/32 [00:11<00:00,  2.86it/s]
Evaluation for task 4 has started.
['table', 'willow_tree', 'caterpillar', 'cockroach', 'flatfish']

  0%|          | 0/21 [00:00<?, ?it/s]
  5%|▍         | 1/21 [00:01<00:23,  1.16s/it]
 10%|▉         | 2/21 [00:02<00:18,  1.02it/s]
 14%|█▍        | 3/21 [00:03<00:18,  1.02s/it]
 19%|█▉        | 4/21 [00:04<00:17,  1.03s/it]
 24%|██▍       | 5/21 [00:05<00:16,  1.04s/it]
 29%|██▊       | 6/21 [00:06<00:15,  1.04s/it]
 33%|███▎      | 7/21 [00:07<00:14,  1.05s/it]
 38%|███▊      | 8/21 [00:08<00:13,  1.05s/it]
 43%|████▎     | 9/21 [00:09<00:12,  1.05s/it]
 48%|████▊     | 10/21 [00:10<00:11,  1.05s/it]
 52%|█████▏    | 11/21 [00:11<00:10,  1.05s/it]
 57%|█████▋    | 12/21 [00:12<00:09,  1.05s/it]
 62%|██████▏   | 13/21 [00:13<00:08,  1.05s/it]
 67%|██████▋   | 14/21 [00:14<00:07,  1.05s/it]
 71%|███████▏  | 15/21 [00:15<00:06,  1.05s/it]
 76%|███████▌  | 16/21 [00:16<00:05,  1.05s/it]
 81%|████████  | 17/21 [00:17<00:04,  1.05s/it]
 86%|████████▌ | 18/21 [00:18<00:03,  1.05s/it]
 90%|█████████ | 19/21 [00:19<00:02,  1.05s/it]
 95%|█████████▌| 20/21 [00:20<00:00,  1.03it/s]
100%|██████████| 21/21 [00:21<00:00,  1.06s/it]
100%|██████████| 21/21 [00:21<00:00,  1.05s/it]

  0%|          | 0/40 [00:00<?, ?it/s]
  2%|▎         | 1/40 [00:00<00:20,  1.88it/s]
  5%|▌         | 2/40 [00:00<00:16,  2.36it/s]
  8%|▊         | 3/40 [00:01<00:14,  2.57it/s]
 10%|█         | 4/40 [00:01<00:13,  2.66it/s]
 12%|█▎        | 5/40 [00:01<00:12,  2.73it/s]
 15%|█▌        | 6/40 [00:02<00:12,  2.78it/s]
 18%|█▊        | 7/40 [00:02<00:11,  2.81it/s]
 20%|██        | 8/40 [00:02<00:11,  2.83it/s]
 22%|██▎       | 9/40 [00:03<00:10,  2.84it/s]
 25%|██▌       | 10/40 [00:03<00:10,  2.85it/s]
 28%|██▊       | 11/40 [00:04<00:10,  2.86it/s]
 30%|███       | 12/40 [00:04<00:09,  2.87it/s]
 32%|███▎      | 13/40 [00:04<00:09,  2.87it/s]
 35%|███▌      | 14/40 [00:05<00:09,  2.88it/s]
 38%|███▊      | 15/40 [00:05<00:08,  2.89it/s]
 40%|████      | 16/40 [00:05<00:08,  2.89it/s]
 42%|████▎     | 17/40 [00:06<00:07,  2.89it/s]
 45%|████▌     | 18/40 [00:06<00:07,  2.90it/s]
 48%|████▊     | 19/40 [00:06<00:07,  2.82it/s]
 50%|█████     | 20/40 [00:07<00:07,  2.83it/s]
 52%|█████▎    | 21/40 [00:07<00:06,  2.81it/s]
 55%|█████▌    | 22/40 [00:07<00:06,  2.83it/s]
 57%|█████▊    | 23/40 [00:08<00:05,  2.85it/s]
 60%|██████    | 24/40 [00:08<00:05,  2.86it/s]
 62%|██████▎   | 25/40 [00:08<00:05,  2.87it/s]
 65%|██████▌   | 26/40 [00:09<00:04,  2.88it/s]
 68%|██████▊   | 27/40 [00:09<00:04,  2.88it/s]
 70%|███████   | 28/40 [00:09<00:04,  2.85it/s]
 72%|███████▎  | 29/40 [00:10<00:03,  2.86it/s]
 75%|███████▌  | 30/40 [00:10<00:03,  2.86it/s]
 78%|███████▊  | 31/40 [00:11<00:03,  2.86it/s]
 80%|████████  | 32/40 [00:11<00:02,  2.86it/s]
 82%|████████▎ | 33/40 [00:11<00:02,  2.82it/s]
 85%|████████▌ | 34/40 [00:12<00:02,  2.83it/s]
 88%|████████▊ | 35/40 [00:12<00:01,  2.83it/s]
 90%|█████████ | 36/40 [00:12<00:01,  2.85it/s]
 92%|█████████▎| 37/40 [00:13<00:01,  2.86it/s]
 95%|█████████▌| 38/40 [00:13<00:00,  2.86it/s]
 98%|█████████▊| 39/40 [00:13<00:00,  2.87it/s]
100%|██████████| 40/40 [00:13<00:00,  2.88it/s]
Evaluation for task 5 has started.
['lobster', 'tiger', 'boy', 'beaver', 'ray']

  0%|          | 0/21 [00:00<?, ?it/s]
  5%|▍         | 1/21 [00:01<00:24,  1.22s/it]
 10%|▉         | 2/21 [00:02<00:19,  1.00s/it]
 14%|█▍        | 3/21 [00:03<00:18,  1.03s/it]
 19%|█▉        | 4/21 [00:04<00:17,  1.04s/it]
 24%|██▍       | 5/21 [00:05<00:16,  1.04s/it]
 29%|██▊       | 6/21 [00:06<00:15,  1.05s/it]
 33%|███▎      | 7/21 [00:07<00:14,  1.05s/it]
 38%|███▊      | 8/21 [00:08<00:13,  1.05s/it]
 43%|████▎     | 9/21 [00:09<00:12,  1.05s/it]
 48%|████▊     | 10/21 [00:10<00:11,  1.05s/it]
 52%|█████▏    | 11/21 [00:11<00:10,  1.05s/it]
 57%|█████▋    | 12/21 [00:12<00:09,  1.05s/it]
 62%|██████▏   | 13/21 [00:13<00:08,  1.05s/it]
 67%|██████▋   | 14/21 [00:14<00:07,  1.05s/it]
 71%|███████▏  | 15/21 [00:15<00:06,  1.05s/it]
 76%|███████▌  | 16/21 [00:16<00:05,  1.05s/it]
 81%|████████  | 17/21 [00:17<00:04,  1.05s/it]
 86%|████████▌ | 18/21 [00:18<00:03,  1.05s/it]
 90%|█████████ | 19/21 [00:19<00:02,  1.05s/it]
 95%|█████████▌| 20/21 [00:20<00:00,  1.03it/s]
100%|██████████| 21/21 [00:22<00:00,  1.08s/it]
100%|██████████| 21/21 [00:22<00:00,  1.05s/it]

  0%|          | 0/47 [00:00<?, ?it/s]
  2%|▏         | 1/47 [00:00<00:23,  1.95it/s]
  4%|▍         | 2/47 [00:00<00:18,  2.38it/s]
  6%|▋         | 3/47 [00:01<00:17,  2.47it/s]
  9%|▊         | 4/47 [00:01<00:16,  2.60it/s]
 11%|█         | 5/47 [00:01<00:15,  2.69it/s]
 13%|█▎        | 6/47 [00:02<00:14,  2.74it/s]
 15%|█▍        | 7/47 [00:02<00:14,  2.78it/s]
 17%|█▋        | 8/47 [00:03<00:13,  2.80it/s]
 19%|█▉        | 9/47 [00:03<00:13,  2.82it/s]
 21%|██▏       | 10/47 [00:03<00:13,  2.82it/s]
 23%|██▎       | 11/47 [00:04<00:12,  2.83it/s]
 26%|██▌       | 12/47 [00:04<00:12,  2.84it/s]
 28%|██▊       | 13/47 [00:04<00:12,  2.83it/s]
 30%|██▉       | 14/47 [00:05<00:11,  2.83it/s]
 32%|███▏      | 15/47 [00:05<00:11,  2.84it/s]
 34%|███▍      | 16/47 [00:05<00:10,  2.85it/s]
 36%|███▌      | 17/47 [00:06<00:10,  2.85it/s]
 38%|███▊      | 18/47 [00:06<00:10,  2.86it/s]
 40%|████      | 19/47 [00:06<00:09,  2.86it/s]
 43%|████▎     | 20/47 [00:07<00:09,  2.86it/s]
 45%|████▍     | 21/47 [00:07<00:09,  2.86it/s]
 47%|████▋     | 22/47 [00:07<00:08,  2.86it/s]
 49%|████▉     | 23/47 [00:08<00:08,  2.86it/s]
 51%|█████     | 24/47 [00:08<00:08,  2.86it/s]
 53%|█████▎    | 25/47 [00:08<00:07,  2.84it/s]
 55%|█████▌    | 26/47 [00:09<00:07,  2.84it/s]
 57%|█████▋    | 27/47 [00:09<00:07,  2.80it/s]
 60%|█████▉    | 28/47 [00:10<00:06,  2.86it/s]
 62%|██████▏   | 29/47 [00:10<00:06,  2.92it/s]
 64%|██████▍   | 30/47 [00:10<00:05,  2.90it/s]
 66%|██████▌   | 31/47 [00:11<00:05,  2.89it/s]
 68%|██████▊   | 32/47 [00:11<00:05,  2.89it/s]
 70%|███████   | 33/47 [00:11<00:04,  2.88it/s]
 72%|███████▏  | 34/47 [00:12<00:04,  2.88it/s]
 74%|███████▍  | 35/47 [00:12<00:04,  2.87it/s]
 77%|███████▋  | 36/47 [00:12<00:03,  2.87it/s]
 79%|███████▊  | 37/47 [00:13<00:03,  2.87it/s]
 81%|████████  | 38/47 [00:13<00:03,  2.87it/s]
 83%|████████▎ | 39/47 [00:13<00:02,  2.87it/s]
 85%|████████▌ | 40/47 [00:14<00:02,  2.87it/s]
 87%|████████▋ | 41/47 [00:14<00:02,  2.87it/s]
 89%|████████▉ | 42/47 [00:14<00:01,  2.87it/s]
 91%|█████████▏| 43/47 [00:15<00:01,  2.87it/s]
 94%|█████████▎| 44/47 [00:15<00:01,  2.86it/s]
 96%|█████████▌| 45/47 [00:15<00:00,  2.87it/s]
 98%|█████████▊| 46/47 [00:16<00:00,  2.87it/s]
100%|██████████| 47/47 [00:16<00:00,  2.96it/s]
100%|██████████| 47/47 [00:16<00:00,  2.83it/s]
Evaluation for task 6 has started.
['rocket', 'raccoon', 'snail', 'maple_tree', 'spider']

  0%|          | 0/21 [00:00<?, ?it/s]
  5%|▍         | 1/21 [00:01<00:23,  1.17s/it]
 10%|▉         | 2/21 [00:02<00:18,  1.01it/s]
 14%|█▍        | 3/21 [00:03<00:18,  1.02s/it]
 19%|█▉        | 4/21 [00:04<00:17,  1.03s/it]
 24%|██▍       | 5/21 [00:05<00:16,  1.04s/it]
 29%|██▊       | 6/21 [00:06<00:15,  1.05s/it]
 33%|███▎      | 7/21 [00:07<00:14,  1.05s/it]
 38%|███▊      | 8/21 [00:08<00:13,  1.05s/it]
 43%|████▎     | 9/21 [00:09<00:12,  1.05s/it]
 48%|████▊     | 10/21 [00:10<00:11,  1.05s/it]
 52%|█████▏    | 11/21 [00:11<00:10,  1.05s/it]
 57%|█████▋    | 12/21 [00:12<00:09,  1.05s/it]
 62%|██████▏   | 13/21 [00:13<00:08,  1.05s/it]
 67%|██████▋   | 14/21 [00:14<00:07,  1.05s/it]
 71%|███████▏  | 15/21 [00:15<00:06,  1.06s/it]
 76%|███████▌  | 16/21 [00:16<00:05,  1.06s/it]
 81%|████████  | 17/21 [00:17<00:04,  1.06s/it]
 86%|████████▌ | 18/21 [00:18<00:03,  1.05s/it]
 90%|█████████ | 19/21 [00:19<00:02,  1.05s/it]
 95%|█████████▌| 20/21 [00:20<00:00,  1.03it/s]
100%|██████████| 21/21 [00:22<00:00,  1.07s/it]
100%|██████████| 21/21 [00:22<00:00,  1.05s/it]

  0%|          | 0/55 [00:00<?, ?it/s]
  2%|▏         | 1/55 [00:00<00:28,  1.88it/s]
  4%|▎         | 2/55 [00:00<00:23,  2.28it/s]
  5%|▌         | 3/55 [00:01<00:20,  2.49it/s]
  7%|▋         | 4/55 [00:01<00:19,  2.62it/s]
  9%|▉         | 5/55 [00:01<00:18,  2.69it/s]
 11%|█         | 6/55 [00:02<00:17,  2.74it/s]
 13%|█▎        | 7/55 [00:02<00:17,  2.77it/s]
 15%|█▍        | 8/55 [00:03<00:16,  2.79it/s]
 16%|█▋        | 9/55 [00:03<00:16,  2.80it/s]
 18%|█▊        | 10/55 [00:03<00:16,  2.81it/s]
 20%|██        | 11/55 [00:04<00:15,  2.80it/s]
 22%|██▏       | 12/55 [00:04<00:15,  2.81it/s]
 24%|██▎       | 13/55 [00:04<00:14,  2.81it/s]
 25%|██▌       | 14/55 [00:05<00:14,  2.82it/s]
 27%|██▋       | 15/55 [00:05<00:14,  2.81it/s]
 29%|██▉       | 16/55 [00:05<00:13,  2.82it/s]
 31%|███       | 17/55 [00:06<00:13,  2.81it/s]
 33%|███▎      | 18/55 [00:06<00:13,  2.82it/s]
 35%|███▍      | 19/55 [00:06<00:12,  2.82it/s]
 36%|███▋      | 20/55 [00:07<00:12,  2.76it/s]
 38%|███▊      | 21/55 [00:07<00:12,  2.77it/s]
 40%|████      | 22/55 [00:08<00:11,  2.79it/s]
 42%|████▏     | 23/55 [00:08<00:11,  2.80it/s]
 44%|████▎     | 24/55 [00:08<00:11,  2.81it/s]
 45%|████▌     | 25/55 [00:09<00:10,  2.82it/s]
 47%|████▋     | 26/55 [00:09<00:10,  2.82it/s]
 49%|████▉     | 27/55 [00:09<00:09,  2.82it/s]
 51%|█████     | 28/55 [00:10<00:09,  2.83it/s]
 53%|█████▎    | 29/55 [00:10<00:09,  2.83it/s]
 55%|█████▍    | 30/55 [00:10<00:08,  2.83it/s]
 56%|█████▋    | 31/55 [00:11<00:08,  2.83it/s]
 58%|█████▊    | 32/55 [00:11<00:08,  2.83it/s]
 60%|██████    | 33/55 [00:11<00:07,  2.83it/s]
 62%|██████▏   | 34/55 [00:12<00:07,  2.84it/s]
 64%|██████▎   | 35/55 [00:12<00:07,  2.84it/s]
 65%|██████▌   | 36/55 [00:12<00:06,  2.84it/s]
 67%|██████▋   | 37/55 [00:13<00:06,  2.83it/s]
 69%|██████▉   | 38/55 [00:13<00:05,  2.83it/s]
 71%|███████   | 39/55 [00:14<00:05,  2.83it/s]
 73%|███████▎  | 40/55 [00:14<00:05,  2.83it/s]
 75%|███████▍  | 41/55 [00:14<00:04,  2.82it/s]
 76%|███████▋  | 42/55 [00:15<00:04,  2.83it/s]
 78%|███████▊  | 43/55 [00:15<00:04,  2.83it/s]
 80%|████████  | 44/55 [00:15<00:03,  2.83it/s]
 82%|████████▏ | 45/55 [00:16<00:03,  2.83it/s]
 84%|████████▎ | 46/55 [00:16<00:03,  2.83it/s]
 85%|████████▌ | 47/55 [00:16<00:02,  2.83it/s]
 87%|████████▋ | 48/55 [00:17<00:02,  2.84it/s]
 89%|████████▉ | 49/55 [00:17<00:02,  2.84it/s]
 91%|█████████ | 50/55 [00:17<00:01,  2.84it/s]
 93%|█████████▎| 51/55 [00:18<00:01,  2.84it/s]
 95%|█████████▍| 52/55 [00:18<00:01,  2.84it/s]
 96%|█████████▋| 53/55 [00:18<00:00,  2.89it/s]
 98%|█████████▊| 54/55 [00:19<00:00,  2.93it/s]
100%|██████████| 55/55 [00:19<00:00,  3.22it/s]
100%|██████████| 55/55 [00:19<00:00,  2.82it/s]
Evaluation for task 7 has started.
['turtle', 'dinosaur', 'mouse', 'pear', 'sweet_pepper']

  0%|          | 0/21 [00:00<?, ?it/s]
  5%|▍         | 1/21 [00:01<00:23,  1.17s/it]
 10%|▉         | 2/21 [00:02<00:18,  1.02it/s]
 14%|█▍        | 3/21 [00:03<00:18,  1.01s/it]
 19%|█▉        | 4/21 [00:04<00:17,  1.03s/it]
 24%|██▍       | 5/21 [00:05<00:16,  1.04s/it]
 29%|██▊       | 6/21 [00:06<00:15,  1.04s/it]
 33%|███▎      | 7/21 [00:07<00:14,  1.05s/it]
 38%|███▊      | 8/21 [00:08<00:13,  1.05s/it]
 43%|████▎     | 9/21 [00:09<00:12,  1.05s/it]
 48%|████▊     | 10/21 [00:10<00:11,  1.05s/it]
 52%|█████▏    | 11/21 [00:11<00:10,  1.05s/it]
 57%|█████▋    | 12/21 [00:12<00:09,  1.05s/it]
 62%|██████▏   | 13/21 [00:13<00:08,  1.05s/it]
 67%|██████▋   | 14/21 [00:14<00:07,  1.05s/it]
 71%|███████▏  | 15/21 [00:15<00:06,  1.05s/it]
 76%|███████▌  | 16/21 [00:16<00:05,  1.05s/it]
 81%|████████  | 17/21 [00:17<00:04,  1.05s/it]
 86%|████████▌ | 18/21 [00:18<00:03,  1.05s/it]
 90%|█████████ | 19/21 [00:19<00:02,  1.06s/it]
 95%|█████████▌| 20/21 [00:20<00:00,  1.02it/s]
100%|██████████| 21/21 [00:22<00:00,  1.09s/it]
100%|██████████| 21/21 [00:22<00:00,  1.05s/it]

  0%|          | 0/63 [00:00<?, ?it/s]
  2%|▏         | 1/63 [00:00<00:34,  1.82it/s]
  3%|▎         | 2/63 [00:00<00:27,  2.18it/s]
  5%|▍         | 3/63 [00:01<00:24,  2.42it/s]
  6%|▋         | 4/63 [00:01<00:23,  2.56it/s]
  8%|▊         | 5/63 [00:02<00:22,  2.58it/s]
 10%|▉         | 6/63 [00:02<00:21,  2.65it/s]
 11%|█         | 7/63 [00:02<00:20,  2.69it/s]
 13%|█▎        | 8/63 [00:03<00:20,  2.72it/s]
 14%|█▍        | 9/63 [00:03<00:19,  2.80it/s]
 16%|█▌        | 10/63 [00:03<00:18,  2.85it/s]
 17%|█▋        | 11/63 [00:04<00:18,  2.88it/s]
 19%|█▉        | 12/63 [00:04<00:17,  2.90it/s]
 21%|██        | 13/63 [00:04<00:17,  2.87it/s]
 22%|██▏       | 14/63 [00:05<00:16,  2.90it/s]
 24%|██▍       | 15/63 [00:05<00:16,  2.92it/s]
 25%|██▌       | 16/63 [00:05<00:15,  2.94it/s]
 27%|██▋       | 17/63 [00:06<00:15,  2.95it/s]
 29%|██▊       | 18/63 [00:06<00:15,  2.96it/s]
 30%|███       | 19/63 [00:06<00:14,  2.96it/s]
 32%|███▏      | 20/63 [00:07<00:14,  2.96it/s]
 33%|███▎      | 21/63 [00:07<00:14,  2.97it/s]
 35%|███▍      | 22/63 [00:07<00:13,  2.97it/s]
 37%|███▋      | 23/63 [00:08<00:13,  2.98it/s]
 38%|███▊      | 24/63 [00:08<00:13,  2.98it/s]
 40%|███▉      | 25/63 [00:08<00:12,  2.98it/s]
 41%|████▏     | 26/63 [00:09<00:12,  2.98it/s]
 43%|████▎     | 27/63 [00:09<00:12,  2.95it/s]
 44%|████▍     | 28/63 [00:09<00:12,  2.72it/s]
 46%|████▌     | 29/63 [00:10<00:12,  2.73it/s]
 48%|████▊     | 30/63 [00:10<00:11,  2.76it/s]
 49%|████▉     | 31/63 [00:11<00:11,  2.72it/s]
 51%|█████     | 32/63 [00:11<00:11,  2.74it/s]
 52%|█████▏    | 33/63 [00:11<00:10,  2.74it/s]
 54%|█████▍    | 34/63 [00:12<00:10,  2.75it/s]
 56%|█████▌    | 35/63 [00:12<00:10,  2.73it/s]
 57%|█████▋    | 36/63 [00:12<00:09,  2.74it/s]
 59%|█████▊    | 37/63 [00:13<00:09,  2.75it/s]
 60%|██████    | 38/63 [00:13<00:09,  2.76it/s]
 62%|██████▏   | 39/63 [00:13<00:08,  2.77it/s]
 63%|██████▎   | 40/63 [00:14<00:08,  2.78it/s]
 65%|██████▌   | 41/63 [00:14<00:07,  2.79it/s]
 67%|██████▋   | 42/63 [00:15<00:07,  2.79it/s]
 68%|██████▊   | 43/63 [00:15<00:07,  2.80it/s]
 70%|██████▉   | 44/63 [00:15<00:06,  2.81it/s]
 71%|███████▏  | 45/63 [00:16<00:06,  2.78it/s]
 73%|███████▎  | 46/63 [00:16<00:06,  2.78it/s]
 75%|███████▍  | 47/63 [00:16<00:05,  2.72it/s]
 76%|███████▌  | 48/63 [00:17<00:05,  2.70it/s]
 78%|███████▊  | 49/63 [00:17<00:05,  2.73it/s]
 79%|███████▉  | 50/63 [00:17<00:04,  2.75it/s]
 81%|████████  | 51/63 [00:18<00:04,  2.77it/s]
 83%|████████▎ | 52/63 [00:18<00:03,  2.78it/s]
 84%|████████▍ | 53/63 [00:19<00:03,  2.79it/s]
 86%|████████▌ | 54/63 [00:19<00:03,  2.80it/s]
 87%|████████▋ | 55/63 [00:19<00:02,  2.79it/s]
 89%|████████▉ | 56/63 [00:20<00:02,  2.78it/s]
 90%|█████████ | 57/63 [00:20<00:02,  2.79it/s]
 92%|█████████▏| 58/63 [00:20<00:01,  2.79it/s]
 94%|█████████▎| 59/63 [00:21<00:01,  2.79it/s]
 95%|█████████▌| 60/63 [00:21<00:01,  2.80it/s]
 97%|█████████▋| 61/63 [00:21<00:00,  2.80it/s]
 98%|█████████▊| 62/63 [00:22<00:00,  2.80it/s]
100%|██████████| 63/63 [00:22<00:00,  3.21it/s]
100%|██████████| 63/63 [00:22<00:00,  2.81it/s]
Evaluation for task 8 has started.
['castle', 'streetcar', 'lawn_mower', 'bridge', 'house']

  0%|          | 0/21 [00:00<?, ?it/s]
  5%|▍         | 1/21 [00:01<00:23,  1.17s/it]
 10%|▉         | 2/21 [00:02<00:18,  1.02it/s]
 14%|█▍        | 3/21 [00:03<00:18,  1.01s/it]
 19%|█▉        | 4/21 [00:04<00:17,  1.03s/it]
 24%|██▍       | 5/21 [00:05<00:16,  1.04s/it]
 29%|██▊       | 6/21 [00:06<00:15,  1.04s/it]
 33%|███▎      | 7/21 [00:07<00:14,  1.05s/it]
 38%|███▊      | 8/21 [00:08<00:13,  1.04s/it]
 43%|████▎     | 9/21 [00:09<00:12,  1.05s/it]
 48%|████▊     | 10/21 [00:10<00:11,  1.05s/it]
 52%|█████▏    | 11/21 [00:11<00:10,  1.05s/it]
 57%|█████▋    | 12/21 [00:12<00:09,  1.05s/it]
 62%|██████▏   | 13/21 [00:13<00:08,  1.05s/it]
 67%|██████▋   | 14/21 [00:14<00:07,  1.05s/it]
 71%|███████▏  | 15/21 [00:15<00:06,  1.05s/it]
 76%|███████▌  | 16/21 [00:16<00:05,  1.05s/it]
 81%|████████  | 17/21 [00:17<00:04,  1.05s/it]
 86%|████████▌ | 18/21 [00:18<00:03,  1.06s/it]
 90%|█████████ | 19/21 [00:19<00:02,  1.05s/it]
 95%|█████████▌| 20/21 [00:20<00:00,  1.03it/s]
100%|██████████| 21/21 [00:22<00:00,  1.10s/it]
100%|██████████| 21/21 [00:22<00:00,  1.05s/it]

  0%|          | 0/71 [00:00<?, ?it/s]
  1%|▏         | 1/71 [00:00<00:35,  1.95it/s]
  3%|▎         | 2/71 [00:00<00:30,  2.26it/s]
  4%|▍         | 3/71 [00:01<00:27,  2.43it/s]
  6%|▌         | 4/71 [00:01<00:26,  2.49it/s]
  7%|▋         | 5/71 [00:02<00:25,  2.58it/s]
  8%|▊         | 6/71 [00:02<00:24,  2.64it/s]
 10%|▉         | 7/71 [00:02<00:24,  2.65it/s]
 11%|█▏        | 8/71 [00:03<00:23,  2.67it/s]
 13%|█▎        | 9/71 [00:03<00:22,  2.70it/s]
 14%|█▍        | 10/71 [00:03<00:22,  2.73it/s]
 15%|█▌        | 11/71 [00:04<00:21,  2.73it/s]
 17%|█▋        | 12/71 [00:04<00:21,  2.75it/s]
 18%|█▊        | 13/71 [00:04<00:21,  2.72it/s]
 20%|█▉        | 14/71 [00:05<00:20,  2.78it/s]
 21%|██        | 15/71 [00:05<00:19,  2.83it/s]
 23%|██▎       | 16/71 [00:05<00:19,  2.86it/s]
 24%|██▍       | 17/71 [00:06<00:18,  2.89it/s]
 25%|██▌       | 18/71 [00:06<00:18,  2.91it/s]
 27%|██▋       | 19/71 [00:06<00:17,  2.92it/s]
 28%|██▊       | 20/71 [00:07<00:17,  2.94it/s]
 30%|██▉       | 21/71 [00:07<00:16,  2.95it/s]
 31%|███       | 22/71 [00:08<00:16,  2.95it/s]
 32%|███▏      | 23/71 [00:08<00:16,  2.95it/s]
 34%|███▍      | 24/71 [00:08<00:15,  2.95it/s]
 35%|███▌      | 25/71 [00:09<00:15,  2.96it/s]
 37%|███▋      | 26/71 [00:09<00:15,  2.95it/s]
 38%|███▊      | 27/71 [00:09<00:14,  2.95it/s]
 39%|███▉      | 28/71 [00:10<00:15,  2.84it/s]
 41%|████      | 29/71 [00:10<00:14,  2.82it/s]
 42%|████▏     | 30/71 [00:10<00:14,  2.81it/s]
 44%|████▎     | 31/71 [00:11<00:14,  2.81it/s]
 45%|████▌     | 32/71 [00:11<00:13,  2.81it/s]
 46%|████▋     | 33/71 [00:11<00:13,  2.80it/s]
 48%|████▊     | 34/71 [00:12<00:13,  2.79it/s]
 49%|████▉     | 35/71 [00:12<00:12,  2.79it/s]
 51%|█████     | 36/71 [00:12<00:12,  2.79it/s]
 52%|█████▏    | 37/71 [00:13<00:12,  2.79it/s]
 54%|█████▎    | 38/71 [00:13<00:11,  2.79it/s]
 55%|█████▍    | 39/71 [00:14<00:11,  2.79it/s]
 56%|█████▋    | 40/71 [00:14<00:11,  2.78it/s]
 58%|█████▊    | 41/71 [00:14<00:10,  2.78it/s]
 59%|█████▉    | 42/71 [00:15<00:10,  2.78it/s]
 61%|██████    | 43/71 [00:15<00:09,  2.84it/s]
 62%|██████▏   | 44/71 [00:15<00:09,  2.87it/s]
 63%|██████▎   | 45/71 [00:16<00:08,  2.90it/s]
 65%|██████▍   | 46/71 [00:16<00:08,  2.92it/s]
 66%|██████▌   | 47/71 [00:16<00:08,  2.94it/s]
 68%|██████▊   | 48/71 [00:17<00:07,  2.95it/s]
 69%|██████▉   | 49/71 [00:17<00:07,  2.96it/s]
 70%|███████   | 50/71 [00:17<00:07,  2.97it/s]
 72%|███████▏  | 51/71 [00:18<00:06,  2.97it/s]
 73%|███████▎  | 52/71 [00:18<00:06,  2.98it/s]
 75%|███████▍  | 53/71 [00:18<00:06,  2.97it/s]
 76%|███████▌  | 54/71 [00:19<00:05,  2.98it/s]
 77%|███████▋  | 55/71 [00:19<00:05,  2.98it/s]
 79%|███████▉  | 56/71 [00:19<00:05,  2.82it/s]
 80%|████████  | 57/71 [00:20<00:04,  2.85it/s]
 82%|████████▏ | 58/71 [00:20<00:04,  2.88it/s]
 83%|████████▎ | 59/71 [00:20<00:04,  2.90it/s]
 85%|████████▍ | 60/71 [00:21<00:03,  2.85it/s]
 86%|████████▌ | 61/71 [00:21<00:03,  2.88it/s]
 87%|████████▋ | 62/71 [00:21<00:03,  2.90it/s]
 89%|████████▊ | 63/71 [00:22<00:02,  2.92it/s]
 90%|█████████ | 64/71 [00:22<00:02,  2.94it/s]
 92%|█████████▏| 65/71 [00:22<00:02,  2.95it/s]
 93%|█████████▎| 66/71 [00:23<00:01,  2.94it/s]
 94%|█████████▍| 67/71 [00:23<00:01,  2.89it/s]
 96%|█████████▌| 68/71 [00:24<00:01,  2.85it/s]
 97%|█████████▋| 69/71 [00:24<00:00,  2.82it/s]
 99%|█████████▊| 70/71 [00:24<00:00,  2.67it/s]
100%|██████████| 71/71 [00:24<00:00,  3.21it/s]
100%|██████████| 71/71 [00:24<00:00,  2.85it/s]
Evaluation for task 9 has started.
['pine_tree', 'couch', 'chair', 'squirrel', 'shark']

  0%|          | 0/21 [00:00<?, ?it/s]
  5%|▍         | 1/21 [00:01<00:23,  1.18s/it]
 10%|▉         | 2/21 [00:02<00:18,  1.01it/s]
 14%|█▍        | 3/21 [00:03<00:18,  1.02s/it]
 19%|█▉        | 4/21 [00:04<00:17,  1.04s/it]
 24%|██▍       | 5/21 [00:05<00:16,  1.04s/it]
 29%|██▊       | 6/21 [00:06<00:15,  1.05s/it]
 33%|███▎      | 7/21 [00:07<00:14,  1.05s/it]
 38%|███▊      | 8/21 [00:08<00:13,  1.05s/it]
 43%|████▎     | 9/21 [00:09<00:12,  1.05s/it]
 48%|████▊     | 10/21 [00:10<00:11,  1.05s/it]
 52%|█████▏    | 11/21 [00:11<00:10,  1.05s/it]
 57%|█████▋    | 12/21 [00:12<00:09,  1.06s/it]
 62%|██████▏   | 13/21 [00:13<00:08,  1.05s/it]
 67%|██████▋   | 14/21 [00:14<00:07,  1.05s/it]
 71%|███████▏  | 15/21 [00:15<00:06,  1.05s/it]
 76%|███████▌  | 16/21 [00:16<00:05,  1.05s/it]
 81%|████████  | 17/21 [00:17<00:04,  1.05s/it]
 86%|████████▌ | 18/21 [00:18<00:03,  1.05s/it]
 90%|█████████ | 19/21 [00:19<00:02,  1.05s/it]
 95%|█████████▌| 20/21 [00:20<00:00,  1.02it/s]
100%|██████████| 21/21 [00:22<00:00,  1.07s/it]
100%|██████████| 21/21 [00:22<00:00,  1.05s/it]

  0%|          | 0/79 [00:00<?, ?it/s]
  1%|▏         | 1/79 [00:00<00:42,  1.85it/s]
  3%|▎         | 2/79 [00:00<00:33,  2.29it/s]
  4%|▍         | 3/79 [00:01<00:30,  2.47it/s]
  5%|▌         | 4/79 [00:01<00:29,  2.56it/s]
  6%|▋         | 5/79 [00:02<00:28,  2.63it/s]
  8%|▊         | 6/79 [00:02<00:27,  2.66it/s]
  9%|▉         | 7/79 [00:02<00:26,  2.69it/s]
 10%|█         | 8/79 [00:03<00:26,  2.71it/s]
 11%|█▏        | 9/79 [00:03<00:25,  2.72it/s]
 13%|█▎        | 10/79 [00:03<00:25,  2.71it/s]
 14%|█▍        | 11/79 [00:04<00:25,  2.72it/s]
 15%|█▌        | 12/79 [00:04<00:24,  2.71it/s]
 16%|█▋        | 13/79 [00:04<00:24,  2.71it/s]
 18%|█▊        | 14/79 [00:05<00:23,  2.73it/s]
 19%|█▉        | 15/79 [00:05<00:23,  2.73it/s]
 20%|██        | 16/79 [00:06<00:23,  2.73it/s]
 22%|██▏       | 17/79 [00:06<00:22,  2.74it/s]
 23%|██▎       | 18/79 [00:06<00:22,  2.74it/s]
 24%|██▍       | 19/79 [00:07<00:21,  2.74it/s]
 25%|██▌       | 20/79 [00:07<00:22,  2.65it/s]
 27%|██▋       | 21/79 [00:07<00:21,  2.67it/s]
 28%|██▊       | 22/79 [00:08<00:21,  2.69it/s]
 29%|██▉       | 23/79 [00:08<00:20,  2.71it/s]
 30%|███       | 24/79 [00:08<00:20,  2.72it/s]
 32%|███▏      | 25/79 [00:09<00:19,  2.71it/s]
 33%|███▎      | 26/79 [00:09<00:19,  2.72it/s]
 34%|███▍      | 27/79 [00:10<00:19,  2.72it/s]
 35%|███▌      | 28/79 [00:10<00:18,  2.72it/s]
 37%|███▋      | 29/79 [00:10<00:18,  2.73it/s]
 38%|███▊      | 30/79 [00:11<00:17,  2.73it/s]
 39%|███▉      | 31/79 [00:11<00:17,  2.74it/s]
 41%|████      | 32/79 [00:11<00:17,  2.74it/s]
 42%|████▏     | 33/79 [00:12<00:16,  2.75it/s]
 43%|████▎     | 34/79 [00:12<00:16,  2.74it/s]
 44%|████▍     | 35/79 [00:13<00:16,  2.75it/s]
 46%|████▌     | 36/79 [00:13<00:15,  2.75it/s]
 47%|████▋     | 37/79 [00:13<00:15,  2.74it/s]
 48%|████▊     | 38/79 [00:14<00:14,  2.74it/s]
 49%|████▉     | 39/79 [00:14<00:14,  2.74it/s]
 51%|█████     | 40/79 [00:14<00:14,  2.74it/s]
 52%|█████▏    | 41/79 [00:15<00:13,  2.74it/s]
 53%|█████▎    | 42/79 [00:15<00:13,  2.74it/s]
 54%|█████▍    | 43/79 [00:15<00:13,  2.74it/s]
 56%|█████▌    | 44/79 [00:16<00:12,  2.74it/s]
 57%|█████▋    | 45/79 [00:16<00:12,  2.74it/s]
 58%|█████▊    | 46/79 [00:17<00:12,  2.73it/s]
 59%|█████▉    | 47/79 [00:17<00:11,  2.72it/s]
 61%|██████    | 48/79 [00:17<00:11,  2.71it/s]
 62%|██████▏   | 49/79 [00:18<00:11,  2.71it/s]
 63%|██████▎   | 50/79 [00:18<00:10,  2.72it/s]
 65%|██████▍   | 51/79 [00:18<00:10,  2.73it/s]
 66%|██████▌   | 52/79 [00:19<00:09,  2.74it/s]
 67%|██████▋   | 53/79 [00:19<00:09,  2.74it/s]
 68%|██████▊   | 54/79 [00:19<00:09,  2.74it/s]
 70%|██████▉   | 55/79 [00:20<00:08,  2.74it/s]
 71%|███████   | 56/79 [00:20<00:08,  2.75it/s]
 72%|███████▏  | 57/79 [00:21<00:08,  2.75it/s]
 73%|███████▎  | 58/79 [00:21<00:07,  2.75it/s]
 75%|███████▍  | 59/79 [00:21<00:07,  2.74it/s]
 76%|███████▌  | 60/79 [00:22<00:06,  2.74it/s]
 77%|███████▋  | 61/79 [00:22<00:06,  2.75it/s]
 78%|███████▊  | 62/79 [00:22<00:06,  2.75it/s]
 80%|███████▉  | 63/79 [00:23<00:05,  2.74it/s]
 81%|████████  | 64/79 [00:23<00:05,  2.74it/s]
 82%|████████▏ | 65/79 [00:23<00:05,  2.72it/s]
 84%|████████▎ | 66/79 [00:24<00:04,  2.71it/s]
 85%|████████▍ | 67/79 [00:24<00:04,  2.72it/s]
 86%|████████▌ | 68/79 [00:25<00:03,  2.77it/s]
 87%|████████▋ | 69/79 [00:25<00:03,  2.79it/s]
 89%|████████▊ | 70/79 [00:25<00:03,  2.68it/s]
 90%|████████▉ | 71/79 [00:26<00:03,  2.66it/s]
 91%|█████████ | 72/79 [00:26<00:02,  2.72it/s]
 92%|█████████▏| 73/79 [00:26<00:02,  2.77it/s]
 94%|█████████▎| 74/79 [00:27<00:01,  2.81it/s]
 95%|█████████▍| 75/79 [00:27<00:01,  2.84it/s]
 96%|█████████▌| 76/79 [00:27<00:01,  2.84it/s]
 97%|█████████▋| 77/79 [00:28<00:00,  2.84it/s]
 99%|█████████▊| 78/79 [00:28<00:00,  2.85it/s]
100%|██████████| 79/79 [00:28<00:00,  2.75it/s]
Evaluation for task 10 has started.
['aquarium_fish', 'cup', 'bee', 'man', 'poppy']

  0%|          | 0/21 [00:00<?, ?it/s]
  5%|▍         | 1/21 [00:01<00:23,  1.16s/it]
 10%|▉         | 2/21 [00:02<00:18,  1.02it/s]
 14%|█▍        | 3/21 [00:03<00:18,  1.02s/it]
 19%|█▉        | 4/21 [00:04<00:17,  1.03s/it]
 24%|██▍       | 5/21 [00:05<00:16,  1.04s/it]
 29%|██▊       | 6/21 [00:06<00:15,  1.04s/it]
 33%|███▎      | 7/21 [00:07<00:14,  1.05s/it]
 38%|███▊      | 8/21 [00:08<00:13,  1.05s/it]
 43%|████▎     | 9/21 [00:09<00:12,  1.05s/it]
 48%|████▊     | 10/21 [00:10<00:11,  1.05s/it]
 52%|█████▏    | 11/21 [00:11<00:10,  1.05s/it]
 57%|█████▋    | 12/21 [00:12<00:09,  1.05s/it]
 62%|██████▏   | 13/21 [00:13<00:08,  1.04s/it]
 67%|██████▋   | 14/21 [00:14<00:07,  1.04s/it]
 71%|███████▏  | 15/21 [00:15<00:06,  1.05s/it]
 76%|███████▌  | 16/21 [00:16<00:05,  1.05s/it]
 81%|████████  | 17/21 [00:17<00:04,  1.04s/it]
 86%|████████▌ | 18/21 [00:18<00:03,  1.04s/it]
 90%|█████████ | 19/21 [00:19<00:02,  1.04s/it]
 95%|█████████▌| 20/21 [00:20<00:00,  1.04it/s]
100%|██████████| 21/21 [00:21<00:00,  1.07s/it]
100%|██████████| 21/21 [00:21<00:00,  1.05s/it]

  0%|          | 0/86 [00:00<?, ?it/s]
  1%|          | 1/86 [00:00<00:45,  1.85it/s]
  2%|▏         | 2/86 [00:00<00:35,  2.35it/s]
  3%|▎         | 3/86 [00:01<00:32,  2.58it/s]
  5%|▍         | 4/86 [00:01<00:30,  2.70it/s]
  6%|▌         | 5/86 [00:01<00:29,  2.77it/s]
  7%|▋         | 6/86 [00:02<00:28,  2.81it/s]
  8%|▊         | 7/86 [00:02<00:27,  2.84it/s]
  9%|▉         | 8/86 [00:02<00:27,  2.86it/s]
 10%|█         | 9/86 [00:03<00:26,  2.87it/s]
 12%|█▏        | 10/86 [00:03<00:26,  2.88it/s]
 13%|█▎        | 11/86 [00:03<00:26,  2.88it/s]
 14%|█▍        | 12/86 [00:04<00:25,  2.89it/s]
 15%|█▌        | 13/86 [00:04<00:25,  2.89it/s]
 16%|█▋        | 14/86 [00:05<00:24,  2.89it/s]
 17%|█▋        | 15/86 [00:05<00:24,  2.89it/s]
 19%|█▊        | 16/86 [00:05<00:24,  2.90it/s]
 20%|█▉        | 17/86 [00:06<00:23,  2.90it/s]
 21%|██        | 18/86 [00:06<00:23,  2.83it/s]
 22%|██▏       | 19/86 [00:06<00:23,  2.85it/s]
 23%|██▎       | 20/86 [00:07<00:23,  2.86it/s]
 24%|██▍       | 21/86 [00:07<00:22,  2.87it/s]
 26%|██▌       | 22/86 [00:07<00:22,  2.82it/s]
 27%|██▋       | 23/86 [00:08<00:22,  2.78it/s]
 28%|██▊       | 24/86 [00:08<00:22,  2.76it/s]
 29%|██▉       | 25/86 [00:08<00:22,  2.75it/s]
 30%|███       | 26/86 [00:09<00:21,  2.75it/s]
 31%|███▏      | 27/86 [00:09<00:21,  2.78it/s]
 33%|███▎      | 28/86 [00:09<00:20,  2.82it/s]
 34%|███▎      | 29/86 [00:10<00:20,  2.84it/s]
 35%|███▍      | 30/86 [00:10<00:19,  2.86it/s]
 36%|███▌      | 31/86 [00:11<00:19,  2.87it/s]
 37%|███▋      | 32/86 [00:11<00:18,  2.87it/s]
 38%|███▊      | 33/86 [00:11<00:18,  2.88it/s]
 40%|███▉      | 34/86 [00:12<00:18,  2.89it/s]
 41%|████      | 35/86 [00:12<00:17,  2.89it/s]
 42%|████▏     | 36/86 [00:12<00:17,  2.90it/s]
 43%|████▎     | 37/86 [00:13<00:16,  2.90it/s]
 44%|████▍     | 38/86 [00:13<00:16,  2.90it/s]
 45%|████▌     | 39/86 [00:13<00:16,  2.90it/s]
 47%|████▋     | 40/86 [00:14<00:15,  2.90it/s]
 48%|████▊     | 41/86 [00:14<00:15,  2.91it/s]
 49%|████▉     | 42/86 [00:14<00:15,  2.90it/s]
 50%|█████     | 43/86 [00:15<00:14,  2.90it/s]
 51%|█████     | 44/86 [00:15<00:14,  2.91it/s]
 52%|█████▏    | 45/86 [00:15<00:14,  2.90it/s]
 53%|█████▎    | 46/86 [00:16<00:13,  2.90it/s]
 55%|█████▍    | 47/86 [00:16<00:14,  2.73it/s]
 56%|█████▌    | 48/86 [00:16<00:13,  2.75it/s]
 57%|█████▋    | 49/86 [00:17<00:13,  2.80it/s]
 58%|█████▊    | 50/86 [00:17<00:12,  2.83it/s]
 59%|█████▉    | 51/86 [00:18<00:12,  2.85it/s]
 60%|██████    | 52/86 [00:18<00:11,  2.87it/s]
 62%|██████▏   | 53/86 [00:18<00:11,  2.88it/s]
 63%|██████▎   | 54/86 [00:19<00:11,  2.88it/s]
 64%|██████▍   | 55/86 [00:19<00:11,  2.74it/s]
 65%|██████▌   | 56/86 [00:19<00:11,  2.73it/s]
 66%|██████▋   | 57/86 [00:20<00:10,  2.72it/s]
 67%|██████▋   | 58/86 [00:20<00:10,  2.72it/s]
 69%|██████▊   | 59/86 [00:20<00:09,  2.71it/s]
 70%|██████▉   | 60/86 [00:21<00:09,  2.71it/s]
 71%|███████   | 61/86 [00:21<00:09,  2.71it/s]
 72%|███████▏  | 62/86 [00:22<00:08,  2.71it/s]
 73%|███████▎  | 63/86 [00:22<00:08,  2.69it/s]
 74%|███████▍  | 64/86 [00:22<00:08,  2.66it/s]
 76%|███████▌  | 65/86 [00:23<00:07,  2.67it/s]
 77%|███████▋  | 66/86 [00:23<00:07,  2.68it/s]
 78%|███████▊  | 67/86 [00:23<00:07,  2.68it/s]
 79%|███████▉  | 68/86 [00:24<00:06,  2.67it/s]
 80%|████████  | 69/86 [00:24<00:06,  2.68it/s]
 81%|████████▏ | 70/86 [00:25<00:06,  2.66it/s]
 83%|████████▎ | 71/86 [00:25<00:05,  2.67it/s]
 84%|████████▎ | 72/86 [00:25<00:05,  2.68it/s]
 85%|████████▍ | 73/86 [00:26<00:04,  2.68it/s]
 86%|████████▌ | 74/86 [00:26<00:04,  2.69it/s]
 87%|████████▋ | 75/86 [00:26<00:04,  2.69it/s]
 88%|████████▊ | 76/86 [00:27<00:03,  2.69it/s]
 90%|████████▉ | 77/86 [00:27<00:03,  2.70it/s]
 91%|█████████ | 78/86 [00:28<00:02,  2.70it/s]
 92%|█████████▏| 79/86 [00:28<00:02,  2.70it/s]
 93%|█████████▎| 80/86 [00:28<00:02,  2.70it/s]
 94%|█████████▍| 81/86 [00:29<00:01,  2.70it/s]
 95%|█████████▌| 82/86 [00:29<00:01,  2.69it/s]
 97%|█████████▋| 83/86 [00:29<00:01,  2.70it/s]
 98%|█████████▊| 84/86 [00:30<00:00,  2.70it/s]
 99%|█████████▉| 85/86 [00:30<00:00,  2.70it/s]
100%|██████████| 86/86 [00:30<00:00,  2.75it/s]
100%|██████████| 86/86 [00:30<00:00,  2.78it/s]
Evaluation for task 11 has started.
['sunflower', 'orange', 'bottle', 'elephant', 'skunk']

  0%|          | 0/21 [00:00<?, ?it/s]
  5%|▍         | 1/21 [00:01<00:22,  1.14s/it]
 10%|▉         | 2/21 [00:01<00:18,  1.04it/s]
 14%|█▍        | 3/21 [00:03<00:18,  1.01s/it]
 19%|█▉        | 4/21 [00:04<00:17,  1.02s/it]
 24%|██▍       | 5/21 [00:05<00:16,  1.03s/it]
 29%|██▊       | 6/21 [00:06<00:15,  1.04s/it]
 33%|███▎      | 7/21 [00:07<00:14,  1.05s/it]
 38%|███▊      | 8/21 [00:08<00:13,  1.05s/it]
 43%|████▎     | 9/21 [00:09<00:12,  1.05s/it]
 48%|████▊     | 10/21 [00:10<00:11,  1.05s/it]
 52%|█████▏    | 11/21 [00:11<00:10,  1.05s/it]
 57%|█████▋    | 12/21 [00:12<00:09,  1.05s/it]
 62%|██████▏   | 13/21 [00:13<00:08,  1.05s/it]
 67%|██████▋   | 14/21 [00:14<00:07,  1.05s/it]
 71%|███████▏  | 15/21 [00:15<00:06,  1.05s/it]
 76%|███████▌  | 16/21 [00:16<00:05,  1.05s/it]
 81%|████████  | 17/21 [00:17<00:04,  1.05s/it]
 86%|████████▌ | 18/21 [00:18<00:03,  1.05s/it]
 90%|█████████ | 19/21 [00:19<00:02,  1.05s/it]
 95%|█████████▌| 20/21 [00:20<00:00,  1.03it/s]
100%|██████████| 21/21 [00:21<00:00,  1.07s/it]
100%|██████████| 21/21 [00:21<00:00,  1.05s/it]

  0%|          | 0/94 [00:00<?, ?it/s]
  1%|          | 1/94 [00:00<00:51,  1.82it/s]
  2%|▏         | 2/94 [00:00<00:40,  2.25it/s]
  3%|▎         | 3/94 [00:01<00:37,  2.43it/s]
  4%|▍         | 4/94 [00:01<00:35,  2.53it/s]
  5%|▌         | 5/94 [00:02<00:34,  2.59it/s]
  6%|▋         | 6/94 [00:02<00:34,  2.57it/s]
  7%|▋         | 7/94 [00:02<00:33,  2.61it/s]
  9%|▊         | 8/94 [00:03<00:32,  2.64it/s]
 10%|▉         | 9/94 [00:03<00:31,  2.66it/s]
 11%|█         | 10/94 [00:03<00:31,  2.68it/s]
 12%|█▏        | 11/94 [00:04<00:30,  2.69it/s]
 13%|█▎        | 12/94 [00:04<00:30,  2.70it/s]
 14%|█▍        | 13/94 [00:05<00:29,  2.71it/s]
 15%|█▍        | 14/94 [00:05<00:29,  2.71it/s]
 16%|█▌        | 15/94 [00:05<00:29,  2.71it/s]
 17%|█▋        | 16/94 [00:06<00:28,  2.75it/s]
 18%|█▊        | 17/94 [00:06<00:27,  2.79it/s]
 19%|█▉        | 18/94 [00:06<00:26,  2.83it/s]
 20%|██        | 19/94 [00:07<00:26,  2.85it/s]
 21%|██▏       | 20/94 [00:07<00:25,  2.86it/s]
 22%|██▏       | 21/94 [00:07<00:25,  2.85it/s]
 23%|██▎       | 22/94 [00:08<00:25,  2.87it/s]
 24%|██▍       | 23/94 [00:08<00:24,  2.87it/s]
 26%|██▌       | 24/94 [00:08<00:24,  2.87it/s]
 27%|██▋       | 25/94 [00:09<00:23,  2.88it/s]
 28%|██▊       | 26/94 [00:09<00:23,  2.88it/s]
 29%|██▊       | 27/94 [00:09<00:23,  2.89it/s]
 30%|██▉       | 28/94 [00:10<00:22,  2.88it/s]
 31%|███       | 29/94 [00:10<00:22,  2.89it/s]
 32%|███▏      | 30/94 [00:11<00:24,  2.65it/s]
 33%|███▎      | 31/94 [00:11<00:23,  2.71it/s]
 34%|███▍      | 32/94 [00:11<00:22,  2.75it/s]
 35%|███▌      | 33/94 [00:12<00:21,  2.79it/s]
 36%|███▌      | 34/94 [00:12<00:21,  2.81it/s]
 37%|███▋      | 35/94 [00:12<00:20,  2.83it/s]
 38%|███▊      | 36/94 [00:13<00:20,  2.85it/s]
 39%|███▉      | 37/94 [00:13<00:19,  2.86it/s]
 40%|████      | 38/94 [00:13<00:19,  2.87it/s]
 41%|████▏     | 39/94 [00:14<00:19,  2.88it/s]
 43%|████▎     | 40/94 [00:14<00:18,  2.88it/s]
 44%|████▎     | 41/94 [00:14<00:18,  2.89it/s]
 45%|████▍     | 42/94 [00:15<00:18,  2.89it/s]
 46%|████▌     | 43/94 [00:15<00:17,  2.89it/s]
 47%|████▋     | 44/94 [00:15<00:17,  2.89it/s]
 48%|████▊     | 45/94 [00:16<00:16,  2.89it/s]
 49%|████▉     | 46/94 [00:16<00:16,  2.89it/s]
 50%|█████     | 47/94 [00:16<00:16,  2.87it/s]
 51%|█████     | 48/94 [00:17<00:16,  2.86it/s]
 52%|█████▏    | 49/94 [00:17<00:16,  2.75it/s]
 53%|█████▎    | 50/94 [00:18<00:16,  2.74it/s]
 54%|█████▍    | 51/94 [00:18<00:15,  2.73it/s]
 55%|█████▌    | 52/94 [00:18<00:15,  2.73it/s]
 56%|█████▋    | 53/94 [00:19<00:15,  2.72it/s]
 57%|█████▋    | 54/94 [00:19<00:14,  2.72it/s]
 59%|█████▊    | 55/94 [00:19<00:14,  2.72it/s]
 60%|█████▉    | 56/94 [00:20<00:13,  2.73it/s]
 61%|██████    | 57/94 [00:20<00:13,  2.73it/s]
 62%|██████▏   | 58/94 [00:21<00:13,  2.73it/s]
 63%|██████▎   | 59/94 [00:21<00:12,  2.73it/s]
 64%|██████▍   | 60/94 [00:21<00:12,  2.73it/s]
 65%|██████▍   | 61/94 [00:22<00:12,  2.73it/s]
 66%|██████▌   | 62/94 [00:22<00:11,  2.73it/s]
 67%|██████▋   | 63/94 [00:22<00:11,  2.73it/s]
 68%|██████▊   | 64/94 [00:23<00:10,  2.73it/s]
 69%|██████▉   | 65/94 [00:23<00:10,  2.70it/s]
 70%|███████   | 66/94 [00:23<00:10,  2.71it/s]
 71%|███████▏  | 67/94 [00:24<00:10,  2.70it/s]
 72%|███████▏  | 68/94 [00:24<00:10,  2.56it/s]
 73%|███████▎  | 69/94 [00:25<00:09,  2.60it/s]
 74%|███████▍  | 70/94 [00:25<00:09,  2.64it/s]
 76%|███████▌  | 71/94 [00:25<00:08,  2.65it/s]
 77%|███████▋  | 72/94 [00:26<00:08,  2.66it/s]
 78%|███████▊  | 73/94 [00:26<00:07,  2.68it/s]
 79%|███████▊  | 74/94 [00:26<00:07,  2.69it/s]
 80%|███████▉  | 75/94 [00:27<00:07,  2.70it/s]
 81%|████████  | 76/94 [00:27<00:06,  2.70it/s]
 82%|████████▏ | 77/94 [00:28<00:06,  2.71it/s]
 83%|████████▎ | 78/94 [00:28<00:05,  2.71it/s]
 84%|████████▍ | 79/94 [00:28<00:05,  2.71it/s]
 85%|████████▌ | 80/94 [00:29<00:05,  2.72it/s]
 86%|████████▌ | 81/94 [00:29<00:04,  2.76it/s]
 87%|████████▋ | 82/94 [00:29<00:04,  2.80it/s]
 88%|████████▊ | 83/94 [00:30<00:03,  2.82it/s]
 89%|████████▉ | 84/94 [00:30<00:03,  2.83it/s]
 90%|█████████ | 85/94 [00:30<00:03,  2.85it/s]
 91%|█████████▏| 86/94 [00:31<00:02,  2.86it/s]
 93%|█████████▎| 87/94 [00:31<00:02,  2.82it/s]
 94%|█████████▎| 88/94 [00:32<00:02,  2.79it/s]
 95%|█████████▍| 89/94 [00:32<00:01,  2.74it/s]
 96%|█████████▌| 90/94 [00:32<00:01,  2.73it/s]
 97%|█████████▋| 91/94 [00:33<00:01,  2.72it/s]
 98%|█████████▊| 92/94 [00:33<00:00,  2.72it/s]
 99%|█████████▉| 93/94 [00:33<00:00,  2.72it/s]
100%|██████████| 94/94 [00:34<00:00,  2.90it/s]
100%|██████████| 94/94 [00:34<00:00,  2.75it/s]
Evaluation for task 12 has started.
['kangaroo', 'porcupine', 'forest', 'shrew', 'crocodile']

  0%|          | 0/21 [00:00<?, ?it/s]
  5%|▍         | 1/21 [00:01<00:22,  1.14s/it]
 10%|▉         | 2/21 [00:01<00:18,  1.03it/s]
 14%|█▍        | 3/21 [00:03<00:18,  1.01s/it]
 19%|█▉        | 4/21 [00:04<00:17,  1.03s/it]
 24%|██▍       | 5/21 [00:05<00:16,  1.04s/it]
 29%|██▊       | 6/21 [00:06<00:15,  1.04s/it]
 33%|███▎      | 7/21 [00:07<00:14,  1.04s/it]
 38%|███▊      | 8/21 [00:08<00:13,  1.05s/it]
 43%|████▎     | 9/21 [00:09<00:12,  1.05s/it]
 48%|████▊     | 10/21 [00:10<00:11,  1.05s/it]
 52%|█████▏    | 11/21 [00:11<00:10,  1.05s/it]
 57%|█████▋    | 12/21 [00:12<00:09,  1.05s/it]
 62%|██████▏   | 13/21 [00:13<00:08,  1.05s/it]
 67%|██████▋   | 14/21 [00:14<00:07,  1.05s/it]
 71%|███████▏  | 15/21 [00:15<00:06,  1.05s/it]
 76%|███████▌  | 16/21 [00:16<00:05,  1.05s/it]
 81%|████████  | 17/21 [00:17<00:04,  1.05s/it]
 86%|████████▌ | 18/21 [00:18<00:03,  1.05s/it]
 90%|█████████ | 19/21 [00:19<00:02,  1.05s/it]
 95%|█████████▌| 20/21 [00:20<00:00,  1.03it/s]
100%|██████████| 21/21 [00:21<00:00,  1.07s/it]
100%|██████████| 21/21 [00:21<00:00,  1.05s/it]

  0%|          | 0/102 [00:00<?, ?it/s]
  1%|          | 1/102 [00:00<00:56,  1.80it/s]
  2%|▏         | 2/102 [00:00<00:45,  2.22it/s]
  3%|▎         | 3/102 [00:01<00:41,  2.41it/s]
  4%|▍         | 4/102 [00:01<00:39,  2.50it/s]
  5%|▍         | 5/102 [00:02<00:37,  2.56it/s]
  6%|▌         | 6/102 [00:02<00:36,  2.59it/s]
  7%|▋         | 7/102 [00:02<00:36,  2.62it/s]
  8%|▊         | 8/102 [00:03<00:35,  2.63it/s]
  9%|▉         | 9/102 [00:03<00:35,  2.64it/s]
 10%|▉         | 10/102 [00:03<00:34,  2.65it/s]
 11%|█         | 11/102 [00:04<00:34,  2.66it/s]
 12%|█▏        | 12/102 [00:04<00:33,  2.66it/s]
 13%|█▎        | 13/102 [00:05<00:33,  2.65it/s]
 14%|█▎        | 14/102 [00:05<00:33,  2.65it/s]
 15%|█▍        | 15/102 [00:05<00:32,  2.65it/s]
 16%|█▌        | 16/102 [00:06<00:32,  2.65it/s]
 17%|█▋        | 17/102 [00:06<00:31,  2.66it/s]
 18%|█▊        | 18/102 [00:06<00:31,  2.65it/s]
 19%|█▊        | 19/102 [00:07<00:31,  2.65it/s]
 20%|█▉        | 20/102 [00:07<00:30,  2.66it/s]
 21%|██        | 21/102 [00:08<00:30,  2.66it/s]
 22%|██▏       | 22/102 [00:08<00:30,  2.67it/s]
 23%|██▎       | 23/102 [00:08<00:29,  2.66it/s]
 24%|██▎       | 24/102 [00:09<00:29,  2.67it/s]
 25%|██▍       | 25/102 [00:09<00:28,  2.67it/s]
 25%|██▌       | 26/102 [00:09<00:28,  2.67it/s]
 26%|██▋       | 27/102 [00:10<00:28,  2.68it/s]
 27%|██▋       | 28/102 [00:10<00:27,  2.68it/s]
 28%|██▊       | 29/102 [00:11<00:27,  2.68it/s]
 29%|██▉       | 30/102 [00:11<00:26,  2.68it/s]
 30%|███       | 31/102 [00:11<00:26,  2.68it/s]
 31%|███▏      | 32/102 [00:12<00:26,  2.67it/s]
 32%|███▏      | 33/102 [00:12<00:25,  2.68it/s]
 33%|███▎      | 34/102 [00:12<00:25,  2.68it/s]
 34%|███▍      | 35/102 [00:13<00:26,  2.51it/s]
 35%|███▌      | 36/102 [00:13<00:25,  2.59it/s]
 36%|███▋      | 37/102 [00:14<00:24,  2.65it/s]
 37%|███▋      | 38/102 [00:14<00:23,  2.69it/s]
 38%|███▊      | 39/102 [00:14<00:23,  2.73it/s]
 39%|███▉      | 40/102 [00:15<00:22,  2.72it/s]
 40%|████      | 41/102 [00:15<00:22,  2.76it/s]
 41%|████      | 42/102 [00:15<00:21,  2.78it/s]
 42%|████▏     | 43/102 [00:16<00:21,  2.80it/s]
 43%|████▎     | 44/102 [00:16<00:20,  2.81it/s]
 44%|████▍     | 45/102 [00:16<00:20,  2.82it/s]
 45%|████▌     | 46/102 [00:17<00:19,  2.83it/s]
 46%|████▌     | 47/102 [00:17<00:19,  2.83it/s]
 47%|████▋     | 48/102 [00:17<00:19,  2.83it/s]
 48%|████▊     | 49/102 [00:18<00:18,  2.84it/s]
 49%|████▉     | 50/102 [00:18<00:18,  2.84it/s]
 50%|█████     | 51/102 [00:19<00:17,  2.84it/s]
 51%|█████     | 52/102 [00:19<00:17,  2.83it/s]
 52%|█████▏    | 53/102 [00:19<00:17,  2.84it/s]
 53%|█████▎    | 54/102 [00:20<00:16,  2.84it/s]
 54%|█████▍    | 55/102 [00:20<00:16,  2.78it/s]
 55%|█████▍    | 56/102 [00:20<00:16,  2.78it/s]
 56%|█████▌    | 57/102 [00:21<00:16,  2.79it/s]
 57%|█████▋    | 58/102 [00:21<00:15,  2.80it/s]
 58%|█████▊    | 59/102 [00:21<00:15,  2.81it/s]
 59%|█████▉    | 60/102 [00:22<00:14,  2.82it/s]
 60%|█████▉    | 61/102 [00:22<00:14,  2.77it/s]
 61%|██████    | 62/102 [00:23<00:14,  2.74it/s]
 62%|██████▏   | 63/102 [00:23<00:14,  2.73it/s]
 63%|██████▎   | 64/102 [00:23<00:14,  2.71it/s]
 64%|██████▎   | 65/102 [00:24<00:13,  2.70it/s]
 65%|██████▍   | 66/102 [00:24<00:13,  2.69it/s]
 66%|██████▌   | 67/102 [00:24<00:13,  2.69it/s]
 67%|██████▋   | 68/102 [00:25<00:12,  2.69it/s]
 68%|██████▊   | 69/102 [00:25<00:12,  2.69it/s]
 69%|██████▊   | 70/102 [00:25<00:11,  2.68it/s]
 70%|██████▉   | 71/102 [00:26<00:11,  2.72it/s]
 71%|███████   | 72/102 [00:26<00:10,  2.75it/s]
 72%|███████▏  | 73/102 [00:27<00:10,  2.77it/s]
 73%|███████▎  | 74/102 [00:27<00:10,  2.79it/s]
 74%|███████▎  | 75/102 [00:27<00:09,  2.76it/s]
 75%|███████▍  | 76/102 [00:28<00:09,  2.73it/s]
 75%|███████▌  | 77/102 [00:28<00:09,  2.72it/s]
 76%|███████▋  | 78/102 [00:28<00:08,  2.71it/s]
 77%|███████▋  | 79/102 [00:29<00:08,  2.58it/s]
 78%|███████▊  | 80/102 [00:29<00:08,  2.58it/s]
 79%|███████▉  | 81/102 [00:30<00:08,  2.61it/s]
 80%|████████  | 82/102 [00:30<00:07,  2.62it/s]
 81%|████████▏ | 83/102 [00:30<00:07,  2.63it/s]
 82%|████████▏ | 84/102 [00:31<00:06,  2.64it/s]
 83%|████████▎ | 85/102 [00:31<00:06,  2.65it/s]
 84%|████████▍ | 86/102 [00:31<00:06,  2.65it/s]
 85%|████████▌ | 87/102 [00:32<00:05,  2.66it/s]
 86%|████████▋ | 88/102 [00:32<00:05,  2.66it/s]
 87%|████████▋ | 89/102 [00:33<00:04,  2.67it/s]
 88%|████████▊ | 90/102 [00:33<00:04,  2.67it/s]
 89%|████████▉ | 91/102 [00:33<00:04,  2.67it/s]
 90%|█████████ | 92/102 [00:34<00:03,  2.67it/s]
 91%|█████████ | 93/102 [00:34<00:03,  2.67it/s]
 92%|█████████▏| 94/102 [00:35<00:03,  2.58it/s]
 93%|█████████▎| 95/102 [00:35<00:02,  2.60it/s]
 94%|█████████▍| 96/102 [00:35<00:02,  2.62it/s]
 95%|█████████▌| 97/102 [00:36<00:01,  2.62it/s]
 96%|█████████▌| 98/102 [00:36<00:01,  2.63it/s]
 97%|█████████▋| 99/102 [00:36<00:01,  2.64it/s]
 98%|█████████▊| 100/102 [00:37<00:00,  2.65it/s]
 99%|█████████▉| 101/102 [00:37<00:00,  2.65it/s]
100%|██████████| 102/102 [00:37<00:00,  2.98it/s]
100%|██████████| 102/102 [00:37<00:00,  2.69it/s]
Evaluation for task 13 has started.
['clock', 'hamster', 'bear', 'can', 'chimpanzee']

  0%|          | 0/21 [00:00<?, ?it/s]
  5%|▍         | 1/21 [00:01<00:23,  1.15s/it]
 10%|▉         | 2/21 [00:02<00:18,  1.03it/s]
 14%|█▍        | 3/21 [00:03<00:18,  1.01s/it]
 19%|█▉        | 4/21 [00:04<00:17,  1.03s/it]
 24%|██▍       | 5/21 [00:05<00:16,  1.04s/it]
 29%|██▊       | 6/21 [00:06<00:15,  1.04s/it]
 33%|███▎      | 7/21 [00:07<00:14,  1.05s/it]
 38%|███▊      | 8/21 [00:08<00:13,  1.05s/it]
 43%|████▎     | 9/21 [00:09<00:12,  1.05s/it]
 48%|████▊     | 10/21 [00:10<00:11,  1.05s/it]
 52%|█████▏    | 11/21 [00:11<00:10,  1.05s/it]
 57%|█████▋    | 12/21 [00:12<00:09,  1.05s/it]
 62%|██████▏   | 13/21 [00:13<00:08,  1.05s/it]
 67%|██████▋   | 14/21 [00:14<00:07,  1.05s/it]
 71%|███████▏  | 15/21 [00:15<00:06,  1.05s/it]
 76%|███████▌  | 16/21 [00:16<00:05,  1.05s/it]
 81%|████████  | 17/21 [00:17<00:04,  1.05s/it]
 86%|████████▌ | 18/21 [00:18<00:03,  1.05s/it]
 90%|█████████ | 19/21 [00:19<00:02,  1.05s/it]
 95%|█████████▌| 20/21 [00:20<00:00,  1.02it/s]
100%|██████████| 21/21 [00:22<00:00,  1.07s/it]
100%|██████████| 21/21 [00:22<00:00,  1.05s/it]

  0%|          | 0/110 [00:00<?, ?it/s]
  1%|          | 1/110 [00:00<01:02,  1.74it/s]
  2%|▏         | 2/110 [00:00<00:49,  2.18it/s]
  3%|▎         | 3/110 [00:01<00:45,  2.38it/s]
  4%|▎         | 4/110 [00:01<00:42,  2.48it/s]
  5%|▍         | 5/110 [00:02<00:43,  2.43it/s]
  5%|▌         | 6/110 [00:02<00:41,  2.53it/s]
  6%|▋         | 7/110 [00:02<00:39,  2.59it/s]
  7%|▋         | 8/110 [00:03<00:40,  2.52it/s]
  8%|▊         | 9/110 [00:03<00:39,  2.56it/s]
  9%|▉         | 10/110 [00:04<00:38,  2.59it/s]
 10%|█         | 11/110 [00:04<00:38,  2.60it/s]
 11%|█         | 12/110 [00:04<00:38,  2.53it/s]
 12%|█▏        | 13/110 [00:05<00:37,  2.56it/s]
 13%|█▎        | 14/110 [00:05<00:37,  2.58it/s]
 14%|█▎        | 15/110 [00:05<00:36,  2.60it/s]
 15%|█▍        | 16/110 [00:06<00:36,  2.61it/s]
 15%|█▌        | 17/110 [00:06<00:35,  2.62it/s]
 16%|█▋        | 18/110 [00:07<00:35,  2.62it/s]
 17%|█▋        | 19/110 [00:07<00:35,  2.58it/s]
 18%|█▊        | 20/110 [00:07<00:35,  2.53it/s]
 19%|█▉        | 21/110 [00:08<00:34,  2.57it/s]
 20%|██        | 22/110 [00:08<00:34,  2.59it/s]
 21%|██        | 23/110 [00:09<00:33,  2.60it/s]
 22%|██▏       | 24/110 [00:09<00:33,  2.56it/s]
 23%|██▎       | 25/110 [00:09<00:34,  2.50it/s]
 24%|██▎       | 26/110 [00:10<00:34,  2.43it/s]
 25%|██▍       | 27/110 [00:10<00:33,  2.47it/s]
 25%|██▌       | 28/110 [00:11<00:32,  2.56it/s]
 26%|██▋       | 29/110 [00:11<00:30,  2.63it/s]
 27%|██▋       | 30/110 [00:11<00:29,  2.68it/s]
 28%|██▊       | 31/110 [00:12<00:29,  2.70it/s]
 29%|██▉       | 32/110 [00:12<00:28,  2.73it/s]
 30%|███       | 33/110 [00:12<00:28,  2.69it/s]
 31%|███       | 34/110 [00:13<00:29,  2.59it/s]
 32%|███▏      | 35/110 [00:13<00:28,  2.65it/s]
 33%|███▎      | 36/110 [00:14<00:27,  2.69it/s]
 34%|███▎      | 37/110 [00:14<00:26,  2.73it/s]
 35%|███▍      | 38/110 [00:14<00:27,  2.66it/s]
 35%|███▌      | 39/110 [00:15<00:26,  2.71it/s]
 36%|███▋      | 40/110 [00:15<00:25,  2.71it/s]
 37%|███▋      | 41/110 [00:15<00:25,  2.68it/s]
 38%|███▊      | 42/110 [00:16<00:24,  2.72it/s]
 39%|███▉      | 43/110 [00:16<00:24,  2.75it/s]
 40%|████      | 44/110 [00:16<00:24,  2.68it/s]
 41%|████      | 45/110 [00:17<00:24,  2.63it/s]
 42%|████▏     | 46/110 [00:17<00:25,  2.50it/s]
 43%|████▎     | 47/110 [00:18<00:25,  2.51it/s]
 44%|████▎     | 48/110 [00:18<00:24,  2.54it/s]
 45%|████▍     | 49/110 [00:18<00:23,  2.57it/s]
 45%|████▌     | 50/110 [00:19<00:23,  2.58it/s]
 46%|████▋     | 51/110 [00:19<00:22,  2.59it/s]
 47%|████▋     | 52/110 [00:20<00:22,  2.60it/s]
 48%|████▊     | 53/110 [00:20<00:21,  2.60it/s]
 49%|████▉     | 54/110 [00:20<00:21,  2.56it/s]
 50%|█████     | 55/110 [00:21<00:21,  2.53it/s]
 51%|█████     | 56/110 [00:21<00:21,  2.56it/s]
 52%|█████▏    | 57/110 [00:22<00:20,  2.59it/s]
 53%|█████▎    | 58/110 [00:22<00:19,  2.61it/s]
 54%|█████▎    | 59/110 [00:22<00:19,  2.60it/s]
 55%|█████▍    | 60/110 [00:23<00:20,  2.48it/s]
 55%|█████▌    | 61/110 [00:23<00:19,  2.52it/s]
 56%|█████▋    | 62/110 [00:24<00:18,  2.60it/s]
 57%|█████▋    | 63/110 [00:24<00:18,  2.55it/s]
 58%|█████▊    | 64/110 [00:24<00:17,  2.62it/s]
 59%|█████▉    | 65/110 [00:25<00:17,  2.52it/s]
 60%|██████    | 66/110 [00:25<00:17,  2.48it/s]
 61%|██████    | 67/110 [00:26<00:17,  2.53it/s]
 62%|██████▏   | 68/110 [00:26<00:16,  2.56it/s]
 63%|██████▎   | 69/110 [00:26<00:15,  2.58it/s]
 64%|██████▎   | 70/110 [00:27<00:15,  2.60it/s]
 65%|██████▍   | 71/110 [00:27<00:14,  2.61it/s]
 65%|██████▌   | 72/110 [00:27<00:14,  2.62it/s]
 66%|██████▋   | 73/110 [00:28<00:14,  2.63it/s]
 67%|██████▋   | 74/110 [00:28<00:13,  2.62it/s]
 68%|██████▊   | 75/110 [00:29<00:13,  2.67it/s]
 69%|██████▉   | 76/110 [00:29<00:12,  2.71it/s]
 70%|███████   | 77/110 [00:29<00:12,  2.63it/s]
 71%|███████   | 78/110 [00:30<00:12,  2.58it/s]
 72%|███████▏  | 79/110 [00:30<00:11,  2.58it/s]
 73%|███████▎  | 80/110 [00:30<00:11,  2.60it/s]
 74%|███████▎  | 81/110 [00:31<00:11,  2.60it/s]
 75%|███████▍  | 82/110 [00:31<00:10,  2.61it/s]
 75%|███████▌  | 83/110 [00:32<00:10,  2.52it/s]
 76%|███████▋  | 84/110 [00:32<00:10,  2.45it/s]
 77%|███████▋  | 85/110 [00:33<00:10,  2.48it/s]
 78%|███████▊  | 86/110 [00:33<00:09,  2.53it/s]
 79%|███████▉  | 87/110 [00:33<00:09,  2.52it/s]
 80%|████████  | 88/110 [00:34<00:08,  2.51it/s]
 81%|████████  | 89/110 [00:34<00:08,  2.49it/s]
 82%|████████▏ | 90/110 [00:34<00:07,  2.51it/s]
 83%|████████▎ | 91/110 [00:35<00:07,  2.59it/s]
 84%|████████▎ | 92/110 [00:35<00:06,  2.64it/s]
 85%|████████▍ | 93/110 [00:36<00:06,  2.68it/s]
 85%|████████▌ | 94/110 [00:36<00:05,  2.72it/s]
 86%|████████▋ | 95/110 [00:36<00:05,  2.75it/s]
 87%|████████▋ | 96/110 [00:37<00:05,  2.77it/s]
 88%|████████▊ | 97/110 [00:37<00:04,  2.64it/s]
 89%|████████▉ | 98/110 [00:37<00:04,  2.62it/s]
 90%|█████████ | 99/110 [00:38<00:04,  2.64it/s]
 91%|█████████ | 100/110 [00:38<00:03,  2.70it/s]
 92%|█████████▏| 101/110 [00:39<00:03,  2.73it/s]
 93%|█████████▎| 102/110 [00:39<00:03,  2.60it/s]
 94%|█████████▎| 103/110 [00:39<00:02,  2.50it/s]
 95%|█████████▍| 104/110 [00:40<00:02,  2.50it/s]
 95%|█████████▌| 105/110 [00:40<00:01,  2.54it/s]
 96%|█████████▋| 106/110 [00:41<00:01,  2.58it/s]
 97%|█████████▋| 107/110 [00:41<00:01,  2.60it/s]
 98%|█████████▊| 108/110 [00:41<00:00,  2.62it/s]
 99%|█████████▉| 109/110 [00:42<00:00,  2.55it/s]
100%|██████████| 110/110 [00:42<00:00,  2.95it/s]
100%|██████████| 110/110 [00:42<00:00,  2.59it/s]
Evaluation for task 14 has started.
['plain', 'cattle', 'rose', 'train', 'tractor']

  0%|          | 0/21 [00:00<?, ?it/s]
  5%|▍         | 1/21 [00:01<00:22,  1.13s/it]
 10%|▉         | 2/21 [00:01<00:18,  1.03it/s]
 14%|█▍        | 3/21 [00:03<00:18,  1.01s/it]
 19%|█▉        | 4/21 [00:04<00:17,  1.02s/it]
 24%|██▍       | 5/21 [00:05<00:16,  1.04s/it]
 29%|██▊       | 6/21 [00:06<00:15,  1.04s/it]
 33%|███▎      | 7/21 [00:07<00:14,  1.05s/it]
 38%|███▊      | 8/21 [00:08<00:13,  1.05s/it]
 43%|████▎     | 9/21 [00:09<00:12,  1.05s/it]
 48%|████▊     | 10/21 [00:10<00:11,  1.05s/it]
 52%|█████▏    | 11/21 [00:11<00:10,  1.05s/it]
 57%|█████▋    | 12/21 [00:12<00:09,  1.05s/it]
 62%|██████▏   | 13/21 [00:13<00:08,  1.05s/it]
 67%|██████▋   | 14/21 [00:14<00:07,  1.06s/it]
 71%|███████▏  | 15/21 [00:15<00:06,  1.06s/it]
 76%|███████▌  | 16/21 [00:16<00:05,  1.06s/it]
 81%|████████  | 17/21 [00:17<00:04,  1.06s/it]
 86%|████████▌ | 18/21 [00:18<00:03,  1.06s/it]
 90%|█████████ | 19/21 [00:19<00:02,  1.06s/it]
 95%|█████████▌| 20/21 [00:20<00:00,  1.02it/s]
100%|██████████| 21/21 [00:22<00:00,  1.08s/it]
100%|██████████| 21/21 [00:22<00:00,  1.05s/it]

  0%|          | 0/118 [00:00<?, ?it/s]
  1%|          | 1/118 [00:00<01:04,  1.82it/s]
  2%|▏         | 2/118 [00:00<00:54,  2.11it/s]
  3%|▎         | 3/118 [00:01<00:49,  2.32it/s]
  3%|▎         | 4/118 [00:01<00:47,  2.42it/s]
  4%|▍         | 5/118 [00:02<00:45,  2.48it/s]
  5%|▌         | 6/118 [00:02<00:44,  2.52it/s]
  6%|▌         | 7/118 [00:02<00:43,  2.55it/s]
  7%|▋         | 8/118 [00:03<00:42,  2.57it/s]
  8%|▊         | 9/118 [00:03<00:42,  2.58it/s]
  8%|▊         | 10/118 [00:04<00:41,  2.58it/s]
  9%|▉         | 11/118 [00:04<00:44,  2.42it/s]
 10%|█         | 12/118 [00:04<00:42,  2.47it/s]
 11%|█         | 13/118 [00:05<00:41,  2.51it/s]
 12%|█▏        | 14/118 [00:05<00:40,  2.55it/s]
 13%|█▎        | 15/118 [00:06<00:40,  2.56it/s]
 14%|█▎        | 16/118 [00:06<00:39,  2.58it/s]
 14%|█▍        | 17/118 [00:06<00:38,  2.59it/s]
 15%|█▌        | 18/118 [00:07<00:38,  2.60it/s]
 16%|█▌        | 19/118 [00:07<00:38,  2.60it/s]
 17%|█▋        | 20/118 [00:07<00:37,  2.60it/s]
 18%|█▊        | 21/118 [00:08<00:37,  2.60it/s]
 19%|█▊        | 22/118 [00:08<00:36,  2.60it/s]
 19%|█▉        | 23/118 [00:09<00:36,  2.60it/s]
 20%|██        | 24/118 [00:09<00:36,  2.57it/s]
 21%|██        | 25/118 [00:09<00:35,  2.59it/s]
 22%|██▏       | 26/118 [00:10<00:35,  2.60it/s]
 23%|██▎       | 27/118 [00:10<00:34,  2.61it/s]
 24%|██▎       | 28/118 [00:11<00:34,  2.62it/s]
 25%|██▍       | 29/118 [00:11<00:33,  2.63it/s]
 25%|██▌       | 30/118 [00:11<00:34,  2.58it/s]
 26%|██▋       | 31/118 [00:12<00:35,  2.44it/s]
 27%|██▋       | 32/118 [00:12<00:34,  2.46it/s]
 28%|██▊       | 33/118 [00:13<00:34,  2.50it/s]
 29%|██▉       | 34/118 [00:13<00:33,  2.53it/s]
 30%|██▉       | 35/118 [00:13<00:32,  2.56it/s]
 31%|███       | 36/118 [00:14<00:31,  2.57it/s]
 31%|███▏      | 37/118 [00:14<00:31,  2.59it/s]
 32%|███▏      | 38/118 [00:14<00:30,  2.60it/s]
 33%|███▎      | 39/118 [00:15<00:30,  2.61it/s]
 34%|███▍      | 40/118 [00:15<00:29,  2.62it/s]
 35%|███▍      | 41/118 [00:16<00:29,  2.62it/s]
 36%|███▌      | 42/118 [00:16<00:28,  2.63it/s]
 36%|███▋      | 43/118 [00:16<00:28,  2.63it/s]
 37%|███▋      | 44/118 [00:17<00:28,  2.63it/s]
 38%|███▊      | 45/118 [00:17<00:27,  2.64it/s]
 39%|███▉      | 46/118 [00:18<00:27,  2.64it/s]
 40%|███▉      | 47/118 [00:18<00:26,  2.64it/s]
 41%|████      | 48/118 [00:18<00:26,  2.64it/s]
 42%|████▏     | 49/118 [00:19<00:26,  2.59it/s]
 42%|████▏     | 50/118 [00:19<00:26,  2.57it/s]
 43%|████▎     | 51/118 [00:19<00:25,  2.64it/s]
 44%|████▍     | 52/118 [00:20<00:24,  2.68it/s]
 45%|████▍     | 53/118 [00:20<00:23,  2.71it/s]
 46%|████▌     | 54/118 [00:20<00:23,  2.74it/s]
 47%|████▋     | 55/118 [00:21<00:22,  2.76it/s]
 47%|████▋     | 56/118 [00:21<00:22,  2.76it/s]
 48%|████▊     | 57/118 [00:22<00:22,  2.76it/s]
 49%|████▉     | 58/118 [00:22<00:21,  2.77it/s]
 50%|█████     | 59/118 [00:22<00:21,  2.78it/s]
 51%|█████     | 60/118 [00:23<00:20,  2.79it/s]
 52%|█████▏    | 61/118 [00:23<00:20,  2.79it/s]
 53%|█████▎    | 62/118 [00:23<00:20,  2.79it/s]
 53%|█████▎    | 63/118 [00:24<00:20,  2.73it/s]
 54%|█████▍    | 64/118 [00:24<00:20,  2.70it/s]
 55%|█████▌    | 65/118 [00:25<00:19,  2.67it/s]
 56%|█████▌    | 66/118 [00:25<00:19,  2.66it/s]
 57%|█████▋    | 67/118 [00:25<00:19,  2.65it/s]
 58%|█████▊    | 68/118 [00:26<00:19,  2.54it/s]
 58%|█████▊    | 69/118 [00:26<00:19,  2.56it/s]
 59%|█████▉    | 70/118 [00:27<00:19,  2.50it/s]
 60%|██████    | 71/118 [00:27<00:18,  2.54it/s]
 61%|██████    | 72/118 [00:27<00:17,  2.57it/s]
 62%|██████▏   | 73/118 [00:28<00:17,  2.59it/s]
 63%|██████▎   | 74/118 [00:28<00:17,  2.52it/s]
 64%|██████▎   | 75/118 [00:28<00:16,  2.55it/s]
 64%|██████▍   | 76/118 [00:29<00:16,  2.56it/s]
 65%|██████▌   | 77/118 [00:29<00:15,  2.59it/s]
 66%|██████▌   | 78/118 [00:30<00:15,  2.60it/s]
 67%|██████▋   | 79/118 [00:30<00:14,  2.61it/s]
 68%|██████▊   | 80/118 [00:30<00:14,  2.62it/s]
 69%|██████▊   | 81/118 [00:31<00:14,  2.62it/s]
 69%|██████▉   | 82/118 [00:31<00:13,  2.63it/s]
 70%|███████   | 83/118 [00:31<00:13,  2.63it/s]
 71%|███████   | 84/118 [00:32<00:12,  2.63it/s]
 72%|███████▏  | 85/118 [00:32<00:12,  2.63it/s]
 73%|███████▎  | 86/118 [00:33<00:12,  2.63it/s]
 74%|███████▎  | 87/118 [00:33<00:11,  2.64it/s]
 75%|███████▍  | 88/118 [00:33<00:11,  2.64it/s]
 75%|███████▌  | 89/118 [00:34<00:11,  2.57it/s]
 76%|███████▋  | 90/118 [00:34<00:10,  2.59it/s]
 77%|███████▋  | 91/118 [00:35<00:10,  2.57it/s]
 78%|███████▊  | 92/118 [00:35<00:10,  2.59it/s]
 79%|███████▉  | 93/118 [00:35<00:09,  2.60it/s]
 80%|███████▉  | 94/118 [00:36<00:09,  2.61it/s]
 81%|████████  | 95/118 [00:36<00:08,  2.62it/s]
 81%|████████▏ | 96/118 [00:36<00:08,  2.63it/s]
 82%|████████▏ | 97/118 [00:37<00:07,  2.64it/s]
 83%|████████▎ | 98/118 [00:37<00:07,  2.64it/s]
 84%|████████▍ | 99/118 [00:38<00:07,  2.64it/s]
 85%|████████▍ | 100/118 [00:38<00:06,  2.64it/s]
 86%|████████▌ | 101/118 [00:38<00:06,  2.64it/s]
 86%|████████▋ | 102/118 [00:39<00:06,  2.57it/s]
 87%|████████▋ | 103/118 [00:39<00:05,  2.55it/s]
 88%|████████▊ | 104/118 [00:40<00:05,  2.57it/s]
 89%|████████▉ | 105/118 [00:40<00:05,  2.59it/s]
 90%|████████▉ | 106/118 [00:40<00:04,  2.60it/s]
 91%|█████████ | 107/118 [00:41<00:04,  2.60it/s]
 92%|█████████▏| 108/118 [00:41<00:03,  2.51it/s]
 92%|█████████▏| 109/118 [00:42<00:03,  2.50it/s]
 93%|█████████▎| 110/118 [00:42<00:03,  2.53it/s]
 94%|█████████▍| 111/118 [00:42<00:02,  2.56it/s]
 95%|█████████▍| 112/118 [00:43<00:02,  2.44it/s]
 96%|█████████▌| 113/118 [00:43<00:02,  2.49it/s]
 97%|█████████▋| 114/118 [00:44<00:01,  2.53it/s]
 97%|█████████▋| 115/118 [00:44<00:01,  2.55it/s]
 98%|█████████▊| 116/118 [00:44<00:00,  2.57it/s]
 99%|█████████▉| 117/118 [00:45<00:00,  2.59it/s]
100%|██████████| 118/118 [00:45<00:00,  3.22it/s]
100%|██████████| 118/118 [00:45<00:00,  2.61it/s]
Evaluation for task 15 has started.
['lion', 'bed', 'leopard', 'rabbit', 'skyscraper']

  0%|          | 0/21 [00:00<?, ?it/s]
  5%|▍         | 1/21 [00:01<00:23,  1.19s/it]
 10%|▉         | 2/21 [00:02<00:18,  1.01it/s]
 14%|█▍        | 3/21 [00:03<00:18,  1.02s/it]
 19%|█▉        | 4/21 [00:04<00:17,  1.04s/it]
 24%|██▍       | 5/21 [00:05<00:16,  1.04s/it]
 29%|██▊       | 6/21 [00:06<00:15,  1.04s/it]
 33%|███▎      | 7/21 [00:07<00:14,  1.05s/it]
 38%|███▊      | 8/21 [00:08<00:13,  1.05s/it]
 43%|████▎     | 9/21 [00:09<00:12,  1.05s/it]
 48%|████▊     | 10/21 [00:10<00:11,  1.05s/it]
 52%|█████▏    | 11/21 [00:11<00:10,  1.06s/it]
 57%|█████▋    | 12/21 [00:12<00:09,  1.06s/it]
 62%|██████▏   | 13/21 [00:13<00:08,  1.06s/it]
 67%|██████▋   | 14/21 [00:14<00:07,  1.05s/it]
 71%|███████▏  | 15/21 [00:15<00:06,  1.05s/it]
 76%|███████▌  | 16/21 [00:16<00:05,  1.05s/it]
 81%|████████  | 17/21 [00:17<00:04,  1.05s/it]
 86%|████████▌ | 18/21 [00:18<00:03,  1.05s/it]
 90%|█████████ | 19/21 [00:19<00:02,  1.05s/it]
 95%|█████████▌| 20/21 [00:20<00:00,  1.03it/s]
100%|██████████| 21/21 [00:22<00:00,  1.08s/it]
100%|██████████| 21/21 [00:22<00:00,  1.05s/it]

  0%|          | 0/125 [00:00<?, ?it/s]
  1%|          | 1/125 [00:00<01:05,  1.89it/s]
  2%|▏         | 2/125 [00:00<00:55,  2.24it/s]
  2%|▏         | 3/125 [00:01<00:51,  2.38it/s]
  3%|▎         | 4/125 [00:01<00:49,  2.46it/s]
  4%|▍         | 5/125 [00:02<00:47,  2.51it/s]
  5%|▍         | 6/125 [00:02<00:47,  2.52it/s]
  6%|▌         | 7/125 [00:02<00:46,  2.55it/s]
  6%|▋         | 8/125 [00:03<00:47,  2.48it/s]
  7%|▋         | 9/125 [00:03<00:46,  2.48it/s]
  8%|▊         | 10/125 [00:04<00:46,  2.47it/s]
  9%|▉         | 11/125 [00:04<00:45,  2.51it/s]
 10%|▉         | 12/125 [00:04<00:44,  2.54it/s]
 10%|█         | 13/125 [00:05<00:43,  2.56it/s]
 11%|█         | 14/125 [00:05<00:43,  2.57it/s]
 12%|█▏        | 15/125 [00:06<00:42,  2.58it/s]
 13%|█▎        | 16/125 [00:06<00:42,  2.59it/s]
 14%|█▎        | 17/125 [00:06<00:41,  2.59it/s]
 14%|█▍        | 18/125 [00:07<00:41,  2.60it/s]
 15%|█▌        | 19/125 [00:07<00:40,  2.60it/s]
 16%|█▌        | 20/125 [00:07<00:40,  2.60it/s]
 17%|█▋        | 21/125 [00:08<00:39,  2.61it/s]
 18%|█▊        | 22/125 [00:08<00:39,  2.61it/s]
 18%|█▊        | 23/125 [00:09<00:39,  2.61it/s]
 19%|█▉        | 24/125 [00:09<00:38,  2.61it/s]
 20%|██        | 25/125 [00:09<00:38,  2.60it/s]
 21%|██        | 26/125 [00:10<00:38,  2.60it/s]
 22%|██▏       | 27/125 [00:10<00:37,  2.60it/s]
 22%|██▏       | 28/125 [00:11<00:39,  2.47it/s]
 23%|██▎       | 29/125 [00:11<00:38,  2.51it/s]
 24%|██▍       | 30/125 [00:11<00:37,  2.53it/s]
 25%|██▍       | 31/125 [00:12<00:36,  2.55it/s]
 26%|██▌       | 32/125 [00:12<00:36,  2.57it/s]
 26%|██▋       | 33/125 [00:12<00:35,  2.58it/s]
 27%|██▋       | 34/125 [00:13<00:35,  2.59it/s]
 28%|██▊       | 35/125 [00:13<00:34,  2.60it/s]
 29%|██▉       | 36/125 [00:14<00:34,  2.60it/s]
 30%|██▉       | 37/125 [00:14<00:33,  2.60it/s]
 30%|███       | 38/125 [00:14<00:33,  2.60it/s]
 31%|███       | 39/125 [00:15<00:32,  2.61it/s]
 32%|███▏      | 40/125 [00:15<00:32,  2.61it/s]
 33%|███▎      | 41/125 [00:16<00:32,  2.61it/s]
 34%|███▎      | 42/125 [00:16<00:31,  2.61it/s]
 34%|███▍      | 43/125 [00:16<00:31,  2.61it/s]
 35%|███▌      | 44/125 [00:17<00:31,  2.61it/s]
 36%|███▌      | 45/125 [00:17<00:30,  2.61it/s]
 37%|███▋      | 46/125 [00:17<00:30,  2.61it/s]
 38%|███▊      | 47/125 [00:18<00:29,  2.61it/s]
 38%|███▊      | 48/125 [00:18<00:29,  2.61it/s]
 39%|███▉      | 49/125 [00:19<00:29,  2.56it/s]
 40%|████      | 50/125 [00:19<00:29,  2.56it/s]
 41%|████      | 51/125 [00:19<00:28,  2.61it/s]
 42%|████▏     | 52/125 [00:20<00:27,  2.66it/s]
 42%|████▏     | 53/125 [00:20<00:26,  2.69it/s]
 43%|████▎     | 54/125 [00:20<00:26,  2.71it/s]
 44%|████▍     | 55/125 [00:21<00:25,  2.73it/s]
 45%|████▍     | 56/125 [00:21<00:25,  2.73it/s]
 46%|████▌     | 57/125 [00:22<00:24,  2.74it/s]
 46%|████▋     | 58/125 [00:22<00:24,  2.75it/s]
 47%|████▋     | 59/125 [00:22<00:24,  2.75it/s]
 48%|████▊     | 60/125 [00:23<00:23,  2.75it/s]
 49%|████▉     | 61/125 [00:23<00:23,  2.76it/s]
 50%|████▉     | 62/125 [00:23<00:22,  2.76it/s]
 50%|█████     | 63/125 [00:24<00:22,  2.75it/s]
 51%|█████     | 64/125 [00:24<00:22,  2.71it/s]
 52%|█████▏    | 65/125 [00:24<00:22,  2.72it/s]
 53%|█████▎    | 66/125 [00:25<00:21,  2.74it/s]
 54%|█████▎    | 67/125 [00:25<00:21,  2.71it/s]
 54%|█████▍    | 68/125 [00:26<00:20,  2.73it/s]
 55%|█████▌    | 69/125 [00:26<00:20,  2.69it/s]
 56%|█████▌    | 70/125 [00:26<00:20,  2.62it/s]
 57%|█████▋    | 71/125 [00:27<00:20,  2.58it/s]
 58%|█████▊    | 72/125 [00:27<00:20,  2.59it/s]
 58%|█████▊    | 73/125 [00:28<00:19,  2.62it/s]
 59%|█████▉    | 74/125 [00:28<00:19,  2.66it/s]
 60%|██████    | 75/125 [00:28<00:18,  2.69it/s]
 61%|██████    | 76/125 [00:29<00:18,  2.71it/s]
 62%|██████▏   | 77/125 [00:29<00:17,  2.72it/s]
 62%|██████▏   | 78/125 [00:29<00:17,  2.74it/s]
 63%|██████▎   | 79/125 [00:30<00:16,  2.75it/s]
 64%|██████▍   | 80/125 [00:30<00:16,  2.74it/s]
 65%|██████▍   | 81/125 [00:30<00:16,  2.75it/s]
 66%|██████▌   | 82/125 [00:31<00:15,  2.70it/s]
 66%|██████▋   | 83/125 [00:31<00:15,  2.71it/s]
 67%|██████▋   | 84/125 [00:32<00:15,  2.73it/s]
 68%|██████▊   | 85/125 [00:32<00:14,  2.73it/s]
 69%|██████▉   | 86/125 [00:32<00:14,  2.74it/s]
 70%|██████▉   | 87/125 [00:33<00:13,  2.75it/s]
 70%|███████   | 88/125 [00:33<00:13,  2.75it/s]
 71%|███████   | 89/125 [00:33<00:13,  2.74it/s]
 72%|███████▏  | 90/125 [00:34<00:12,  2.75it/s]
 73%|███████▎  | 91/125 [00:34<00:12,  2.76it/s]
 74%|███████▎  | 92/125 [00:35<00:12,  2.63it/s]
 74%|███████▍  | 93/125 [00:35<00:12,  2.64it/s]
 75%|███████▌  | 94/125 [00:35<00:11,  2.67it/s]
 76%|███████▌  | 95/125 [00:36<00:11,  2.69it/s]
 77%|███████▋  | 96/125 [00:36<00:10,  2.71it/s]
 78%|███████▊  | 97/125 [00:36<00:10,  2.72it/s]
 78%|███████▊  | 98/125 [00:37<00:09,  2.72it/s]
 79%|███████▉  | 99/125 [00:37<00:09,  2.72it/s]
 80%|████████  | 100/125 [00:37<00:09,  2.73it/s]
 81%|████████  | 101/125 [00:38<00:08,  2.73it/s]
 82%|████████▏ | 102/125 [00:38<00:08,  2.73it/s]
 82%|████████▏ | 103/125 [00:39<00:08,  2.74it/s]
 83%|████████▎ | 104/125 [00:39<00:07,  2.74it/s]
 84%|████████▍ | 105/125 [00:39<00:07,  2.74it/s]
 85%|████████▍ | 106/125 [00:40<00:06,  2.74it/s]
 86%|████████▌ | 107/125 [00:40<00:06,  2.74it/s]
 86%|████████▋ | 108/125 [00:40<00:06,  2.75it/s]
 87%|████████▋ | 109/125 [00:41<00:05,  2.75it/s]
 88%|████████▊ | 110/125 [00:41<00:05,  2.74it/s]
 89%|████████▉ | 111/125 [00:41<00:05,  2.74it/s]
 90%|████████▉ | 112/125 [00:42<00:05,  2.57it/s]
 90%|█████████ | 113/125 [00:42<00:04,  2.51it/s]
 91%|█████████ | 114/125 [00:43<00:04,  2.50it/s]
 92%|█████████▏| 115/125 [00:43<00:03,  2.51it/s]
 93%|█████████▎| 116/125 [00:44<00:03,  2.53it/s]
 94%|█████████▎| 117/125 [00:44<00:03,  2.55it/s]
 94%|█████████▍| 118/125 [00:44<00:02,  2.57it/s]
 95%|█████████▌| 119/125 [00:45<00:02,  2.59it/s]
 96%|█████████▌| 120/125 [00:45<00:01,  2.60it/s]
 97%|█████████▋| 121/125 [00:45<00:01,  2.60it/s]
 98%|█████████▊| 122/125 [00:46<00:01,  2.59it/s]
 98%|█████████▊| 123/125 [00:46<00:00,  2.34it/s]
 99%|█████████▉| 124/125 [00:47<00:00,  2.41it/s]
100%|██████████| 125/125 [00:47<00:00,  2.47it/s]
100%|██████████| 125/125 [00:47<00:00,  2.63it/s]
Evaluation for task 16 has started.
['lamp', 'dolphin', 'cloud', 'tank', 'baby']

  0%|          | 0/21 [00:00<?, ?it/s]
  5%|▍         | 1/21 [00:01<00:22,  1.15s/it]
 10%|▉         | 2/21 [00:02<00:18,  1.02it/s]
 14%|█▍        | 3/21 [00:03<00:18,  1.01s/it]
 19%|█▉        | 4/21 [00:04<00:17,  1.03s/it]
 24%|██▍       | 5/21 [00:05<00:16,  1.03s/it]
 29%|██▊       | 6/21 [00:06<00:15,  1.04s/it]
 33%|███▎      | 7/21 [00:07<00:14,  1.05s/it]
 38%|███▊      | 8/21 [00:08<00:13,  1.04s/it]
 43%|████▎     | 9/21 [00:09<00:12,  1.05s/it]
 48%|████▊     | 10/21 [00:10<00:11,  1.05s/it]
 52%|█████▏    | 11/21 [00:11<00:10,  1.05s/it]
 57%|█████▋    | 12/21 [00:12<00:09,  1.05s/it]
 62%|██████▏   | 13/21 [00:13<00:08,  1.05s/it]
 67%|██████▋   | 14/21 [00:14<00:07,  1.05s/it]
 71%|███████▏  | 15/21 [00:15<00:06,  1.05s/it]
 76%|███████▌  | 16/21 [00:16<00:05,  1.05s/it]
 81%|████████  | 17/21 [00:17<00:04,  1.05s/it]
 86%|████████▌ | 18/21 [00:18<00:03,  1.05s/it]
 90%|█████████ | 19/21 [00:19<00:02,  1.05s/it]
 95%|█████████▌| 20/21 [00:20<00:00,  1.03it/s]
100%|██████████| 21/21 [00:21<00:00,  1.07s/it]
100%|██████████| 21/21 [00:21<00:00,  1.05s/it]

  0%|          | 0/133 [00:00<?, ?it/s]
  1%|          | 1/133 [00:00<01:10,  1.86it/s]
  2%|▏         | 2/133 [00:00<00:58,  2.23it/s]
  2%|▏         | 3/133 [00:01<00:54,  2.39it/s]
  3%|▎         | 4/133 [00:01<00:52,  2.48it/s]
  4%|▍         | 5/133 [00:02<00:50,  2.52it/s]
  5%|▍         | 6/133 [00:02<00:49,  2.56it/s]
  5%|▌         | 7/133 [00:02<00:48,  2.57it/s]
  6%|▌         | 8/133 [00:03<00:48,  2.59it/s]
  7%|▋         | 9/133 [00:03<00:47,  2.59it/s]
  8%|▊         | 10/133 [00:03<00:47,  2.60it/s]
  8%|▊         | 11/133 [00:04<00:46,  2.60it/s]
  9%|▉         | 12/133 [00:04<00:47,  2.55it/s]
 10%|▉         | 13/133 [00:05<00:47,  2.51it/s]
 11%|█         | 14/133 [00:05<00:48,  2.45it/s]
 11%|█▏        | 15/133 [00:06<00:47,  2.49it/s]
 12%|█▏        | 16/133 [00:06<00:46,  2.52it/s]
 13%|█▎        | 17/133 [00:06<00:45,  2.54it/s]
 14%|█▎        | 18/133 [00:07<00:44,  2.56it/s]
 14%|█▍        | 19/133 [00:07<00:44,  2.58it/s]
 15%|█▌        | 20/133 [00:07<00:43,  2.59it/s]
 16%|█▌        | 21/133 [00:08<00:43,  2.59it/s]
 17%|█▋        | 22/133 [00:08<00:42,  2.60it/s]
 17%|█▋        | 23/133 [00:09<00:42,  2.60it/s]
 18%|█▊        | 24/133 [00:09<00:42,  2.59it/s]
 19%|█▉        | 25/133 [00:09<00:41,  2.59it/s]
 20%|█▉        | 26/133 [00:10<00:41,  2.60it/s]
 20%|██        | 27/133 [00:10<00:40,  2.60it/s]
 21%|██        | 28/133 [00:10<00:40,  2.61it/s]
 22%|██▏       | 29/133 [00:11<00:39,  2.61it/s]
 23%|██▎       | 30/133 [00:11<00:39,  2.61it/s]
 23%|██▎       | 31/133 [00:12<00:39,  2.60it/s]
 24%|██▍       | 32/133 [00:12<00:38,  2.60it/s]
 25%|██▍       | 33/133 [00:13<00:41,  2.43it/s]
 26%|██▌       | 34/133 [00:13<00:39,  2.48it/s]
 26%|██▋       | 35/133 [00:13<00:39,  2.51it/s]
 27%|██▋       | 36/133 [00:14<00:38,  2.54it/s]
 28%|██▊       | 37/133 [00:14<00:37,  2.55it/s]
 29%|██▊       | 38/133 [00:14<00:37,  2.56it/s]
 29%|██▉       | 39/133 [00:15<00:36,  2.57it/s]
 30%|███       | 40/133 [00:15<00:36,  2.57it/s]
 31%|███       | 41/133 [00:16<00:35,  2.56it/s]
 32%|███▏      | 42/133 [00:16<00:38,  2.38it/s]
 32%|███▏      | 43/133 [00:16<00:36,  2.44it/s]
 33%|███▎      | 44/133 [00:17<00:35,  2.49it/s]
 34%|███▍      | 45/133 [00:17<00:34,  2.52it/s]
 35%|███▍      | 46/133 [00:18<00:34,  2.50it/s]
 35%|███▌      | 47/133 [00:18<00:34,  2.53it/s]
 36%|███▌      | 48/133 [00:18<00:33,  2.55it/s]
 37%|███▋      | 49/133 [00:19<00:32,  2.56it/s]
 38%|███▊      | 50/133 [00:19<00:32,  2.57it/s]
 38%|███▊      | 51/133 [00:20<00:31,  2.58it/s]
 39%|███▉      | 52/133 [00:20<00:31,  2.58it/s]
 40%|███▉      | 53/133 [00:21<00:45,  1.75it/s]
 41%|████      | 54/133 [00:21<00:42,  1.87it/s]
 41%|████▏     | 55/133 [00:22<00:38,  2.03it/s]
 42%|████▏     | 56/133 [00:22<00:35,  2.18it/s]
 43%|████▎     | 57/133 [00:23<00:33,  2.29it/s]
 44%|████▎     | 58/133 [00:23<00:31,  2.37it/s]
 44%|████▍     | 59/133 [00:23<00:30,  2.43it/s]
 45%|████▌     | 60/133 [00:24<00:28,  2.52it/s]
 46%|████▌     | 61/133 [00:24<00:28,  2.49it/s]
 47%|████▋     | 62/133 [00:25<00:28,  2.50it/s]
 47%|████▋     | 63/133 [00:25<00:27,  2.50it/s]
 48%|████▊     | 64/133 [00:25<00:27,  2.52it/s]
 49%|████▉     | 65/133 [00:26<00:26,  2.55it/s]
 50%|████▉     | 66/133 [00:26<00:27,  2.47it/s]
 50%|█████     | 67/133 [00:27<00:26,  2.51it/s]
 51%|█████     | 68/133 [00:27<00:25,  2.54it/s]
 52%|█████▏    | 69/133 [00:27<00:24,  2.56it/s]
 53%|█████▎    | 70/133 [00:28<00:24,  2.58it/s]
 53%|█████▎    | 71/133 [00:28<00:23,  2.59it/s]
 54%|█████▍    | 72/133 [00:28<00:23,  2.60it/s]
 55%|█████▍    | 73/133 [00:29<00:23,  2.55it/s]
 56%|█████▌    | 74/133 [00:29<00:23,  2.56it/s]
 56%|█████▋    | 75/133 [00:30<00:22,  2.58it/s]
 57%|█████▋    | 76/133 [00:30<00:22,  2.58it/s]
 58%|█████▊    | 77/133 [00:30<00:21,  2.59it/s]
 59%|█████▊    | 78/133 [00:31<00:21,  2.59it/s]
 59%|█████▉    | 79/133 [00:31<00:20,  2.60it/s]
 60%|██████    | 80/133 [00:32<00:20,  2.58it/s]
 61%|██████    | 81/133 [00:32<00:20,  2.59it/s]
 62%|██████▏   | 82/133 [00:32<00:19,  2.60it/s]
 62%|██████▏   | 83/133 [00:33<00:19,  2.61it/s]
 63%|██████▎   | 84/133 [00:33<00:18,  2.61it/s]
 64%|██████▍   | 85/133 [00:33<00:18,  2.61it/s]
 65%|██████▍   | 86/133 [00:34<00:18,  2.60it/s]
 65%|██████▌   | 87/133 [00:34<00:17,  2.61it/s]
 66%|██████▌   | 88/133 [00:35<00:17,  2.60it/s]
 67%|██████▋   | 89/133 [00:35<00:17,  2.59it/s]
 68%|██████▊   | 90/133 [00:35<00:16,  2.59it/s]
 68%|██████▊   | 91/133 [00:36<00:16,  2.58it/s]
 69%|██████▉   | 92/133 [00:36<00:15,  2.59it/s]
 70%|██████▉   | 93/133 [00:37<00:15,  2.60it/s]
 71%|███████   | 94/133 [00:37<00:15,  2.48it/s]
 71%|███████▏  | 95/133 [00:37<00:15,  2.51it/s]
 72%|███████▏  | 96/133 [00:38<00:14,  2.54it/s]
 73%|███████▎  | 97/133 [00:38<00:14,  2.56it/s]
 74%|███████▎  | 98/133 [00:39<00:13,  2.58it/s]
 74%|███████▍  | 99/133 [00:39<00:13,  2.58it/s]
 75%|███████▌  | 100/133 [00:39<00:12,  2.59it/s]
 76%|███████▌  | 101/133 [00:40<00:12,  2.59it/s]
 77%|███████▋  | 102/133 [00:40<00:11,  2.59it/s]
 77%|███████▋  | 103/133 [00:40<00:11,  2.60it/s]
 78%|███████▊  | 104/133 [00:41<00:11,  2.60it/s]
 79%|███████▉  | 105/133 [00:41<00:10,  2.61it/s]
 80%|███████▉  | 106/133 [00:42<00:10,  2.60it/s]
 80%|████████  | 107/133 [00:42<00:09,  2.61it/s]
 81%|████████  | 108/133 [00:42<00:09,  2.61it/s]
 82%|████████▏ | 109/133 [00:43<00:09,  2.61it/s]
 83%|████████▎ | 110/133 [00:43<00:08,  2.61it/s]
 83%|████████▎ | 111/133 [00:44<00:08,  2.60it/s]
 84%|████████▍ | 112/133 [00:44<00:08,  2.61it/s]
 85%|████████▍ | 113/133 [00:44<00:07,  2.61it/s]
 86%|████████▌ | 114/133 [00:45<00:07,  2.57it/s]
 86%|████████▋ | 115/133 [00:45<00:07,  2.40it/s]
 87%|████████▋ | 116/133 [00:46<00:06,  2.45it/s]
 88%|████████▊ | 117/133 [00:46<00:06,  2.47it/s]
 89%|████████▊ | 118/133 [00:46<00:06,  2.50it/s]
 89%|████████▉ | 119/133 [00:47<00:05,  2.52it/s]
 90%|█████████ | 120/133 [00:47<00:05,  2.52it/s]
 91%|█████████ | 121/133 [00:47<00:04,  2.55it/s]
 92%|█████████▏| 122/133 [00:48<00:04,  2.56it/s]
 92%|█████████▏| 123/133 [00:48<00:03,  2.57it/s]
 93%|█████████▎| 124/133 [00:49<00:03,  2.58it/s]
 94%|█████████▍| 125/133 [00:49<00:03,  2.59it/s]
 95%|█████████▍| 126/133 [00:49<00:02,  2.60it/s]
 95%|█████████▌| 127/133 [00:50<00:02,  2.60it/s]
 96%|█████████▌| 128/133 [00:50<00:01,  2.60it/s]
 97%|█████████▋| 129/133 [00:51<00:01,  2.60it/s]
 98%|█████████▊| 130/133 [00:51<00:01,  2.61it/s]
 98%|█████████▊| 131/133 [00:51<00:00,  2.60it/s]
 99%|█████████▉| 132/133 [00:52<00:00,  2.36it/s]
100%|██████████| 133/133 [00:52<00:00,  2.52it/s]
100%|██████████| 133/133 [00:52<00:00,  2.52it/s]
Evaluation for task 17 has started.
['whale', 'palm_tree', 'motorcycle', 'sea', 'possum']

  0%|          | 0/21 [00:00<?, ?it/s]
  5%|▍         | 1/21 [00:01<00:23,  1.19s/it]
 10%|▉         | 2/21 [00:02<00:18,  1.00it/s]
 14%|█▍        | 3/21 [00:03<00:18,  1.03s/it]
 19%|█▉        | 4/21 [00:04<00:17,  1.04s/it]
 24%|██▍       | 5/21 [00:05<00:16,  1.05s/it]
 29%|██▊       | 6/21 [00:06<00:15,  1.05s/it]
 33%|███▎      | 7/21 [00:07<00:14,  1.05s/it]
 38%|███▊      | 8/21 [00:08<00:13,  1.05s/it]
 43%|████▎     | 9/21 [00:09<00:12,  1.06s/it]
 48%|████▊     | 10/21 [00:10<00:11,  1.06s/it]
 52%|█████▏    | 11/21 [00:11<00:10,  1.06s/it]
 57%|█████▋    | 12/21 [00:12<00:09,  1.06s/it]
 62%|██████▏   | 13/21 [00:13<00:08,  1.06s/it]
 67%|██████▋   | 14/21 [00:14<00:07,  1.06s/it]
 71%|███████▏  | 15/21 [00:15<00:06,  1.06s/it]
 76%|███████▌  | 16/21 [00:16<00:05,  1.05s/it]
 81%|████████  | 17/21 [00:17<00:04,  1.06s/it]
 86%|████████▌ | 18/21 [00:18<00:03,  1.06s/it]
 90%|█████████ | 19/21 [00:20<00:02,  1.06s/it]
 95%|█████████▌| 20/21 [00:20<00:00,  1.02it/s]
100%|██████████| 21/21 [00:22<00:00,  1.09s/it]
100%|██████████| 21/21 [00:22<00:00,  1.06s/it]

  0%|          | 0/141 [00:00<?, ?it/s]
  1%|          | 1/141 [00:00<01:15,  1.84it/s]
  1%|▏         | 2/141 [00:00<01:01,  2.27it/s]
  2%|▏         | 3/141 [00:01<00:56,  2.45it/s]
  3%|▎         | 4/141 [00:01<00:53,  2.55it/s]
  4%|▎         | 5/141 [00:02<00:52,  2.60it/s]
  4%|▍         | 6/141 [00:02<00:51,  2.64it/s]
  5%|▍         | 7/141 [00:02<00:50,  2.66it/s]
  6%|▌         | 8/141 [00:03<00:54,  2.46it/s]
  6%|▋         | 9/141 [00:03<00:53,  2.48it/s]
  7%|▋         | 10/141 [00:04<00:52,  2.49it/s]
  8%|▊         | 11/141 [00:04<00:51,  2.50it/s]
  9%|▊         | 12/141 [00:04<00:51,  2.52it/s]
  9%|▉         | 13/141 [00:05<00:50,  2.52it/s]
 10%|▉         | 14/141 [00:05<00:50,  2.53it/s]
 11%|█         | 15/141 [00:05<00:49,  2.53it/s]
 11%|█▏        | 16/141 [00:06<00:49,  2.51it/s]
 12%|█▏        | 17/141 [00:06<00:50,  2.47it/s]
 13%|█▎        | 18/141 [00:07<00:49,  2.50it/s]
 13%|█▎        | 19/141 [00:07<00:49,  2.49it/s]
 14%|█▍        | 20/141 [00:08<00:48,  2.49it/s]
 15%|█▍        | 21/141 [00:08<00:48,  2.49it/s]
 16%|█▌        | 22/141 [00:08<00:47,  2.50it/s]
 16%|█▋        | 23/141 [00:09<00:46,  2.51it/s]
 17%|█▋        | 24/141 [00:09<00:46,  2.50it/s]
 18%|█▊        | 25/141 [00:10<00:46,  2.50it/s]
 18%|█▊        | 26/141 [00:10<00:45,  2.52it/s]
 19%|█▉        | 27/141 [00:10<00:45,  2.53it/s]
 20%|█▉        | 28/141 [00:11<00:44,  2.53it/s]
 21%|██        | 29/141 [00:11<00:44,  2.54it/s]
 21%|██▏       | 30/141 [00:12<00:48,  2.31it/s]
 22%|██▏       | 31/141 [00:12<00:46,  2.37it/s]
 23%|██▎       | 32/141 [00:12<00:45,  2.42it/s]
 23%|██▎       | 33/141 [00:13<00:44,  2.45it/s]
 24%|██▍       | 34/141 [00:13<00:43,  2.47it/s]
 25%|██▍       | 35/141 [00:14<00:42,  2.50it/s]
 26%|██▌       | 36/141 [00:14<00:41,  2.52it/s]
 26%|██▌       | 37/141 [00:14<00:41,  2.50it/s]
 27%|██▋       | 38/141 [00:15<00:41,  2.49it/s]
 28%|██▊       | 39/141 [00:15<00:40,  2.51it/s]
 28%|██▊       | 40/141 [00:16<00:40,  2.52it/s]
 29%|██▉       | 41/141 [00:16<00:39,  2.53it/s]
 30%|██▉       | 42/141 [00:16<00:40,  2.44it/s]
 30%|███       | 43/141 [00:17<00:39,  2.46it/s]
 31%|███       | 44/141 [00:17<00:39,  2.47it/s]
 32%|███▏      | 45/141 [00:18<00:38,  2.49it/s]
 33%|███▎      | 46/141 [00:18<00:37,  2.50it/s]
 33%|███▎      | 47/141 [00:18<00:37,  2.50it/s]
 34%|███▍      | 48/141 [00:19<00:37,  2.51it/s]
 35%|███▍      | 49/141 [00:19<00:36,  2.52it/s]
 35%|███▌      | 50/141 [00:20<00:36,  2.52it/s]
 36%|███▌      | 51/141 [00:20<00:36,  2.48it/s]
 37%|███▋      | 52/141 [00:20<00:35,  2.49it/s]
 38%|███▊      | 53/141 [00:21<00:35,  2.48it/s]
 38%|███▊      | 54/141 [00:21<00:34,  2.50it/s]
 39%|███▉      | 55/141 [00:22<00:34,  2.52it/s]
 40%|███▉      | 56/141 [00:22<00:33,  2.52it/s]
 40%|████      | 57/141 [00:22<00:33,  2.53it/s]
 41%|████      | 58/141 [00:23<00:32,  2.54it/s]
 42%|████▏     | 59/141 [00:23<00:32,  2.54it/s]
 43%|████▎     | 60/141 [00:24<00:31,  2.54it/s]
 43%|████▎     | 61/141 [00:24<00:31,  2.52it/s]
 44%|████▍     | 62/141 [00:24<00:31,  2.52it/s]
 45%|████▍     | 63/141 [00:25<00:30,  2.53it/s]
 45%|████▌     | 64/141 [00:25<00:30,  2.53it/s]
 46%|████▌     | 65/141 [00:26<00:29,  2.54it/s]
 47%|████▋     | 66/141 [00:26<00:29,  2.54it/s]
 48%|████▊     | 67/141 [00:26<00:29,  2.54it/s]
 48%|████▊     | 68/141 [00:27<00:28,  2.52it/s]
 49%|████▉     | 69/141 [00:27<00:28,  2.53it/s]
 50%|████▉     | 70/141 [00:27<00:28,  2.53it/s]
 50%|█████     | 71/141 [00:28<00:28,  2.49it/s]
 51%|█████     | 72/141 [00:29<00:32,  2.10it/s]
 52%|█████▏    | 73/141 [00:29<00:30,  2.21it/s]
 52%|█████▏    | 74/141 [00:29<00:29,  2.30it/s]
 53%|█████▎    | 75/141 [00:30<00:27,  2.38it/s]
 54%|█████▍    | 76/141 [00:30<00:26,  2.42it/s]
 55%|█████▍    | 77/141 [00:31<00:26,  2.45it/s]
 55%|█████▌    | 78/141 [00:31<00:25,  2.48it/s]
 56%|█████▌    | 79/141 [00:31<00:24,  2.49it/s]
 57%|█████▋    | 80/141 [00:32<00:24,  2.51it/s]
 57%|█████▋    | 81/141 [00:32<00:23,  2.53it/s]
 58%|█████▊    | 82/141 [00:32<00:23,  2.54it/s]
 59%|█████▉    | 83/141 [00:33<00:22,  2.55it/s]
 60%|█████▉    | 84/141 [00:33<00:22,  2.53it/s]
 60%|██████    | 85/141 [00:34<00:22,  2.54it/s]
 61%|██████    | 86/141 [00:34<00:21,  2.54it/s]
 62%|██████▏   | 87/141 [00:34<00:21,  2.53it/s]
 62%|██████▏   | 88/141 [00:35<00:20,  2.54it/s]
 63%|██████▎   | 89/141 [00:35<00:20,  2.53it/s]
 64%|██████▍   | 90/141 [00:36<00:20,  2.54it/s]
 65%|██████▍   | 91/141 [00:36<00:19,  2.54it/s]
 65%|██████▌   | 92/141 [00:36<00:19,  2.55it/s]
 66%|██████▌   | 93/141 [00:37<00:18,  2.56it/s]
 67%|██████▋   | 94/141 [00:37<00:19,  2.35it/s]
 67%|██████▋   | 95/141 [00:38<00:19,  2.37it/s]
 68%|██████▊   | 96/141 [00:38<00:18,  2.42it/s]
 69%|██████▉   | 97/141 [00:39<00:17,  2.46it/s]
 70%|██████▉   | 98/141 [00:39<00:18,  2.33it/s]
 70%|███████   | 99/141 [00:39<00:17,  2.36it/s]
 71%|███████   | 100/141 [00:40<00:17,  2.36it/s]
 72%|███████▏  | 101/141 [00:40<00:18,  2.13it/s]
 72%|███████▏  | 102/141 [00:41<00:17,  2.18it/s]
 73%|███████▎  | 103/141 [00:41<00:16,  2.29it/s]
 74%|███████▍  | 104/141 [00:42<00:15,  2.37it/s]
 74%|███████▍  | 105/141 [00:42<00:15,  2.39it/s]
 75%|███████▌  | 106/141 [00:42<00:14,  2.43it/s]
 76%|███████▌  | 107/141 [00:43<00:13,  2.43it/s]
 77%|███████▋  | 108/141 [00:43<00:13,  2.37it/s]
 77%|███████▋  | 109/141 [00:44<00:14,  2.23it/s]
 78%|███████▊  | 110/141 [00:44<00:13,  2.32it/s]
 79%|███████▊  | 111/141 [00:45<00:12,  2.38it/s]
 79%|███████▉  | 112/141 [00:45<00:12,  2.31it/s]
 80%|████████  | 113/141 [00:45<00:12,  2.31it/s]
 81%|████████  | 114/141 [00:46<00:12,  2.20it/s]
 82%|████████▏ | 115/141 [00:46<00:11,  2.21it/s]
 82%|████████▏ | 116/141 [00:47<00:10,  2.29it/s]
 83%|████████▎ | 117/141 [00:47<00:09,  2.41it/s]
 84%|████████▎ | 118/141 [00:48<00:09,  2.49it/s]
 84%|████████▍ | 119/141 [00:48<00:08,  2.46it/s]
 85%|████████▌ | 120/141 [00:48<00:08,  2.52it/s]
 86%|████████▌ | 121/141 [00:49<00:07,  2.58it/s]
 87%|████████▋ | 122/141 [00:49<00:07,  2.62it/s]
 87%|████████▋ | 123/141 [00:49<00:06,  2.65it/s]
 88%|████████▊ | 124/141 [00:50<00:06,  2.67it/s]
 89%|████████▊ | 125/141 [00:50<00:05,  2.68it/s]
 89%|████████▉ | 126/141 [00:51<00:05,  2.64it/s]
 90%|█████████ | 127/141 [00:51<00:05,  2.56it/s]
 91%|█████████ | 128/141 [00:51<00:05,  2.59it/s]
 91%|█████████▏| 129/141 [00:52<00:04,  2.61it/s]
 92%|█████████▏| 130/141 [00:52<00:04,  2.65it/s]
 93%|█████████▎| 131/141 [00:53<00:03,  2.61it/s]
 94%|█████████▎| 132/141 [00:53<00:03,  2.59it/s]
 94%|█████████▍| 133/141 [00:53<00:03,  2.59it/s]
 95%|█████████▌| 134/141 [00:54<00:02,  2.58it/s]
 96%|█████████▌| 135/141 [00:54<00:02,  2.58it/s]
 96%|█████████▋| 136/141 [00:54<00:01,  2.59it/s]
 97%|█████████▋| 137/141 [00:55<00:01,  2.54it/s]
 98%|█████████▊| 138/141 [00:55<00:01,  2.53it/s]
 99%|█████████▊| 139/141 [00:56<00:00,  2.53it/s]
 99%|█████████▉| 140/141 [00:56<00:00,  2.54it/s]
100%|██████████| 141/141 [00:56<00:00,  2.80it/s]
100%|██████████| 141/141 [00:56<00:00,  2.48it/s]
Evaluation for task 18 has started.
['woman', 'bus', 'worm', 'beetle', 'fox']

  0%|          | 0/21 [00:00<?, ?it/s]
  5%|▍         | 1/21 [00:01<00:22,  1.15s/it]
 10%|▉         | 2/21 [00:02<00:18,  1.03it/s]
 14%|█▍        | 3/21 [00:03<00:18,  1.01s/it]
 19%|█▉        | 4/21 [00:04<00:17,  1.03s/it]
 24%|██▍       | 5/21 [00:05<00:16,  1.04s/it]
 29%|██▊       | 6/21 [00:06<00:15,  1.04s/it]
 33%|███▎      | 7/21 [00:07<00:14,  1.05s/it]
 38%|███▊      | 8/21 [00:08<00:13,  1.05s/it]
 43%|████▎     | 9/21 [00:09<00:12,  1.05s/it]
 48%|████▊     | 10/21 [00:10<00:11,  1.05s/it]
 52%|█████▏    | 11/21 [00:11<00:10,  1.05s/it]
 57%|█████▋    | 12/21 [00:12<00:09,  1.05s/it]
 62%|██████▏   | 13/21 [00:13<00:08,  1.05s/it]
 67%|██████▋   | 14/21 [00:14<00:07,  1.05s/it]
 71%|███████▏  | 15/21 [00:15<00:06,  1.06s/it]
 76%|███████▌  | 16/21 [00:16<00:05,  1.05s/it]
 81%|████████  | 17/21 [00:17<00:04,  1.05s/it]
 86%|████████▌ | 18/21 [00:18<00:03,  1.05s/it]
 90%|█████████ | 19/21 [00:19<00:02,  1.05s/it]
 95%|█████████▌| 20/21 [00:20<00:00,  1.02it/s]
100%|██████████| 21/21 [00:22<00:00,  1.11s/it]
100%|██████████| 21/21 [00:22<00:00,  1.05s/it]

  0%|          | 0/149 [00:00<?, ?it/s]
  1%|          | 1/149 [00:00<01:19,  1.85it/s]
  1%|▏         | 2/149 [00:00<01:04,  2.27it/s]
  2%|▏         | 3/149 [00:01<01:05,  2.23it/s]
  3%|▎         | 4/149 [00:01<01:06,  2.17it/s]
  3%|▎         | 5/149 [00:02<01:03,  2.27it/s]
  4%|▍         | 6/149 [00:02<01:00,  2.35it/s]
  5%|▍         | 7/149 [00:03<00:59,  2.40it/s]
  5%|▌         | 8/149 [00:03<00:57,  2.45it/s]
  6%|▌         | 9/149 [00:03<00:56,  2.48it/s]
  7%|▋         | 10/149 [00:04<00:54,  2.54it/s]
  7%|▋         | 11/149 [00:04<00:53,  2.59it/s]
  8%|▊         | 12/149 [00:04<00:52,  2.62it/s]
  9%|▊         | 13/149 [00:05<00:51,  2.65it/s]
  9%|▉         | 14/149 [00:05<00:50,  2.65it/s]
 10%|█         | 15/149 [00:06<00:50,  2.67it/s]
 11%|█         | 16/149 [00:06<00:49,  2.68it/s]
 11%|█▏        | 17/149 [00:06<00:49,  2.67it/s]
 12%|█▏        | 18/149 [00:07<00:48,  2.67it/s]
 13%|█▎        | 19/149 [00:07<00:48,  2.68it/s]
 13%|█▎        | 20/149 [00:07<00:48,  2.68it/s]
 14%|█▍        | 21/149 [00:08<00:47,  2.68it/s]
 15%|█▍        | 22/149 [00:08<00:48,  2.62it/s]
 15%|█▌        | 23/149 [00:09<00:48,  2.60it/s]
 16%|█▌        | 24/149 [00:09<00:48,  2.58it/s]
 17%|█▋        | 25/149 [00:09<00:49,  2.49it/s]
 17%|█▋        | 26/149 [00:10<00:51,  2.37it/s]
 18%|█▊        | 27/149 [00:10<00:50,  2.42it/s]
 19%|█▉        | 28/149 [00:11<00:49,  2.45it/s]
 19%|█▉        | 29/149 [00:11<00:48,  2.48it/s]
 20%|██        | 30/149 [00:11<00:47,  2.50it/s]
 21%|██        | 31/149 [00:12<00:47,  2.49it/s]
 21%|██▏       | 32/149 [00:12<00:46,  2.50it/s]
 22%|██▏       | 33/149 [00:13<00:46,  2.51it/s]
 23%|██▎       | 34/149 [00:13<00:45,  2.52it/s]
 23%|██▎       | 35/149 [00:13<00:45,  2.52it/s]
 24%|██▍       | 36/149 [00:14<00:44,  2.53it/s]
 25%|██▍       | 37/149 [00:14<00:44,  2.53it/s]
 26%|██▌       | 38/149 [00:15<00:43,  2.53it/s]
 26%|██▌       | 39/149 [00:15<00:43,  2.53it/s]
 27%|██▋       | 40/149 [00:15<00:43,  2.53it/s]
 28%|██▊       | 41/149 [00:16<00:42,  2.52it/s]
 28%|██▊       | 42/149 [00:16<00:42,  2.52it/s]
 29%|██▉       | 43/149 [00:17<00:41,  2.53it/s]
 30%|██▉       | 44/149 [00:17<00:41,  2.53it/s]
 30%|███       | 45/149 [00:17<00:41,  2.53it/s]
 31%|███       | 46/149 [00:18<00:40,  2.53it/s]
 32%|███▏      | 47/149 [00:18<00:42,  2.41it/s]
 32%|███▏      | 48/149 [00:19<00:41,  2.42it/s]
 33%|███▎      | 49/149 [00:19<00:40,  2.45it/s]
 34%|███▎      | 50/149 [00:19<00:40,  2.47it/s]
 34%|███▍      | 51/149 [00:20<00:39,  2.49it/s]
 35%|███▍      | 52/149 [00:20<00:39,  2.45it/s]
 36%|███▌      | 53/149 [00:21<00:39,  2.44it/s]
 36%|███▌      | 54/149 [00:21<00:38,  2.47it/s]
 37%|███▋      | 55/149 [00:21<00:37,  2.49it/s]
 38%|███▊      | 56/149 [00:22<00:37,  2.51it/s]
 38%|███▊      | 57/149 [00:22<00:36,  2.52it/s]
 39%|███▉      | 58/149 [00:23<00:35,  2.53it/s]
 40%|███▉      | 59/149 [00:23<00:35,  2.53it/s]
 40%|████      | 60/149 [00:23<00:35,  2.54it/s]
 41%|████      | 61/149 [00:24<00:34,  2.55it/s]
 42%|████▏     | 62/149 [00:24<00:34,  2.54it/s]
 42%|████▏     | 63/149 [00:25<00:33,  2.55it/s]
 43%|████▎     | 64/149 [00:25<00:33,  2.55it/s]
 44%|████▎     | 65/149 [00:25<00:32,  2.55it/s]
 44%|████▍     | 66/149 [00:26<00:32,  2.52it/s]
 45%|████▍     | 67/149 [00:26<00:32,  2.53it/s]
 46%|████▌     | 68/149 [00:27<00:32,  2.52it/s]
 46%|████▋     | 69/149 [00:27<00:32,  2.46it/s]
 47%|████▋     | 70/149 [00:27<00:31,  2.47it/s]
 48%|████▊     | 71/149 [00:28<00:31,  2.50it/s]
 48%|████▊     | 72/149 [00:28<00:30,  2.51it/s]
 49%|████▉     | 73/149 [00:29<00:30,  2.53it/s]
 50%|████▉     | 74/149 [00:29<00:29,  2.54it/s]
 50%|█████     | 75/149 [00:29<00:29,  2.54it/s]
 51%|█████     | 76/149 [00:30<00:28,  2.55it/s]
 52%|█████▏    | 77/149 [00:30<00:28,  2.55it/s]
 52%|█████▏    | 78/149 [00:31<00:27,  2.56it/s]
 53%|█████▎    | 79/149 [00:31<00:27,  2.56it/s]
 54%|█████▎    | 80/149 [00:31<00:26,  2.56it/s]
 54%|█████▍    | 81/149 [00:32<00:26,  2.57it/s]
 55%|█████▌    | 82/149 [00:32<00:26,  2.57it/s]
 56%|█████▌    | 83/149 [00:32<00:25,  2.57it/s]
 56%|█████▋    | 84/149 [00:33<00:25,  2.57it/s]
 57%|█████▋    | 85/149 [00:33<00:24,  2.57it/s]
 58%|█████▊    | 86/149 [00:34<00:24,  2.57it/s]
 58%|█████▊    | 87/149 [00:34<00:24,  2.56it/s]
 59%|█████▉    | 88/149 [00:34<00:23,  2.56it/s]
 60%|█████▉    | 89/149 [00:35<00:23,  2.56it/s]
 60%|██████    | 90/149 [00:35<00:23,  2.56it/s]
 61%|██████    | 91/149 [00:36<00:23,  2.51it/s]
 62%|██████▏   | 92/149 [00:36<00:22,  2.51it/s]
 62%|██████▏   | 93/149 [00:36<00:22,  2.51it/s]
 63%|██████▎   | 94/149 [00:37<00:21,  2.52it/s]
 64%|██████▍   | 95/149 [00:37<00:21,  2.54it/s]
 64%|██████▍   | 96/149 [00:38<00:20,  2.54it/s]
 65%|██████▌   | 97/149 [00:38<00:20,  2.54it/s]
 66%|██████▌   | 98/149 [00:38<00:19,  2.55it/s]
 66%|██████▋   | 99/149 [00:39<00:19,  2.56it/s]
 67%|██████▋   | 100/149 [00:39<00:19,  2.51it/s]
 68%|██████▊   | 101/149 [00:40<00:18,  2.53it/s]
 68%|██████▊   | 102/149 [00:40<00:18,  2.54it/s]
 69%|██████▉   | 103/149 [00:40<00:18,  2.54it/s]
 70%|██████▉   | 104/149 [00:41<00:17,  2.55it/s]
 70%|███████   | 105/149 [00:41<00:17,  2.55it/s]
 71%|███████   | 106/149 [00:42<00:16,  2.55it/s]
 72%|███████▏  | 107/149 [00:42<00:16,  2.51it/s]
 72%|███████▏  | 108/149 [00:42<00:16,  2.48it/s]
 73%|███████▎  | 109/149 [00:43<00:16,  2.46it/s]
 74%|███████▍  | 110/149 [00:43<00:15,  2.49it/s]
 74%|███████▍  | 111/149 [00:44<00:15,  2.50it/s]
 75%|███████▌  | 112/149 [00:44<00:14,  2.52it/s]
 76%|███████▌  | 113/149 [00:44<00:14,  2.53it/s]
 77%|███████▋  | 114/149 [00:45<00:13,  2.53it/s]
 77%|███████▋  | 115/149 [00:45<00:13,  2.43it/s]
 78%|███████▊  | 116/149 [00:46<00:13,  2.46it/s]
 79%|███████▊  | 117/149 [00:46<00:12,  2.48it/s]
 79%|███████▉  | 118/149 [00:46<00:12,  2.50it/s]
 80%|███████▉  | 119/149 [00:47<00:11,  2.51it/s]
 81%|████████  | 120/149 [00:47<00:11,  2.52it/s]
 81%|████████  | 121/149 [00:48<00:11,  2.52it/s]
 82%|████████▏ | 122/149 [00:48<00:10,  2.51it/s]
 83%|████████▎ | 123/149 [00:48<00:10,  2.52it/s]
 83%|████████▎ | 124/149 [00:49<00:09,  2.53it/s]
 84%|████████▍ | 125/149 [00:49<00:09,  2.53it/s]
 85%|████████▍ | 126/149 [00:50<00:09,  2.53it/s]
 85%|████████▌ | 127/149 [00:50<00:08,  2.54it/s]
 86%|████████▌ | 128/149 [00:50<00:08,  2.54it/s]
 87%|████████▋ | 129/149 [00:51<00:07,  2.53it/s]
 87%|████████▋ | 130/149 [00:51<00:07,  2.53it/s]
 88%|████████▊ | 131/149 [00:52<00:07,  2.52it/s]
 89%|████████▊ | 132/149 [00:52<00:06,  2.53it/s]
 89%|████████▉ | 133/149 [00:52<00:06,  2.33it/s]
 90%|████████▉ | 134/149 [00:53<00:06,  2.37it/s]
 91%|█████████ | 135/149 [00:53<00:05,  2.39it/s]
 91%|█████████▏| 136/149 [00:54<00:05,  2.43it/s]
 92%|█████████▏| 137/149 [00:54<00:04,  2.45it/s]
 93%|█████████▎| 138/149 [00:54<00:04,  2.47it/s]
 93%|█████████▎| 139/149 [00:55<00:04,  2.49it/s]
 94%|█████████▍| 140/149 [00:55<00:03,  2.50it/s]
 95%|█████████▍| 141/149 [00:56<00:03,  2.51it/s]
 95%|█████████▌| 142/149 [00:56<00:02,  2.50it/s]
 96%|█████████▌| 143/149 [00:56<00:02,  2.51it/s]
 97%|█████████▋| 144/149 [00:57<00:01,  2.50it/s]
 97%|█████████▋| 145/149 [00:57<00:01,  2.51it/s]
 98%|█████████▊| 146/149 [00:58<00:01,  2.51it/s]
 99%|█████████▊| 147/149 [00:58<00:00,  2.49it/s]
 99%|█████████▉| 148/149 [00:58<00:00,  2.54it/s]
100%|██████████| 149/149 [00:59<00:00,  2.95it/s]
100%|██████████| 149/149 [00:59<00:00,  2.52it/s]
Evaluation for task 19 has started.
['otter', 'orchid', 'crab', 'girl', 'keyboard']

  0%|          | 0/21 [00:00<?, ?it/s]
  5%|▍         | 1/21 [00:01<00:22,  1.12s/it]
 10%|▉         | 2/21 [00:01<00:18,  1.05it/s]
 14%|█▍        | 3/21 [00:03<00:18,  1.01s/it]
 19%|█▉        | 4/21 [00:04<00:17,  1.03s/it]
 24%|██▍       | 5/21 [00:05<00:16,  1.04s/it]
 29%|██▊       | 6/21 [00:06<00:15,  1.04s/it]
 33%|███▎      | 7/21 [00:07<00:14,  1.05s/it]
 38%|███▊      | 8/21 [00:08<00:13,  1.05s/it]
 43%|████▎     | 9/21 [00:09<00:12,  1.05s/it]
 48%|████▊     | 10/21 [00:10<00:11,  1.05s/it]
 52%|█████▏    | 11/21 [00:11<00:10,  1.05s/it]
 57%|█████▋    | 12/21 [00:12<00:09,  1.05s/it]
 62%|██████▏   | 13/21 [00:13<00:08,  1.05s/it]
 67%|██████▋   | 14/21 [00:14<00:07,  1.05s/it]
 71%|███████▏  | 15/21 [00:15<00:06,  1.05s/it]
 76%|███████▌  | 16/21 [00:16<00:05,  1.05s/it]
 81%|████████  | 17/21 [00:17<00:04,  1.05s/it]
 86%|████████▌ | 18/21 [00:18<00:03,  1.05s/it]
 90%|█████████ | 19/21 [00:19<00:02,  1.06s/it]
 95%|█████████▌| 20/21 [00:20<00:00,  1.02it/s]
100%|██████████| 21/21 [00:22<00:00,  1.08s/it]
100%|██████████| 21/21 [00:22<00:00,  1.05s/it]

  0%|          | 0/157 [00:00<?, ?it/s]
  1%|          | 1/157 [00:00<01:26,  1.80it/s]
  1%|▏         | 2/157 [00:00<01:09,  2.22it/s]
  2%|▏         | 3/157 [00:01<01:04,  2.39it/s]
  3%|▎         | 4/157 [00:01<01:01,  2.50it/s]
  3%|▎         | 5/157 [00:02<00:59,  2.54it/s]
  4%|▍         | 6/157 [00:02<00:58,  2.59it/s]
  4%|▍         | 7/157 [00:02<00:57,  2.63it/s]
  5%|▌         | 8/157 [00:03<00:56,  2.65it/s]
  6%|▌         | 9/157 [00:03<00:55,  2.66it/s]
  6%|▋         | 10/157 [00:03<00:55,  2.67it/s]
  7%|▋         | 11/157 [00:04<00:54,  2.66it/s]
  8%|▊         | 12/157 [00:04<00:54,  2.67it/s]
  8%|▊         | 13/157 [00:05<00:53,  2.68it/s]
  9%|▉         | 14/157 [00:05<00:54,  2.64it/s]
 10%|▉         | 15/157 [00:05<00:55,  2.56it/s]
 10%|█         | 16/157 [00:06<00:57,  2.46it/s]
 11%|█         | 17/157 [00:06<00:55,  2.52it/s]
 11%|█▏        | 18/157 [00:07<00:54,  2.56it/s]
 12%|█▏        | 19/157 [00:07<00:53,  2.59it/s]
 13%|█▎        | 20/157 [00:07<00:52,  2.62it/s]
 13%|█▎        | 21/157 [00:08<00:51,  2.64it/s]
 14%|█▍        | 22/157 [00:08<00:50,  2.65it/s]
 15%|█▍        | 23/157 [00:08<00:50,  2.66it/s]
 15%|█▌        | 24/157 [00:09<00:49,  2.67it/s]
 16%|█▌        | 25/157 [00:09<00:49,  2.68it/s]
 17%|█▋        | 26/157 [00:10<00:49,  2.65it/s]
 17%|█▋        | 27/157 [00:10<00:48,  2.66it/s]
 18%|█▊        | 28/157 [00:10<00:48,  2.66it/s]
 18%|█▊        | 29/157 [00:11<00:49,  2.59it/s]
 19%|█▉        | 30/157 [00:11<00:48,  2.62it/s]
 20%|█▉        | 31/157 [00:11<00:47,  2.63it/s]
 20%|██        | 32/157 [00:12<00:48,  2.57it/s]
 21%|██        | 33/157 [00:12<00:47,  2.60it/s]
 22%|██▏       | 34/157 [00:13<00:47,  2.61it/s]
 22%|██▏       | 35/157 [00:13<00:46,  2.63it/s]
 23%|██▎       | 36/157 [00:13<00:45,  2.63it/s]
 24%|██▎       | 37/157 [00:14<00:49,  2.41it/s]
 24%|██▍       | 38/157 [00:14<00:49,  2.42it/s]
 25%|██▍       | 39/157 [00:15<00:47,  2.47it/s]
 25%|██▌       | 40/157 [00:15<00:46,  2.52it/s]
 26%|██▌       | 41/157 [00:15<00:45,  2.55it/s]
 27%|██▋       | 42/157 [00:16<00:44,  2.58it/s]
 27%|██▋       | 43/157 [00:16<00:43,  2.60it/s]
 28%|██▊       | 44/157 [00:17<00:43,  2.61it/s]
 29%|██▊       | 45/157 [00:17<00:42,  2.63it/s]
 29%|██▉       | 46/157 [00:17<00:42,  2.64it/s]
 30%|██▉       | 47/157 [00:18<00:41,  2.65it/s]
 31%|███       | 48/157 [00:18<00:41,  2.60it/s]
 31%|███       | 49/157 [00:18<00:41,  2.63it/s]
 32%|███▏      | 50/157 [00:19<00:40,  2.62it/s]
 32%|███▏      | 51/157 [00:19<00:41,  2.53it/s]
 33%|███▎      | 52/157 [00:20<00:40,  2.56it/s]
 34%|███▍      | 53/157 [00:20<00:39,  2.60it/s]
 34%|███▍      | 54/157 [00:20<00:39,  2.62it/s]
 35%|███▌      | 55/157 [00:21<00:38,  2.65it/s]
 36%|███▌      | 56/157 [00:21<00:37,  2.66it/s]
 36%|███▋      | 57/157 [00:21<00:37,  2.67it/s]
 37%|███▋      | 58/157 [00:22<00:36,  2.68it/s]
 38%|███▊      | 59/157 [00:22<00:36,  2.68it/s]
 38%|███▊      | 60/157 [00:23<00:39,  2.46it/s]
 39%|███▉      | 61/157 [00:23<00:44,  2.16it/s]
 39%|███▉      | 62/157 [00:24<00:41,  2.29it/s]
 40%|████      | 63/157 [00:24<00:39,  2.39it/s]
 41%|████      | 64/157 [00:24<00:38,  2.44it/s]
 41%|████▏     | 65/157 [00:25<00:36,  2.50it/s]
 42%|████▏     | 66/157 [00:25<00:35,  2.54it/s]
 43%|████▎     | 67/157 [00:26<00:34,  2.58it/s]
 43%|████▎     | 68/157 [00:26<00:34,  2.62it/s]
 44%|████▍     | 69/157 [00:26<00:33,  2.64it/s]
 45%|████▍     | 70/157 [00:27<00:32,  2.65it/s]
 45%|████▌     | 71/157 [00:27<00:33,  2.58it/s]
 46%|████▌     | 72/157 [00:27<00:32,  2.61it/s]
 46%|████▋     | 73/157 [00:28<00:31,  2.63it/s]
 47%|████▋     | 74/157 [00:28<00:31,  2.65it/s]
 48%|████▊     | 75/157 [00:29<00:30,  2.66it/s]
 48%|████▊     | 76/157 [00:29<00:30,  2.67it/s]
 49%|████▉     | 77/157 [00:29<00:29,  2.68it/s]
 50%|████▉     | 78/157 [00:30<00:29,  2.69it/s]
 50%|█████     | 79/157 [00:30<00:28,  2.69it/s]
 51%|█████     | 80/157 [00:30<00:28,  2.69it/s]
 52%|█████▏    | 81/157 [00:31<00:28,  2.69it/s]
 52%|█████▏    | 82/157 [00:31<00:30,  2.49it/s]
 53%|█████▎    | 83/157 [00:32<00:29,  2.52it/s]
 54%|█████▎    | 84/157 [00:32<00:28,  2.56it/s]
 54%|█████▍    | 85/157 [00:32<00:27,  2.58it/s]
 55%|█████▍    | 86/157 [00:33<00:27,  2.59it/s]
 55%|█████▌    | 87/157 [00:33<00:26,  2.62it/s]
 56%|█████▌    | 88/157 [00:34<00:26,  2.64it/s]
 57%|█████▋    | 89/157 [00:34<00:25,  2.65it/s]
 57%|█████▋    | 90/157 [00:34<00:25,  2.66it/s]
 58%|█████▊    | 91/157 [00:35<00:24,  2.67it/s]
 59%|█████▊    | 92/157 [00:35<00:24,  2.67it/s]
 59%|█████▉    | 93/157 [00:35<00:23,  2.67it/s]
 60%|█████▉    | 94/157 [00:36<00:23,  2.68it/s]
 61%|██████    | 95/157 [00:36<00:23,  2.68it/s]
 61%|██████    | 96/157 [00:37<00:22,  2.68it/s]
 62%|██████▏   | 97/157 [00:37<00:22,  2.66it/s]
 62%|██████▏   | 98/157 [00:37<00:22,  2.67it/s]
 63%|██████▎   | 99/157 [00:38<00:21,  2.67it/s]
 64%|██████▎   | 100/157 [00:38<00:21,  2.67it/s]
 64%|██████▍   | 101/157 [00:38<00:20,  2.67it/s]
 65%|██████▍   | 102/157 [00:39<00:20,  2.68it/s]
 66%|██████▌   | 103/157 [00:39<00:20,  2.68it/s]
 66%|██████▌   | 104/157 [00:40<00:19,  2.68it/s]
 67%|██████▋   | 105/157 [00:40<00:19,  2.62it/s]
 68%|██████▊   | 106/157 [00:40<00:19,  2.62it/s]
 68%|██████▊   | 107/157 [00:41<00:18,  2.63it/s]
 69%|██████▉   | 108/157 [00:41<00:18,  2.64it/s]
 69%|██████▉   | 109/157 [00:41<00:18,  2.56it/s]
 70%|███████   | 110/157 [00:42<00:18,  2.52it/s]
 71%|███████   | 111/157 [00:42<00:18,  2.53it/s]
 71%|███████▏  | 112/157 [00:43<00:17,  2.52it/s]
 72%|███████▏  | 113/157 [00:43<00:17,  2.53it/s]
 73%|███████▎  | 114/157 [00:43<00:16,  2.53it/s]
 73%|███████▎  | 115/157 [00:44<00:16,  2.54it/s]
 74%|███████▍  | 116/157 [00:44<00:16,  2.54it/s]
 75%|███████▍  | 117/157 [00:45<00:15,  2.54it/s]
 75%|███████▌  | 118/157 [00:45<00:15,  2.54it/s]
 76%|███████▌  | 119/157 [00:45<00:14,  2.54it/s]
 76%|███████▋  | 120/157 [00:46<00:14,  2.54it/s]
 77%|███████▋  | 121/157 [00:46<00:14,  2.54it/s]
 78%|███████▊  | 122/157 [00:47<00:13,  2.54it/s]
 78%|███████▊  | 123/157 [00:47<00:13,  2.54it/s]
 79%|███████▉  | 124/157 [00:47<00:12,  2.54it/s]
 80%|███████▉  | 125/157 [00:48<00:12,  2.54it/s]
 80%|████████  | 126/157 [00:48<00:12,  2.54it/s]
 81%|████████  | 127/157 [00:49<00:13,  2.26it/s]
 82%|████████▏ | 128/157 [00:49<00:12,  2.26it/s]
 82%|████████▏ | 129/157 [00:50<00:11,  2.37it/s]
 83%|████████▎ | 130/157 [00:50<00:11,  2.45it/s]
 83%|████████▎ | 131/157 [00:50<00:10,  2.50it/s]
 84%|████████▍ | 132/157 [00:51<00:09,  2.55it/s]
 85%|████████▍ | 133/157 [00:51<00:09,  2.57it/s]
 85%|████████▌ | 134/157 [00:51<00:08,  2.60it/s]
 86%|████████▌ | 135/157 [00:52<00:08,  2.62it/s]
 87%|████████▋ | 136/157 [00:52<00:07,  2.63it/s]
 87%|████████▋ | 137/157 [00:53<00:07,  2.63it/s]
 88%|████████▊ | 138/157 [00:53<00:07,  2.51it/s]
 89%|████████▊ | 139/157 [00:53<00:07,  2.56it/s]
 89%|████████▉ | 140/157 [00:54<00:06,  2.55it/s]
 90%|████████▉ | 141/157 [00:54<00:06,  2.59it/s]
 90%|█████████ | 142/157 [00:55<00:05,  2.61it/s]
 91%|█████████ | 143/157 [00:55<00:05,  2.64it/s]
 92%|█████████▏| 144/157 [00:55<00:04,  2.65it/s]
 92%|█████████▏| 145/157 [00:56<00:04,  2.66it/s]
 93%|█████████▎| 146/157 [00:56<00:04,  2.67it/s]
 94%|█████████▎| 147/157 [00:56<00:03,  2.67it/s]
 94%|█████████▍| 148/157 [00:57<00:03,  2.57it/s]
 95%|█████████▍| 149/157 [00:57<00:03,  2.41it/s]
 96%|█████████▌| 150/157 [00:58<00:02,  2.42it/s]
 96%|█████████▌| 151/157 [00:58<00:02,  2.44it/s]
 97%|█████████▋| 152/157 [00:59<00:02,  2.46it/s]
 97%|█████████▋| 153/157 [00:59<00:01,  2.48it/s]
 98%|█████████▊| 154/157 [00:59<00:01,  2.50it/s]
 99%|█████████▊| 155/157 [01:00<00:00,  2.52it/s]
 99%|█████████▉| 156/157 [01:00<00:00,  2.53it/s]
100%|██████████| 157/157 [01:00<00:00,  3.06it/s]
100%|██████████| 157/157 [01:00<00:00,  2.58it/s]

========================================
Finished cifar100_init5_inc5
Backbone: OpenAI CLIP
Base Accuracy: 100.0
Last Accuracy: 76.1
Average Accuracy (Top1): 83.78
========================================

Files already downloaded and verified
<continuum.scenarios.class_incremental.ClassIncremental object at 0x7f1a0838cbe0> <continuum.scenarios.class_incremental.ClassIncremental object at 0x7f1a0838cbe0>
Files already downloaded and verified
Evaluation for task 0 has started.
['television', 'apple', 'oak_tree', 'pickup_truck', 'lizard', 'trout', 'road', 'wolf', 'mushroom', 'camel']

  0%|          | 0/41 [00:00<?, ?it/s]
  2%|▏         | 1/41 [00:01<01:11,  1.79s/it]
  5%|▍         | 2/41 [00:02<00:42,  1.10s/it]
  7%|▋         | 3/41 [00:03<00:40,  1.07s/it]
 10%|▉         | 4/41 [00:04<00:39,  1.06s/it]
 12%|█▏        | 5/41 [00:05<00:37,  1.05s/it]
 15%|█▍        | 6/41 [00:06<00:36,  1.05s/it]
 17%|█▋        | 7/41 [00:07<00:35,  1.05s/it]
 20%|█▉        | 8/41 [00:08<00:34,  1.05s/it]
 22%|██▏       | 9/41 [00:09<00:33,  1.05s/it]
 24%|██▍       | 10/41 [00:10<00:32,  1.05s/it]
 27%|██▋       | 11/41 [00:11<00:31,  1.05s/it]
 29%|██▉       | 12/41 [00:12<00:30,  1.05s/it]
 32%|███▏      | 13/41 [00:13<00:29,  1.05s/it]
 34%|███▍      | 14/41 [00:15<00:28,  1.05s/it]
 37%|███▋      | 15/41 [00:16<00:27,  1.05s/it]
 39%|███▉      | 16/41 [00:17<00:26,  1.05s/it]
 41%|████▏     | 17/41 [00:18<00:25,  1.05s/it]
 44%|████▍     | 18/41 [00:19<00:24,  1.05s/it]
 46%|████▋     | 19/41 [00:20<00:23,  1.05s/it]
 49%|████▉     | 20/41 [00:21<00:22,  1.05s/it]
 51%|█████     | 21/41 [00:22<00:21,  1.05s/it]
 54%|█████▎    | 22/41 [00:23<00:20,  1.05s/it]
 56%|█████▌    | 23/41 [00:24<00:18,  1.05s/it]
 59%|█████▊    | 24/41 [00:25<00:17,  1.05s/it]
 61%|██████    | 25/41 [00:26<00:16,  1.05s/it]
 63%|██████▎   | 26/41 [00:27<00:15,  1.06s/it]
 66%|██████▌   | 27/41 [00:28<00:14,  1.06s/it]
 68%|██████▊   | 28/41 [00:29<00:13,  1.06s/it]
 71%|███████   | 29/41 [00:30<00:12,  1.05s/it]
 73%|███████▎  | 30/41 [00:31<00:11,  1.05s/it]
 76%|███████▌  | 31/41 [00:32<00:10,  1.05s/it]
 78%|███████▊  | 32/41 [00:33<00:09,  1.06s/it]
 80%|████████  | 33/41 [00:35<00:08,  1.06s/it]
 83%|████████▎ | 34/41 [00:36<00:07,  1.05s/it]
 85%|████████▌ | 35/41 [00:37<00:06,  1.05s/it]
 88%|████████▊ | 36/41 [00:38<00:05,  1.05s/it]
 90%|█████████ | 37/41 [00:39<00:04,  1.05s/it]
 93%|█████████▎| 38/41 [00:40<00:03,  1.06s/it]
 95%|█████████▌| 39/41 [00:41<00:02,  1.06s/it]
 98%|█████████▊| 40/41 [00:41<00:00,  1.10it/s]
100%|██████████| 41/41 [00:43<00:00,  1.02s/it]
100%|██████████| 41/41 [00:43<00:00,  1.05s/it]

  0%|          | 0/16 [00:00<?, ?it/s]
  6%|▋         | 1/16 [00:00<00:07,  1.92it/s]
 12%|█▎        | 2/16 [00:00<00:05,  2.39it/s]
 19%|█▉        | 3/16 [00:01<00:05,  2.57it/s]
 25%|██▌       | 4/16 [00:01<00:04,  2.63it/s]
 31%|███▏      | 5/16 [00:01<00:04,  2.60it/s]
 38%|███▊      | 6/16 [00:02<00:03,  2.57it/s]
 44%|████▍     | 7/16 [00:02<00:03,  2.68it/s]
 50%|█████     | 8/16 [00:03<00:02,  2.75it/s]
 56%|█████▋    | 9/16 [00:03<00:02,  2.78it/s]
 62%|██████▎   | 10/16 [00:03<00:02,  2.82it/s]
 69%|██████▉   | 11/16 [00:04<00:01,  2.86it/s]
 75%|███████▌  | 12/16 [00:04<00:01,  2.88it/s]
 81%|████████▏ | 13/16 [00:04<00:01,  2.78it/s]
 88%|████████▊ | 14/16 [00:05<00:00,  2.82it/s]
 94%|█████████▍| 15/16 [00:05<00:00,  2.85it/s]
100%|██████████| 16/16 [00:05<00:00,  3.16it/s]
100%|██████████| 16/16 [00:05<00:00,  2.78it/s]
Evaluation for task 1 has started.
['wardrobe', 'tulip', 'bowl', 'seal', 'mountain', 'snake', 'plate', 'butterfly', 'bicycle', 'telephone']

  0%|          | 0/41 [00:00<?, ?it/s]
  2%|▏         | 1/41 [00:01<00:45,  1.13s/it]
  5%|▍         | 2/41 [00:01<00:37,  1.03it/s]
  7%|▋         | 3/41 [00:03<00:38,  1.01s/it]
 10%|▉         | 4/41 [00:04<00:37,  1.03s/it]
 12%|█▏        | 5/41 [00:05<00:37,  1.04s/it]
 15%|█▍        | 6/41 [00:06<00:36,  1.04s/it]
 17%|█▋        | 7/41 [00:07<00:35,  1.05s/it]
 20%|█▉        | 8/41 [00:08<00:34,  1.05s/it]
 22%|██▏       | 9/41 [00:09<00:33,  1.05s/it]
 24%|██▍       | 10/41 [00:10<00:32,  1.05s/it]
 27%|██▋       | 11/41 [00:11<00:31,  1.05s/it]
 29%|██▉       | 12/41 [00:12<00:30,  1.05s/it]
 32%|███▏      | 13/41 [00:13<00:29,  1.06s/it]
 34%|███▍      | 14/41 [00:14<00:28,  1.06s/it]
 37%|███▋      | 15/41 [00:15<00:27,  1.06s/it]
 39%|███▉      | 16/41 [00:16<00:26,  1.06s/it]
 41%|████▏     | 17/41 [00:17<00:25,  1.06s/it]
 44%|████▍     | 18/41 [00:18<00:24,  1.06s/it]
 46%|████▋     | 19/41 [00:19<00:23,  1.06s/it]
 49%|████▉     | 20/41 [00:20<00:22,  1.06s/it]
 51%|█████     | 21/41 [00:22<00:21,  1.06s/it]
 54%|█████▎    | 22/41 [00:23<00:20,  1.06s/it]
 56%|█████▌    | 23/41 [00:24<00:19,  1.06s/it]
 59%|█████▊    | 24/41 [00:25<00:17,  1.06s/it]
 61%|██████    | 25/41 [00:26<00:16,  1.06s/it]
 63%|██████▎   | 26/41 [00:27<00:15,  1.06s/it]
 66%|██████▌   | 27/41 [00:28<00:14,  1.06s/it]
 68%|██████▊   | 28/41 [00:29<00:13,  1.06s/it]
 71%|███████   | 29/41 [00:30<00:12,  1.06s/it]
 73%|███████▎  | 30/41 [00:31<00:11,  1.06s/it]
 76%|███████▌  | 31/41 [00:32<00:10,  1.06s/it]
 78%|███████▊  | 32/41 [00:33<00:09,  1.06s/it]
 80%|████████  | 33/41 [00:34<00:08,  1.06s/it]
 83%|████████▎ | 34/41 [00:35<00:07,  1.06s/it]
 85%|████████▌ | 35/41 [00:36<00:06,  1.06s/it]
 88%|████████▊ | 36/41 [00:37<00:05,  1.06s/it]
 90%|█████████ | 37/41 [00:39<00:04,  1.06s/it]
 93%|█████████▎| 38/41 [00:40<00:03,  1.06s/it]
 95%|█████████▌| 39/41 [00:41<00:02,  1.06s/it]
 98%|█████████▊| 40/41 [00:41<00:00,  1.10it/s]
100%|██████████| 41/41 [00:42<00:00,  1.02s/it]
100%|██████████| 41/41 [00:42<00:00,  1.05s/it]

  0%|          | 0/32 [00:00<?, ?it/s]
  3%|▎         | 1/32 [00:00<00:16,  1.91it/s]
  6%|▋         | 2/32 [00:00<00:13,  2.29it/s]
  9%|▉         | 3/32 [00:01<00:11,  2.49it/s]
 12%|█▎        | 4/32 [00:01<00:10,  2.62it/s]
 16%|█▌        | 5/32 [00:01<00:09,  2.71it/s]
 19%|█▉        | 6/32 [00:02<00:09,  2.76it/s]
 22%|██▏       | 7/32 [00:02<00:09,  2.57it/s]
 25%|██▌       | 8/32 [00:03<00:09,  2.65it/s]
 28%|██▊       | 9/32 [00:03<00:08,  2.71it/s]
 31%|███▏      | 10/32 [00:04<00:12,  1.82it/s]
 34%|███▍      | 11/32 [00:04<00:11,  1.89it/s]
 38%|███▊      | 12/32 [00:05<00:09,  2.11it/s]
 41%|████      | 13/32 [00:05<00:08,  2.33it/s]
 44%|████▍     | 14/32 [00:05<00:07,  2.44it/s]
 47%|████▋     | 15/32 [00:06<00:06,  2.50it/s]
 50%|█████     | 16/32 [00:06<00:06,  2.48it/s]
 53%|█████▎    | 17/32 [00:07<00:05,  2.52it/s]
 56%|█████▋    | 18/32 [00:07<00:05,  2.67it/s]
 59%|█████▉    | 19/32 [00:07<00:05,  2.53it/s]
 62%|██████▎   | 20/32 [00:08<00:05,  2.05it/s]
 66%|██████▌   | 21/32 [00:09<00:05,  1.87it/s]
 69%|██████▉   | 22/32 [00:09<00:04,  2.08it/s]
 72%|███████▏  | 23/32 [00:09<00:03,  2.30it/s]
 75%|███████▌  | 24/32 [00:10<00:03,  2.39it/s]
 78%|███████▊  | 25/32 [00:10<00:03,  2.24it/s]
 81%|████████▏ | 26/32 [00:11<00:02,  2.41it/s]
 84%|████████▍ | 27/32 [00:11<00:01,  2.54it/s]
 88%|████████▊ | 28/32 [00:11<00:01,  2.63it/s]
 91%|█████████ | 29/32 [00:12<00:01,  2.30it/s]
 94%|█████████▍| 30/32 [00:13<00:01,  1.90it/s]
 97%|█████████▋| 31/32 [00:13<00:00,  1.71it/s]
100%|██████████| 32/32 [00:13<00:00,  2.24it/s]
100%|██████████| 32/32 [00:13<00:00,  2.29it/s]
Evaluation for task 2 has started.
['table', 'willow_tree', 'caterpillar', 'cockroach', 'flatfish', 'lobster', 'tiger', 'boy', 'beaver', 'ray']

  0%|          | 0/41 [00:00<?, ?it/s]
  2%|▏         | 1/41 [00:01<00:45,  1.13s/it]
  5%|▍         | 2/41 [00:01<00:37,  1.03it/s]
  7%|▋         | 3/41 [00:03<00:38,  1.01s/it]
 10%|▉         | 4/41 [00:04<00:37,  1.03s/it]
 12%|█▏        | 5/41 [00:05<00:37,  1.03s/it]
 15%|█▍        | 6/41 [00:06<00:36,  1.04s/it]
 17%|█▋        | 7/41 [00:07<00:35,  1.04s/it]
 20%|█▉        | 8/41 [00:08<00:34,  1.05s/it]
 22%|██▏       | 9/41 [00:09<00:33,  1.05s/it]
 24%|██▍       | 10/41 [00:10<00:32,  1.05s/it]
 27%|██▋       | 11/41 [00:11<00:31,  1.05s/it]
 29%|██▉       | 12/41 [00:12<00:30,  1.05s/it]
 32%|███▏      | 13/41 [00:13<00:29,  1.05s/it]
 34%|███▍      | 14/41 [00:14<00:28,  1.05s/it]
 37%|███▋      | 15/41 [00:15<00:27,  1.05s/it]
 39%|███▉      | 16/41 [00:16<00:26,  1.06s/it]
 41%|████▏     | 17/41 [00:17<00:25,  1.06s/it]
 44%|████▍     | 18/41 [00:18<00:24,  1.06s/it]
 46%|████▋     | 19/41 [00:19<00:23,  1.05s/it]
 49%|████▉     | 20/41 [00:20<00:22,  1.05s/it]
 51%|█████     | 21/41 [00:22<00:21,  1.05s/it]
 54%|█████▎    | 22/41 [00:23<00:20,  1.05s/it]
 56%|█████▌    | 23/41 [00:24<00:18,  1.05s/it]
 59%|█████▊    | 24/41 [00:25<00:17,  1.06s/it]
 61%|██████    | 25/41 [00:26<00:16,  1.06s/it]
 63%|██████▎   | 26/41 [00:27<00:15,  1.06s/it]
 66%|██████▌   | 27/41 [00:28<00:14,  1.05s/it]
 68%|██████▊   | 28/41 [00:29<00:13,  1.05s/it]
 71%|███████   | 29/41 [00:30<00:12,  1.05s/it]
 73%|███████▎  | 30/41 [00:31<00:11,  1.05s/it]
 76%|███████▌  | 31/41 [00:32<00:10,  1.05s/it]
 78%|███████▊  | 32/41 [00:33<00:09,  1.05s/it]
 80%|████████  | 33/41 [00:34<00:08,  1.05s/it]
 83%|████████▎ | 34/41 [00:35<00:07,  1.05s/it]
 85%|████████▌ | 35/41 [00:36<00:06,  1.06s/it]
 88%|████████▊ | 36/41 [00:37<00:05,  1.05s/it]
 90%|█████████ | 37/41 [00:38<00:04,  1.06s/it]
 93%|█████████▎| 38/41 [00:39<00:03,  1.06s/it]
 95%|█████████▌| 39/41 [00:41<00:02,  1.06s/it]
 98%|█████████▊| 40/41 [00:41<00:00,  1.10it/s]
100%|██████████| 41/41 [00:42<00:00,  1.02s/it]
100%|██████████| 41/41 [00:42<00:00,  1.05s/it]

  0%|          | 0/47 [00:00<?, ?it/s]
  2%|▏         | 1/47 [00:00<00:25,  1.78it/s]
  4%|▍         | 2/47 [00:00<00:19,  2.27it/s]
  6%|▋         | 3/47 [00:01<00:17,  2.49it/s]
  9%|▊         | 4/47 [00:01<00:17,  2.52it/s]
 11%|█         | 5/47 [00:02<00:16,  2.62it/s]
 13%|█▎        | 6/47 [00:02<00:15,  2.70it/s]
 15%|█▍        | 7/47 [00:02<00:14,  2.75it/s]
 17%|█▋        | 8/47 [00:03<00:14,  2.68it/s]
 19%|█▉        | 9/47 [00:03<00:14,  2.64it/s]
 21%|██▏       | 10/47 [00:03<00:13,  2.70it/s]
 23%|██▎       | 11/47 [00:04<00:13,  2.74it/s]
 26%|██▌       | 12/47 [00:04<00:12,  2.76it/s]
 28%|██▊       | 13/47 [00:04<00:12,  2.79it/s]
 30%|██▉       | 14/47 [00:05<00:11,  2.75it/s]
 32%|███▏      | 15/47 [00:05<00:11,  2.75it/s]
 34%|███▍      | 16/47 [00:06<00:11,  2.76it/s]
 36%|███▌      | 17/47 [00:06<00:10,  2.79it/s]
 38%|███▊      | 18/47 [00:06<00:10,  2.82it/s]
 40%|████      | 19/47 [00:07<00:10,  2.65it/s]
 43%|████▎     | 20/47 [00:07<00:10,  2.68it/s]
 45%|████▍     | 21/47 [00:07<00:09,  2.71it/s]
 47%|████▋     | 22/47 [00:08<00:10,  2.47it/s]
 49%|████▉     | 23/47 [00:08<00:10,  2.31it/s]
 51%|█████     | 24/47 [00:09<00:10,  2.15it/s]
 53%|█████▎    | 25/47 [00:09<00:09,  2.27it/s]
 55%|█████▌    | 26/47 [00:10<00:08,  2.42it/s]
 57%|█████▋    | 27/47 [00:10<00:08,  2.33it/s]
 60%|█████▉    | 28/47 [00:11<00:08,  2.32it/s]
 62%|██████▏   | 29/47 [00:11<00:07,  2.47it/s]
 64%|██████▍   | 30/47 [00:11<00:06,  2.52it/s]
 66%|██████▌   | 31/47 [00:12<00:06,  2.37it/s]
 68%|██████▊   | 32/47 [00:12<00:06,  2.50it/s]
 70%|███████   | 33/47 [00:12<00:05,  2.58it/s]
 72%|███████▏  | 34/47 [00:13<00:05,  2.60it/s]
 74%|███████▍  | 35/47 [00:13<00:04,  2.52it/s]
 77%|███████▋  | 36/47 [00:14<00:04,  2.59it/s]
 79%|███████▊  | 37/47 [00:14<00:03,  2.67it/s]
 81%|████████  | 38/47 [00:14<00:03,  2.69it/s]
 83%|████████▎ | 39/47 [00:15<00:03,  2.51it/s]
 85%|████████▌ | 40/47 [00:15<00:02,  2.46it/s]
 87%|████████▋ | 41/47 [00:16<00:03,  1.97it/s]
 89%|████████▉ | 42/47 [00:16<00:02,  2.16it/s]
 91%|█████████▏| 43/47 [00:17<00:01,  2.18it/s]
 94%|█████████▎| 44/47 [00:17<00:01,  2.34it/s]
 96%|█████████▌| 45/47 [00:18<00:00,  2.32it/s]
 98%|█████████▊| 46/47 [00:18<00:00,  2.44it/s]
100%|██████████| 47/47 [00:18<00:00,  2.62it/s]
100%|██████████| 47/47 [00:18<00:00,  2.51it/s]
Evaluation for task 3 has started.
['rocket', 'raccoon', 'snail', 'maple_tree', 'spider', 'turtle', 'dinosaur', 'mouse', 'pear', 'sweet_pepper']

  0%|          | 0/41 [00:00<?, ?it/s]
  2%|▏         | 1/41 [00:01<00:45,  1.13s/it]
  5%|▍         | 2/41 [00:01<00:37,  1.04it/s]
  7%|▋         | 3/41 [00:03<00:38,  1.00s/it]
 10%|▉         | 4/41 [00:04<00:37,  1.02s/it]
 12%|█▏        | 5/41 [00:05<00:37,  1.03s/it]
 15%|█▍        | 6/41 [00:06<00:36,  1.05s/it]
 17%|█▋        | 7/41 [00:07<00:35,  1.05s/it]
 20%|█▉        | 8/41 [00:08<00:34,  1.05s/it]
 22%|██▏       | 9/41 [00:09<00:33,  1.05s/it]
 24%|██▍       | 10/41 [00:10<00:32,  1.05s/it]
 27%|██▋       | 11/41 [00:11<00:31,  1.05s/it]
 29%|██▉       | 12/41 [00:12<00:30,  1.05s/it]
 32%|███▏      | 13/41 [00:13<00:29,  1.05s/it]
 34%|███▍      | 14/41 [00:14<00:28,  1.05s/it]
 37%|███▋      | 15/41 [00:15<00:27,  1.05s/it]
 39%|███▉      | 16/41 [00:16<00:26,  1.05s/it]
 41%|████▏     | 17/41 [00:17<00:25,  1.05s/it]
 44%|████▍     | 18/41 [00:18<00:24,  1.06s/it]
 46%|████▋     | 19/41 [00:19<00:23,  1.06s/it]
 49%|████▉     | 20/41 [00:20<00:22,  1.06s/it]
 51%|█████     | 21/41 [00:22<00:21,  1.06s/it]
 54%|█████▎    | 22/41 [00:23<00:20,  1.06s/it]
 56%|█████▌    | 23/41 [00:24<00:18,  1.05s/it]
 59%|█████▊    | 24/41 [00:25<00:17,  1.05s/it]
 61%|██████    | 25/41 [00:26<00:16,  1.05s/it]
 63%|██████▎   | 26/41 [00:27<00:15,  1.05s/it]
 66%|██████▌   | 27/41 [00:28<00:14,  1.05s/it]
 68%|██████▊   | 28/41 [00:29<00:13,  1.06s/it]
 71%|███████   | 29/41 [00:30<00:12,  1.06s/it]
 73%|███████▎  | 30/41 [00:31<00:11,  1.06s/it]
 76%|███████▌  | 31/41 [00:32<00:10,  1.06s/it]
 78%|███████▊  | 32/41 [00:33<00:09,  1.06s/it]
 80%|████████  | 33/41 [00:34<00:08,  1.06s/it]
 83%|████████▎ | 34/41 [00:35<00:07,  1.06s/it]
 85%|████████▌ | 35/41 [00:36<00:06,  1.06s/it]
 88%|████████▊ | 36/41 [00:37<00:05,  1.06s/it]
 90%|█████████ | 37/41 [00:38<00:04,  1.06s/it]
 93%|█████████▎| 38/41 [00:39<00:03,  1.06s/it]
 95%|█████████▌| 39/41 [00:41<00:02,  1.06s/it]
 98%|█████████▊| 40/41 [00:41<00:00,  1.10it/s]
100%|██████████| 41/41 [00:42<00:00,  1.02s/it]
100%|██████████| 41/41 [00:42<00:00,  1.05s/it]

  0%|          | 0/63 [00:00<?, ?it/s]
  2%|▏         | 1/63 [00:00<00:47,  1.30it/s]
  3%|▎         | 2/63 [00:01<00:31,  1.94it/s]
  5%|▍         | 3/63 [00:01<00:26,  2.30it/s]
  6%|▋         | 4/63 [00:01<00:23,  2.53it/s]
  8%|▊         | 5/63 [00:02<00:22,  2.61it/s]
 10%|▉         | 6/63 [00:02<00:20,  2.73it/s]
 11%|█         | 7/63 [00:02<00:20,  2.80it/s]
 13%|█▎        | 8/63 [00:03<00:21,  2.57it/s]
 14%|█▍        | 9/63 [00:03<00:20,  2.63it/s]
 16%|█▌        | 10/63 [00:03<00:19,  2.66it/s]
 17%|█▋        | 11/63 [00:04<00:19,  2.69it/s]
 19%|█▉        | 12/63 [00:04<00:18,  2.73it/s]
 21%|██        | 13/63 [00:05<00:18,  2.75it/s]
 22%|██▏       | 14/63 [00:05<00:19,  2.49it/s]
 24%|██▍       | 15/63 [00:05<00:19,  2.52it/s]
 25%|██▌       | 16/63 [00:06<00:18,  2.59it/s]
 27%|██▋       | 17/63 [00:06<00:17,  2.63it/s]
 29%|██▊       | 18/63 [00:07<00:16,  2.73it/s]
 30%|███       | 19/63 [00:07<00:15,  2.80it/s]
 32%|███▏      | 20/63 [00:07<00:16,  2.66it/s]
 33%|███▎      | 21/63 [00:08<00:15,  2.74it/s]
 35%|███▍      | 22/63 [00:08<00:15,  2.66it/s]
 37%|███▋      | 23/63 [00:08<00:14,  2.70it/s]
 38%|███▊      | 24/63 [00:09<00:14,  2.73it/s]
 40%|███▉      | 25/63 [00:09<00:13,  2.75it/s]
 41%|████▏     | 26/63 [00:09<00:13,  2.77it/s]
 43%|████▎     | 27/63 [00:10<00:12,  2.77it/s]
 44%|████▍     | 28/63 [00:10<00:14,  2.42it/s]
 46%|████▌     | 29/63 [00:11<00:13,  2.56it/s]
 48%|████▊     | 30/63 [00:11<00:12,  2.67it/s]
 49%|████▉     | 31/63 [00:11<00:11,  2.74it/s]
 51%|█████     | 32/63 [00:12<00:11,  2.81it/s]
 52%|█████▏    | 33/63 [00:12<00:10,  2.86it/s]
 54%|█████▍    | 34/63 [00:12<00:10,  2.64it/s]
 56%|█████▌    | 35/63 [00:13<00:10,  2.61it/s]
 57%|█████▋    | 36/63 [00:13<00:10,  2.66it/s]
 59%|█████▊    | 37/63 [00:14<00:09,  2.75it/s]
 60%|██████    | 38/63 [00:14<00:08,  2.82it/s]
 62%|██████▏   | 39/63 [00:14<00:08,  2.87it/s]
 63%|██████▎   | 40/63 [00:15<00:08,  2.86it/s]
 65%|██████▌   | 41/63 [00:15<00:07,  2.77it/s]
 67%|██████▋   | 42/63 [00:16<00:10,  2.02it/s]
 68%|██████▊   | 43/63 [00:16<00:09,  2.18it/s]
 70%|██████▉   | 44/63 [00:16<00:08,  2.34it/s]
 71%|███████▏  | 45/63 [00:17<00:07,  2.47it/s]
 73%|███████▎  | 46/63 [00:17<00:06,  2.44it/s]
 75%|███████▍  | 47/63 [00:18<00:06,  2.34it/s]
 76%|███████▌  | 48/63 [00:18<00:06,  2.39it/s]
 78%|███████▊  | 49/63 [00:18<00:05,  2.49it/s]
 79%|███████▉  | 50/63 [00:19<00:05,  2.58it/s]
 81%|████████  | 51/63 [00:19<00:04,  2.64it/s]
 83%|████████▎ | 52/63 [00:21<00:09,  1.22it/s]
 84%|████████▍ | 53/63 [00:21<00:06,  1.44it/s]
 86%|████████▌ | 54/63 [00:22<00:05,  1.69it/s]
 87%|████████▋ | 55/63 [00:22<00:04,  1.91it/s]
 89%|████████▉ | 56/63 [00:23<00:03,  2.03it/s]
 90%|█████████ | 57/63 [00:24<00:03,  1.53it/s]
 92%|█████████▏| 58/63 [00:24<00:02,  1.74it/s]
 94%|█████████▎| 59/63 [00:24<00:02,  1.96it/s]
 95%|█████████▌| 60/63 [00:25<00:01,  2.15it/s]
 97%|█████████▋| 61/63 [00:26<00:01,  1.19it/s]
 98%|█████████▊| 62/63 [00:27<00:00,  1.43it/s]
100%|██████████| 63/63 [00:27<00:00,  1.81it/s]
100%|██████████| 63/63 [00:27<00:00,  2.29it/s]
Evaluation for task 4 has started.
['castle', 'streetcar', 'lawn_mower', 'bridge', 'house', 'pine_tree', 'couch', 'chair', 'squirrel', 'shark']

  0%|          | 0/41 [00:00<?, ?it/s]
  2%|▏         | 1/41 [00:01<00:47,  1.19s/it]
  5%|▍         | 2/41 [00:02<00:38,  1.02it/s]
  7%|▋         | 3/41 [00:03<00:38,  1.01s/it]
 10%|▉         | 4/41 [00:04<00:38,  1.03s/it]
 12%|█▏        | 5/41 [00:05<00:37,  1.04s/it]
 15%|█▍        | 6/41 [00:06<00:36,  1.05s/it]
 17%|█▋        | 7/41 [00:07<00:35,  1.05s/it]
 20%|█▉        | 8/41 [00:08<00:34,  1.05s/it]
 22%|██▏       | 9/41 [00:09<00:33,  1.05s/it]
 24%|██▍       | 10/41 [00:10<00:32,  1.05s/it]
 27%|██▋       | 11/41 [00:11<00:31,  1.05s/it]
 29%|██▉       | 12/41 [00:12<00:30,  1.05s/it]
 32%|███▏      | 13/41 [00:13<00:29,  1.05s/it]
 34%|███▍      | 14/41 [00:14<00:28,  1.05s/it]
 37%|███▋      | 15/41 [00:15<00:27,  1.05s/it]
 39%|███▉      | 16/41 [00:16<00:26,  1.06s/it]
 41%|████▏     | 17/41 [00:17<00:25,  1.06s/it]
 44%|████▍     | 18/41 [00:18<00:24,  1.06s/it]
 46%|████▋     | 19/41 [00:19<00:23,  1.06s/it]
 49%|████▉     | 20/41 [00:20<00:22,  1.05s/it]
 51%|█████     | 21/41 [00:22<00:21,  1.06s/it]
 54%|█████▎    | 22/41 [00:23<00:20,  1.05s/it]
 56%|█████▌    | 23/41 [00:24<00:19,  1.06s/it]
 59%|█████▊    | 24/41 [00:25<00:17,  1.05s/it]
 61%|██████    | 25/41 [00:26<00:16,  1.05s/it]
 63%|██████▎   | 26/41 [00:27<00:15,  1.06s/it]
 66%|██████▌   | 27/41 [00:28<00:14,  1.05s/it]
 68%|██████▊   | 28/41 [00:29<00:13,  1.05s/it]
 71%|███████   | 29/41 [00:30<00:12,  1.05s/it]
 73%|███████▎  | 30/41 [00:31<00:11,  1.05s/it]
 76%|███████▌  | 31/41 [00:32<00:10,  1.05s/it]
 78%|███████▊  | 32/41 [00:33<00:09,  1.05s/it]
 80%|████████  | 33/41 [00:34<00:08,  1.05s/it]
 83%|████████▎ | 34/41 [00:35<00:07,  1.06s/it]
 85%|████████▌ | 35/41 [00:36<00:06,  1.06s/it]
 88%|████████▊ | 36/41 [00:37<00:05,  1.06s/it]
 90%|█████████ | 37/41 [00:38<00:04,  1.06s/it]
 93%|█████████▎| 38/41 [00:39<00:03,  1.06s/it]
 95%|█████████▌| 39/41 [00:41<00:02,  1.06s/it]
 98%|█████████▊| 40/41 [00:41<00:00,  1.10it/s]
100%|██████████| 41/41 [00:42<00:00,  1.04s/it]
100%|██████████| 41/41 [00:42<00:00,  1.05s/it]

  0%|          | 0/79 [00:00<?, ?it/s]
  1%|▏         | 1/79 [00:00<00:44,  1.77it/s]
  3%|▎         | 2/79 [00:00<00:34,  2.21it/s]
  4%|▍         | 3/79 [00:01<00:31,  2.42it/s]
  5%|▌         | 4/79 [00:01<00:29,  2.52it/s]
  6%|▋         | 5/79 [00:02<00:28,  2.59it/s]
  8%|▊         | 6/79 [00:02<00:28,  2.56it/s]
  9%|▉         | 7/79 [00:02<00:28,  2.52it/s]
 10%|█         | 8/79 [00:03<00:27,  2.63it/s]
 11%|█▏        | 9/79 [00:03<00:25,  2.72it/s]
 13%|█▎        | 10/79 [00:03<00:24,  2.77it/s]
 14%|█▍        | 11/79 [00:04<00:24,  2.72it/s]
 15%|█▌        | 12/79 [00:04<00:24,  2.78it/s]
 16%|█▋        | 13/79 [00:04<00:23,  2.82it/s]
 18%|█▊        | 14/79 [00:05<00:24,  2.68it/s]
 19%|█▉        | 15/79 [00:05<00:23,  2.71it/s]
 20%|██        | 16/79 [00:06<00:22,  2.76it/s]
 22%|██▏       | 17/79 [00:06<00:22,  2.78it/s]
 23%|██▎       | 18/79 [00:07<00:30,  2.02it/s]
 24%|██▍       | 19/79 [00:07<00:26,  2.22it/s]
 25%|██▌       | 20/79 [00:07<00:24,  2.39it/s]
 27%|██▋       | 21/79 [00:08<00:23,  2.52it/s]
 28%|██▊       | 22/79 [00:08<00:21,  2.62it/s]
 29%|██▉       | 23/79 [00:08<00:20,  2.71it/s]
 30%|███       | 24/79 [00:09<00:19,  2.75it/s]
 32%|███▏      | 25/79 [00:09<00:20,  2.60it/s]
 33%|███▎      | 26/79 [00:10<00:20,  2.60it/s]
 34%|███▍      | 27/79 [00:10<00:19,  2.65it/s]
 35%|███▌      | 28/79 [00:10<00:19,  2.68it/s]
 37%|███▋      | 29/79 [00:11<00:18,  2.70it/s]
 38%|███▊      | 30/79 [00:11<00:18,  2.71it/s]
 39%|███▉      | 31/79 [00:11<00:17,  2.72it/s]
 41%|████      | 32/79 [00:12<00:23,  1.98it/s]
 42%|████▏     | 33/79 [00:13<00:21,  2.16it/s]
 43%|████▎     | 34/79 [00:13<00:19,  2.31it/s]
 44%|████▍     | 35/79 [00:13<00:18,  2.41it/s]
 46%|████▌     | 36/79 [00:14<00:17,  2.51it/s]
 47%|████▋     | 37/79 [00:14<00:16,  2.58it/s]
 48%|████▊     | 38/79 [00:15<00:16,  2.43it/s]
 49%|████▉     | 39/79 [00:15<00:19,  2.10it/s]
 51%|█████     | 40/79 [00:16<00:17,  2.26it/s]
 52%|█████▏    | 41/79 [00:16<00:15,  2.39it/s]
 53%|█████▎    | 42/79 [00:16<00:14,  2.50it/s]
 54%|█████▍    | 43/79 [00:17<00:13,  2.58it/s]
 56%|█████▌    | 44/79 [00:17<00:13,  2.62it/s]
 57%|█████▋    | 45/79 [00:17<00:13,  2.44it/s]
 58%|█████▊    | 46/79 [00:18<00:13,  2.49it/s]
 59%|█████▉    | 47/79 [00:18<00:12,  2.61it/s]
 61%|██████    | 48/79 [00:19<00:11,  2.70it/s]
 62%|██████▏   | 49/79 [00:19<00:10,  2.77it/s]
 63%|██████▎   | 50/79 [00:19<00:10,  2.82it/s]
 65%|██████▍   | 51/79 [00:20<00:09,  2.85it/s]
 66%|██████▌   | 52/79 [00:20<00:10,  2.62it/s]
 67%|██████▋   | 53/79 [00:20<00:09,  2.70it/s]
 68%|██████▊   | 54/79 [00:21<00:09,  2.76it/s]
 70%|██████▉   | 55/79 [00:21<00:08,  2.81it/s]
 71%|███████   | 56/79 [00:21<00:08,  2.84it/s]
 72%|███████▏  | 57/79 [00:22<00:07,  2.87it/s]
 73%|███████▎  | 58/79 [00:22<00:07,  2.88it/s]
 75%|███████▍  | 59/79 [00:22<00:07,  2.72it/s]
 76%|███████▌  | 60/79 [00:23<00:07,  2.59it/s]
 77%|███████▋  | 61/79 [00:23<00:06,  2.59it/s]
 78%|███████▊  | 62/79 [00:24<00:06,  2.64it/s]
 80%|███████▉  | 63/79 [00:24<00:06,  2.64it/s]
 81%|████████  | 64/79 [00:25<00:07,  2.09it/s]
 82%|████████▏ | 65/79 [00:26<00:09,  1.49it/s]
 84%|████████▎ | 66/79 [00:26<00:07,  1.67it/s]
 85%|████████▍ | 67/79 [00:27<00:06,  1.88it/s]
 86%|████████▌ | 68/79 [00:27<00:05,  2.08it/s]
 87%|████████▋ | 69/79 [00:27<00:04,  2.24it/s]
 89%|████████▊ | 70/79 [00:28<00:03,  2.38it/s]
 90%|████████▉ | 71/79 [00:28<00:03,  2.16it/s]
 91%|█████████ | 72/79 [00:29<00:03,  1.94it/s]
 92%|█████████▏| 73/79 [00:29<00:02,  2.16it/s]
 94%|█████████▎| 74/79 [00:30<00:02,  2.34it/s]
 95%|█████████▍| 75/79 [00:30<00:01,  2.38it/s]
 96%|█████████▌| 76/79 [00:30<00:01,  2.46it/s]
 97%|█████████▋| 77/79 [00:31<00:00,  2.54it/s]
 99%|█████████▊| 78/79 [00:32<00:00,  1.84it/s]
100%|██████████| 79/79 [00:32<00:00,  2.43it/s]
100%|██████████| 79/79 [00:32<00:00,  2.45it/s]
Evaluation for task 5 has started.
['aquarium_fish', 'cup', 'bee', 'man', 'poppy', 'sunflower', 'orange', 'bottle', 'elephant', 'skunk']

  0%|          | 0/41 [00:00<?, ?it/s]
  2%|▏         | 1/41 [00:01<00:46,  1.17s/it]
  5%|▍         | 2/41 [00:02<00:38,  1.01it/s]
  7%|▋         | 3/41 [00:03<00:39,  1.03s/it]
 10%|▉         | 4/41 [00:04<00:38,  1.04s/it]
 12%|█▏        | 5/41 [00:05<00:37,  1.05s/it]
 15%|█▍        | 6/41 [00:06<00:36,  1.05s/it]
 17%|█▋        | 7/41 [00:07<00:35,  1.05s/it]
 20%|█▉        | 8/41 [00:08<00:34,  1.06s/it]
 22%|██▏       | 9/41 [00:09<00:33,  1.05s/it]
 24%|██▍       | 10/41 [00:10<00:32,  1.06s/it]
 27%|██▋       | 11/41 [00:11<00:31,  1.06s/it]
 29%|██▉       | 12/41 [00:12<00:30,  1.06s/it]
 32%|███▏      | 13/41 [00:13<00:29,  1.06s/it]
 34%|███▍      | 14/41 [00:14<00:28,  1.06s/it]
 37%|███▋      | 15/41 [00:15<00:27,  1.06s/it]
 39%|███▉      | 16/41 [00:16<00:26,  1.06s/it]
 41%|████▏     | 17/41 [00:17<00:25,  1.05s/it]
 44%|████▍     | 18/41 [00:18<00:24,  1.06s/it]
 46%|████▋     | 19/41 [00:20<00:23,  1.05s/it]
 49%|████▉     | 20/41 [00:21<00:22,  1.06s/it]
 51%|█████     | 21/41 [00:22<00:21,  1.06s/it]
 54%|█████▎    | 22/41 [00:23<00:20,  1.06s/it]
 56%|█████▌    | 23/41 [00:24<00:19,  1.06s/it]
 59%|█████▊    | 24/41 [00:25<00:18,  1.06s/it]
 61%|██████    | 25/41 [00:26<00:16,  1.06s/it]
 63%|██████▎   | 26/41 [00:27<00:15,  1.06s/it]
 66%|██████▌   | 27/41 [00:28<00:14,  1.06s/it]
 68%|██████▊   | 28/41 [00:29<00:13,  1.05s/it]
 71%|███████   | 29/41 [00:30<00:12,  1.05s/it]
 73%|███████▎  | 30/41 [00:31<00:11,  1.05s/it]
 76%|███████▌  | 31/41 [00:32<00:10,  1.05s/it]
 78%|███████▊  | 32/41 [00:33<00:09,  1.06s/it]
 80%|████████  | 33/41 [00:34<00:08,  1.06s/it]
 83%|████████▎ | 34/41 [00:35<00:07,  1.06s/it]
 85%|████████▌ | 35/41 [00:36<00:06,  1.06s/it]
 88%|████████▊ | 36/41 [00:38<00:05,  1.06s/it]
 90%|█████████ | 37/41 [00:39<00:04,  1.05s/it]
 93%|█████████▎| 38/41 [00:40<00:03,  1.05s/it]
 95%|█████████▌| 39/41 [00:41<00:02,  1.05s/it]
 98%|█████████▊| 40/41 [00:41<00:00,  1.10it/s]
100%|██████████| 41/41 [00:43<00:00,  1.04s/it]
100%|██████████| 41/41 [00:43<00:00,  1.05s/it]

  0%|          | 0/94 [00:00<?, ?it/s]
  1%|          | 1/94 [00:00<00:48,  1.90it/s]
  2%|▏         | 2/94 [00:00<00:38,  2.37it/s]
  3%|▎         | 3/94 [00:01<00:35,  2.56it/s]
  4%|▍         | 4/94 [00:01<00:33,  2.66it/s]
  5%|▌         | 5/94 [00:01<00:34,  2.56it/s]
  6%|▋         | 6/94 [00:02<00:35,  2.47it/s]
  7%|▋         | 7/94 [00:02<00:34,  2.53it/s]
  9%|▊         | 8/94 [00:03<00:33,  2.58it/s]
 10%|▉         | 9/94 [00:03<00:32,  2.61it/s]
 11%|█         | 10/94 [00:03<00:32,  2.61it/s]
 12%|█▏        | 11/94 [00:04<00:31,  2.60it/s]
 13%|█▎        | 12/94 [00:04<00:31,  2.62it/s]
 14%|█▍        | 13/94 [00:05<00:31,  2.61it/s]
 15%|█▍        | 14/94 [00:05<00:31,  2.57it/s]
 16%|█▌        | 15/94 [00:05<00:30,  2.60it/s]
 17%|█▋        | 16/94 [00:06<00:29,  2.63it/s]
 18%|█▊        | 17/94 [00:06<00:29,  2.65it/s]
 19%|█▉        | 18/94 [00:06<00:28,  2.66it/s]
 20%|██        | 19/94 [00:07<00:28,  2.67it/s]
 21%|██▏       | 20/94 [00:07<00:27,  2.68it/s]
 22%|██▏       | 21/94 [00:08<00:27,  2.67it/s]
 23%|██▎       | 22/94 [00:08<00:29,  2.42it/s]
 24%|██▍       | 23/94 [00:08<00:28,  2.48it/s]
 26%|██▌       | 24/94 [00:09<00:27,  2.54it/s]
 27%|██▋       | 25/94 [00:09<00:26,  2.57it/s]
 28%|██▊       | 26/94 [00:10<00:26,  2.60it/s]
 29%|██▊       | 27/94 [00:10<00:25,  2.62it/s]
 30%|██▉       | 28/94 [00:10<00:24,  2.64it/s]
 31%|███       | 29/94 [00:11<00:24,  2.65it/s]
 32%|███▏      | 30/94 [00:11<00:26,  2.46it/s]
 33%|███▎      | 31/94 [00:12<00:25,  2.52it/s]
 34%|███▍      | 32/94 [00:12<00:24,  2.57it/s]
 35%|███▌      | 33/94 [00:12<00:23,  2.60it/s]
 36%|███▌      | 34/94 [00:13<00:22,  2.63it/s]
 37%|███▋      | 35/94 [00:13<00:22,  2.60it/s]
 38%|███▊      | 36/94 [00:13<00:22,  2.63it/s]
 39%|███▉      | 37/94 [00:14<00:21,  2.63it/s]
 40%|████      | 38/94 [00:14<00:22,  2.52it/s]
 41%|████▏     | 39/94 [00:15<00:21,  2.55it/s]
 43%|████▎     | 40/94 [00:15<00:21,  2.48it/s]
 44%|████▎     | 41/94 [00:15<00:20,  2.53it/s]
 45%|████▍     | 42/94 [00:16<00:20,  2.57it/s]
 46%|████▌     | 43/94 [00:16<00:19,  2.60it/s]
 47%|████▋     | 44/94 [00:17<00:19,  2.62it/s]
 48%|████▊     | 45/94 [00:17<00:18,  2.64it/s]
 49%|████▉     | 46/94 [00:17<00:18,  2.53it/s]
 50%|█████     | 47/94 [00:18<00:18,  2.55it/s]
 51%|█████     | 48/94 [00:18<00:17,  2.58it/s]
 52%|█████▏    | 49/94 [00:19<00:17,  2.60it/s]
 53%|█████▎    | 50/94 [00:19<00:16,  2.63it/s]
 54%|█████▍    | 51/94 [00:19<00:16,  2.63it/s]
 55%|█████▌    | 52/94 [00:20<00:15,  2.65it/s]
 56%|█████▋    | 53/94 [00:20<00:15,  2.67it/s]
 57%|█████▋    | 54/94 [00:20<00:16,  2.46it/s]
 59%|█████▊    | 55/94 [00:21<00:15,  2.48it/s]
 60%|█████▉    | 56/94 [00:21<00:15,  2.53it/s]
 61%|██████    | 57/94 [00:22<00:14,  2.57it/s]
 62%|██████▏   | 58/94 [00:22<00:13,  2.61it/s]
 63%|██████▎   | 59/94 [00:22<00:13,  2.63it/s]
 64%|██████▍   | 60/94 [00:23<00:12,  2.65it/s]
 65%|██████▍   | 61/94 [00:23<00:12,  2.66it/s]
 66%|██████▌   | 62/94 [00:24<00:12,  2.54it/s]
 67%|██████▋   | 63/94 [00:24<00:12,  2.50it/s]
 68%|██████▊   | 64/94 [00:24<00:11,  2.54it/s]
 69%|██████▉   | 65/94 [00:25<00:11,  2.57it/s]
 70%|███████   | 66/94 [00:25<00:10,  2.61it/s]
 71%|███████▏  | 67/94 [00:25<00:10,  2.63it/s]
 72%|███████▏  | 68/94 [00:26<00:09,  2.65it/s]
 73%|███████▎  | 69/94 [00:26<00:09,  2.65it/s]
 74%|███████▍  | 70/94 [00:27<00:10,  2.25it/s]
 76%|███████▌  | 71/94 [00:27<00:09,  2.33it/s]
 77%|███████▋  | 72/94 [00:28<00:09,  2.42it/s]
 78%|███████▊  | 73/94 [00:28<00:08,  2.43it/s]
 79%|███████▊  | 74/94 [00:28<00:08,  2.48it/s]
 80%|███████▉  | 75/94 [00:29<00:07,  2.57it/s]
 81%|████████  | 76/94 [00:29<00:07,  2.51it/s]
 82%|████████▏ | 77/94 [00:31<00:12,  1.40it/s]
 83%|████████▎ | 78/94 [00:31<00:10,  1.53it/s]
 84%|████████▍ | 79/94 [00:32<00:08,  1.73it/s]
 85%|████████▌ | 80/94 [00:32<00:07,  1.92it/s]
 86%|████████▌ | 81/94 [00:33<00:10,  1.21it/s]
 87%|████████▋ | 82/94 [00:34<00:08,  1.45it/s]
 88%|████████▊ | 83/94 [00:34<00:06,  1.68it/s]
 89%|████████▉ | 84/94 [00:35<00:05,  1.89it/s]
 90%|█████████ | 85/94 [00:35<00:04,  2.01it/s]
 91%|█████████▏| 86/94 [00:35<00:03,  2.20it/s]
 93%|█████████▎| 87/94 [00:36<00:04,  1.71it/s]
 94%|█████████▎| 88/94 [00:37<00:03,  1.88it/s]
 95%|█████████▍| 89/94 [00:37<00:02,  2.02it/s]
 96%|█████████▌| 90/94 [00:37<00:01,  2.21it/s]
 97%|█████████▋| 91/94 [00:38<00:01,  2.26it/s]
 98%|█████████▊| 92/94 [00:40<00:01,  1.21it/s]
 99%|█████████▉| 93/94 [00:40<00:00,  1.38it/s]
100%|██████████| 94/94 [00:40<00:00,  1.67it/s]
100%|██████████| 94/94 [00:40<00:00,  2.30it/s]
Evaluation for task 6 has started.
['kangaroo', 'porcupine', 'forest', 'shrew', 'crocodile', 'clock', 'hamster', 'bear', 'can', 'chimpanzee']

  0%|          | 0/41 [00:00<?, ?it/s]
  2%|▏         | 1/41 [00:01<00:48,  1.21s/it]
  5%|▍         | 2/41 [00:02<00:39,  1.00s/it]
  7%|▋         | 3/41 [00:03<00:39,  1.03s/it]
 10%|▉         | 4/41 [00:04<00:38,  1.04s/it]
 12%|█▏        | 5/41 [00:05<00:37,  1.05s/it]
 15%|█▍        | 6/41 [00:06<00:36,  1.05s/it]
 17%|█▋        | 7/41 [00:07<00:35,  1.05s/it]
 20%|█▉        | 8/41 [00:08<00:34,  1.05s/it]
 22%|██▏       | 9/41 [00:09<00:33,  1.05s/it]
 24%|██▍       | 10/41 [00:10<00:32,  1.05s/it]
 27%|██▋       | 11/41 [00:11<00:31,  1.05s/it]
 29%|██▉       | 12/41 [00:12<00:30,  1.06s/it]
 32%|███▏      | 13/41 [00:13<00:29,  1.05s/it]
 34%|███▍      | 14/41 [00:14<00:28,  1.06s/it]
 37%|███▋      | 15/41 [00:15<00:27,  1.06s/it]
 39%|███▉      | 16/41 [00:16<00:26,  1.06s/it]
 41%|████▏     | 17/41 [00:17<00:25,  1.06s/it]
 44%|████▍     | 18/41 [00:18<00:24,  1.05s/it]
 46%|████▋     | 19/41 [00:20<00:23,  1.05s/it]
 49%|████▉     | 20/41 [00:21<00:22,  1.05s/it]
 51%|█████     | 21/41 [00:22<00:21,  1.05s/it]
 54%|█████▎    | 22/41 [00:23<00:19,  1.05s/it]
 56%|█████▌    | 23/41 [00:24<00:18,  1.05s/it]
 59%|█████▊    | 24/41 [00:25<00:17,  1.05s/it]
 61%|██████    | 25/41 [00:26<00:16,  1.05s/it]
 63%|██████▎   | 26/41 [00:27<00:15,  1.05s/it]
 66%|██████▌   | 27/41 [00:28<00:14,  1.06s/it]
 68%|██████▊   | 28/41 [00:29<00:13,  1.06s/it]
 71%|███████   | 29/41 [00:30<00:12,  1.06s/it]
 73%|███████▎  | 30/41 [00:31<00:11,  1.06s/it]
 76%|███████▌  | 31/41 [00:32<00:10,  1.06s/it]
 78%|███████▊  | 32/41 [00:33<00:09,  1.06s/it]
 80%|████████  | 33/41 [00:34<00:08,  1.06s/it]
 83%|████████▎ | 34/41 [00:35<00:07,  1.06s/it]
 85%|████████▌ | 35/41 [00:36<00:06,  1.06s/it]
 88%|████████▊ | 36/41 [00:37<00:05,  1.06s/it]
 90%|█████████ | 37/41 [00:39<00:04,  1.06s/it]
 93%|█████████▎| 38/41 [00:40<00:03,  1.06s/it]
 95%|█████████▌| 39/41 [00:41<00:02,  1.06s/it]
 98%|█████████▊| 40/41 [00:41<00:00,  1.10it/s]
100%|██████████| 41/41 [00:42<00:00,  1.01s/it]
100%|██████████| 41/41 [00:42<00:00,  1.05s/it]

  0%|          | 0/110 [00:00<?, ?it/s]
  1%|          | 1/110 [00:00<01:43,  1.05it/s]
  2%|▏         | 2/110 [00:01<01:05,  1.64it/s]
  3%|▎         | 3/110 [00:01<00:53,  2.01it/s]
  4%|▎         | 4/110 [00:02<00:46,  2.26it/s]
  5%|▍         | 5/110 [00:02<00:44,  2.37it/s]
  5%|▌         | 6/110 [00:02<00:44,  2.32it/s]
  6%|▋         | 7/110 [00:03<00:42,  2.44it/s]
  7%|▋         | 8/110 [00:03<00:40,  2.53it/s]
  8%|▊         | 9/110 [00:03<00:38,  2.60it/s]
  9%|▉         | 10/110 [00:04<00:37,  2.64it/s]
 10%|█         | 11/110 [00:04<00:36,  2.68it/s]
 11%|█         | 12/110 [00:05<00:38,  2.54it/s]
 12%|█▏        | 13/110 [00:05<00:37,  2.55it/s]
 13%|█▎        | 14/110 [00:05<00:38,  2.52it/s]
 14%|█▎        | 15/110 [00:06<00:37,  2.56it/s]
 15%|█▍        | 16/110 [00:06<00:36,  2.57it/s]
 15%|█▌        | 17/110 [00:07<00:36,  2.58it/s]
 16%|█▋        | 18/110 [00:07<00:37,  2.45it/s]
 17%|█▋        | 19/110 [00:07<00:36,  2.48it/s]
 18%|█▊        | 20/110 [00:08<00:35,  2.51it/s]
 19%|█▉        | 21/110 [00:08<00:35,  2.49it/s]
 20%|██        | 22/110 [00:09<00:34,  2.53it/s]
 21%|██        | 23/110 [00:09<00:34,  2.55it/s]
 22%|██▏       | 24/110 [00:09<00:35,  2.40it/s]
 23%|██▎       | 25/110 [00:10<00:34,  2.45it/s]
 24%|██▎       | 26/110 [00:10<00:33,  2.50it/s]
 25%|██▍       | 27/110 [00:11<00:32,  2.54it/s]
 25%|██▌       | 28/110 [00:11<00:32,  2.56it/s]
 26%|██▋       | 29/110 [00:11<00:31,  2.58it/s]
 27%|██▋       | 30/110 [00:12<00:31,  2.51it/s]
 28%|██▊       | 31/110 [00:12<00:31,  2.48it/s]
 29%|██▉       | 32/110 [00:13<00:30,  2.52it/s]
 30%|███       | 33/110 [00:13<00:30,  2.54it/s]
 31%|███       | 34/110 [00:13<00:29,  2.57it/s]
 32%|███▏      | 35/110 [00:14<00:29,  2.55it/s]
 33%|███▎      | 36/110 [00:14<00:29,  2.49it/s]
 34%|███▎      | 37/110 [00:15<00:29,  2.50it/s]
 35%|███▍      | 38/110 [00:15<00:28,  2.54it/s]
 35%|███▌      | 39/110 [00:15<00:27,  2.56it/s]
 36%|███▋      | 40/110 [00:16<00:27,  2.58it/s]
 37%|███▋      | 41/110 [00:16<00:26,  2.59it/s]
 38%|███▊      | 42/110 [00:17<00:27,  2.50it/s]
 39%|███▉      | 43/110 [00:17<00:26,  2.53it/s]
 40%|████      | 44/110 [00:17<00:25,  2.55it/s]
 41%|████      | 45/110 [00:18<00:25,  2.58it/s]
 42%|████▏     | 46/110 [00:18<00:24,  2.60it/s]
 43%|████▎     | 47/110 [00:18<00:24,  2.61it/s]
 44%|████▎     | 48/110 [00:19<00:24,  2.54it/s]
 45%|████▍     | 49/110 [00:19<00:23,  2.55it/s]
 45%|████▌     | 50/110 [00:20<00:23,  2.58it/s]
 46%|████▋     | 51/110 [00:20<00:22,  2.60it/s]
 47%|████▋     | 52/110 [00:20<00:22,  2.61it/s]
 48%|████▊     | 53/110 [00:21<00:21,  2.62it/s]
 49%|████▉     | 54/110 [00:21<00:22,  2.47it/s]
 50%|█████     | 55/110 [00:22<00:21,  2.54it/s]
 51%|█████     | 56/110 [00:22<00:21,  2.53it/s]
 52%|█████▏    | 57/110 [00:22<00:20,  2.55it/s]
 53%|█████▎    | 58/110 [00:23<00:19,  2.62it/s]
 54%|█████▎    | 59/110 [00:23<00:19,  2.67it/s]
 55%|█████▍    | 60/110 [00:24<00:24,  2.08it/s]
 55%|█████▌    | 61/110 [00:24<00:22,  2.22it/s]
 56%|█████▋    | 62/110 [00:25<00:20,  2.33it/s]
 57%|█████▋    | 63/110 [00:25<00:19,  2.38it/s]
 58%|█████▊    | 64/110 [00:25<00:18,  2.46it/s]
 59%|█████▉    | 65/110 [00:26<00:21,  2.08it/s]
 60%|██████    | 66/110 [00:27<00:24,  1.76it/s]
 61%|██████    | 67/110 [00:27<00:22,  1.92it/s]
 62%|██████▏   | 68/110 [00:28<00:20,  2.07it/s]
 63%|██████▎   | 69/110 [00:28<00:18,  2.21it/s]
 64%|██████▎   | 70/110 [00:29<00:20,  1.96it/s]
 65%|██████▍   | 71/110 [00:29<00:19,  1.98it/s]
 65%|██████▌   | 72/110 [00:29<00:17,  2.16it/s]
 66%|██████▋   | 73/110 [00:30<00:16,  2.28it/s]
 67%|██████▋   | 74/110 [00:30<00:15,  2.34it/s]
 68%|██████▊   | 75/110 [00:31<00:14,  2.42it/s]
 69%|██████▉   | 76/110 [00:31<00:13,  2.47it/s]
 70%|███████   | 77/110 [00:32<00:15,  2.18it/s]
 71%|███████   | 78/110 [00:32<00:14,  2.14it/s]
 72%|███████▏  | 79/110 [00:32<00:13,  2.25it/s]
 73%|███████▎  | 80/110 [00:33<00:12,  2.37it/s]
 74%|███████▎  | 81/110 [00:33<00:12,  2.41it/s]
 75%|███████▍  | 82/110 [00:34<00:11,  2.45it/s]
 75%|███████▌  | 83/110 [00:34<00:10,  2.49it/s]
 76%|███████▋  | 84/110 [00:34<00:10,  2.53it/s]
 77%|███████▋  | 85/110 [00:35<00:10,  2.46it/s]
 78%|███████▊  | 86/110 [00:35<00:09,  2.42it/s]
 79%|███████▉  | 87/110 [00:36<00:09,  2.47it/s]
 80%|████████  | 88/110 [00:36<00:08,  2.49it/s]
 81%|████████  | 89/110 [00:36<00:08,  2.48it/s]
 82%|████████▏ | 90/110 [00:37<00:08,  2.46it/s]
 83%|████████▎ | 91/110 [00:37<00:07,  2.50it/s]
 84%|████████▎ | 92/110 [00:38<00:07,  2.52it/s]
 85%|████████▍ | 93/110 [00:39<00:10,  1.64it/s]
 85%|████████▌ | 94/110 [00:39<00:09,  1.77it/s]
 86%|████████▋ | 95/110 [00:40<00:07,  1.93it/s]
 87%|████████▋ | 96/110 [00:40<00:06,  2.11it/s]
 88%|████████▊ | 97/110 [00:40<00:05,  2.24it/s]
 89%|████████▉ | 98/110 [00:41<00:05,  2.34it/s]
 90%|█████████ | 99/110 [00:41<00:04,  2.42it/s]
 91%|█████████ | 100/110 [00:42<00:04,  2.45it/s]
 92%|█████████▏| 101/110 [00:42<00:04,  2.23it/s]
 93%|█████████▎| 102/110 [00:43<00:03,  2.02it/s]
 94%|█████████▎| 103/110 [00:43<00:03,  2.16it/s]
 95%|█████████▍| 104/110 [00:43<00:02,  2.30it/s]
 95%|█████████▌| 105/110 [00:44<00:02,  2.39it/s]
 96%|█████████▋| 106/110 [00:44<00:01,  2.45it/s]
 97%|█████████▋| 107/110 [00:45<00:01,  2.50it/s]
 98%|█████████▊| 108/110 [00:45<00:00,  2.54it/s]
 99%|█████████▉| 109/110 [00:46<00:00,  2.17it/s]
100%|██████████| 110/110 [00:46<00:00,  2.55it/s]
100%|██████████| 110/110 [00:46<00:00,  2.38it/s]
Evaluation for task 7 has started.
['plain', 'cattle', 'rose', 'train', 'tractor', 'lion', 'bed', 'leopard', 'rabbit', 'skyscraper']

  0%|          | 0/41 [00:00<?, ?it/s]
  2%|▏         | 1/41 [00:01<00:47,  1.18s/it]
  5%|▍         | 2/41 [00:02<00:38,  1.01it/s]
  7%|▋         | 3/41 [00:03<00:38,  1.02s/it]
 10%|▉         | 4/41 [00:04<00:38,  1.04s/it]
 12%|█▏        | 5/41 [00:05<00:37,  1.04s/it]
 15%|█▍        | 6/41 [00:06<00:36,  1.05s/it]
 17%|█▋        | 7/41 [00:07<00:35,  1.06s/it]
 20%|█▉        | 8/41 [00:08<00:34,  1.05s/it]
 22%|██▏       | 9/41 [00:09<00:33,  1.06s/it]
 24%|██▍       | 10/41 [00:10<00:32,  1.06s/it]
 27%|██▋       | 11/41 [00:11<00:31,  1.06s/it]
 29%|██▉       | 12/41 [00:12<00:30,  1.06s/it]
 32%|███▏      | 13/41 [00:13<00:29,  1.06s/it]
 34%|███▍      | 14/41 [00:14<00:28,  1.06s/it]
 37%|███▋      | 15/41 [00:15<00:27,  1.07s/it]
 39%|███▉      | 16/41 [00:16<00:26,  1.06s/it]
 41%|████▏     | 17/41 [00:17<00:25,  1.06s/it]
 44%|████▍     | 18/41 [00:19<00:24,  1.06s/it]
 46%|████▋     | 19/41 [00:20<00:23,  1.06s/it]
 49%|████▉     | 20/41 [00:21<00:22,  1.06s/it]
 51%|█████     | 21/41 [00:22<00:21,  1.06s/it]
 54%|█████▎    | 22/41 [00:23<00:20,  1.06s/it]
 56%|█████▌    | 23/41 [00:24<00:19,  1.06s/it]
 59%|█████▊    | 24/41 [00:25<00:17,  1.06s/it]
 61%|██████    | 25/41 [00:26<00:16,  1.06s/it]
 63%|██████▎   | 26/41 [00:27<00:15,  1.05s/it]
 66%|██████▌   | 27/41 [00:28<00:14,  1.06s/it]
 68%|██████▊   | 28/41 [00:29<00:13,  1.05s/it]
 71%|███████   | 29/41 [00:30<00:12,  1.05s/it]
 73%|███████▎  | 30/41 [00:31<00:11,  1.05s/it]
 76%|███████▌  | 31/41 [00:32<00:10,  1.05s/it]
 78%|███████▊  | 32/41 [00:33<00:09,  1.05s/it]
 80%|████████  | 33/41 [00:34<00:08,  1.06s/it]
 83%|████████▎ | 34/41 [00:35<00:07,  1.06s/it]
 85%|████████▌ | 35/41 [00:36<00:06,  1.06s/it]
 88%|████████▊ | 36/41 [00:38<00:05,  1.06s/it]
 90%|█████████ | 37/41 [00:39<00:04,  1.06s/it]
 93%|█████████▎| 38/41 [00:40<00:03,  1.06s/it]
 95%|█████████▌| 39/41 [00:41<00:02,  1.06s/it]
 98%|█████████▊| 40/41 [00:41<00:00,  1.10it/s]
100%|██████████| 41/41 [00:43<00:00,  1.02s/it]
100%|██████████| 41/41 [00:43<00:00,  1.05s/it]

  0%|          | 0/125 [00:00<?, ?it/s]
  1%|          | 1/125 [00:00<01:10,  1.76it/s]
  2%|▏         | 2/125 [00:01<01:09,  1.78it/s]
  2%|▏         | 3/125 [00:01<00:59,  2.05it/s]
  3%|▎         | 4/125 [00:01<00:54,  2.23it/s]
  4%|▍         | 5/125 [00:02<00:51,  2.35it/s]
  5%|▍         | 6/125 [00:02<00:49,  2.42it/s]
  6%|▌         | 7/125 [00:03<00:49,  2.40it/s]
  6%|▋         | 8/125 [00:03<00:50,  2.31it/s]
  7%|▋         | 9/125 [00:03<00:48,  2.37it/s]
  8%|▊         | 10/125 [00:04<00:47,  2.42it/s]
  9%|▉         | 11/125 [00:04<00:46,  2.47it/s]
 10%|▉         | 12/125 [00:05<00:45,  2.50it/s]
 10%|█         | 13/125 [00:05<00:44,  2.52it/s]
 11%|█         | 14/125 [00:05<00:44,  2.52it/s]
 12%|█▏        | 15/125 [00:06<00:47,  2.31it/s]
 13%|█▎        | 16/125 [00:07<00:59,  1.82it/s]
 14%|█▎        | 17/125 [00:07<00:54,  2.00it/s]
 14%|█▍        | 18/125 [00:08<00:49,  2.14it/s]
 15%|█▌        | 19/125 [00:08<00:46,  2.26it/s]
 16%|█▌        | 20/125 [00:08<00:44,  2.35it/s]
 17%|█▋        | 21/125 [00:09<00:43,  2.41it/s]
 18%|█▊        | 22/125 [00:09<00:43,  2.35it/s]
 18%|█▊        | 23/125 [00:10<00:42,  2.41it/s]
 19%|█▉        | 24/125 [00:10<00:41,  2.46it/s]
 20%|██        | 25/125 [00:10<00:39,  2.53it/s]
 21%|██        | 26/125 [00:11<00:38,  2.59it/s]
 22%|██▏       | 27/125 [00:11<00:37,  2.63it/s]
 22%|██▏       | 28/125 [00:11<00:36,  2.66it/s]
 23%|██▎       | 29/125 [00:12<00:36,  2.61it/s]
 24%|██▍       | 30/125 [00:12<00:36,  2.57it/s]
 25%|██▍       | 31/125 [00:13<00:36,  2.61it/s]
 26%|██▌       | 32/125 [00:13<00:37,  2.45it/s]
 26%|██▋       | 33/125 [00:13<00:37,  2.47it/s]
 27%|██▋       | 34/125 [00:14<00:36,  2.50it/s]
 28%|██▊       | 35/125 [00:14<00:35,  2.51it/s]
 29%|██▉       | 36/125 [00:15<00:35,  2.52it/s]
 30%|██▉       | 37/125 [00:15<00:36,  2.42it/s]
 30%|███       | 38/125 [00:15<00:35,  2.46it/s]
 31%|███       | 39/125 [00:16<00:34,  2.49it/s]
 32%|███▏      | 40/125 [00:16<00:33,  2.51it/s]
 33%|███▎      | 41/125 [00:17<00:33,  2.52it/s]
 34%|███▎      | 42/125 [00:17<00:32,  2.53it/s]
 34%|███▍      | 43/125 [00:17<00:32,  2.54it/s]
 35%|███▌      | 44/125 [00:18<00:33,  2.43it/s]
 36%|███▌      | 45/125 [00:18<00:32,  2.45it/s]
 37%|███▋      | 46/125 [00:19<00:31,  2.48it/s]
 38%|███▊      | 47/125 [00:19<00:31,  2.50it/s]
 38%|███▊      | 48/125 [00:19<00:31,  2.44it/s]
 39%|███▉      | 49/125 [00:20<00:30,  2.47it/s]
 40%|████      | 50/125 [00:20<00:30,  2.49it/s]
 41%|████      | 51/125 [00:21<00:31,  2.38it/s]
 42%|████▏     | 52/125 [00:21<00:30,  2.42it/s]
 42%|████▏     | 53/125 [00:22<00:29,  2.46it/s]
 43%|████▎     | 54/125 [00:22<00:28,  2.49it/s]
 44%|████▍     | 55/125 [00:22<00:27,  2.52it/s]
 45%|████▍     | 56/125 [00:23<00:27,  2.54it/s]
 46%|████▌     | 57/125 [00:23<00:26,  2.56it/s]
 46%|████▋     | 58/125 [00:23<00:26,  2.56it/s]
 47%|████▋     | 59/125 [00:24<00:26,  2.53it/s]
 48%|████▊     | 60/125 [00:24<00:25,  2.54it/s]
 49%|████▉     | 61/125 [00:25<00:25,  2.50it/s]
 50%|████▉     | 62/125 [00:25<00:24,  2.52it/s]
 50%|█████     | 63/125 [00:25<00:24,  2.54it/s]
 51%|█████     | 64/125 [00:26<00:24,  2.44it/s]
 52%|█████▏    | 65/125 [00:26<00:24,  2.48it/s]
 53%|█████▎    | 66/125 [00:27<00:24,  2.38it/s]
 54%|█████▎    | 67/125 [00:27<00:24,  2.40it/s]
 54%|█████▍    | 68/125 [00:28<00:22,  2.49it/s]
 55%|█████▌    | 69/125 [00:28<00:21,  2.55it/s]
 56%|█████▌    | 70/125 [00:28<00:21,  2.60it/s]
 57%|█████▋    | 71/125 [00:29<00:20,  2.64it/s]
 58%|█████▊    | 72/125 [00:29<00:19,  2.66it/s]
 58%|█████▊    | 73/125 [00:29<00:19,  2.63it/s]
 59%|█████▉    | 74/125 [00:30<00:20,  2.53it/s]
 60%|██████    | 75/125 [00:30<00:19,  2.53it/s]
 61%|██████    | 76/125 [00:31<00:19,  2.55it/s]
 62%|██████▏   | 77/125 [00:31<00:18,  2.56it/s]
 62%|██████▏   | 78/125 [00:31<00:18,  2.57it/s]
 63%|██████▎   | 79/125 [00:32<00:17,  2.57it/s]
 64%|██████▍   | 80/125 [00:32<00:17,  2.56it/s]
 65%|██████▍   | 81/125 [00:33<00:19,  2.24it/s]
 66%|██████▌   | 82/125 [00:33<00:21,  1.98it/s]
 66%|██████▋   | 83/125 [00:34<00:19,  2.13it/s]
 67%|██████▋   | 84/125 [00:34<00:18,  2.24it/s]
 68%|██████▊   | 85/125 [00:35<00:17,  2.33it/s]
 69%|██████▉   | 86/125 [00:35<00:16,  2.41it/s]
 70%|██████▉   | 87/125 [00:36<00:19,  1.94it/s]
 70%|███████   | 88/125 [00:36<00:19,  1.90it/s]
 71%|███████   | 89/125 [00:37<00:17,  2.08it/s]
 72%|███████▏  | 90/125 [00:37<00:15,  2.24it/s]
 73%|███████▎  | 91/125 [00:37<00:14,  2.37it/s]
 74%|███████▎  | 92/125 [00:38<00:13,  2.39it/s]
 74%|███████▍  | 93/125 [00:38<00:15,  2.11it/s]
 75%|███████▌  | 94/125 [00:39<00:14,  2.09it/s]
 76%|███████▌  | 95/125 [00:39<00:14,  2.08it/s]
 77%|███████▋  | 96/125 [00:40<00:13,  2.19it/s]
 78%|███████▊  | 97/125 [00:40<00:14,  1.96it/s]
 78%|███████▊  | 98/125 [00:41<00:12,  2.11it/s]
 79%|███████▉  | 99/125 [00:41<00:11,  2.19it/s]
 80%|████████  | 100/125 [00:42<00:15,  1.59it/s]
 81%|████████  | 101/125 [00:43<00:13,  1.76it/s]
 82%|████████▏ | 102/125 [00:43<00:11,  1.95it/s]
 82%|████████▏ | 103/125 [00:43<00:10,  2.10it/s]
 83%|████████▎ | 104/125 [00:44<00:09,  2.23it/s]
 84%|████████▍ | 105/125 [00:44<00:08,  2.32it/s]
 85%|████████▍ | 106/125 [00:45<00:10,  1.88it/s]
 86%|████████▌ | 107/125 [00:45<00:08,  2.01it/s]
 86%|████████▋ | 108/125 [00:46<00:08,  2.11it/s]
 87%|████████▋ | 109/125 [00:46<00:07,  2.18it/s]
 88%|████████▊ | 110/125 [00:47<00:06,  2.28it/s]
 89%|████████▉ | 111/125 [00:47<00:06,  2.12it/s]
 90%|████████▉ | 112/125 [00:48<00:06,  2.15it/s]
 90%|█████████ | 113/125 [00:48<00:05,  2.16it/s]
 91%|█████████ | 114/125 [00:48<00:04,  2.26it/s]
 92%|█████████▏| 115/125 [00:49<00:04,  2.34it/s]
 93%|█████████▎| 116/125 [00:49<00:03,  2.41it/s]
 94%|█████████▎| 117/125 [00:50<00:03,  2.46it/s]
 94%|█████████▍| 118/125 [00:50<00:02,  2.49it/s]
 95%|█████████▌| 119/125 [00:50<00:02,  2.50it/s]
 96%|█████████▌| 120/125 [00:51<00:02,  2.46it/s]
 97%|█████████▋| 121/125 [00:51<00:01,  2.53it/s]
 98%|█████████▊| 122/125 [00:52<00:01,  2.46it/s]
 98%|█████████▊| 123/125 [00:52<00:00,  2.33it/s]
 99%|█████████▉| 124/125 [00:52<00:00,  2.38it/s]
100%|██████████| 125/125 [00:53<00:00,  2.43it/s]
100%|██████████| 125/125 [00:53<00:00,  2.34it/s]
Evaluation for task 8 has started.
['lamp', 'dolphin', 'cloud', 'tank', 'baby', 'whale', 'palm_tree', 'motorcycle', 'sea', 'possum']

  0%|          | 0/41 [00:00<?, ?it/s]
  2%|▏         | 1/41 [00:01<00:45,  1.15s/it]
  5%|▍         | 2/41 [00:02<00:38,  1.02it/s]
  7%|▋         | 3/41 [00:03<00:38,  1.01s/it]
 10%|▉         | 4/41 [00:04<00:38,  1.03s/it]
 12%|█▏        | 5/41 [00:05<00:37,  1.04s/it]
 15%|█▍        | 6/41 [00:06<00:36,  1.05s/it]
 17%|█▋        | 7/41 [00:07<00:35,  1.05s/it]
 20%|█▉        | 8/41 [00:08<00:34,  1.05s/it]
 22%|██▏       | 9/41 [00:09<00:33,  1.05s/it]
 24%|██▍       | 10/41 [00:10<00:32,  1.05s/it]
 27%|██▋       | 11/41 [00:11<00:31,  1.05s/it]
 29%|██▉       | 12/41 [00:12<00:30,  1.05s/it]
 32%|███▏      | 13/41 [00:13<00:29,  1.05s/it]
 34%|███▍      | 14/41 [00:14<00:28,  1.06s/it]
 37%|███▋      | 15/41 [00:15<00:27,  1.06s/it]
 39%|███▉      | 16/41 [00:16<00:26,  1.06s/it]
 41%|████▏     | 17/41 [00:17<00:25,  1.06s/it]
 44%|████▍     | 18/41 [00:18<00:24,  1.06s/it]
 46%|████▋     | 19/41 [00:19<00:23,  1.06s/it]
 49%|████▉     | 20/41 [00:21<00:22,  1.06s/it]
 51%|█████     | 21/41 [00:22<00:21,  1.06s/it]
 54%|█████▎    | 22/41 [00:23<00:20,  1.05s/it]
 56%|█████▌    | 23/41 [00:24<00:18,  1.05s/it]
 59%|█████▊    | 24/41 [00:25<00:17,  1.05s/it]
 61%|██████    | 25/41 [00:26<00:16,  1.05s/it]
 63%|██████▎   | 26/41 [00:27<00:15,  1.05s/it]
 66%|██████▌   | 27/41 [00:28<00:14,  1.05s/it]
 68%|██████▊   | 28/41 [00:29<00:13,  1.05s/it]
 71%|███████   | 29/41 [00:30<00:12,  1.05s/it]
 73%|███████▎  | 30/41 [00:31<00:11,  1.06s/it]
 76%|███████▌  | 31/41 [00:32<00:10,  1.06s/it]
 78%|███████▊  | 32/41 [00:33<00:09,  1.06s/it]
 80%|████████  | 33/41 [00:34<00:08,  1.06s/it]
 83%|████████▎ | 34/41 [00:35<00:07,  1.06s/it]
 85%|████████▌ | 35/41 [00:36<00:06,  1.06s/it]
 88%|████████▊ | 36/41 [00:37<00:05,  1.06s/it]
 90%|█████████ | 37/41 [00:38<00:04,  1.06s/it]
 93%|█████████▎| 38/41 [00:40<00:03,  1.05s/it]
 95%|█████████▌| 39/41 [00:41<00:02,  1.05s/it]
 98%|█████████▊| 40/41 [00:41<00:00,  1.11it/s]
100%|██████████| 41/41 [00:42<00:00,  1.02s/it]
100%|██████████| 41/41 [00:42<00:00,  1.05s/it]

  0%|          | 0/141 [00:00<?, ?it/s]
  1%|          | 1/141 [00:00<01:18,  1.78it/s]
  1%|▏         | 2/141 [00:00<01:04,  2.14it/s]
  2%|▏         | 3/141 [00:01<01:00,  2.28it/s]
  3%|▎         | 4/141 [00:01<00:57,  2.37it/s]
  4%|▎         | 5/141 [00:02<00:55,  2.43it/s]
  4%|▍         | 6/141 [00:02<00:54,  2.47it/s]
  5%|▍         | 7/141 [00:02<00:53,  2.50it/s]
  6%|▌         | 8/141 [00:03<00:54,  2.45it/s]
  6%|▋         | 9/141 [00:03<00:53,  2.47it/s]
  7%|▋         | 10/141 [00:04<00:53,  2.45it/s]
  8%|▊         | 11/141 [00:04<00:52,  2.46it/s]
  9%|▊         | 12/141 [00:04<00:51,  2.51it/s]
  9%|▉         | 13/141 [00:05<00:49,  2.56it/s]
 10%|▉         | 14/141 [00:05<00:48,  2.60it/s]
 11%|█         | 15/141 [00:06<00:47,  2.63it/s]
 11%|█▏        | 16/141 [00:06<00:47,  2.64it/s]
 12%|█▏        | 17/141 [00:06<00:46,  2.66it/s]
 13%|█▎        | 18/141 [00:07<00:45,  2.67it/s]
 13%|█▎        | 19/141 [00:07<00:45,  2.68it/s]
 14%|█▍        | 20/141 [00:08<00:48,  2.52it/s]
 15%|█▍        | 21/141 [00:08<00:48,  2.48it/s]
 16%|█▌        | 22/141 [00:08<00:46,  2.54it/s]
 16%|█▋        | 23/141 [00:09<00:45,  2.59it/s]
 17%|█▋        | 24/141 [00:09<00:44,  2.62it/s]
 18%|█▊        | 25/141 [00:09<00:44,  2.61it/s]
 18%|█▊        | 26/141 [00:10<00:57,  2.00it/s]
 19%|█▉        | 27/141 [00:11<00:53,  2.12it/s]
 20%|█▉        | 28/141 [00:11<00:50,  2.23it/s]
 21%|██        | 29/141 [00:11<00:48,  2.31it/s]
 21%|██▏       | 30/141 [00:12<00:46,  2.38it/s]
 22%|██▏       | 31/141 [00:12<00:45,  2.41it/s]
 23%|██▎       | 32/141 [00:13<00:46,  2.36it/s]
 23%|██▎       | 33/141 [00:13<00:45,  2.40it/s]
 24%|██▍       | 34/141 [00:13<00:43,  2.44it/s]
 25%|██▍       | 35/141 [00:14<00:42,  2.47it/s]
 26%|██▌       | 36/141 [00:14<00:42,  2.49it/s]
 26%|██▌       | 37/141 [00:15<00:42,  2.45it/s]
 27%|██▋       | 38/141 [00:15<00:45,  2.28it/s]
 28%|██▊       | 39/141 [00:16<00:42,  2.38it/s]
 28%|██▊       | 40/141 [00:16<00:40,  2.47it/s]
 29%|██▉       | 41/141 [00:16<00:39,  2.53it/s]
 30%|██▉       | 42/141 [00:17<00:38,  2.58it/s]
 30%|███       | 43/141 [00:17<00:39,  2.49it/s]
 31%|███       | 44/141 [00:17<00:38,  2.49it/s]
 32%|███▏      | 45/141 [00:18<00:38,  2.51it/s]
 33%|███▎      | 46/141 [00:18<00:37,  2.52it/s]
 33%|███▎      | 47/141 [00:19<00:37,  2.53it/s]
 34%|███▍      | 48/141 [00:19<00:36,  2.54it/s]
 35%|███▍      | 49/141 [00:19<00:36,  2.54it/s]
 35%|███▌      | 50/141 [00:20<00:36,  2.49it/s]
 36%|███▌      | 51/141 [00:20<00:37,  2.42it/s]
 37%|███▋      | 52/141 [00:21<00:36,  2.46it/s]
 38%|███▊      | 53/141 [00:21<00:35,  2.48it/s]
 38%|███▊      | 54/141 [00:21<00:34,  2.49it/s]
 39%|███▉      | 55/141 [00:22<00:36,  2.36it/s]
 40%|███▉      | 56/141 [00:22<00:35,  2.37it/s]
 40%|████      | 57/141 [00:23<00:34,  2.42it/s]
 41%|████      | 58/141 [00:23<00:33,  2.44it/s]
 42%|████▏     | 59/141 [00:24<00:33,  2.47it/s]
 43%|████▎     | 60/141 [00:24<00:32,  2.49it/s]
 43%|████▎     | 61/141 [00:24<00:34,  2.33it/s]
 44%|████▍     | 62/141 [00:25<00:33,  2.38it/s]
 45%|████▍     | 63/141 [00:25<00:32,  2.42it/s]
 45%|████▌     | 64/141 [00:26<00:31,  2.46it/s]
 46%|████▌     | 65/141 [00:26<00:30,  2.49it/s]
 47%|████▋     | 66/141 [00:26<00:30,  2.47it/s]
 48%|████▊     | 67/141 [00:27<00:33,  2.22it/s]
 48%|████▊     | 68/141 [00:27<00:31,  2.33it/s]
 49%|████▉     | 69/141 [00:28<00:29,  2.43it/s]
 50%|████▉     | 70/141 [00:28<00:28,  2.50it/s]
 50%|█████     | 71/141 [00:28<00:27,  2.56it/s]
 51%|█████     | 72/141 [00:29<00:26,  2.59it/s]
 52%|█████▏    | 73/141 [00:29<00:27,  2.44it/s]
 52%|█████▏    | 74/141 [00:30<00:27,  2.42it/s]
 53%|█████▎    | 75/141 [00:30<00:26,  2.45it/s]
 54%|█████▍    | 76/141 [00:31<00:26,  2.48it/s]
 55%|█████▍    | 77/141 [00:31<00:25,  2.50it/s]
 55%|█████▌    | 78/141 [00:31<00:25,  2.51it/s]
 56%|█████▌    | 79/141 [00:32<00:24,  2.51it/s]
 57%|█████▋    | 80/141 [00:32<00:25,  2.44it/s]
 57%|█████▋    | 81/141 [00:33<00:25,  2.38it/s]
 58%|█████▊    | 82/141 [00:33<00:23,  2.46it/s]
 59%|█████▉    | 83/141 [00:33<00:23,  2.52it/s]
 60%|█████▉    | 84/141 [00:34<00:22,  2.56it/s]
 60%|██████    | 85/141 [00:34<00:21,  2.59it/s]
 61%|██████    | 86/141 [00:35<00:22,  2.45it/s]
 62%|██████▏   | 87/141 [00:35<00:21,  2.47it/s]
 62%|██████▏   | 88/141 [00:35<00:21,  2.49it/s]
 63%|██████▎   | 89/141 [00:36<00:20,  2.51it/s]
 64%|██████▍   | 90/141 [00:36<00:20,  2.52it/s]
 65%|██████▍   | 91/141 [00:37<00:19,  2.50it/s]
 65%|██████▌   | 92/141 [00:37<00:20,  2.44it/s]
 66%|██████▌   | 93/141 [00:37<00:19,  2.45it/s]
 67%|██████▋   | 94/141 [00:38<00:18,  2.48it/s]
 67%|██████▋   | 95/141 [00:38<00:18,  2.48it/s]
 68%|██████▊   | 96/141 [00:39<00:18,  2.49it/s]
 69%|██████▉   | 97/141 [00:39<00:24,  1.83it/s]
 70%|██████▉   | 98/141 [00:40<00:23,  1.87it/s]
 70%|███████   | 99/141 [00:40<00:20,  2.03it/s]
 71%|███████   | 100/141 [00:41<00:18,  2.16it/s]
 72%|███████▏  | 101/141 [00:41<00:17,  2.26it/s]
 72%|███████▏  | 102/141 [00:42<00:17,  2.24it/s]
 73%|███████▎  | 103/141 [00:43<00:23,  1.60it/s]
 74%|███████▍  | 104/141 [00:43<00:20,  1.78it/s]
 74%|███████▍  | 105/141 [00:43<00:18,  1.93it/s]
 75%|███████▌  | 106/141 [00:44<00:17,  2.05it/s]
 76%|███████▌  | 107/141 [00:45<00:19,  1.74it/s]
 77%|███████▋  | 108/141 [00:45<00:17,  1.91it/s]
 77%|███████▋  | 109/141 [00:45<00:15,  2.05it/s]
 78%|███████▊  | 110/141 [00:46<00:14,  2.17it/s]
 79%|███████▊  | 111/141 [00:46<00:13,  2.27it/s]
 79%|███████▉  | 112/141 [00:47<00:12,  2.26it/s]
 80%|████████  | 113/141 [00:48<00:19,  1.41it/s]
 81%|████████  | 114/141 [00:49<00:17,  1.56it/s]
 82%|████████▏ | 115/141 [00:49<00:15,  1.68it/s]
 82%|████████▏ | 116/141 [00:49<00:13,  1.87it/s]
 83%|████████▎ | 117/141 [00:50<00:11,  2.05it/s]
 84%|████████▎ | 118/141 [00:50<00:10,  2.19it/s]
 84%|████████▍ | 119/141 [00:51<00:10,  2.17it/s]
 85%|████████▌ | 120/141 [00:51<00:09,  2.26it/s]
 86%|████████▌ | 121/141 [00:51<00:08,  2.32it/s]
 87%|████████▋ | 122/141 [00:52<00:07,  2.39it/s]
 87%|████████▋ | 123/141 [00:52<00:08,  2.17it/s]
 88%|████████▊ | 124/141 [00:53<00:08,  2.07it/s]
 89%|████████▊ | 125/141 [00:53<00:07,  2.19it/s]
 89%|████████▉ | 126/141 [00:54<00:06,  2.28it/s]
 90%|█████████ | 127/141 [00:54<00:05,  2.35it/s]
 91%|█████████ | 128/141 [00:55<00:05,  2.27it/s]
 91%|█████████▏| 129/141 [00:55<00:06,  1.95it/s]
 92%|█████████▏| 130/141 [00:57<00:08,  1.26it/s]
 93%|█████████▎| 131/141 [00:57<00:06,  1.47it/s]
 94%|█████████▎| 132/141 [00:58<00:05,  1.68it/s]
 94%|█████████▍| 133/141 [00:58<00:04,  1.88it/s]
 95%|█████████▌| 134/141 [00:58<00:03,  2.04it/s]
 96%|█████████▌| 135/141 [00:59<00:02,  2.14it/s]
 96%|█████████▋| 136/141 [01:00<00:03,  1.61it/s]
 97%|█████████▋| 137/141 [01:01<00:03,  1.28it/s]
 98%|█████████▊| 138/141 [01:01<00:02,  1.38it/s]
 99%|█████████▊| 139/141 [01:02<00:01,  1.60it/s]
 99%|█████████▉| 140/141 [01:02<00:00,  1.82it/s]
100%|██████████| 141/141 [01:03<00:00,  1.63it/s]
100%|██████████| 141/141 [01:03<00:00,  2.22it/s]
Evaluation for task 9 has started.
['woman', 'bus', 'worm', 'beetle', 'fox', 'otter', 'orchid', 'crab', 'girl', 'keyboard']

  0%|          | 0/41 [00:00<?, ?it/s]
  2%|▏         | 1/41 [00:01<00:47,  1.20s/it]
  5%|▍         | 2/41 [00:02<00:38,  1.01it/s]
  7%|▋         | 3/41 [00:03<00:38,  1.01s/it]
 10%|▉         | 4/41 [00:04<00:38,  1.03s/it]
 12%|█▏        | 5/41 [00:05<00:37,  1.04s/it]
 15%|█▍        | 6/41 [00:06<00:36,  1.05s/it]
 17%|█▋        | 7/41 [00:07<00:35,  1.05s/it]
 20%|█▉        | 8/41 [00:08<00:34,  1.06s/it]
 22%|██▏       | 9/41 [00:09<00:33,  1.06s/it]
 24%|██▍       | 10/41 [00:10<00:32,  1.06s/it]
 27%|██▋       | 11/41 [00:11<00:31,  1.06s/it]
 29%|██▉       | 12/41 [00:12<00:30,  1.06s/it]
 32%|███▏      | 13/41 [00:13<00:29,  1.05s/it]
 34%|███▍      | 14/41 [00:14<00:28,  1.06s/it]
 37%|███▋      | 15/41 [00:15<00:27,  1.06s/it]
 39%|███▉      | 16/41 [00:16<00:26,  1.05s/it]
 41%|████▏     | 17/41 [00:17<00:25,  1.06s/it]
 44%|████▍     | 18/41 [00:18<00:24,  1.06s/it]
 46%|████▋     | 19/41 [00:19<00:23,  1.06s/it]
 49%|████▉     | 20/41 [00:21<00:22,  1.06s/it]
 51%|█████     | 21/41 [00:22<00:21,  1.06s/it]
 54%|█████▎    | 22/41 [00:23<00:20,  1.06s/it]
 56%|█████▌    | 23/41 [00:24<00:19,  1.06s/it]
 59%|█████▊    | 24/41 [00:25<00:17,  1.06s/it]
 61%|██████    | 25/41 [00:26<00:16,  1.06s/it]
 63%|██████▎   | 26/41 [00:27<00:15,  1.06s/it]
 66%|██████▌   | 27/41 [00:28<00:14,  1.06s/it]
 68%|██████▊   | 28/41 [00:29<00:13,  1.06s/it]
 71%|███████   | 29/41 [00:30<00:12,  1.06s/it]
 73%|███████▎  | 30/41 [00:31<00:11,  1.06s/it]
 76%|███████▌  | 31/41 [00:32<00:10,  1.06s/it]
 78%|███████▊  | 32/41 [00:33<00:09,  1.05s/it]
 80%|████████  | 33/41 [00:34<00:08,  1.06s/it]
 83%|████████▎ | 34/41 [00:35<00:07,  1.06s/it]
 85%|████████▌ | 35/41 [00:36<00:06,  1.05s/it]
 88%|████████▊ | 36/41 [00:37<00:05,  1.05s/it]
 90%|█████████ | 37/41 [00:38<00:04,  1.05s/it]
 93%|█████████▎| 38/41 [00:40<00:03,  1.05s/it]
 95%|█████████▌| 39/41 [00:41<00:02,  1.05s/it]
 98%|█████████▊| 40/41 [00:41<00:00,  1.11it/s]
100%|██████████| 41/41 [00:42<00:00,  1.00it/s]
100%|██████████| 41/41 [00:42<00:00,  1.05s/it]

  0%|          | 0/157 [00:00<?, ?it/s]
  1%|          | 1/157 [00:00<01:33,  1.66it/s]
  1%|▏         | 2/157 [00:01<01:19,  1.96it/s]
  2%|▏         | 3/157 [00:01<01:11,  2.15it/s]
  3%|▎         | 4/157 [00:01<01:07,  2.27it/s]
  3%|▎         | 5/157 [00:02<01:04,  2.35it/s]
  4%|▍         | 6/157 [00:02<01:03,  2.39it/s]
  4%|▍         | 7/157 [00:03<01:02,  2.41it/s]
  5%|▌         | 8/157 [00:03<01:01,  2.44it/s]
  6%|▌         | 9/157 [00:03<01:00,  2.46it/s]
  6%|▋         | 10/157 [00:04<00:59,  2.48it/s]
  7%|▋         | 11/157 [00:04<00:58,  2.48it/s]
  8%|▊         | 12/157 [00:05<01:00,  2.38it/s]
  8%|▊         | 13/157 [00:05<01:02,  2.32it/s]
  9%|▉         | 14/157 [00:05<01:00,  2.36it/s]
 10%|▉         | 15/157 [00:06<01:03,  2.25it/s]
 10%|█         | 16/157 [00:06<01:01,  2.28it/s]
 11%|█         | 17/157 [00:07<00:59,  2.34it/s]
 11%|█▏        | 18/157 [00:07<00:58,  2.39it/s]
 12%|█▏        | 19/157 [00:08<00:57,  2.42it/s]
 13%|█▎        | 20/157 [00:08<00:56,  2.45it/s]
 13%|█▎        | 21/157 [00:08<00:55,  2.47it/s]
 14%|█▍        | 22/157 [00:09<00:55,  2.43it/s]
 15%|█▍        | 23/157 [00:09<00:59,  2.23it/s]
 15%|█▌        | 24/157 [00:10<01:01,  2.17it/s]
 16%|█▌        | 25/157 [00:10<00:58,  2.24it/s]
 17%|█▋        | 26/157 [00:11<00:57,  2.29it/s]
 17%|█▋        | 27/157 [00:11<00:55,  2.34it/s]
 18%|█▊        | 28/157 [00:11<00:53,  2.39it/s]
 18%|█▊        | 29/157 [00:12<00:52,  2.42it/s]
 19%|█▉        | 30/157 [00:12<00:52,  2.44it/s]
 20%|█▉        | 31/157 [00:13<00:51,  2.44it/s]
 20%|██        | 32/157 [00:13<00:50,  2.45it/s]
 21%|██        | 33/157 [00:14<00:50,  2.45it/s]
 22%|██▏       | 34/157 [00:14<00:54,  2.24it/s]
 22%|██▏       | 35/157 [00:14<00:53,  2.28it/s]
 23%|██▎       | 36/157 [00:15<00:52,  2.31it/s]
 24%|██▎       | 37/157 [00:15<00:52,  2.28it/s]
 24%|██▍       | 38/157 [00:16<00:51,  2.29it/s]
 25%|██▍       | 39/157 [00:16<00:50,  2.34it/s]
 25%|██▌       | 40/157 [00:17<00:49,  2.38it/s]
 26%|██▌       | 41/157 [00:17<00:47,  2.42it/s]
 27%|██▋       | 42/157 [00:17<00:46,  2.45it/s]
 27%|██▋       | 43/157 [00:18<00:46,  2.44it/s]
 28%|██▊       | 44/157 [00:18<00:46,  2.41it/s]
 29%|██▊       | 45/157 [00:19<00:46,  2.41it/s]
 29%|██▉       | 46/157 [00:19<00:46,  2.41it/s]
 30%|██▉       | 47/157 [00:19<00:45,  2.44it/s]
 31%|███       | 48/157 [00:20<00:44,  2.46it/s]
 31%|███       | 49/157 [00:20<00:43,  2.48it/s]
 32%|███▏      | 50/157 [00:21<00:43,  2.49it/s]
 32%|███▏      | 51/157 [00:21<00:42,  2.48it/s]
 33%|███▎      | 52/157 [00:21<00:42,  2.49it/s]
 34%|███▍      | 53/157 [00:22<00:41,  2.50it/s]
 34%|███▍      | 54/157 [00:22<00:46,  2.22it/s]
 35%|███▌      | 55/157 [00:23<00:44,  2.28it/s]
 36%|███▌      | 56/157 [00:23<00:43,  2.34it/s]
 36%|███▋      | 57/157 [00:24<00:42,  2.38it/s]
 37%|███▋      | 58/157 [00:24<00:41,  2.41it/s]
 38%|███▊      | 59/157 [00:24<00:39,  2.48it/s]
 38%|███▊      | 60/157 [00:25<00:38,  2.52it/s]
 39%|███▉      | 61/157 [00:25<00:38,  2.50it/s]
 39%|███▉      | 62/157 [00:26<00:38,  2.50it/s]
 40%|████      | 63/157 [00:26<00:38,  2.45it/s]
 41%|████      | 64/157 [00:27<00:41,  2.27it/s]
 41%|████▏     | 65/157 [00:27<00:41,  2.21it/s]
 42%|████▏     | 66/157 [00:27<00:40,  2.22it/s]
 43%|████▎     | 67/157 [00:28<00:39,  2.27it/s]
 43%|████▎     | 68/157 [00:28<00:38,  2.34it/s]
 44%|████▍     | 69/157 [00:29<00:38,  2.30it/s]
 45%|████▍     | 70/157 [00:29<00:36,  2.39it/s]
 45%|████▌     | 71/157 [00:29<00:34,  2.47it/s]
 46%|████▌     | 72/157 [00:30<00:35,  2.43it/s]
 46%|████▋     | 73/157 [00:30<00:37,  2.25it/s]
 47%|████▋     | 74/157 [00:31<00:38,  2.17it/s]
 48%|████▊     | 75/157 [00:31<00:36,  2.25it/s]
 48%|████▊     | 76/157 [00:32<00:36,  2.24it/s]
 49%|████▉     | 77/157 [00:32<00:34,  2.31it/s]
 50%|████▉     | 78/157 [00:33<00:35,  2.21it/s]
 50%|█████     | 79/157 [00:33<00:33,  2.31it/s]
 51%|█████     | 80/157 [00:33<00:31,  2.41it/s]
 52%|█████▏    | 81/157 [00:34<00:30,  2.48it/s]
 52%|█████▏    | 82/157 [00:34<00:32,  2.27it/s]
 53%|█████▎    | 83/157 [00:35<00:35,  2.11it/s]
 54%|█████▎    | 84/157 [00:35<00:32,  2.24it/s]
 54%|█████▍    | 85/157 [00:36<00:30,  2.34it/s]
 55%|█████▍    | 86/157 [00:36<00:30,  2.30it/s]
 55%|█████▌    | 87/157 [00:37<00:29,  2.34it/s]
 56%|█████▌    | 88/157 [00:37<00:28,  2.43it/s]
 57%|█████▋    | 89/157 [00:37<00:27,  2.50it/s]
 57%|█████▋    | 90/157 [00:38<00:26,  2.54it/s]
 58%|█████▊    | 91/157 [00:38<00:25,  2.57it/s]
 59%|█████▊    | 92/157 [00:39<00:26,  2.41it/s]
 59%|█████▉    | 93/157 [00:39<00:26,  2.41it/s]
 60%|█████▉    | 94/157 [00:39<00:26,  2.40it/s]
 61%|██████    | 95/157 [00:40<00:25,  2.46it/s]
 61%|██████    | 96/157 [00:40<00:24,  2.51it/s]
 62%|██████▏   | 97/157 [00:40<00:23,  2.56it/s]
 62%|██████▏   | 98/157 [00:41<00:22,  2.58it/s]
 63%|██████▎   | 99/157 [00:41<00:22,  2.57it/s]
 64%|██████▎   | 100/157 [00:42<00:21,  2.60it/s]
 64%|██████▍   | 101/157 [00:42<00:23,  2.38it/s]
 65%|██████▍   | 102/157 [00:43<00:35,  1.55it/s]
 66%|██████▌   | 103/157 [00:44<00:32,  1.66it/s]
 66%|██████▌   | 104/157 [00:44<00:30,  1.75it/s]
 67%|██████▋   | 105/157 [00:45<00:27,  1.88it/s]
 68%|██████▊   | 106/157 [00:45<00:25,  1.99it/s]
 68%|██████▊   | 107/157 [00:46<00:23,  2.09it/s]
 69%|██████▉   | 108/157 [00:46<00:22,  2.23it/s]
 69%|██████▉   | 109/157 [00:47<00:30,  1.58it/s]
 70%|███████   | 110/157 [00:47<00:26,  1.76it/s]
 71%|███████   | 111/157 [00:48<00:23,  1.94it/s]
 71%|███████▏  | 112/157 [00:48<00:21,  2.10it/s]
 72%|███████▏  | 113/157 [00:49<00:20,  2.18it/s]
 73%|███████▎  | 114/157 [00:49<00:19,  2.26it/s]
 73%|███████▎  | 115/157 [00:49<00:18,  2.27it/s]
 74%|███████▍  | 116/157 [00:50<00:17,  2.31it/s]
 75%|███████▍  | 117/157 [00:50<00:18,  2.20it/s]
 75%|███████▌  | 118/157 [00:51<00:18,  2.10it/s]
 76%|███████▌  | 119/157 [00:51<00:18,  2.10it/s]
 76%|███████▋  | 120/157 [00:52<00:17,  2.14it/s]
 77%|███████▋  | 121/157 [00:52<00:17,  2.09it/s]
 78%|███████▊  | 122/157 [00:53<00:18,  1.92it/s]
 78%|███████▊  | 123/157 [00:53<00:16,  2.08it/s]
 79%|███████▉  | 124/157 [00:54<00:14,  2.22it/s]
 80%|███████▉  | 125/157 [00:54<00:14,  2.25it/s]
 80%|████████  | 126/157 [00:55<00:14,  2.13it/s]
 81%|████████  | 127/157 [00:55<00:14,  2.13it/s]
 82%|████████▏ | 128/157 [00:56<00:13,  2.23it/s]
 82%|████████▏ | 129/157 [00:56<00:12,  2.29it/s]
 83%|████████▎ | 130/157 [00:56<00:11,  2.27it/s]
 83%|████████▎ | 131/157 [00:57<00:11,  2.29it/s]
 84%|████████▍ | 132/157 [00:57<00:11,  2.18it/s]
 85%|████████▍ | 133/157 [00:58<00:10,  2.23it/s]
 85%|████████▌ | 134/157 [00:58<00:10,  2.29it/s]
 86%|████████▌ | 135/157 [00:59<00:14,  1.49it/s]
 87%|████████▋ | 136/157 [01:00<00:13,  1.59it/s]
 87%|████████▋ | 137/157 [01:00<00:11,  1.69it/s]
 88%|████████▊ | 138/157 [01:01<00:10,  1.88it/s]
 89%|████████▊ | 139/157 [01:01<00:09,  1.95it/s]
 89%|████████▉ | 140/157 [01:02<00:08,  1.95it/s]
 90%|████████▉ | 141/157 [01:02<00:07,  2.08it/s]
 90%|█████████ | 142/157 [01:04<00:11,  1.36it/s]
 91%|█████████ | 143/157 [01:04<00:09,  1.52it/s]
 92%|█████████▏| 144/157 [01:05<00:07,  1.64it/s]
 92%|█████████▏| 145/157 [01:05<00:06,  1.79it/s]
 93%|█████████▎| 146/157 [01:05<00:05,  1.93it/s]
 94%|█████████▎| 147/157 [01:06<00:04,  2.07it/s]
 94%|█████████▍| 148/157 [01:06<00:04,  2.13it/s]
 95%|█████████▍| 149/157 [01:07<00:03,  2.07it/s]
 96%|█████████▌| 150/157 [01:07<00:03,  1.86it/s]
 96%|█████████▌| 151/157 [01:08<00:04,  1.49it/s]
 97%|█████████▋| 152/157 [01:09<00:02,  1.68it/s]
 97%|█████████▋| 153/157 [01:09<00:02,  1.78it/s]
 98%|█████████▊| 154/157 [01:10<00:01,  1.84it/s]
 99%|█████████▊| 155/157 [01:11<00:01,  1.37it/s]
 99%|█████████▉| 156/157 [01:12<00:00,  1.19it/s]
100%|██████████| 157/157 [01:12<00:00,  1.54it/s]
100%|██████████| 157/157 [01:12<00:00,  2.16it/s]

========================================
Finished cifar100_init10_inc10
Backbone: OpenAI CLIP
Base Accuracy: 98.0
Last Accuracy: 76.88
Average Accuracy (Top1): 85.18
========================================

Files already downloaded and verified
<continuum.scenarios.class_incremental.ClassIncremental object at 0x7fb1284b8760> <continuum.scenarios.class_incremental.ClassIncremental object at 0x7fb1284b8760>
Files already downloaded and verified
Evaluation for task 0 has started.
['television', 'apple', 'oak_tree', 'pickup_truck', 'lizard', 'trout', 'road', 'wolf', 'mushroom', 'camel', 'wardrobe', 'tulip', 'bowl', 'seal', 'mountain', 'snake', 'plate', 'butterfly', 'bicycle', 'telephone']

  0%|          | 0/80 [00:00<?, ?it/s]
  1%|▏         | 1/80 [00:01<02:24,  1.83s/it]
  2%|▎         | 2/80 [00:02<01:28,  1.13s/it]
  4%|▍         | 3/80 [00:03<01:24,  1.10s/it]
  5%|▌         | 4/80 [00:04<01:22,  1.08s/it]
  6%|▋         | 5/80 [00:05<01:20,  1.07s/it]
  8%|▊         | 6/80 [00:06<01:19,  1.07s/it]
  9%|▉         | 7/80 [00:07<01:17,  1.06s/it]
 10%|█         | 8/80 [00:08<01:16,  1.06s/it]
 11%|█▏        | 9/80 [00:09<01:15,  1.06s/it]
 12%|█▎        | 10/80 [00:10<01:14,  1.06s/it]
 14%|█▍        | 11/80 [00:11<01:13,  1.06s/it]
 15%|█▌        | 12/80 [00:13<01:12,  1.06s/it]
 16%|█▋        | 13/80 [00:14<01:11,  1.06s/it]
 18%|█▊        | 14/80 [00:15<01:10,  1.06s/it]
 19%|█▉        | 15/80 [00:16<01:09,  1.06s/it]
 20%|██        | 16/80 [00:17<01:08,  1.06s/it]
 21%|██▏       | 17/80 [00:18<01:07,  1.06s/it]
 22%|██▎       | 18/80 [00:19<01:05,  1.06s/it]
 24%|██▍       | 19/80 [00:20<01:04,  1.06s/it]
 25%|██▌       | 20/80 [00:21<01:04,  1.07s/it]
 26%|██▋       | 21/80 [00:22<01:03,  1.07s/it]
 28%|██▊       | 22/80 [00:23<01:01,  1.07s/it]
 29%|██▉       | 23/80 [00:24<01:00,  1.06s/it]
 30%|███       | 24/80 [00:25<00:59,  1.07s/it]
 31%|███▏      | 25/80 [00:26<00:58,  1.07s/it]
 32%|███▎      | 26/80 [00:27<00:57,  1.06s/it]
 34%|███▍      | 27/80 [00:29<00:56,  1.06s/it]
 35%|███▌      | 28/80 [00:30<00:55,  1.07s/it]
 36%|███▋      | 29/80 [00:31<00:54,  1.06s/it]
 38%|███▊      | 30/80 [00:32<00:52,  1.06s/it]
 39%|███▉      | 31/80 [00:33<00:51,  1.05s/it]
 40%|████      | 32/80 [00:34<00:50,  1.05s/it]
 41%|████▏     | 33/80 [00:35<00:49,  1.06s/it]
 42%|████▎     | 34/80 [00:36<00:48,  1.06s/it]
 44%|████▍     | 35/80 [00:37<00:47,  1.06s/it]
 45%|████▌     | 36/80 [00:38<00:46,  1.06s/it]
 46%|████▋     | 37/80 [00:39<00:45,  1.06s/it]
 48%|████▊     | 38/80 [00:40<00:44,  1.06s/it]
 49%|████▉     | 39/80 [00:41<00:43,  1.06s/it]
 50%|█████     | 40/80 [00:42<00:42,  1.07s/it]
 51%|█████▏    | 41/80 [00:43<00:41,  1.06s/it]
 52%|█████▎    | 42/80 [00:44<00:40,  1.06s/it]
 54%|█████▍    | 43/80 [00:45<00:39,  1.06s/it]
 55%|█████▌    | 44/80 [00:47<00:38,  1.06s/it]
 56%|█████▋    | 45/80 [00:48<00:37,  1.06s/it]
 57%|█████▊    | 46/80 [00:49<00:36,  1.06s/it]
 59%|█████▉    | 47/80 [00:50<00:34,  1.06s/it]
 60%|██████    | 48/80 [00:51<00:33,  1.06s/it]
 61%|██████▏   | 49/80 [00:52<00:32,  1.06s/it]
 62%|██████▎   | 50/80 [00:53<00:31,  1.06s/it]
 64%|██████▍   | 51/80 [00:54<00:30,  1.06s/it]
 65%|██████▌   | 52/80 [00:55<00:29,  1.06s/it]
 66%|██████▋   | 53/80 [00:56<00:28,  1.06s/it]
 68%|██████▊   | 54/80 [00:57<00:27,  1.06s/it]
 69%|██████▉   | 55/80 [00:58<00:26,  1.06s/it]
 70%|███████   | 56/80 [00:59<00:25,  1.06s/it]
 71%|███████▏  | 57/80 [01:00<00:24,  1.06s/it]
 72%|███████▎  | 58/80 [01:01<00:23,  1.06s/it]
 74%|███████▍  | 59/80 [01:02<00:22,  1.06s/it]
 75%|███████▌  | 60/80 [01:04<00:21,  1.06s/it]
 76%|███████▋  | 61/80 [01:05<00:20,  1.06s/it]
 78%|███████▊  | 62/80 [01:06<00:19,  1.06s/it]
 79%|███████▉  | 63/80 [01:07<00:17,  1.06s/it]
 80%|████████  | 64/80 [01:08<00:16,  1.06s/it]
 81%|████████▏ | 65/80 [01:09<00:15,  1.06s/it]
 82%|████████▎ | 66/80 [01:10<00:14,  1.06s/it]
 84%|████████▍ | 67/80 [01:11<00:13,  1.06s/it]
 85%|████████▌ | 68/80 [01:12<00:12,  1.06s/it]
 86%|████████▋ | 69/80 [01:13<00:11,  1.06s/it]
 88%|████████▊ | 70/80 [01:14<00:10,  1.06s/it]
 89%|████████▉ | 71/80 [01:15<00:09,  1.06s/it]
 90%|█████████ | 72/80 [01:16<00:08,  1.06s/it]
 91%|█████████▏| 73/80 [01:17<00:07,  1.06s/it]
 92%|█████████▎| 74/80 [01:18<00:06,  1.06s/it]
 94%|█████████▍| 75/80 [01:19<00:05,  1.06s/it]
 95%|█████████▌| 76/80 [01:20<00:04,  1.06s/it]
 96%|█████████▋| 77/80 [01:22<00:03,  1.06s/it]
 98%|█████████▊| 78/80 [01:23<00:02,  1.05s/it]
 99%|█████████▉| 79/80 [01:23<00:00,  1.09it/s]
100%|██████████| 80/80 [01:25<00:00,  1.08s/it]
100%|██████████| 80/80 [01:25<00:00,  1.06s/it]

  0%|          | 0/32 [00:00<?, ?it/s]
  3%|▎         | 1/32 [00:00<00:17,  1.81it/s]
  6%|▋         | 2/32 [00:00<00:12,  2.31it/s]
  9%|▉         | 3/32 [00:01<00:11,  2.50it/s]
 12%|█▎        | 4/32 [00:01<00:10,  2.62it/s]
 16%|█▌        | 5/32 [00:01<00:09,  2.71it/s]
 19%|█▉        | 6/32 [00:02<00:10,  2.46it/s]
 22%|██▏       | 7/32 [00:02<00:09,  2.55it/s]
 25%|██▌       | 8/32 [00:03<00:09,  2.54it/s]
 28%|██▊       | 9/32 [00:03<00:10,  2.10it/s]
 31%|███▏      | 10/32 [00:04<00:09,  2.28it/s]
 34%|███▍      | 11/32 [00:04<00:08,  2.43it/s]
 38%|███▊      | 12/32 [00:04<00:07,  2.55it/s]
 41%|████      | 13/32 [00:05<00:07,  2.61it/s]
 44%|████▍     | 14/32 [00:05<00:06,  2.69it/s]
 47%|████▋     | 15/32 [00:05<00:06,  2.74it/s]
 50%|█████     | 16/32 [00:06<00:05,  2.78it/s]
 53%|█████▎    | 17/32 [00:06<00:05,  2.81it/s]
 56%|█████▋    | 18/32 [00:07<00:04,  2.83it/s]
 59%|█████▉    | 19/32 [00:07<00:06,  1.86it/s]
 62%|██████▎   | 20/32 [00:08<00:07,  1.63it/s]
 66%|██████▌   | 21/32 [00:09<00:05,  1.84it/s]
 69%|██████▉   | 22/32 [00:09<00:04,  2.06it/s]
 72%|███████▏  | 23/32 [00:09<00:04,  2.20it/s]
 75%|███████▌  | 24/32 [00:10<00:03,  2.36it/s]
 78%|███████▊  | 25/32 [00:10<00:02,  2.48it/s]
 81%|████████▏ | 26/32 [00:10<00:02,  2.59it/s]
 84%|████████▍ | 27/32 [00:11<00:02,  1.99it/s]
 88%|████████▊ | 28/32 [00:12<00:02,  1.87it/s]
 91%|█████████ | 29/32 [00:13<00:01,  1.64it/s]
 94%|█████████▍| 30/32 [00:13<00:01,  1.86it/s]
 97%|█████████▋| 31/32 [00:13<00:00,  2.07it/s]
100%|██████████| 32/32 [00:13<00:00,  2.68it/s]
100%|██████████| 32/32 [00:13<00:00,  2.30it/s]
Evaluation for task 1 has started.
['table', 'willow_tree', 'caterpillar', 'cockroach', 'flatfish', 'lobster', 'tiger', 'boy', 'beaver', 'ray', 'rocket', 'raccoon', 'snail', 'maple_tree', 'spider', 'turtle', 'dinosaur', 'mouse', 'pear', 'sweet_pepper']

  0%|          | 0/80 [00:00<?, ?it/s]
  1%|▏         | 1/80 [00:01<01:32,  1.17s/it]
  2%|▎         | 2/80 [00:02<01:17,  1.01it/s]
  4%|▍         | 3/80 [00:03<01:18,  1.03s/it]
  5%|▌         | 4/80 [00:04<01:19,  1.04s/it]
  6%|▋         | 5/80 [00:05<01:18,  1.05s/it]
  8%|▊         | 6/80 [00:06<01:18,  1.05s/it]
  9%|▉         | 7/80 [00:07<01:17,  1.06s/it]
 10%|█         | 8/80 [00:08<01:16,  1.06s/it]
 11%|█▏        | 9/80 [00:09<01:15,  1.06s/it]
 12%|█▎        | 10/80 [00:10<01:13,  1.06s/it]
 14%|█▍        | 11/80 [00:11<01:12,  1.05s/it]
 15%|█▌        | 12/80 [00:12<01:11,  1.06s/it]
 16%|█▋        | 13/80 [00:13<01:11,  1.06s/it]
 18%|█▊        | 14/80 [00:14<01:10,  1.06s/it]
 19%|█▉        | 15/80 [00:15<01:08,  1.06s/it]
 20%|██        | 16/80 [00:16<01:07,  1.06s/it]
 21%|██▏       | 17/80 [00:17<01:06,  1.06s/it]
 22%|██▎       | 18/80 [00:19<01:05,  1.06s/it]
 24%|██▍       | 19/80 [00:20<01:04,  1.06s/it]
 25%|██▌       | 20/80 [00:21<01:03,  1.06s/it]
 26%|██▋       | 21/80 [00:22<01:02,  1.06s/it]
 28%|██▊       | 22/80 [00:23<01:01,  1.06s/it]
 29%|██▉       | 23/80 [00:24<01:00,  1.06s/it]
 30%|███       | 24/80 [00:25<00:59,  1.06s/it]
 31%|███▏      | 25/80 [00:26<00:58,  1.06s/it]
 32%|███▎      | 26/80 [00:27<00:57,  1.06s/it]
 34%|███▍      | 27/80 [00:28<00:56,  1.06s/it]
 35%|███▌      | 28/80 [00:29<00:55,  1.07s/it]
 36%|███▋      | 29/80 [00:30<00:54,  1.07s/it]
 38%|███▊      | 30/80 [00:31<00:52,  1.06s/it]
 39%|███▉      | 31/80 [00:32<00:51,  1.06s/it]
 40%|████      | 32/80 [00:33<00:50,  1.05s/it]
 41%|████▏     | 33/80 [00:34<00:49,  1.06s/it]
 42%|████▎     | 34/80 [00:35<00:48,  1.06s/it]
 44%|████▍     | 35/80 [00:37<00:47,  1.06s/it]
 45%|████▌     | 36/80 [00:38<00:47,  1.07s/it]
 46%|████▋     | 37/80 [00:39<00:45,  1.07s/it]
 48%|████▊     | 38/80 [00:40<00:44,  1.06s/it]
 49%|████▉     | 39/80 [00:41<00:43,  1.06s/it]
 50%|█████     | 40/80 [00:42<00:42,  1.06s/it]
 51%|█████▏    | 41/80 [00:43<00:41,  1.06s/it]
 52%|█████▎    | 42/80 [00:44<00:40,  1.06s/it]
 54%|█████▍    | 43/80 [00:45<00:39,  1.06s/it]
 55%|█████▌    | 44/80 [00:46<00:38,  1.06s/it]
 56%|█████▋    | 45/80 [00:47<00:36,  1.06s/it]
 57%|█████▊    | 46/80 [00:48<00:36,  1.06s/it]
 59%|█████▉    | 47/80 [00:49<00:35,  1.06s/it]
 60%|██████    | 48/80 [00:50<00:34,  1.07s/it]
 61%|██████▏   | 49/80 [00:51<00:33,  1.07s/it]
 62%|██████▎   | 50/80 [00:53<00:32,  1.07s/it]
 64%|██████▍   | 51/80 [00:54<00:30,  1.07s/it]
 65%|██████▌   | 52/80 [00:55<00:29,  1.07s/it]
 66%|██████▋   | 53/80 [00:56<00:28,  1.07s/it]
 68%|██████▊   | 54/80 [00:57<00:27,  1.07s/it]
 69%|██████▉   | 55/80 [00:58<00:26,  1.07s/it]
 70%|███████   | 56/80 [00:59<00:25,  1.07s/it]
 71%|███████▏  | 57/80 [01:00<00:24,  1.07s/it]
 72%|███████▎  | 58/80 [01:01<00:23,  1.07s/it]
 74%|███████▍  | 59/80 [01:02<00:22,  1.07s/it]
 75%|███████▌  | 60/80 [01:03<00:21,  1.06s/it]
 76%|███████▋  | 61/80 [01:04<00:20,  1.06s/it]
 78%|███████▊  | 62/80 [01:05<00:19,  1.06s/it]
 79%|███████▉  | 63/80 [01:06<00:18,  1.07s/it]
 80%|████████  | 64/80 [01:07<00:17,  1.07s/it]
 81%|████████▏ | 65/80 [01:09<00:16,  1.07s/it]
 82%|████████▎ | 66/80 [01:10<00:14,  1.07s/it]
 84%|████████▍ | 67/80 [01:11<00:13,  1.07s/it]
 85%|████████▌ | 68/80 [01:12<00:12,  1.07s/it]
 86%|████████▋ | 69/80 [01:13<00:11,  1.07s/it]
 88%|████████▊ | 70/80 [01:14<00:10,  1.07s/it]
 89%|████████▉ | 71/80 [01:15<00:09,  1.06s/it]
 90%|█████████ | 72/80 [01:16<00:08,  1.06s/it]
 91%|█████████▏| 73/80 [01:17<00:07,  1.06s/it]
 92%|█████████▎| 74/80 [01:18<00:06,  1.06s/it]
 94%|█████████▍| 75/80 [01:19<00:05,  1.06s/it]
 95%|█████████▌| 76/80 [01:20<00:04,  1.06s/it]
 96%|█████████▋| 77/80 [01:21<00:03,  1.06s/it]
 98%|█████████▊| 78/80 [01:22<00:02,  1.06s/it]
 99%|█████████▉| 79/80 [01:23<00:00,  1.09it/s]
100%|██████████| 80/80 [01:24<00:00,  1.06s/it]
100%|██████████| 80/80 [01:24<00:00,  1.06s/it]

  0%|          | 0/63 [00:00<?, ?it/s]
  2%|▏         | 1/63 [00:00<00:34,  1.82it/s]
  3%|▎         | 2/63 [00:00<00:26,  2.27it/s]
  5%|▍         | 3/63 [00:01<00:24,  2.49it/s]
  6%|▋         | 4/63 [00:01<00:22,  2.59it/s]
  8%|▊         | 5/63 [00:01<00:21,  2.66it/s]
 10%|▉         | 6/63 [00:02<00:21,  2.69it/s]
 11%|█         | 7/63 [00:02<00:20,  2.72it/s]
 13%|█▎        | 8/63 [00:03<00:20,  2.73it/s]
 14%|█▍        | 9/63 [00:03<00:19,  2.78it/s]
 16%|█▌        | 10/63 [00:04<00:27,  1.92it/s]
 17%|█▋        | 11/63 [00:04<00:24,  2.11it/s]
 19%|█▉        | 12/63 [00:05<00:22,  2.27it/s]
 21%|██        | 13/63 [00:05<00:20,  2.39it/s]
 22%|██▏       | 14/63 [00:05<00:19,  2.49it/s]
 24%|██▍       | 15/63 [00:06<00:18,  2.56it/s]
 25%|██▌       | 16/63 [00:06<00:17,  2.62it/s]
 27%|██▋       | 17/63 [00:06<00:17,  2.65it/s]
 29%|██▊       | 18/63 [00:07<00:16,  2.68it/s]
 30%|███       | 19/63 [00:07<00:16,  2.70it/s]
 32%|███▏      | 20/63 [00:07<00:15,  2.71it/s]
 33%|███▎      | 21/63 [00:08<00:15,  2.72it/s]
 35%|███▍      | 22/63 [00:08<00:15,  2.73it/s]
 37%|███▋      | 23/63 [00:09<00:14,  2.74it/s]
 38%|███▊      | 24/63 [00:09<00:14,  2.71it/s]
 40%|███▉      | 25/63 [00:10<00:17,  2.22it/s]
 41%|████▏     | 26/63 [00:10<00:15,  2.35it/s]
 43%|████▎     | 27/63 [00:10<00:14,  2.46it/s]
 44%|████▍     | 28/63 [00:11<00:13,  2.54it/s]
 46%|████▌     | 29/63 [00:11<00:13,  2.60it/s]
 48%|████▊     | 30/63 [00:11<00:13,  2.44it/s]
 49%|████▉     | 31/63 [00:12<00:13,  2.33it/s]
 51%|█████     | 32/63 [00:12<00:12,  2.44it/s]
 52%|█████▏    | 33/63 [00:13<00:12,  2.37it/s]
 54%|█████▍    | 34/63 [00:13<00:11,  2.46it/s]
 56%|█████▌    | 35/63 [00:14<00:11,  2.54it/s]
 57%|█████▋    | 36/63 [00:14<00:10,  2.56it/s]
 59%|█████▊    | 37/63 [00:15<00:17,  1.49it/s]
 60%|██████    | 38/63 [00:16<00:14,  1.71it/s]
 62%|██████▏   | 39/63 [00:16<00:12,  1.93it/s]
 63%|██████▎   | 40/63 [00:16<00:10,  2.12it/s]
 65%|██████▌   | 41/63 [00:17<00:09,  2.23it/s]
 67%|██████▋   | 42/63 [00:17<00:08,  2.41it/s]
 68%|██████▊   | 43/63 [00:17<00:08,  2.43it/s]
 70%|██████▉   | 44/63 [00:18<00:07,  2.53it/s]
 71%|███████▏  | 45/63 [00:18<00:06,  2.59it/s]
 73%|███████▎  | 46/63 [00:19<00:06,  2.63it/s]
 75%|███████▍  | 47/63 [00:19<00:06,  2.47it/s]
 76%|███████▌  | 48/63 [00:19<00:05,  2.55it/s]
 78%|███████▊  | 49/63 [00:20<00:05,  2.61it/s]
 79%|███████▉  | 50/63 [00:20<00:05,  2.36it/s]
 81%|████████  | 51/63 [00:21<00:07,  1.57it/s]
 83%|████████▎ | 52/63 [00:22<00:06,  1.79it/s]
 84%|████████▍ | 53/63 [00:22<00:05,  1.98it/s]
 86%|████████▌ | 54/63 [00:23<00:04,  2.17it/s]
 87%|████████▋ | 55/63 [00:23<00:03,  2.25it/s]
 89%|████████▉ | 56/63 [00:23<00:03,  2.21it/s]
 90%|█████████ | 57/63 [00:24<00:02,  2.33it/s]
 92%|█████████▏| 58/63 [00:24<00:02,  2.44it/s]
 94%|█████████▎| 59/63 [00:24<00:01,  2.53it/s]
 95%|█████████▌| 60/63 [00:25<00:01,  2.55it/s]
 97%|█████████▋| 61/63 [00:25<00:00,  2.63it/s]
 98%|█████████▊| 62/63 [00:26<00:00,  2.66it/s]
100%|██████████| 63/63 [00:26<00:00,  2.62it/s]
100%|██████████| 63/63 [00:26<00:00,  2.38it/s]
Evaluation for task 2 has started.
['castle', 'streetcar', 'lawn_mower', 'bridge', 'house', 'pine_tree', 'couch', 'chair', 'squirrel', 'shark', 'aquarium_fish', 'cup', 'bee', 'man', 'poppy', 'sunflower', 'orange', 'bottle', 'elephant', 'skunk']

  0%|          | 0/80 [00:00<?, ?it/s]
  1%|▏         | 1/80 [00:01<01:32,  1.18s/it]
  2%|▎         | 2/80 [00:02<01:17,  1.00it/s]
  4%|▍         | 3/80 [00:03<01:19,  1.04s/it]
  5%|▌         | 4/80 [00:04<01:19,  1.05s/it]
  6%|▋         | 5/80 [00:05<01:19,  1.06s/it]
  8%|▊         | 6/80 [00:06<01:18,  1.06s/it]
  9%|▉         | 7/80 [00:07<01:17,  1.06s/it]
 10%|█         | 8/80 [00:08<01:16,  1.06s/it]
 11%|█▏        | 9/80 [00:09<01:15,  1.06s/it]
 12%|█▎        | 10/80 [00:10<01:14,  1.06s/it]
 14%|█▍        | 11/80 [00:11<01:13,  1.07s/it]
 15%|█▌        | 12/80 [00:12<01:12,  1.07s/it]
 16%|█▋        | 13/80 [00:13<01:11,  1.07s/it]
 18%|█▊        | 14/80 [00:14<01:10,  1.07s/it]
 19%|█▉        | 15/80 [00:15<01:09,  1.07s/it]
 20%|██        | 16/80 [00:16<01:08,  1.07s/it]
 21%|██▏       | 17/80 [00:18<01:07,  1.07s/it]
 22%|██▎       | 18/80 [00:19<01:06,  1.07s/it]
 24%|██▍       | 19/80 [00:20<01:05,  1.07s/it]
 25%|██▌       | 20/80 [00:21<01:04,  1.07s/it]
 26%|██▋       | 21/80 [00:22<01:02,  1.07s/it]
 28%|██▊       | 22/80 [00:23<01:01,  1.06s/it]
 29%|██▉       | 23/80 [00:24<01:00,  1.06s/it]
 30%|███       | 24/80 [00:25<00:59,  1.07s/it]
 31%|███▏      | 25/80 [00:26<00:58,  1.07s/it]
 32%|███▎      | 26/80 [00:27<00:57,  1.07s/it]
 34%|███▍      | 27/80 [00:28<00:56,  1.07s/it]
 35%|███▌      | 28/80 [00:29<00:55,  1.07s/it]
 36%|███▋      | 29/80 [00:30<00:54,  1.07s/it]
 38%|███▊      | 30/80 [00:31<00:53,  1.07s/it]
 39%|███▉      | 31/80 [00:32<00:52,  1.06s/it]
 40%|████      | 32/80 [00:34<00:51,  1.07s/it]
 41%|████▏     | 33/80 [00:35<00:50,  1.06s/it]
 42%|████▎     | 34/80 [00:36<00:49,  1.07s/it]
 44%|████▍     | 35/80 [00:37<00:48,  1.07s/it]
 45%|████▌     | 36/80 [00:38<00:47,  1.07s/it]
 46%|████▋     | 37/80 [00:39<00:45,  1.07s/it]
 48%|████▊     | 38/80 [00:40<00:44,  1.07s/it]
 49%|████▉     | 39/80 [00:41<00:43,  1.07s/it]
 50%|█████     | 40/80 [00:42<00:42,  1.06s/it]
 51%|█████▏    | 41/80 [00:43<00:41,  1.06s/it]
 52%|█████▎    | 42/80 [00:44<00:40,  1.06s/it]
 54%|█████▍    | 43/80 [00:45<00:39,  1.06s/it]
 55%|█████▌    | 44/80 [00:46<00:38,  1.07s/it]
 56%|█████▋    | 45/80 [00:47<00:37,  1.07s/it]
 57%|█████▊    | 46/80 [00:48<00:36,  1.07s/it]
 59%|█████▉    | 47/80 [00:50<00:35,  1.07s/it]
 60%|██████    | 48/80 [00:51<00:34,  1.07s/it]
 61%|██████▏   | 49/80 [00:52<00:33,  1.06s/it]
 62%|██████▎   | 50/80 [00:53<00:31,  1.07s/it]
 64%|██████▍   | 51/80 [00:54<00:30,  1.06s/it]
 65%|██████▌   | 52/80 [00:55<00:30,  1.07s/it]
 66%|██████▋   | 53/80 [00:56<00:28,  1.07s/it]
 68%|██████▊   | 54/80 [00:57<00:27,  1.07s/it]
 69%|██████▉   | 55/80 [00:58<00:26,  1.07s/it]
 70%|███████   | 56/80 [00:59<00:25,  1.07s/it]
 71%|███████▏  | 57/80 [01:00<00:24,  1.06s/it]
 72%|███████▎  | 58/80 [01:01<00:23,  1.06s/it]
 74%|███████▍  | 59/80 [01:02<00:22,  1.07s/it]
 75%|███████▌  | 60/80 [01:03<00:21,  1.07s/it]
 76%|███████▋  | 61/80 [01:04<00:20,  1.07s/it]
 78%|███████▊  | 62/80 [01:06<00:19,  1.06s/it]
 79%|███████▉  | 63/80 [01:07<00:18,  1.06s/it]
 80%|████████  | 64/80 [01:08<00:16,  1.06s/it]
 81%|████████▏ | 65/80 [01:09<00:15,  1.06s/it]
 82%|████████▎ | 66/80 [01:10<00:14,  1.06s/it]
 84%|████████▍ | 67/80 [01:11<00:13,  1.06s/it]
 85%|████████▌ | 68/80 [01:12<00:12,  1.06s/it]
 86%|████████▋ | 69/80 [01:13<00:11,  1.06s/it]
 88%|████████▊ | 70/80 [01:14<00:10,  1.06s/it]
 89%|████████▉ | 71/80 [01:15<00:09,  1.06s/it]
 90%|█████████ | 72/80 [01:16<00:08,  1.07s/it]
 91%|█████████▏| 73/80 [01:17<00:07,  1.07s/it]
 92%|█████████▎| 74/80 [01:18<00:06,  1.07s/it]
 94%|█████████▍| 75/80 [01:19<00:05,  1.07s/it]
 95%|█████████▌| 76/80 [01:20<00:04,  1.07s/it]
 96%|█████████▋| 77/80 [01:22<00:03,  1.07s/it]
 98%|█████████▊| 78/80 [01:23<00:02,  1.07s/it]
 99%|█████████▉| 79/80 [01:23<00:00,  1.08it/s]
100%|██████████| 80/80 [01:25<00:00,  1.06s/it]
100%|██████████| 80/80 [01:25<00:00,  1.06s/it]

  0%|          | 0/94 [00:00<?, ?it/s]
  1%|          | 1/94 [00:00<00:52,  1.79it/s]
  2%|▏         | 2/94 [00:00<00:41,  2.21it/s]
  3%|▎         | 3/94 [00:01<00:38,  2.36it/s]
  4%|▍         | 4/94 [00:01<00:36,  2.47it/s]
  5%|▌         | 5/94 [00:02<00:35,  2.53it/s]
  6%|▋         | 6/94 [00:02<00:34,  2.58it/s]
  7%|▋         | 7/94 [00:02<00:33,  2.62it/s]
  9%|▊         | 8/94 [00:03<00:32,  2.64it/s]
 10%|▉         | 9/94 [00:03<00:32,  2.66it/s]
 11%|█         | 10/94 [00:03<00:31,  2.67it/s]
 12%|█▏        | 11/94 [00:04<00:30,  2.68it/s]
 13%|█▎        | 12/94 [00:04<00:30,  2.69it/s]
 14%|█▍        | 13/94 [00:05<00:30,  2.68it/s]
 15%|█▍        | 14/94 [00:05<00:29,  2.69it/s]
 16%|█▌        | 15/94 [00:05<00:29,  2.69it/s]
 17%|█▋        | 16/94 [00:06<00:29,  2.65it/s]
 18%|█▊        | 17/94 [00:06<00:29,  2.61it/s]
 19%|█▉        | 18/94 [00:06<00:28,  2.66it/s]
 20%|██        | 19/94 [00:07<00:27,  2.70it/s]
 21%|██▏       | 20/94 [00:07<00:27,  2.74it/s]
 22%|██▏       | 21/94 [00:08<00:26,  2.76it/s]
 23%|██▎       | 22/94 [00:08<00:25,  2.78it/s]
 24%|██▍       | 23/94 [00:08<00:25,  2.80it/s]
 26%|██▌       | 24/94 [00:09<00:24,  2.82it/s]
 27%|██▋       | 25/94 [00:09<00:24,  2.83it/s]
 28%|██▊       | 26/94 [00:09<00:25,  2.68it/s]
 29%|██▊       | 27/94 [00:10<00:25,  2.66it/s]
 30%|██▉       | 28/94 [00:10<00:24,  2.66it/s]
 31%|███       | 29/94 [00:11<00:25,  2.55it/s]
 32%|███▏      | 30/94 [00:11<00:25,  2.54it/s]
 33%|███▎      | 31/94 [00:11<00:24,  2.58it/s]
 34%|███▍      | 32/94 [00:12<00:23,  2.61it/s]
 35%|███▌      | 33/94 [00:12<00:23,  2.64it/s]
 36%|███▌      | 34/94 [00:12<00:22,  2.66it/s]
 37%|███▋      | 35/94 [00:13<00:22,  2.58it/s]
 38%|███▊      | 36/94 [00:13<00:22,  2.58it/s]
 39%|███▉      | 37/94 [00:14<00:21,  2.61it/s]
 40%|████      | 38/94 [00:14<00:21,  2.64it/s]
 41%|████▏     | 39/94 [00:14<00:20,  2.65it/s]
 43%|████▎     | 40/94 [00:15<00:20,  2.67it/s]
 44%|████▎     | 41/94 [00:15<00:19,  2.67it/s]
 45%|████▍     | 42/94 [00:15<00:19,  2.68it/s]
 46%|████▌     | 43/94 [00:16<00:18,  2.69it/s]
 47%|████▋     | 44/94 [00:16<00:18,  2.69it/s]
 48%|████▊     | 45/94 [00:17<00:18,  2.58it/s]
 49%|████▉     | 46/94 [00:17<00:21,  2.24it/s]
 50%|█████     | 47/94 [00:18<00:20,  2.33it/s]
 51%|█████     | 48/94 [00:18<00:18,  2.43it/s]
 52%|█████▏    | 49/94 [00:18<00:18,  2.49it/s]
 53%|█████▎    | 50/94 [00:19<00:17,  2.55it/s]
 54%|█████▍    | 51/94 [00:19<00:16,  2.58it/s]
 55%|█████▌    | 52/94 [00:19<00:16,  2.60it/s]
 56%|█████▋    | 53/94 [00:20<00:15,  2.61it/s]
 57%|█████▋    | 54/94 [00:20<00:16,  2.41it/s]
 59%|█████▊    | 55/94 [00:21<00:15,  2.47it/s]
 60%|█████▉    | 56/94 [00:21<00:15,  2.52it/s]
 61%|██████    | 57/94 [00:21<00:14,  2.57it/s]
 62%|██████▏   | 58/94 [00:22<00:13,  2.60it/s]
 63%|██████▎   | 59/94 [00:22<00:13,  2.61it/s]
 64%|██████▍   | 60/94 [00:23<00:12,  2.63it/s]
 65%|██████▍   | 61/94 [00:23<00:12,  2.64it/s]
 66%|██████▌   | 62/94 [00:23<00:12,  2.64it/s]
 67%|██████▋   | 63/94 [00:24<00:12,  2.43it/s]
 68%|██████▊   | 64/94 [00:24<00:11,  2.53it/s]
 69%|██████▉   | 65/94 [00:25<00:11,  2.56it/s]
 70%|███████   | 66/94 [00:25<00:10,  2.57it/s]
 71%|███████▏  | 67/94 [00:25<00:10,  2.51it/s]
 72%|███████▏  | 68/94 [00:26<00:10,  2.53it/s]
 73%|███████▎  | 69/94 [00:26<00:09,  2.57it/s]
 74%|███████▍  | 70/94 [00:26<00:09,  2.60it/s]
 76%|███████▌  | 71/94 [00:27<00:08,  2.62it/s]
 77%|███████▋  | 72/94 [00:28<00:11,  1.98it/s]
 78%|███████▊  | 73/94 [00:28<00:12,  1.68it/s]
 79%|███████▊  | 74/94 [00:29<00:10,  1.92it/s]
 80%|███████▉  | 75/94 [00:29<00:09,  1.97it/s]
 81%|████████  | 76/94 [00:30<00:08,  2.11it/s]
 82%|████████▏ | 77/94 [00:30<00:07,  2.26it/s]
 83%|████████▎ | 78/94 [00:30<00:06,  2.37it/s]
 84%|████████▍ | 79/94 [00:31<00:06,  2.45it/s]
 85%|████████▌ | 80/94 [00:32<00:07,  1.96it/s]
 86%|████████▌ | 81/94 [00:32<00:06,  2.10it/s]
 87%|████████▋ | 82/94 [00:32<00:05,  2.24it/s]
 88%|████████▊ | 83/94 [00:33<00:04,  2.36it/s]
 89%|████████▉ | 84/94 [00:33<00:04,  2.46it/s]
 90%|█████████ | 85/94 [00:33<00:03,  2.43it/s]
 91%|█████████▏| 86/94 [00:34<00:03,  2.49it/s]
 93%|█████████▎| 87/94 [00:34<00:02,  2.59it/s]
 94%|█████████▎| 88/94 [00:35<00:02,  2.53it/s]
 95%|█████████▍| 89/94 [00:35<00:02,  1.91it/s]
 96%|█████████▌| 90/94 [00:36<00:01,  2.08it/s]
 97%|█████████▋| 91/94 [00:36<00:01,  2.14it/s]
 98%|█████████▊| 92/94 [00:37<00:00,  2.31it/s]
 99%|█████████▉| 93/94 [00:37<00:00,  2.40it/s]
100%|██████████| 94/94 [00:37<00:00,  2.65it/s]
100%|██████████| 94/94 [00:37<00:00,  2.49it/s]
Evaluation for task 3 has started.
['kangaroo', 'porcupine', 'forest', 'shrew', 'crocodile', 'clock', 'hamster', 'bear', 'can', 'chimpanzee', 'plain', 'cattle', 'rose', 'train', 'tractor', 'lion', 'bed', 'leopard', 'rabbit', 'skyscraper']

  0%|          | 0/80 [00:00<?, ?it/s]
  1%|▏         | 1/80 [00:01<01:30,  1.14s/it]
  2%|▎         | 2/80 [00:02<01:16,  1.03it/s]
  4%|▍         | 3/80 [00:03<01:18,  1.01s/it]
  5%|▌         | 4/80 [00:04<01:18,  1.03s/it]
  6%|▋         | 5/80 [00:05<01:17,  1.04s/it]
  8%|▊         | 6/80 [00:06<01:17,  1.05s/it]
  9%|▉         | 7/80 [00:07<01:17,  1.06s/it]
 10%|█         | 8/80 [00:08<01:16,  1.06s/it]
 11%|█▏        | 9/80 [00:09<01:14,  1.06s/it]
 12%|█▎        | 10/80 [00:10<01:13,  1.06s/it]
 14%|█▍        | 11/80 [00:11<01:13,  1.06s/it]
 15%|█▌        | 12/80 [00:12<01:12,  1.06s/it]
 16%|█▋        | 13/80 [00:13<01:11,  1.06s/it]
 18%|█▊        | 14/80 [00:14<01:10,  1.06s/it]
 19%|█▉        | 15/80 [00:15<01:08,  1.06s/it]
 20%|██        | 16/80 [00:16<01:07,  1.05s/it]
 21%|██▏       | 17/80 [00:17<01:06,  1.05s/it]
 22%|██▎       | 18/80 [00:18<01:05,  1.05s/it]
 24%|██▍       | 19/80 [00:19<01:03,  1.05s/it]
 25%|██▌       | 20/80 [00:21<01:02,  1.05s/it]
 26%|██▋       | 21/80 [00:22<01:01,  1.04s/it]
 28%|██▊       | 22/80 [00:23<01:00,  1.04s/it]
 29%|██▉       | 23/80 [00:24<00:59,  1.05s/it]
 30%|███       | 24/80 [00:25<00:58,  1.05s/it]
 31%|███▏      | 25/80 [00:26<00:58,  1.06s/it]
 32%|███▎      | 26/80 [00:27<00:57,  1.06s/it]
 34%|███▍      | 27/80 [00:28<00:56,  1.06s/it]
 35%|███▌      | 28/80 [00:29<00:55,  1.06s/it]
 36%|███▋      | 29/80 [00:30<00:53,  1.06s/it]
 38%|███▊      | 30/80 [00:31<00:52,  1.05s/it]
 39%|███▉      | 31/80 [00:32<00:51,  1.05s/it]
 40%|████      | 32/80 [00:33<00:50,  1.06s/it]
 41%|████▏     | 33/80 [00:34<00:49,  1.05s/it]
 42%|████▎     | 34/80 [00:35<00:48,  1.05s/it]
 44%|████▍     | 35/80 [00:36<00:47,  1.05s/it]
 45%|████▌     | 36/80 [00:37<00:46,  1.05s/it]
 46%|████▋     | 37/80 [00:38<00:45,  1.06s/it]
 48%|████▊     | 38/80 [00:39<00:44,  1.06s/it]
 49%|████▉     | 39/80 [00:41<00:43,  1.06s/it]
 50%|█████     | 40/80 [00:42<00:42,  1.05s/it]
 51%|█████▏    | 41/80 [00:43<00:41,  1.06s/it]
 52%|█████▎    | 42/80 [00:44<00:39,  1.05s/it]
 54%|█████▍    | 43/80 [00:45<00:39,  1.06s/it]
 55%|█████▌    | 44/80 [00:46<00:38,  1.06s/it]
 56%|█████▋    | 45/80 [00:47<00:36,  1.05s/it]
 57%|█████▊    | 46/80 [00:48<00:35,  1.05s/it]
 59%|█████▉    | 47/80 [00:49<00:34,  1.05s/it]
 60%|██████    | 48/80 [00:50<00:33,  1.06s/it]
 61%|██████▏   | 49/80 [00:51<00:32,  1.06s/it]
 62%|██████▎   | 50/80 [00:52<00:31,  1.06s/it]
 64%|██████▍   | 51/80 [00:53<00:30,  1.06s/it]
 65%|██████▌   | 52/80 [00:54<00:29,  1.06s/it]
 66%|██████▋   | 53/80 [00:55<00:28,  1.06s/it]
 68%|██████▊   | 54/80 [00:56<00:27,  1.06s/it]
 69%|██████▉   | 55/80 [00:57<00:26,  1.06s/it]
 70%|███████   | 56/80 [00:59<00:25,  1.06s/it]
 71%|███████▏  | 57/80 [01:00<00:24,  1.06s/it]
 72%|███████▎  | 58/80 [01:01<00:23,  1.06s/it]
 74%|███████▍  | 59/80 [01:02<00:22,  1.06s/it]
 75%|███████▌  | 60/80 [01:03<00:21,  1.06s/it]
 76%|███████▋  | 61/80 [01:04<00:20,  1.05s/it]
 78%|███████▊  | 62/80 [01:05<00:18,  1.05s/it]
 79%|███████▉  | 63/80 [01:06<00:17,  1.05s/it]
 80%|████████  | 64/80 [01:07<00:16,  1.05s/it]
 81%|████████▏ | 65/80 [01:08<00:15,  1.05s/it]
 82%|████████▎ | 66/80 [01:09<00:14,  1.05s/it]
 84%|████████▍ | 67/80 [01:10<00:13,  1.05s/it]
 85%|████████▌ | 68/80 [01:11<00:12,  1.05s/it]
 86%|████████▋ | 69/80 [01:12<00:11,  1.05s/it]
 88%|████████▊ | 70/80 [01:13<00:10,  1.06s/it]
 89%|████████▉ | 71/80 [01:14<00:09,  1.06s/it]
 90%|█████████ | 72/80 [01:15<00:08,  1.06s/it]
 91%|█████████▏| 73/80 [01:16<00:07,  1.06s/it]
 92%|█████████▎| 74/80 [01:18<00:06,  1.06s/it]
 94%|█████████▍| 75/80 [01:19<00:05,  1.06s/it]
 95%|█████████▌| 76/80 [01:20<00:04,  1.06s/it]
 96%|█████████▋| 77/80 [01:21<00:03,  1.06s/it]
 98%|█████████▊| 78/80 [01:22<00:02,  1.06s/it]
 99%|█████████▉| 79/80 [01:22<00:00,  1.10it/s]
100%|██████████| 80/80 [01:24<00:00,  1.03s/it]
100%|██████████| 80/80 [01:24<00:00,  1.05s/it]

  0%|          | 0/125 [00:00<?, ?it/s]
  1%|          | 1/125 [00:00<01:10,  1.75it/s]
  2%|▏         | 2/125 [00:00<00:56,  2.17it/s]
  2%|▏         | 3/125 [00:01<00:53,  2.29it/s]
  3%|▎         | 4/125 [00:01<00:50,  2.40it/s]
  4%|▍         | 5/125 [00:02<00:48,  2.46it/s]
  5%|▍         | 6/125 [00:02<00:49,  2.41it/s]
  6%|▌         | 7/125 [00:02<00:48,  2.46it/s]
  6%|▋         | 8/125 [00:03<00:46,  2.49it/s]
  7%|▋         | 9/125 [00:03<00:46,  2.52it/s]
  8%|▊         | 10/125 [00:04<00:45,  2.54it/s]
  9%|▉         | 11/125 [00:04<00:44,  2.55it/s]
 10%|▉         | 12/125 [00:05<00:49,  2.28it/s]
 10%|█         | 13/125 [00:05<00:47,  2.36it/s]
 11%|█         | 14/125 [00:05<00:45,  2.41it/s]
 12%|█▏        | 15/125 [00:06<00:44,  2.46it/s]
 13%|█▎        | 16/125 [00:06<00:43,  2.50it/s]
 14%|█▎        | 17/125 [00:06<00:42,  2.53it/s]
 14%|█▍        | 18/125 [00:07<00:42,  2.55it/s]
 15%|█▌        | 19/125 [00:07<00:41,  2.56it/s]
 16%|█▌        | 20/125 [00:08<00:41,  2.56it/s]
 17%|█▋        | 21/125 [00:08<00:43,  2.37it/s]
 18%|█▊        | 22/125 [00:09<00:42,  2.44it/s]
 18%|█▊        | 23/125 [00:09<00:41,  2.48it/s]
 19%|█▉        | 24/125 [00:09<00:40,  2.51it/s]
 20%|██        | 25/125 [00:10<00:40,  2.48it/s]
 21%|██        | 26/125 [00:10<00:39,  2.50it/s]
 22%|██▏       | 27/125 [00:11<00:38,  2.53it/s]
 22%|██▏       | 28/125 [00:11<00:38,  2.53it/s]
 23%|██▎       | 29/125 [00:11<00:37,  2.55it/s]
 24%|██▍       | 30/125 [00:12<00:37,  2.57it/s]
 25%|██▍       | 31/125 [00:12<00:36,  2.58it/s]
 26%|██▌       | 32/125 [00:12<00:35,  2.58it/s]
 26%|██▋       | 33/125 [00:13<00:35,  2.59it/s]
 27%|██▋       | 34/125 [00:13<00:35,  2.60it/s]
 28%|██▊       | 35/125 [00:14<00:34,  2.59it/s]
 29%|██▉       | 36/125 [00:14<00:34,  2.59it/s]
 30%|██▉       | 37/125 [00:14<00:33,  2.60it/s]
 30%|███       | 38/125 [00:15<00:34,  2.51it/s]
 31%|███       | 39/125 [00:15<00:34,  2.46it/s]
 32%|███▏      | 40/125 [00:16<00:34,  2.50it/s]
 33%|███▎      | 41/125 [00:16<00:33,  2.53it/s]
 34%|███▎      | 42/125 [00:16<00:32,  2.55it/s]
 34%|███▍      | 43/125 [00:17<00:32,  2.54it/s]
 35%|███▌      | 44/125 [00:17<00:31,  2.56it/s]
 36%|███▌      | 45/125 [00:18<00:31,  2.57it/s]
 37%|███▋      | 46/125 [00:18<00:30,  2.57it/s]
 38%|███▊      | 47/125 [00:18<00:30,  2.58it/s]
 38%|███▊      | 48/125 [00:19<00:29,  2.58it/s]
 39%|███▉      | 49/125 [00:19<00:31,  2.42it/s]
 40%|████      | 50/125 [00:20<00:30,  2.43it/s]
 41%|████      | 51/125 [00:20<00:29,  2.48it/s]
 42%|████▏     | 52/125 [00:20<00:29,  2.51it/s]
 42%|████▏     | 53/125 [00:21<00:28,  2.54it/s]
 43%|████▎     | 54/125 [00:21<00:27,  2.54it/s]
 44%|████▍     | 55/125 [00:22<00:27,  2.56it/s]
 45%|████▍     | 56/125 [00:22<00:26,  2.57it/s]
 46%|████▌     | 57/125 [00:22<00:26,  2.58it/s]
 46%|████▋     | 58/125 [00:23<00:26,  2.57it/s]
 47%|████▋     | 59/125 [00:23<00:26,  2.45it/s]
 48%|████▊     | 60/125 [00:24<00:27,  2.39it/s]
 49%|████▉     | 61/125 [00:24<00:26,  2.44it/s]
 50%|████▉     | 62/125 [00:24<00:25,  2.48it/s]
 50%|█████     | 63/125 [00:25<00:24,  2.51it/s]
 51%|█████     | 64/125 [00:25<00:24,  2.51it/s]
 52%|█████▏    | 65/125 [00:26<00:23,  2.53it/s]
 53%|█████▎    | 66/125 [00:26<00:23,  2.49it/s]
 54%|█████▎    | 67/125 [00:26<00:23,  2.51it/s]
 54%|█████▍    | 68/125 [00:27<00:22,  2.53it/s]
 55%|█████▌    | 69/125 [00:27<00:22,  2.54it/s]
 56%|█████▌    | 70/125 [00:28<00:22,  2.48it/s]
 57%|█████▋    | 71/125 [00:28<00:22,  2.42it/s]
 58%|█████▊    | 72/125 [00:28<00:21,  2.45it/s]
 58%|█████▊    | 73/125 [00:29<00:21,  2.48it/s]
 59%|█████▉    | 74/125 [00:29<00:20,  2.50it/s]
 60%|██████    | 75/125 [00:30<00:19,  2.51it/s]
 61%|██████    | 76/125 [00:30<00:19,  2.57it/s]
 62%|██████▏   | 77/125 [00:30<00:18,  2.57it/s]
 62%|██████▏   | 78/125 [00:31<00:17,  2.62it/s]
 63%|██████▎   | 79/125 [00:31<00:17,  2.65it/s]
 64%|██████▍   | 80/125 [00:31<00:17,  2.54it/s]
 65%|██████▍   | 81/125 [00:32<00:17,  2.46it/s]
 66%|██████▌   | 82/125 [00:32<00:16,  2.53it/s]
 66%|██████▋   | 83/125 [00:33<00:16,  2.59it/s]
 67%|██████▋   | 84/125 [00:33<00:15,  2.63it/s]
 68%|██████▊   | 85/125 [00:33<00:15,  2.67it/s]
 69%|██████▉   | 86/125 [00:34<00:14,  2.69it/s]
 70%|██████▉   | 87/125 [00:34<00:14,  2.70it/s]
 70%|███████   | 88/125 [00:34<00:13,  2.71it/s]
 71%|███████   | 89/125 [00:35<00:13,  2.72it/s]
 72%|███████▏  | 90/125 [00:35<00:12,  2.72it/s]
 73%|███████▎  | 91/125 [00:36<00:12,  2.66it/s]
 74%|███████▎  | 92/125 [00:36<00:13,  2.50it/s]
 74%|███████▍  | 93/125 [00:36<00:12,  2.57it/s]
 75%|███████▌  | 94/125 [00:37<00:11,  2.62it/s]
 76%|███████▌  | 95/125 [00:37<00:11,  2.66it/s]
 77%|███████▋  | 96/125 [00:37<00:10,  2.68it/s]
 78%|███████▊  | 97/125 [00:38<00:10,  2.70it/s]
 78%|███████▊  | 98/125 [00:38<00:10,  2.59it/s]
 79%|███████▉  | 99/125 [00:39<00:10,  2.56it/s]
 80%|████████  | 100/125 [00:39<00:09,  2.56it/s]
 81%|████████  | 101/125 [00:39<00:09,  2.56it/s]
 82%|████████▏ | 102/125 [00:40<00:09,  2.46it/s]
 82%|████████▏ | 103/125 [00:40<00:09,  2.41it/s]
 83%|████████▎ | 104/125 [00:41<00:08,  2.46it/s]
 84%|████████▍ | 105/125 [00:41<00:07,  2.50it/s]
 85%|████████▍ | 106/125 [00:41<00:07,  2.53it/s]
 86%|████████▌ | 107/125 [00:42<00:07,  2.55it/s]
 86%|████████▋ | 108/125 [00:42<00:06,  2.58it/s]
 87%|████████▋ | 109/125 [00:43<00:06,  2.63it/s]
 88%|████████▊ | 110/125 [00:43<00:05,  2.67it/s]
 89%|████████▉ | 111/125 [00:43<00:05,  2.69it/s]
 90%|████████▉ | 112/125 [00:44<00:04,  2.71it/s]
 90%|█████████ | 113/125 [00:44<00:04,  2.68it/s]
 91%|█████████ | 114/125 [00:45<00:04,  2.56it/s]
 92%|█████████▏| 115/125 [00:45<00:04,  2.49it/s]
 93%|█████████▎| 116/125 [00:45<00:03,  2.51it/s]
 94%|█████████▎| 117/125 [00:46<00:03,  2.53it/s]
 94%|█████████▍| 118/125 [00:46<00:02,  2.55it/s]
 95%|█████████▌| 119/125 [00:46<00:02,  2.56it/s]
 96%|█████████▌| 120/125 [00:47<00:01,  2.57it/s]
 97%|█████████▋| 121/125 [00:47<00:01,  2.55it/s]
 98%|█████████▊| 122/125 [00:48<00:01,  2.59it/s]
 98%|█████████▊| 123/125 [00:48<00:00,  2.62it/s]
 99%|█████████▉| 124/125 [00:49<00:00,  1.65it/s]
100%|██████████| 125/125 [00:50<00:00,  1.82it/s]
100%|██████████| 125/125 [00:50<00:00,  2.50it/s]
Evaluation for task 4 has started.
['lamp', 'dolphin', 'cloud', 'tank', 'baby', 'whale', 'palm_tree', 'motorcycle', 'sea', 'possum', 'woman', 'bus', 'worm', 'beetle', 'fox', 'otter', 'orchid', 'crab', 'girl', 'keyboard']

  0%|          | 0/80 [00:00<?, ?it/s]
  1%|▏         | 1/80 [00:01<01:29,  1.13s/it]
  2%|▎         | 2/80 [00:01<01:15,  1.03it/s]
  4%|▍         | 3/80 [00:03<01:18,  1.02s/it]
  5%|▌         | 4/80 [00:04<01:18,  1.03s/it]
  6%|▋         | 5/80 [00:05<01:18,  1.04s/it]
  8%|▊         | 6/80 [00:06<01:17,  1.05s/it]
  9%|▉         | 7/80 [00:07<01:16,  1.05s/it]
 10%|█         | 8/80 [00:08<01:16,  1.06s/it]
 11%|█▏        | 9/80 [00:09<01:15,  1.06s/it]
 12%|█▎        | 10/80 [00:10<01:14,  1.06s/it]
 14%|█▍        | 11/80 [00:11<01:13,  1.06s/it]
 15%|█▌        | 12/80 [00:12<01:12,  1.06s/it]
 16%|█▋        | 13/80 [00:13<01:11,  1.06s/it]
 18%|█▊        | 14/80 [00:14<01:10,  1.06s/it]
 19%|█▉        | 15/80 [00:15<01:09,  1.06s/it]
 20%|██        | 16/80 [00:16<01:07,  1.06s/it]
 21%|██▏       | 17/80 [00:17<01:06,  1.06s/it]
 22%|██▎       | 18/80 [00:18<01:05,  1.06s/it]
 24%|██▍       | 19/80 [00:20<01:04,  1.05s/it]
 25%|██▌       | 20/80 [00:21<01:03,  1.05s/it]
 26%|██▋       | 21/80 [00:22<01:02,  1.05s/it]
 28%|██▊       | 22/80 [00:23<01:01,  1.06s/it]
 29%|██▉       | 23/80 [00:24<01:00,  1.06s/it]
 30%|███       | 24/80 [00:25<00:59,  1.06s/it]
 31%|███▏      | 25/80 [00:26<00:58,  1.06s/it]
 32%|███▎      | 26/80 [00:27<00:57,  1.06s/it]
 34%|███▍      | 27/80 [00:28<00:56,  1.06s/it]
 35%|███▌      | 28/80 [00:29<00:55,  1.06s/it]
 36%|███▋      | 29/80 [00:30<00:53,  1.06s/it]
 38%|███▊      | 30/80 [00:31<00:52,  1.05s/it]
 39%|███▉      | 31/80 [00:32<00:51,  1.05s/it]
 40%|████      | 32/80 [00:33<00:50,  1.05s/it]
 41%|████▏     | 33/80 [00:34<00:49,  1.05s/it]
 42%|████▎     | 34/80 [00:35<00:48,  1.05s/it]
 44%|████▍     | 35/80 [00:36<00:47,  1.05s/it]
 45%|████▌     | 36/80 [00:37<00:46,  1.05s/it]
 46%|████▋     | 37/80 [00:38<00:45,  1.05s/it]
 48%|████▊     | 38/80 [00:40<00:44,  1.05s/it]
 49%|████▉     | 39/80 [00:41<00:43,  1.06s/it]
 50%|█████     | 40/80 [00:42<00:42,  1.06s/it]
 51%|█████▏    | 41/80 [00:43<00:41,  1.06s/it]
 52%|█████▎    | 42/80 [00:44<00:40,  1.06s/it]
 54%|█████▍    | 43/80 [00:45<00:39,  1.06s/it]
 55%|█████▌    | 44/80 [00:46<00:38,  1.06s/it]
 56%|█████▋    | 45/80 [00:47<00:37,  1.06s/it]
 57%|█████▊    | 46/80 [00:48<00:35,  1.06s/it]
 59%|█████▉    | 47/80 [00:49<00:34,  1.06s/it]
 60%|██████    | 48/80 [00:50<00:33,  1.06s/it]
 61%|██████▏   | 49/80 [00:51<00:32,  1.06s/it]
 62%|██████▎   | 50/80 [00:52<00:31,  1.06s/it]
 64%|██████▍   | 51/80 [00:53<00:30,  1.06s/it]
 65%|██████▌   | 52/80 [00:54<00:29,  1.05s/it]
 66%|██████▋   | 53/80 [00:55<00:28,  1.05s/it]
 68%|██████▊   | 54/80 [00:56<00:27,  1.05s/it]
 69%|██████▉   | 55/80 [00:58<00:26,  1.06s/it]
 70%|███████   | 56/80 [00:59<00:25,  1.05s/it]
 71%|███████▏  | 57/80 [01:00<00:24,  1.05s/it]
 72%|███████▎  | 58/80 [01:01<00:23,  1.05s/it]
 74%|███████▍  | 59/80 [01:02<00:22,  1.06s/it]
 75%|███████▌  | 60/80 [01:03<00:21,  1.06s/it]
 76%|███████▋  | 61/80 [01:04<00:20,  1.06s/it]
 78%|███████▊  | 62/80 [01:05<00:19,  1.06s/it]
 79%|███████▉  | 63/80 [01:06<00:18,  1.06s/it]
 80%|████████  | 64/80 [01:07<00:16,  1.06s/it]
 81%|████████▏ | 65/80 [01:08<00:15,  1.06s/it]
 82%|████████▎ | 66/80 [01:09<00:14,  1.06s/it]
 84%|████████▍ | 67/80 [01:10<00:13,  1.06s/it]
 85%|████████▌ | 68/80 [01:11<00:12,  1.06s/it]
 86%|████████▋ | 69/80 [01:12<00:11,  1.05s/it]
 88%|████████▊ | 70/80 [01:13<00:10,  1.05s/it]
 89%|████████▉ | 71/80 [01:14<00:09,  1.05s/it]
 90%|█████████ | 72/80 [01:15<00:08,  1.05s/it]
 91%|█████████▏| 73/80 [01:17<00:07,  1.05s/it]
 92%|█████████▎| 74/80 [01:18<00:06,  1.06s/it]
 94%|█████████▍| 75/80 [01:19<00:05,  1.06s/it]
 95%|█████████▌| 76/80 [01:20<00:04,  1.06s/it]
 96%|█████████▋| 77/80 [01:21<00:03,  1.06s/it]
 98%|█████████▊| 78/80 [01:22<00:02,  1.06s/it]
 99%|█████████▉| 79/80 [01:22<00:00,  1.09it/s]
100%|██████████| 80/80 [01:24<00:00,  1.03s/it]
100%|██████████| 80/80 [01:24<00:00,  1.05s/it]

  0%|          | 0/157 [00:00<?, ?it/s]
  1%|          | 1/157 [00:00<01:27,  1.78it/s]
  1%|▏         | 2/157 [00:01<01:15,  2.04it/s]
  2%|▏         | 3/157 [00:01<01:09,  2.21it/s]
  3%|▎         | 4/157 [00:01<01:04,  2.37it/s]
  3%|▎         | 5/157 [00:02<01:01,  2.46it/s]
  4%|▍         | 6/157 [00:02<00:59,  2.53it/s]
  4%|▍         | 7/157 [00:02<00:58,  2.57it/s]
  5%|▌         | 8/157 [00:03<00:57,  2.60it/s]
  6%|▌         | 9/157 [00:03<00:56,  2.62it/s]
  6%|▋         | 10/157 [00:04<00:55,  2.63it/s]
  7%|▋         | 11/157 [00:04<00:55,  2.62it/s]
  8%|▊         | 12/157 [00:04<00:55,  2.63it/s]
  8%|▊         | 13/157 [00:05<00:54,  2.64it/s]
  9%|▉         | 14/157 [00:05<00:54,  2.65it/s]
 10%|▉         | 15/157 [00:05<00:54,  2.61it/s]
 10%|█         | 16/157 [00:06<00:57,  2.47it/s]
 11%|█         | 17/157 [00:06<01:01,  2.28it/s]
 11%|█▏        | 18/157 [00:07<00:59,  2.33it/s]
 12%|█▏        | 19/157 [00:07<00:58,  2.37it/s]
 13%|█▎        | 20/157 [00:08<00:56,  2.41it/s]
 13%|█▎        | 21/157 [00:08<00:55,  2.44it/s]
 14%|█▍        | 22/157 [00:08<00:54,  2.46it/s]
 15%|█▍        | 23/157 [00:09<00:54,  2.48it/s]
 15%|█▌        | 24/157 [00:09<00:53,  2.49it/s]
 16%|█▌        | 25/157 [00:10<00:54,  2.44it/s]
 17%|█▋        | 26/157 [00:10<00:53,  2.43it/s]
 17%|█▋        | 27/157 [00:10<00:52,  2.45it/s]
 18%|█▊        | 28/157 [00:11<00:52,  2.48it/s]
 18%|█▊        | 29/157 [00:11<00:52,  2.43it/s]
 19%|█▉        | 30/157 [00:12<00:51,  2.47it/s]
 20%|█▉        | 31/157 [00:12<00:50,  2.49it/s]
 20%|██        | 32/157 [00:13<00:52,  2.40it/s]
 21%|██        | 33/157 [00:13<00:51,  2.42it/s]
 22%|██▏       | 34/157 [00:13<00:51,  2.39it/s]
 22%|██▏       | 35/157 [00:14<00:50,  2.42it/s]
 23%|██▎       | 36/157 [00:14<00:49,  2.44it/s]
 24%|██▎       | 37/157 [00:15<00:48,  2.46it/s]
 24%|██▍       | 38/157 [00:15<00:48,  2.46it/s]
 25%|██▍       | 39/157 [00:15<00:47,  2.47it/s]
 25%|██▌       | 40/157 [00:16<00:47,  2.48it/s]
 26%|██▌       | 41/157 [00:16<00:47,  2.47it/s]
 27%|██▋       | 42/157 [00:17<00:47,  2.40it/s]
 27%|██▋       | 43/157 [00:17<00:48,  2.36it/s]
 28%|██▊       | 44/157 [00:18<00:48,  2.34it/s]
 29%|██▊       | 45/157 [00:18<00:46,  2.40it/s]
 29%|██▉       | 46/157 [00:18<00:45,  2.46it/s]
 30%|██▉       | 47/157 [00:19<00:43,  2.51it/s]
 31%|███       | 48/157 [00:19<00:42,  2.54it/s]
 31%|███       | 49/157 [00:19<00:43,  2.51it/s]
 32%|███▏      | 50/157 [00:20<00:43,  2.46it/s]
 32%|███▏      | 51/157 [00:20<00:43,  2.42it/s]
 33%|███▎      | 52/157 [00:21<00:44,  2.34it/s]
 34%|███▍      | 53/157 [00:21<00:44,  2.32it/s]
 34%|███▍      | 54/157 [00:22<00:42,  2.41it/s]
 35%|███▌      | 55/157 [00:22<00:41,  2.47it/s]
 36%|███▌      | 56/157 [00:23<00:45,  2.21it/s]
 36%|███▋      | 57/157 [00:23<00:44,  2.27it/s]
 37%|███▋      | 58/157 [00:23<00:42,  2.35it/s]
 38%|███▊      | 59/157 [00:24<00:40,  2.42it/s]
 38%|███▊      | 60/157 [00:24<00:39,  2.48it/s]
 39%|███▉      | 61/157 [00:24<00:38,  2.48it/s]
 39%|███▉      | 62/157 [00:25<00:38,  2.49it/s]
 40%|████      | 63/157 [00:25<00:37,  2.48it/s]
 41%|████      | 64/157 [00:26<00:37,  2.46it/s]
 41%|████▏     | 65/157 [00:26<00:37,  2.47it/s]
 42%|████▏     | 66/157 [00:27<00:36,  2.48it/s]
 43%|████▎     | 67/157 [00:27<00:37,  2.43it/s]
 43%|████▎     | 68/157 [00:27<00:37,  2.36it/s]
 44%|████▍     | 69/157 [00:28<00:39,  2.22it/s]
 45%|████▍     | 70/157 [00:28<00:39,  2.18it/s]
 45%|████▌     | 71/157 [00:29<00:38,  2.25it/s]
 46%|████▌     | 72/157 [00:29<00:36,  2.34it/s]
 46%|████▋     | 73/157 [00:30<00:35,  2.38it/s]
 47%|████▋     | 74/157 [00:30<00:35,  2.35it/s]
 48%|████▊     | 75/157 [00:31<00:36,  2.24it/s]
 48%|████▊     | 76/157 [00:31<00:35,  2.30it/s]
 49%|████▉     | 77/157 [00:31<00:34,  2.34it/s]
 50%|████▉     | 78/157 [00:32<00:33,  2.37it/s]
 50%|█████     | 79/157 [00:32<00:33,  2.33it/s]
 51%|█████     | 80/157 [00:33<00:34,  2.25it/s]
 52%|█████▏    | 81/157 [00:33<00:32,  2.35it/s]
 52%|█████▏    | 82/157 [00:33<00:31,  2.36it/s]
 53%|█████▎    | 83/157 [00:34<00:43,  1.70it/s]
 54%|█████▎    | 84/157 [00:35<00:39,  1.84it/s]
 54%|█████▍    | 85/157 [00:35<00:35,  2.02it/s]
 55%|█████▍    | 86/157 [00:36<00:33,  2.12it/s]
 55%|█████▌    | 87/157 [00:36<00:32,  2.14it/s]
 56%|█████▌    | 88/157 [00:37<00:30,  2.27it/s]
 57%|█████▋    | 89/157 [00:37<00:29,  2.31it/s]
 57%|█████▋    | 90/157 [00:37<00:28,  2.39it/s]
 58%|█████▊    | 91/157 [00:38<00:27,  2.39it/s]
 59%|█████▊    | 92/157 [00:38<00:27,  2.35it/s]
 59%|█████▉    | 93/157 [00:39<00:27,  2.32it/s]
 60%|█████▉    | 94/157 [00:39<00:26,  2.36it/s]
 61%|██████    | 95/157 [00:39<00:26,  2.32it/s]
 61%|██████    | 96/157 [00:40<00:26,  2.32it/s]
 62%|██████▏   | 97/157 [00:40<00:26,  2.28it/s]
 62%|██████▏   | 98/157 [00:41<00:25,  2.34it/s]
 63%|██████▎   | 99/157 [00:41<00:24,  2.37it/s]
 64%|██████▎   | 100/157 [00:42<00:23,  2.41it/s]
 64%|██████▍   | 101/157 [00:42<00:22,  2.44it/s]
 65%|██████▍   | 102/157 [00:42<00:23,  2.35it/s]
 66%|██████▌   | 103/157 [00:45<00:49,  1.08it/s]
 66%|██████▌   | 104/157 [00:45<00:47,  1.11it/s]
 67%|██████▋   | 105/157 [00:46<00:38,  1.34it/s]
 68%|██████▊   | 106/157 [00:46<00:32,  1.57it/s]
 68%|██████▊   | 107/157 [00:47<00:29,  1.70it/s]
 69%|██████▉   | 108/157 [00:47<00:26,  1.88it/s]
 69%|██████▉   | 109/157 [00:47<00:23,  2.02it/s]
 70%|███████   | 110/157 [00:48<00:22,  2.11it/s]
 71%|███████   | 111/157 [00:48<00:22,  2.04it/s]
 71%|███████▏  | 112/157 [00:49<00:25,  1.76it/s]
 72%|███████▏  | 113/157 [00:50<00:22,  1.93it/s]
 73%|███████▎  | 114/157 [00:50<00:20,  2.06it/s]
 73%|███████▎  | 115/157 [00:51<00:22,  1.88it/s]
 74%|███████▍  | 116/157 [00:51<00:20,  2.03it/s]
 75%|███████▍  | 117/157 [00:51<00:18,  2.18it/s]
 75%|███████▌  | 118/157 [00:52<00:17,  2.29it/s]
 76%|███████▌  | 119/157 [00:52<00:17,  2.19it/s]
 76%|███████▋  | 120/157 [00:53<00:16,  2.31it/s]
 77%|███████▋  | 121/157 [00:53<00:14,  2.40it/s]
 78%|███████▊  | 122/157 [00:53<00:14,  2.34it/s]
 78%|███████▊  | 123/157 [00:54<00:14,  2.39it/s]
 79%|███████▉  | 124/157 [00:54<00:13,  2.38it/s]
 80%|███████▉  | 125/157 [00:55<00:13,  2.33it/s]
 80%|████████  | 126/157 [00:55<00:13,  2.34it/s]
 81%|████████  | 127/157 [00:56<00:12,  2.39it/s]
 82%|████████▏ | 128/157 [00:56<00:11,  2.43it/s]
 82%|████████▏ | 129/157 [00:57<00:13,  2.05it/s]
 83%|████████▎ | 130/157 [00:57<00:13,  1.98it/s]
 83%|████████▎ | 131/157 [00:58<00:12,  2.10it/s]
 84%|████████▍ | 132/157 [00:58<00:11,  2.17it/s]
 85%|████████▍ | 133/157 [00:59<00:12,  1.96it/s]
 85%|████████▌ | 134/157 [00:59<00:11,  2.06it/s]
 86%|████████▌ | 135/157 [00:59<00:10,  2.16it/s]
 87%|████████▋ | 136/157 [01:00<00:09,  2.28it/s]
 87%|████████▋ | 137/157 [01:00<00:08,  2.38it/s]
 88%|████████▊ | 138/157 [01:01<00:07,  2.40it/s]
 89%|████████▊ | 139/157 [01:01<00:07,  2.30it/s]
 89%|████████▉ | 140/157 [01:02<00:07,  2.28it/s]
 90%|████████▉ | 141/157 [01:02<00:06,  2.30it/s]
 90%|█████████ | 142/157 [01:02<00:06,  2.17it/s]
 91%|█████████ | 143/157 [01:03<00:06,  2.12it/s]
 92%|█████████▏| 144/157 [01:03<00:05,  2.17it/s]
 92%|█████████▏| 145/157 [01:04<00:05,  2.25it/s]
 93%|█████████▎| 146/157 [01:04<00:05,  2.17it/s]
 94%|█████████▎| 147/157 [01:05<00:06,  1.60it/s]
 94%|█████████▍| 148/157 [01:06<00:05,  1.79it/s]
 95%|█████████▍| 149/157 [01:06<00:04,  1.90it/s]
 96%|█████████▌| 150/157 [01:07<00:03,  2.05it/s]
 96%|█████████▌| 151/157 [01:07<00:02,  2.14it/s]
 97%|█████████▋| 152/157 [01:07<00:02,  2.26it/s]
 97%|█████████▋| 153/157 [01:08<00:01,  2.24it/s]
 98%|█████████▊| 154/157 [01:08<00:01,  2.14it/s]
 99%|█████████▊| 155/157 [01:09<00:00,  2.27it/s]
 99%|█████████▉| 156/157 [01:10<00:00,  1.33it/s]
100%|██████████| 157/157 [01:10<00:00,  1.73it/s]
100%|██████████| 157/157 [01:10<00:00,  2.21it/s]

========================================
Finished cifar100_init20_inc20
Backbone: OpenAI CLIP
Base Accuracy: 95.35
Last Accuracy: 79.11
Average Accuracy (Top1): 85.69
========================================

nohup: 忽略输入
Files already downloaded and verified
<continuum.scenarios.class_incremental.ClassIncremental object at 0x7f0010eac9a0> <continuum.scenarios.class_incremental.ClassIncremental object at 0x7f0010eac9a0>
Files already downloaded and verified
Evaluation for task 0 has started.
['television', 'apple', 'oak_tree', 'pickup_truck', 'lizard', 'trout', 'road', 'wolf', 'mushroom', 'camel', 'wardrobe', 'tulip', 'bowl', 'seal', 'mountain', 'snake', 'plate', 'butterfly', 'bicycle', 'telephone', 'table', 'willow_tree', 'caterpillar', 'cockroach', 'flatfish', 'lobster', 'tiger', 'boy', 'beaver', 'ray', 'rocket', 'raccoon', 'snail', 'maple_tree', 'spider', 'turtle', 'dinosaur', 'mouse', 'pear', 'sweet_pepper', 'castle', 'streetcar', 'lawn_mower', 'bridge', 'house', 'pine_tree', 'couch', 'chair', 'squirrel', 'shark']

  0%|          | 0/197 [00:00<?, ?it/s]
  1%|          | 1/197 [00:01<05:55,  1.81s/it]
  1%|          | 2/197 [00:02<03:42,  1.14s/it]
  2%|▏         | 3/197 [00:03<03:36,  1.11s/it]
  2%|▏         | 4/197 [00:04<03:32,  1.10s/it]
  3%|▎         | 5/197 [00:05<03:30,  1.10s/it]
  3%|▎         | 6/197 [00:06<03:28,  1.09s/it]
  4%|▎         | 7/197 [00:07<03:27,  1.09s/it]
  4%|▍         | 8/197 [00:08<03:25,  1.09s/it]
  5%|▍         | 9/197 [00:10<03:24,  1.09s/it]
  5%|▌         | 10/197 [00:11<03:22,  1.09s/it]
  6%|▌         | 11/197 [00:12<03:21,  1.09s/it]
  6%|▌         | 12/197 [00:13<03:21,  1.09s/it]
  7%|▋         | 13/197 [00:14<03:19,  1.09s/it]
  7%|▋         | 14/197 [00:15<03:18,  1.09s/it]
  8%|▊         | 15/197 [00:16<03:17,  1.09s/it]
  8%|▊         | 16/197 [00:17<03:16,  1.09s/it]
  9%|▊         | 17/197 [00:18<03:15,  1.09s/it]
  9%|▉         | 18/197 [00:19<03:14,  1.09s/it]
 10%|▉         | 19/197 [00:20<03:13,  1.09s/it]
 10%|█         | 20/197 [00:22<03:12,  1.09s/it]
 11%|█         | 21/197 [00:23<03:11,  1.09s/it]
 11%|█         | 22/197 [00:24<03:10,  1.09s/it]
 12%|█▏        | 23/197 [00:25<03:09,  1.09s/it]
 12%|█▏        | 24/197 [00:26<03:08,  1.09s/it]
 13%|█▎        | 25/197 [00:27<03:07,  1.09s/it]
 13%|█▎        | 26/197 [00:28<03:06,  1.09s/it]
 14%|█▎        | 27/197 [00:29<03:05,  1.09s/it]
 14%|█▍        | 28/197 [00:30<03:04,  1.09s/it]
 15%|█▍        | 29/197 [00:31<03:03,  1.09s/it]
 15%|█▌        | 30/197 [00:32<03:02,  1.09s/it]
 16%|█▌        | 31/197 [00:34<03:01,  1.09s/it]
 16%|█▌        | 32/197 [00:35<03:00,  1.09s/it]
 17%|█▋        | 33/197 [00:36<02:58,  1.09s/it]
 17%|█▋        | 34/197 [00:37<02:57,  1.09s/it]
 18%|█▊        | 35/197 [00:38<02:56,  1.09s/it]
 18%|█▊        | 36/197 [00:39<02:55,  1.09s/it]
 19%|█▉        | 37/197 [00:40<02:54,  1.09s/it]
 19%|█▉        | 38/197 [00:41<02:53,  1.09s/it]
 20%|█▉        | 39/197 [00:42<02:52,  1.09s/it]
 20%|██        | 40/197 [00:43<02:51,  1.09s/it]
 21%|██        | 41/197 [00:44<02:50,  1.09s/it]
 21%|██▏       | 42/197 [00:46<02:49,  1.09s/it]
 22%|██▏       | 43/197 [00:47<02:48,  1.09s/it]
 22%|██▏       | 44/197 [00:48<02:46,  1.09s/it]
 23%|██▎       | 45/197 [00:49<02:45,  1.09s/it]
 23%|██▎       | 46/197 [00:50<02:44,  1.09s/it]
 24%|██▍       | 47/197 [00:51<02:43,  1.09s/it]
 24%|██▍       | 48/197 [00:52<02:42,  1.09s/it]
 25%|██▍       | 49/197 [00:53<02:41,  1.09s/it]
 25%|██▌       | 50/197 [00:54<02:40,  1.09s/it]
 26%|██▌       | 51/197 [00:55<02:39,  1.09s/it]
 26%|██▋       | 52/197 [00:56<02:38,  1.09s/it]
 27%|██▋       | 53/197 [00:58<02:36,  1.09s/it]
 27%|██▋       | 54/197 [00:59<02:35,  1.09s/it]
 28%|██▊       | 55/197 [01:00<02:34,  1.09s/it]
 28%|██▊       | 56/197 [01:01<02:33,  1.09s/it]
 29%|██▉       | 57/197 [01:02<02:32,  1.09s/it]
 29%|██▉       | 58/197 [01:03<02:31,  1.09s/it]
 30%|██▉       | 59/197 [01:04<02:30,  1.09s/it]
 30%|███       | 60/197 [01:05<02:28,  1.09s/it]
 31%|███       | 61/197 [01:06<02:27,  1.09s/it]
 31%|███▏      | 62/197 [01:07<02:26,  1.09s/it]
 32%|███▏      | 63/197 [01:08<02:25,  1.09s/it]
 32%|███▏      | 64/197 [01:09<02:24,  1.09s/it]
 33%|███▎      | 65/197 [01:11<02:23,  1.09s/it]
 34%|███▎      | 66/197 [01:12<02:22,  1.09s/it]
 34%|███▍      | 67/197 [01:13<02:21,  1.09s/it]
 35%|███▍      | 68/197 [01:14<02:20,  1.09s/it]
 35%|███▌      | 69/197 [01:15<02:19,  1.09s/it]
 36%|███▌      | 70/197 [01:16<02:18,  1.09s/it]
 36%|███▌      | 71/197 [01:17<02:16,  1.09s/it]
 37%|███▋      | 72/197 [01:18<02:15,  1.09s/it]
 37%|███▋      | 73/197 [01:19<02:14,  1.09s/it]
 38%|███▊      | 74/197 [01:20<02:13,  1.09s/it]
 38%|███▊      | 75/197 [01:21<02:12,  1.09s/it]
 39%|███▊      | 76/197 [01:23<02:11,  1.09s/it]
 39%|███▉      | 77/197 [01:24<02:10,  1.09s/it]
 40%|███▉      | 78/197 [01:25<02:09,  1.09s/it]
 40%|████      | 79/197 [01:26<02:08,  1.09s/it]
 41%|████      | 80/197 [01:27<02:07,  1.09s/it]
 41%|████      | 81/197 [01:28<02:06,  1.09s/it]
 42%|████▏     | 82/197 [01:29<02:05,  1.09s/it]
 42%|████▏     | 83/197 [01:30<02:04,  1.09s/it]
 43%|████▎     | 84/197 [01:31<02:03,  1.09s/it]
 43%|████▎     | 85/197 [01:32<02:01,  1.09s/it]
 44%|████▎     | 86/197 [01:33<02:01,  1.09s/it]
 44%|████▍     | 87/197 [01:34<01:59,  1.09s/it]
 45%|████▍     | 88/197 [01:36<01:58,  1.09s/it]
 45%|████▌     | 89/197 [01:37<01:57,  1.09s/it]
 46%|████▌     | 90/197 [01:38<01:56,  1.09s/it]
 46%|████▌     | 91/197 [01:39<01:55,  1.09s/it]
 47%|████▋     | 92/197 [01:40<01:54,  1.09s/it]
 47%|████▋     | 93/197 [01:41<01:53,  1.09s/it]
 48%|████▊     | 94/197 [01:42<01:52,  1.09s/it]
 48%|████▊     | 95/197 [01:43<01:50,  1.09s/it]
 49%|████▊     | 96/197 [01:44<01:49,  1.09s/it]
 49%|████▉     | 97/197 [01:45<01:48,  1.09s/it]
 50%|████▉     | 98/197 [01:46<01:47,  1.09s/it]
 50%|█████     | 99/197 [01:48<01:46,  1.09s/it]
 51%|█████     | 100/197 [01:49<01:45,  1.09s/it]
 51%|█████▏    | 101/197 [01:50<01:44,  1.09s/it]
 52%|█████▏    | 102/197 [01:51<01:43,  1.09s/it]
 52%|█████▏    | 103/197 [01:52<01:42,  1.09s/it]
 53%|█████▎    | 104/197 [01:53<01:41,  1.09s/it]
 53%|█████▎    | 105/197 [01:54<01:40,  1.09s/it]
 54%|█████▍    | 106/197 [01:55<01:39,  1.09s/it]
 54%|█████▍    | 107/197 [01:56<01:38,  1.09s/it]
 55%|█████▍    | 108/197 [01:57<01:36,  1.09s/it]
 55%|█████▌    | 109/197 [01:58<01:35,  1.09s/it]
 56%|█████▌    | 110/197 [02:00<01:34,  1.09s/it]
 56%|█████▋    | 111/197 [02:01<01:33,  1.09s/it]
 57%|█████▋    | 112/197 [02:02<01:32,  1.09s/it]
 57%|█████▋    | 113/197 [02:03<01:31,  1.09s/it]
 58%|█████▊    | 114/197 [02:04<01:30,  1.09s/it]
 58%|█████▊    | 115/197 [02:05<01:29,  1.09s/it]
 59%|█████▉    | 116/197 [02:06<01:28,  1.09s/it]
 59%|█████▉    | 117/197 [02:07<01:27,  1.09s/it]
 60%|█████▉    | 118/197 [02:08<01:26,  1.09s/it]
 60%|██████    | 119/197 [02:09<01:24,  1.09s/it]
 61%|██████    | 120/197 [02:10<01:23,  1.09s/it]
 61%|██████▏   | 121/197 [02:12<01:22,  1.09s/it]
 62%|██████▏   | 122/197 [02:13<01:21,  1.09s/it]
 62%|██████▏   | 123/197 [02:14<01:20,  1.09s/it]
 63%|██████▎   | 124/197 [02:15<01:19,  1.09s/it]
 63%|██████▎   | 125/197 [02:16<01:18,  1.09s/it]
 64%|██████▍   | 126/197 [02:17<01:17,  1.09s/it]
 64%|██████▍   | 127/197 [02:18<01:16,  1.09s/it]
 65%|██████▍   | 128/197 [02:19<01:15,  1.09s/it]
 65%|██████▌   | 129/197 [02:20<01:14,  1.09s/it]
 66%|██████▌   | 130/197 [02:21<01:13,  1.09s/it]
 66%|██████▋   | 131/197 [02:22<01:11,  1.09s/it]
 67%|██████▋   | 132/197 [02:23<01:10,  1.09s/it]
 68%|██████▊   | 133/197 [02:25<01:09,  1.09s/it]
 68%|██████▊   | 134/197 [02:26<01:08,  1.09s/it]
 69%|██████▊   | 135/197 [02:27<01:07,  1.09s/it]
 69%|██████▉   | 136/197 [02:28<01:06,  1.09s/it]
 70%|██████▉   | 137/197 [02:29<01:05,  1.09s/it]
 70%|███████   | 138/197 [02:30<01:04,  1.09s/it]
 71%|███████   | 139/197 [02:31<01:03,  1.09s/it]
 71%|███████   | 140/197 [02:32<01:02,  1.09s/it]
 72%|███████▏  | 141/197 [02:33<01:00,  1.09s/it]
 72%|███████▏  | 142/197 [02:34<00:59,  1.09s/it]
 73%|███████▎  | 143/197 [02:35<00:58,  1.09s/it]
 73%|███████▎  | 144/197 [02:37<00:57,  1.09s/it]
 74%|███████▎  | 145/197 [02:38<00:56,  1.09s/it]
 74%|███████▍  | 146/197 [02:39<00:55,  1.09s/it]
 75%|███████▍  | 147/197 [02:40<00:54,  1.09s/it]
 75%|███████▌  | 148/197 [02:41<00:53,  1.09s/it]
 76%|███████▌  | 149/197 [02:42<00:52,  1.09s/it]
 76%|███████▌  | 150/197 [02:43<00:51,  1.09s/it]
 77%|███████▋  | 151/197 [02:44<00:50,  1.09s/it]
 77%|███████▋  | 152/197 [02:45<00:49,  1.09s/it]
 78%|███████▊  | 153/197 [02:46<00:47,  1.09s/it]
 78%|███████▊  | 154/197 [02:47<00:46,  1.09s/it]
 79%|███████▊  | 155/197 [02:49<00:45,  1.09s/it]
 79%|███████▉  | 156/197 [02:50<00:44,  1.09s/it]
 80%|███████▉  | 157/197 [02:51<00:43,  1.09s/it]
 80%|████████  | 158/197 [02:52<00:42,  1.09s/it]
 81%|████████  | 159/197 [02:53<00:41,  1.09s/it]
 81%|████████  | 160/197 [02:54<00:40,  1.09s/it]
 82%|████████▏ | 161/197 [02:55<00:39,  1.09s/it]
 82%|████████▏ | 162/197 [02:56<00:38,  1.09s/it]
 83%|████████▎ | 163/197 [02:57<00:37,  1.09s/it]
 83%|████████▎ | 164/197 [02:58<00:35,  1.09s/it]
 84%|████████▍ | 165/197 [02:59<00:34,  1.09s/it]
 84%|████████▍ | 166/197 [03:01<00:33,  1.09s/it]
 85%|████████▍ | 167/197 [03:02<00:32,  1.09s/it]
 85%|████████▌ | 168/197 [03:03<00:31,  1.09s/it]
 86%|████████▌ | 169/197 [03:04<00:30,  1.09s/it]
 86%|████████▋ | 170/197 [03:05<00:29,  1.09s/it]
 87%|████████▋ | 171/197 [03:06<00:28,  1.09s/it]
 87%|████████▋ | 172/197 [03:07<00:27,  1.09s/it]
 88%|████████▊ | 173/197 [03:08<00:26,  1.09s/it]
 88%|████████▊ | 174/197 [03:09<00:25,  1.09s/it]
 89%|████████▉ | 175/197 [03:10<00:23,  1.09s/it]
 89%|████████▉ | 176/197 [03:11<00:22,  1.09s/it]
 90%|████████▉ | 177/197 [03:13<00:21,  1.09s/it]
 90%|█████████ | 178/197 [03:14<00:20,  1.09s/it]
 91%|█████████ | 179/197 [03:15<00:19,  1.09s/it]
 91%|█████████▏| 180/197 [03:16<00:18,  1.09s/it]
 92%|█████████▏| 181/197 [03:17<00:17,  1.09s/it]
 92%|█████████▏| 182/197 [03:18<00:16,  1.09s/it]
 93%|█████████▎| 183/197 [03:19<00:15,  1.09s/it]
 93%|█████████▎| 184/197 [03:20<00:14,  1.09s/it]
 94%|█████████▍| 185/197 [03:21<00:13,  1.09s/it]
 94%|█████████▍| 186/197 [03:22<00:11,  1.09s/it]
 95%|█████████▍| 187/197 [03:23<00:10,  1.09s/it]
 95%|█████████▌| 188/197 [03:24<00:09,  1.09s/it]
 96%|█████████▌| 189/197 [03:26<00:08,  1.09s/it]
 96%|█████████▋| 190/197 [03:27<00:07,  1.09s/it]
 97%|█████████▋| 191/197 [03:28<00:06,  1.09s/it]
 97%|█████████▋| 192/197 [03:29<00:05,  1.09s/it]
 98%|█████████▊| 193/197 [03:30<00:04,  1.09s/it]
 98%|█████████▊| 194/197 [03:31<00:03,  1.09s/it]
 99%|█████████▉| 195/197 [03:32<00:02,  1.09s/it]
 99%|█████████▉| 196/197 [03:33<00:00,  1.02it/s]
100%|██████████| 197/197 [03:34<00:00,  1.08s/it]
100%|██████████| 197/197 [03:34<00:00,  1.09s/it]

  0%|          | 0/79 [00:00<?, ?it/s]
  1%|▏         | 1/79 [00:00<00:42,  1.85it/s]
  3%|▎         | 2/79 [00:00<00:33,  2.27it/s]
  4%|▍         | 3/79 [00:01<00:30,  2.47it/s]
  5%|▌         | 4/79 [00:01<00:29,  2.58it/s]
  6%|▋         | 5/79 [00:01<00:28,  2.64it/s]
  8%|▊         | 6/79 [00:02<00:27,  2.69it/s]
  9%|▉         | 7/79 [00:02<00:26,  2.71it/s]
 10%|█         | 8/79 [00:03<00:26,  2.71it/s]
 11%|█▏        | 9/79 [00:03<00:26,  2.65it/s]
 13%|█▎        | 10/79 [00:03<00:25,  2.69it/s]
 14%|█▍        | 11/79 [00:04<00:24,  2.72it/s]
 15%|█▌        | 12/79 [00:04<00:24,  2.74it/s]
 16%|█▋        | 13/79 [00:04<00:23,  2.75it/s]
 18%|█▊        | 14/79 [00:05<00:23,  2.77it/s]
 19%|█▉        | 15/79 [00:05<00:23,  2.78it/s]
 20%|██        | 16/79 [00:05<00:22,  2.79it/s]
 22%|██▏       | 17/79 [00:06<00:22,  2.73it/s]
 23%|██▎       | 18/79 [00:06<00:22,  2.74it/s]
 24%|██▍       | 19/79 [00:07<00:21,  2.76it/s]
 25%|██▌       | 20/79 [00:07<00:21,  2.77it/s]
 27%|██▋       | 21/79 [00:07<00:20,  2.83it/s]
 28%|██▊       | 22/79 [00:08<00:19,  2.87it/s]
 29%|██▉       | 23/79 [00:08<00:19,  2.87it/s]
 30%|███       | 24/79 [00:08<00:18,  2.90it/s]
 32%|███▏      | 25/79 [00:09<00:18,  2.85it/s]
 33%|███▎      | 26/79 [00:09<00:18,  2.83it/s]
 34%|███▍      | 27/79 [00:09<00:18,  2.81it/s]
 35%|███▌      | 28/79 [00:10<00:18,  2.78it/s]
 37%|███▋      | 29/79 [00:10<00:18,  2.75it/s]
 38%|███▊      | 30/79 [00:10<00:17,  2.76it/s]
 39%|███▉      | 31/79 [00:11<00:17,  2.76it/s]
 41%|████      | 32/79 [00:11<00:17,  2.76it/s]
 42%|████▏     | 33/79 [00:12<00:16,  2.77it/s]
 43%|████▎     | 34/79 [00:12<00:16,  2.77it/s]
 44%|████▍     | 35/79 [00:12<00:15,  2.77it/s]
 46%|████▌     | 36/79 [00:13<00:15,  2.78it/s]
 47%|████▋     | 37/79 [00:13<00:15,  2.79it/s]
 48%|████▊     | 38/79 [00:13<00:14,  2.79it/s]
 49%|████▉     | 39/79 [00:14<00:14,  2.80it/s]
 51%|█████     | 40/79 [00:14<00:13,  2.80it/s]
 52%|█████▏    | 41/79 [00:14<00:13,  2.80it/s]
 53%|█████▎    | 42/79 [00:15<00:13,  2.80it/s]
 54%|█████▍    | 43/79 [00:15<00:12,  2.80it/s]
 56%|█████▌    | 44/79 [00:16<00:12,  2.80it/s]
 57%|█████▋    | 45/79 [00:16<00:12,  2.80it/s]
 58%|█████▊    | 46/79 [00:16<00:11,  2.80it/s]
 59%|█████▉    | 47/79 [00:17<00:11,  2.80it/s]
 61%|██████    | 48/79 [00:17<00:11,  2.80it/s]
 62%|██████▏   | 49/79 [00:17<00:10,  2.80it/s]
 63%|██████▎   | 50/79 [00:18<00:10,  2.80it/s]
 65%|██████▍   | 51/79 [00:18<00:09,  2.80it/s]
 66%|██████▌   | 52/79 [00:18<00:09,  2.75it/s]
 67%|██████▋   | 53/79 [00:19<00:09,  2.73it/s]
 68%|██████▊   | 54/79 [00:19<00:09,  2.74it/s]
 70%|██████▉   | 55/79 [00:19<00:08,  2.76it/s]
 71%|███████   | 56/79 [00:20<00:08,  2.77it/s]
 72%|███████▏  | 57/79 [00:20<00:07,  2.78it/s]
 73%|███████▎  | 58/79 [00:21<00:07,  2.78it/s]
 75%|███████▍  | 59/79 [00:21<00:07,  2.79it/s]
 76%|███████▌  | 60/79 [00:21<00:06,  2.80it/s]
 77%|███████▋  | 61/79 [00:22<00:06,  2.80it/s]
 78%|███████▊  | 62/79 [00:22<00:06,  2.80it/s]
 80%|███████▉  | 63/79 [00:22<00:05,  2.81it/s]
 81%|████████  | 64/79 [00:23<00:05,  2.86it/s]
 82%|████████▏ | 65/79 [00:23<00:04,  2.89it/s]
 84%|████████▎ | 66/79 [00:23<00:04,  2.92it/s]
 85%|████████▍ | 67/79 [00:24<00:04,  2.93it/s]
 86%|████████▌ | 68/79 [00:24<00:03,  2.95it/s]
 87%|████████▋ | 69/79 [00:24<00:03,  2.94it/s]
 89%|████████▊ | 70/79 [00:25<00:03,  2.95it/s]
 90%|████████▉ | 71/79 [00:25<00:02,  2.88it/s]
 91%|█████████ | 72/79 [00:25<00:02,  2.91it/s]
 92%|█████████▏| 73/79 [00:26<00:02,  2.93it/s]
 94%|█████████▎| 74/79 [00:26<00:01,  2.93it/s]
 95%|█████████▍| 75/79 [00:26<00:01,  2.94it/s]
 96%|█████████▌| 76/79 [00:27<00:01,  2.95it/s]
 97%|█████████▋| 77/79 [00:27<00:00,  2.96it/s]
 99%|█████████▊| 78/79 [00:27<00:00,  2.96it/s]
100%|██████████| 79/79 [00:28<00:00,  2.82it/s]
Evaluation for task 1 has started.
['aquarium_fish', 'cup', 'bee', 'man', 'poppy']

  0%|          | 0/21 [00:00<?, ?it/s]
  5%|▍         | 1/21 [00:01<00:23,  1.16s/it]
 10%|▉         | 2/21 [00:02<00:18,  1.02it/s]
 14%|█▍        | 3/21 [00:03<00:18,  1.01s/it]
 19%|█▉        | 4/21 [00:04<00:17,  1.03s/it]
 24%|██▍       | 5/21 [00:05<00:16,  1.04s/it]
 29%|██▊       | 6/21 [00:06<00:15,  1.04s/it]
 33%|███▎      | 7/21 [00:07<00:14,  1.05s/it]
 38%|███▊      | 8/21 [00:08<00:13,  1.05s/it]
 43%|████▎     | 9/21 [00:09<00:12,  1.05s/it]
 48%|████▊     | 10/21 [00:10<00:11,  1.05s/it]
 52%|█████▏    | 11/21 [00:11<00:10,  1.05s/it]
 57%|█████▋    | 12/21 [00:12<00:09,  1.05s/it]
 62%|██████▏   | 13/21 [00:13<00:08,  1.05s/it]
 67%|██████▋   | 14/21 [00:14<00:07,  1.05s/it]
 71%|███████▏  | 15/21 [00:15<00:06,  1.05s/it]
 76%|███████▌  | 16/21 [00:16<00:05,  1.05s/it]
 81%|████████  | 17/21 [00:17<00:04,  1.05s/it]
 86%|████████▌ | 18/21 [00:18<00:03,  1.05s/it]
 90%|█████████ | 19/21 [00:19<00:02,  1.05s/it]
 95%|█████████▌| 20/21 [00:20<00:00,  1.02it/s]
100%|██████████| 21/21 [00:21<00:00,  1.05s/it]
100%|██████████| 21/21 [00:21<00:00,  1.05s/it]

  0%|          | 0/86 [00:00<?, ?it/s]
  1%|          | 1/86 [00:00<00:47,  1.79it/s]
  2%|▏         | 2/86 [00:00<00:37,  2.22it/s]
  3%|▎         | 3/86 [00:01<00:33,  2.48it/s]
  5%|▍         | 4/86 [00:01<00:31,  2.62it/s]
  6%|▌         | 5/86 [00:01<00:30,  2.66it/s]
  7%|▋         | 6/86 [00:02<00:29,  2.69it/s]
  8%|▊         | 7/86 [00:02<00:29,  2.71it/s]
  9%|▉         | 8/86 [00:03<00:28,  2.72it/s]
 10%|█         | 9/86 [00:03<00:28,  2.68it/s]
 12%|█▏        | 10/86 [00:03<00:28,  2.68it/s]
 13%|█▎        | 11/86 [00:04<00:27,  2.70it/s]
 14%|█▍        | 12/86 [00:04<00:27,  2.72it/s]
 15%|█▌        | 13/86 [00:04<00:26,  2.72it/s]
 16%|█▋        | 14/86 [00:05<00:26,  2.68it/s]
 17%|█▋        | 15/86 [00:05<00:26,  2.68it/s]
 19%|█▊        | 16/86 [00:06<00:26,  2.68it/s]
 20%|█▉        | 17/86 [00:06<00:25,  2.69it/s]
 21%|██        | 18/86 [00:06<00:25,  2.70it/s]
 22%|██▏       | 19/86 [00:07<00:24,  2.70it/s]
 23%|██▎       | 20/86 [00:07<00:24,  2.71it/s]
 24%|██▍       | 21/86 [00:07<00:24,  2.62it/s]
 26%|██▌       | 22/86 [00:08<00:23,  2.68it/s]
 27%|██▋       | 23/86 [00:08<00:23,  2.72it/s]
 28%|██▊       | 24/86 [00:09<00:22,  2.76it/s]
 29%|██▉       | 25/86 [00:09<00:22,  2.65it/s]
 30%|███       | 26/86 [00:09<00:22,  2.72it/s]
 31%|███▏      | 27/86 [00:10<00:21,  2.77it/s]
 33%|███▎      | 28/86 [00:10<00:20,  2.81it/s]
 34%|███▎      | 29/86 [00:10<00:20,  2.75it/s]
 35%|███▍      | 30/86 [00:11<00:20,  2.70it/s]
 36%|███▌      | 31/86 [00:11<00:19,  2.76it/s]
 37%|███▋      | 32/86 [00:11<00:19,  2.79it/s]
 38%|███▊      | 33/86 [00:12<00:18,  2.81it/s]
 40%|███▉      | 34/86 [00:12<00:18,  2.83it/s]
 41%|████      | 35/86 [00:12<00:18,  2.82it/s]
 42%|████▏     | 36/86 [00:13<00:18,  2.74it/s]
 43%|████▎     | 37/86 [00:13<00:18,  2.72it/s]
 44%|████▍     | 38/86 [00:14<00:17,  2.72it/s]
 45%|████▌     | 39/86 [00:14<00:17,  2.70it/s]
 47%|████▋     | 40/86 [00:14<00:16,  2.71it/s]
 48%|████▊     | 41/86 [00:15<00:16,  2.69it/s]
 49%|████▉     | 42/86 [00:15<00:16,  2.72it/s]
 50%|█████     | 43/86 [00:15<00:15,  2.70it/s]
 51%|█████     | 44/86 [00:16<00:15,  2.70it/s]
 52%|█████▏    | 45/86 [00:16<00:15,  2.70it/s]
 53%|█████▎    | 46/86 [00:17<00:14,  2.75it/s]
 55%|█████▍    | 47/86 [00:17<00:13,  2.79it/s]
 56%|█████▌    | 48/86 [00:17<00:13,  2.82it/s]
 57%|█████▋    | 49/86 [00:18<00:13,  2.84it/s]
 58%|█████▊    | 50/86 [00:18<00:12,  2.85it/s]
 59%|█████▉    | 51/86 [00:18<00:12,  2.70it/s]
 60%|██████    | 52/86 [00:19<00:12,  2.75it/s]
 62%|██████▏   | 53/86 [00:19<00:11,  2.79it/s]
 63%|██████▎   | 54/86 [00:19<00:11,  2.78it/s]
 64%|██████▍   | 55/86 [00:20<00:11,  2.76it/s]
 65%|██████▌   | 56/86 [00:20<00:11,  2.66it/s]
 66%|██████▋   | 57/86 [00:21<00:10,  2.65it/s]
 67%|██████▋   | 58/86 [00:21<00:10,  2.66it/s]
 69%|██████▊   | 59/86 [00:21<00:10,  2.63it/s]
 70%|██████▉   | 60/86 [00:22<00:09,  2.66it/s]
 71%|███████   | 61/86 [00:22<00:09,  2.67it/s]
 72%|███████▏  | 62/86 [00:22<00:09,  2.64it/s]
 73%|███████▎  | 63/86 [00:23<00:08,  2.64it/s]
 74%|███████▍  | 64/86 [00:23<00:08,  2.68it/s]
 76%|███████▌  | 65/86 [00:24<00:07,  2.70it/s]
 77%|███████▋  | 66/86 [00:24<00:07,  2.73it/s]
 78%|███████▊  | 67/86 [00:24<00:07,  2.70it/s]
 79%|███████▉  | 68/86 [00:25<00:06,  2.73it/s]
 80%|████████  | 69/86 [00:25<00:06,  2.77it/s]
 81%|████████▏ | 70/86 [00:25<00:05,  2.80it/s]
 83%|████████▎ | 71/86 [00:26<00:05,  2.82it/s]
 84%|████████▎ | 72/86 [00:26<00:04,  2.85it/s]
 85%|████████▍ | 73/86 [00:26<00:04,  2.65it/s]
 86%|████████▌ | 74/86 [00:27<00:04,  2.70it/s]
 87%|████████▋ | 75/86 [00:27<00:04,  2.74it/s]
 88%|████████▊ | 76/86 [00:28<00:03,  2.78it/s]
 90%|████████▉ | 77/86 [00:28<00:03,  2.80it/s]
 91%|█████████ | 78/86 [00:28<00:02,  2.81it/s]
 92%|█████████▏| 79/86 [00:29<00:02,  2.84it/s]
 93%|█████████▎| 80/86 [00:29<00:02,  2.85it/s]
 94%|█████████▍| 81/86 [00:29<00:01,  2.86it/s]
 95%|█████████▌| 82/86 [00:30<00:01,  2.79it/s]
 97%|█████████▋| 83/86 [00:30<00:01,  2.81it/s]
 98%|█████████▊| 84/86 [00:30<00:00,  2.83it/s]
 99%|█████████▉| 85/86 [00:31<00:00,  2.84it/s]
100%|██████████| 86/86 [00:31<00:00,  2.90it/s]
100%|██████████| 86/86 [00:31<00:00,  2.73it/s]
Evaluation for task 2 has started.
['sunflower', 'orange', 'bottle', 'elephant', 'skunk']

  0%|          | 0/21 [00:00<?, ?it/s]
  5%|▍         | 1/21 [00:01<00:23,  1.17s/it]
 10%|▉         | 2/21 [00:02<00:18,  1.02it/s]
 14%|█▍        | 3/21 [00:03<00:18,  1.02s/it]
 19%|█▉        | 4/21 [00:04<00:17,  1.03s/it]
 24%|██▍       | 5/21 [00:05<00:16,  1.04s/it]
 29%|██▊       | 6/21 [00:06<00:15,  1.05s/it]
 33%|███▎      | 7/21 [00:07<00:14,  1.05s/it]
 38%|███▊      | 8/21 [00:08<00:13,  1.05s/it]
 43%|████▎     | 9/21 [00:09<00:12,  1.05s/it]
 48%|████▊     | 10/21 [00:10<00:11,  1.05s/it]
 52%|█████▏    | 11/21 [00:11<00:10,  1.05s/it]
 57%|█████▋    | 12/21 [00:12<00:09,  1.06s/it]
 62%|██████▏   | 13/21 [00:13<00:08,  1.06s/it]
 67%|██████▋   | 14/21 [00:14<00:07,  1.06s/it]
 71%|███████▏  | 15/21 [00:15<00:06,  1.06s/it]
 76%|███████▌  | 16/21 [00:16<00:05,  1.05s/it]
 81%|████████  | 17/21 [00:17<00:04,  1.05s/it]
 86%|████████▌ | 18/21 [00:18<00:03,  1.05s/it]
 90%|█████████ | 19/21 [00:19<00:02,  1.05s/it]
 95%|█████████▌| 20/21 [00:20<00:00,  1.02it/s]
100%|██████████| 21/21 [00:22<00:00,  1.07s/it]
100%|██████████| 21/21 [00:22<00:00,  1.05s/it]

  0%|          | 0/94 [00:00<?, ?it/s]
  1%|          | 1/94 [00:00<00:52,  1.79it/s]
  2%|▏         | 2/94 [00:00<00:41,  2.24it/s]
  3%|▎         | 3/94 [00:01<00:37,  2.42it/s]
  4%|▍         | 4/94 [00:01<00:35,  2.52it/s]
  5%|▌         | 5/94 [00:02<00:34,  2.57it/s]
  6%|▋         | 6/94 [00:02<00:33,  2.63it/s]
  7%|▋         | 7/94 [00:02<00:33,  2.60it/s]
  9%|▊         | 8/94 [00:03<00:32,  2.62it/s]
 10%|▉         | 9/94 [00:03<00:32,  2.64it/s]
 11%|█         | 10/94 [00:03<00:31,  2.68it/s]
 12%|█▏        | 11/94 [00:04<00:30,  2.73it/s]
 13%|█▎        | 12/94 [00:04<00:29,  2.76it/s]
 14%|█▍        | 13/94 [00:04<00:29,  2.79it/s]
 15%|█▍        | 14/94 [00:05<00:28,  2.81it/s]
 16%|█▌        | 15/94 [00:05<00:28,  2.82it/s]
 17%|█▋        | 16/94 [00:06<00:27,  2.83it/s]
 18%|█▊        | 17/94 [00:06<00:27,  2.83it/s]
 19%|█▉        | 18/94 [00:06<00:26,  2.84it/s]
 20%|██        | 19/94 [00:07<00:26,  2.84it/s]
 21%|██▏       | 20/94 [00:07<00:26,  2.85it/s]
 22%|██▏       | 21/94 [00:07<00:27,  2.63it/s]
 23%|██▎       | 22/94 [00:08<00:27,  2.63it/s]
 24%|██▍       | 23/94 [00:08<00:26,  2.64it/s]
 26%|██▌       | 24/94 [00:09<00:26,  2.62it/s]
 27%|██▋       | 25/94 [00:09<00:26,  2.64it/s]
 28%|██▊       | 26/94 [00:09<00:25,  2.64it/s]
 29%|██▊       | 27/94 [00:10<00:25,  2.65it/s]
 30%|██▉       | 28/94 [00:10<00:24,  2.66it/s]
 31%|███       | 29/94 [00:10<00:24,  2.67it/s]
 32%|███▏      | 30/94 [00:11<00:23,  2.67it/s]
 33%|███▎      | 31/94 [00:11<00:23,  2.67it/s]
 34%|███▍      | 32/94 [00:12<00:23,  2.67it/s]
 35%|███▌      | 33/94 [00:12<00:23,  2.62it/s]
 36%|███▌      | 34/94 [00:12<00:22,  2.67it/s]
 37%|███▋      | 35/94 [00:13<00:21,  2.71it/s]
 38%|███▊      | 36/94 [00:13<00:21,  2.74it/s]
 39%|███▉      | 37/94 [00:13<00:20,  2.76it/s]
 40%|████      | 38/94 [00:14<00:20,  2.77it/s]
 41%|████▏     | 39/94 [00:14<00:19,  2.78it/s]
 43%|████▎     | 40/94 [00:14<00:20,  2.69it/s]
 44%|████▎     | 41/94 [00:15<00:19,  2.72it/s]
 45%|████▍     | 42/94 [00:15<00:18,  2.75it/s]
 46%|████▌     | 43/94 [00:16<00:18,  2.76it/s]
 47%|████▋     | 44/94 [00:16<00:18,  2.76it/s]
 48%|████▊     | 45/94 [00:16<00:17,  2.78it/s]
 49%|████▉     | 46/94 [00:17<00:17,  2.78it/s]
 50%|█████     | 47/94 [00:17<00:16,  2.78it/s]
 51%|█████     | 48/94 [00:17<00:16,  2.79it/s]
 52%|█████▏    | 49/94 [00:18<00:16,  2.76it/s]
 53%|█████▎    | 50/94 [00:18<00:15,  2.77it/s]
 54%|█████▍    | 51/94 [00:18<00:15,  2.79it/s]
 55%|█████▌    | 52/94 [00:19<00:15,  2.80it/s]
 56%|█████▋    | 53/94 [00:19<00:14,  2.80it/s]
 57%|█████▋    | 54/94 [00:19<00:14,  2.80it/s]
 59%|█████▊    | 55/94 [00:20<00:13,  2.80it/s]
 60%|█████▉    | 56/94 [00:20<00:13,  2.80it/s]
 61%|██████    | 57/94 [00:21<00:13,  2.79it/s]
 62%|██████▏   | 58/94 [00:21<00:13,  2.73it/s]
 63%|██████▎   | 59/94 [00:21<00:13,  2.65it/s]
 64%|██████▍   | 60/94 [00:22<00:12,  2.70it/s]
 65%|██████▍   | 61/94 [00:22<00:12,  2.73it/s]
 66%|██████▌   | 62/94 [00:22<00:11,  2.75it/s]
 67%|██████▋   | 63/94 [00:23<00:11,  2.77it/s]
 68%|██████▊   | 64/94 [00:23<00:10,  2.76it/s]
 69%|██████▉   | 65/94 [00:23<00:10,  2.78it/s]
 70%|███████   | 66/94 [00:24<00:10,  2.78it/s]
 71%|███████▏  | 67/94 [00:24<00:10,  2.70it/s]
 72%|███████▏  | 68/94 [00:25<00:09,  2.74it/s]
 73%|███████▎  | 69/94 [00:25<00:09,  2.75it/s]
 74%|███████▍  | 70/94 [00:25<00:08,  2.77it/s]
 76%|███████▌  | 71/94 [00:26<00:08,  2.77it/s]
 77%|███████▋  | 72/94 [00:26<00:07,  2.78it/s]
 78%|███████▊  | 73/94 [00:26<00:07,  2.78it/s]
 79%|███████▊  | 74/94 [00:27<00:07,  2.72it/s]
 80%|███████▉  | 75/94 [00:27<00:07,  2.69it/s]
 81%|████████  | 76/94 [00:28<00:06,  2.68it/s]
 82%|████████▏ | 77/94 [00:28<00:06,  2.67it/s]
 83%|████████▎ | 78/94 [00:28<00:05,  2.67it/s]
 84%|████████▍ | 79/94 [00:29<00:05,  2.67it/s]
 85%|████████▌ | 80/94 [00:29<00:05,  2.66it/s]
 86%|████████▌ | 81/94 [00:29<00:04,  2.66it/s]
 87%|████████▋ | 82/94 [00:30<00:04,  2.66it/s]
 88%|████████▊ | 83/94 [00:30<00:04,  2.66it/s]
 89%|████████▉ | 84/94 [00:31<00:03,  2.67it/s]
 90%|█████████ | 85/94 [00:31<00:03,  2.67it/s]
 91%|█████████▏| 86/94 [00:31<00:02,  2.67it/s]
 93%|█████████▎| 87/94 [00:32<00:02,  2.68it/s]
 94%|█████████▎| 88/94 [00:32<00:02,  2.68it/s]
 95%|█████████▍| 89/94 [00:32<00:01,  2.68it/s]
 96%|█████████▌| 90/94 [00:33<00:01,  2.68it/s]
 97%|█████████▋| 91/94 [00:33<00:01,  2.67it/s]
 98%|█████████▊| 92/94 [00:34<00:00,  2.67it/s]
 99%|█████████▉| 93/94 [00:34<00:00,  2.52it/s]
100%|██████████| 94/94 [00:34<00:00,  2.66it/s]
100%|██████████| 94/94 [00:34<00:00,  2.70it/s]
Evaluation for task 3 has started.
['kangaroo', 'porcupine', 'forest', 'shrew', 'crocodile']

  0%|          | 0/21 [00:00<?, ?it/s]
  5%|▍         | 1/21 [00:01<00:23,  1.17s/it]
 10%|▉         | 2/21 [00:02<00:18,  1.01it/s]
 14%|█▍        | 3/21 [00:03<00:18,  1.02s/it]
 19%|█▉        | 4/21 [00:04<00:17,  1.04s/it]
 24%|██▍       | 5/21 [00:05<00:16,  1.04s/it]
 29%|██▊       | 6/21 [00:06<00:15,  1.05s/it]
 33%|███▎      | 7/21 [00:07<00:14,  1.05s/it]
 38%|███▊      | 8/21 [00:08<00:13,  1.05s/it]
 43%|████▎     | 9/21 [00:09<00:12,  1.05s/it]
 48%|████▊     | 10/21 [00:10<00:11,  1.05s/it]
 52%|█████▏    | 11/21 [00:11<00:10,  1.06s/it]
 57%|█████▋    | 12/21 [00:12<00:09,  1.06s/it]
 62%|██████▏   | 13/21 [00:13<00:08,  1.05s/it]
 67%|██████▋   | 14/21 [00:14<00:07,  1.05s/it]
 71%|███████▏  | 15/21 [00:15<00:06,  1.05s/it]
 76%|███████▌  | 16/21 [00:16<00:05,  1.06s/it]
 81%|████████  | 17/21 [00:17<00:04,  1.06s/it]
 86%|████████▌ | 18/21 [00:18<00:03,  1.06s/it]
 90%|█████████ | 19/21 [00:19<00:02,  1.06s/it]
 95%|█████████▌| 20/21 [00:20<00:00,  1.02it/s]
100%|██████████| 21/21 [00:22<00:00,  1.08s/it]
100%|██████████| 21/21 [00:22<00:00,  1.05s/it]

  0%|          | 0/102 [00:00<?, ?it/s]
  1%|          | 1/102 [00:00<00:58,  1.72it/s]
  2%|▏         | 2/102 [00:00<00:47,  2.13it/s]
  3%|▎         | 3/102 [00:01<00:42,  2.34it/s]
  4%|▍         | 4/102 [00:01<00:39,  2.45it/s]
  5%|▍         | 5/102 [00:02<00:38,  2.53it/s]
  6%|▌         | 6/102 [00:02<00:37,  2.58it/s]
  7%|▋         | 7/102 [00:02<00:36,  2.60it/s]
  8%|▊         | 8/102 [00:03<00:35,  2.63it/s]
  9%|▉         | 9/102 [00:03<00:35,  2.62it/s]
 10%|▉         | 10/102 [00:03<00:34,  2.67it/s]
 11%|█         | 11/102 [00:04<00:33,  2.70it/s]
 12%|█▏        | 12/102 [00:04<00:33,  2.71it/s]
 13%|█▎        | 13/102 [00:05<00:32,  2.74it/s]
 14%|█▎        | 14/102 [00:05<00:33,  2.63it/s]
 15%|█▍        | 15/102 [00:05<00:32,  2.68it/s]
 16%|█▌        | 16/102 [00:06<00:31,  2.72it/s]
 17%|█▋        | 17/102 [00:06<00:30,  2.74it/s]
 18%|█▊        | 18/102 [00:06<00:30,  2.77it/s]
 19%|█▊        | 19/102 [00:07<00:30,  2.70it/s]
 20%|█▉        | 20/102 [00:07<00:29,  2.74it/s]
 21%|██        | 21/102 [00:07<00:29,  2.77it/s]
 22%|██▏       | 22/102 [00:08<00:28,  2.79it/s]
 23%|██▎       | 23/102 [00:08<00:28,  2.81it/s]
 24%|██▎       | 24/102 [00:09<00:27,  2.82it/s]
 25%|██▍       | 25/102 [00:09<00:27,  2.78it/s]
 25%|██▌       | 26/102 [00:09<00:27,  2.80it/s]
 26%|██▋       | 27/102 [00:10<00:26,  2.81it/s]
 27%|██▋       | 28/102 [00:10<00:26,  2.76it/s]
 28%|██▊       | 29/102 [00:10<00:26,  2.72it/s]
 29%|██▉       | 30/102 [00:11<00:26,  2.71it/s]
 30%|███       | 31/102 [00:11<00:26,  2.70it/s]
 31%|███▏      | 32/102 [00:11<00:26,  2.68it/s]
 32%|███▏      | 33/102 [00:12<00:25,  2.68it/s]
 33%|███▎      | 34/102 [00:12<00:25,  2.68it/s]
 34%|███▍      | 35/102 [00:13<00:25,  2.66it/s]
 35%|███▌      | 36/102 [00:13<00:24,  2.67it/s]
 36%|███▋      | 37/102 [00:13<00:23,  2.72it/s]
 37%|███▋      | 38/102 [00:14<00:23,  2.74it/s]
 38%|███▊      | 39/102 [00:14<00:23,  2.70it/s]
 39%|███▉      | 40/102 [00:14<00:22,  2.74it/s]
 40%|████      | 41/102 [00:15<00:21,  2.77it/s]
 41%|████      | 42/102 [00:15<00:21,  2.80it/s]
 42%|████▏     | 43/102 [00:15<00:20,  2.81it/s]
 43%|████▎     | 44/102 [00:16<00:20,  2.83it/s]
 44%|████▍     | 45/102 [00:16<00:20,  2.84it/s]
 45%|████▌     | 46/102 [00:17<00:19,  2.85it/s]
 46%|████▌     | 47/102 [00:17<00:19,  2.85it/s]
 47%|████▋     | 48/102 [00:17<00:18,  2.85it/s]
 48%|████▊     | 49/102 [00:18<00:18,  2.85it/s]
 49%|████▉     | 50/102 [00:18<00:18,  2.86it/s]
 50%|█████     | 51/102 [00:18<00:17,  2.86it/s]
 51%|█████     | 52/102 [00:19<00:17,  2.85it/s]
 52%|█████▏    | 53/102 [00:19<00:17,  2.85it/s]
 53%|█████▎    | 54/102 [00:19<00:16,  2.86it/s]
 54%|█████▍    | 55/102 [00:20<00:16,  2.85it/s]
 55%|█████▍    | 56/102 [00:20<00:16,  2.84it/s]
 56%|█████▌    | 57/102 [00:20<00:15,  2.85it/s]
 57%|█████▋    | 58/102 [00:21<00:15,  2.85it/s]
 58%|█████▊    | 59/102 [00:21<00:15,  2.86it/s]
 59%|█████▉    | 60/102 [00:21<00:14,  2.86it/s]
 60%|█████▉    | 61/102 [00:22<00:14,  2.85it/s]
 61%|██████    | 62/102 [00:22<00:14,  2.85it/s]
 62%|██████▏   | 63/102 [00:22<00:13,  2.85it/s]
 63%|██████▎   | 64/102 [00:23<00:13,  2.85it/s]
 64%|██████▎   | 65/102 [00:23<00:13,  2.71it/s]
 65%|██████▍   | 66/102 [00:24<00:13,  2.69it/s]
 66%|██████▌   | 67/102 [00:24<00:13,  2.64it/s]
 67%|██████▋   | 68/102 [00:24<00:12,  2.68it/s]
 68%|██████▊   | 69/102 [00:25<00:12,  2.72it/s]
 69%|██████▊   | 70/102 [00:25<00:11,  2.76it/s]
 70%|██████▉   | 71/102 [00:25<00:11,  2.79it/s]
 71%|███████   | 72/102 [00:26<00:10,  2.81it/s]
 72%|███████▏  | 73/102 [00:26<00:10,  2.83it/s]
 73%|███████▎  | 74/102 [00:26<00:09,  2.84it/s]
 74%|███████▎  | 75/102 [00:27<00:09,  2.85it/s]
 75%|███████▍  | 76/102 [00:27<00:09,  2.85it/s]
 75%|███████▌  | 77/102 [00:28<00:08,  2.86it/s]
 76%|███████▋  | 78/102 [00:28<00:08,  2.86it/s]
 77%|███████▋  | 79/102 [00:28<00:08,  2.86it/s]
 78%|███████▊  | 80/102 [00:29<00:08,  2.72it/s]
 79%|███████▉  | 81/102 [00:29<00:07,  2.75it/s]
 80%|████████  | 82/102 [00:29<00:07,  2.77it/s]
 81%|████████▏ | 83/102 [00:30<00:06,  2.80it/s]
 82%|████████▏ | 84/102 [00:30<00:06,  2.81it/s]
 83%|████████▎ | 85/102 [00:30<00:06,  2.82it/s]
 84%|████████▍ | 86/102 [00:31<00:05,  2.83it/s]
 85%|████████▌ | 87/102 [00:31<00:05,  2.84it/s]
 86%|████████▋ | 88/102 [00:31<00:04,  2.84it/s]
 87%|████████▋ | 89/102 [00:32<00:04,  2.84it/s]
 88%|████████▊ | 90/102 [00:32<00:04,  2.84it/s]
 89%|████████▉ | 91/102 [00:33<00:03,  2.84it/s]
 90%|█████████ | 92/102 [00:33<00:03,  2.84it/s]
 91%|█████████ | 93/102 [00:33<00:03,  2.84it/s]
 92%|█████████▏| 94/102 [00:34<00:02,  2.84it/s]
 93%|█████████▎| 95/102 [00:34<00:02,  2.83it/s]
 94%|█████████▍| 96/102 [00:34<00:02,  2.83it/s]
 95%|█████████▌| 97/102 [00:35<00:01,  2.84it/s]
 96%|█████████▌| 98/102 [00:35<00:01,  2.81it/s]
 97%|█████████▋| 99/102 [00:35<00:01,  2.82it/s]
 98%|█████████▊| 100/102 [00:36<00:00,  2.83it/s]
 99%|█████████▉| 101/102 [00:36<00:00,  2.84it/s]
100%|██████████| 102/102 [00:36<00:00,  3.16it/s]
100%|██████████| 102/102 [00:36<00:00,  2.77it/s]
Evaluation for task 4 has started.
['clock', 'hamster', 'bear', 'can', 'chimpanzee']

  0%|          | 0/21 [00:00<?, ?it/s]
  5%|▍         | 1/21 [00:01<00:24,  1.20s/it]
 10%|▉         | 2/21 [00:02<00:19,  1.00s/it]
 14%|█▍        | 3/21 [00:03<00:18,  1.03s/it]
 19%|█▉        | 4/21 [00:04<00:17,  1.04s/it]
 24%|██▍       | 5/21 [00:05<00:16,  1.04s/it]
 29%|██▊       | 6/21 [00:06<00:15,  1.05s/it]
 33%|███▎      | 7/21 [00:07<00:14,  1.05s/it]
 38%|███▊      | 8/21 [00:08<00:13,  1.05s/it]
 43%|████▎     | 9/21 [00:09<00:12,  1.05s/it]
 48%|████▊     | 10/21 [00:10<00:11,  1.06s/it]
 52%|█████▏    | 11/21 [00:11<00:10,  1.06s/it]
 57%|█████▋    | 12/21 [00:12<00:09,  1.06s/it]
 62%|██████▏   | 13/21 [00:13<00:08,  1.06s/it]
 67%|██████▋   | 14/21 [00:14<00:07,  1.05s/it]
 71%|███████▏  | 15/21 [00:15<00:06,  1.05s/it]
 76%|███████▌  | 16/21 [00:16<00:05,  1.05s/it]
 81%|████████  | 17/21 [00:17<00:04,  1.05s/it]
 86%|████████▌ | 18/21 [00:18<00:03,  1.06s/it]
 90%|█████████ | 19/21 [00:20<00:02,  1.06s/it]
 95%|█████████▌| 20/21 [00:20<00:00,  1.02it/s]
100%|██████████| 21/21 [00:22<00:00,  1.09s/it]
100%|██████████| 21/21 [00:22<00:00,  1.06s/it]

  0%|          | 0/110 [00:00<?, ?it/s]
  1%|          | 1/110 [00:00<00:58,  1.85it/s]
  2%|▏         | 2/110 [00:00<00:46,  2.32it/s]
  3%|▎         | 3/110 [00:01<00:42,  2.52it/s]
  4%|▎         | 4/110 [00:01<00:40,  2.63it/s]
  5%|▍         | 5/110 [00:01<00:39,  2.67it/s]
  5%|▌         | 6/110 [00:02<00:38,  2.72it/s]
  6%|▋         | 7/110 [00:02<00:37,  2.75it/s]
  7%|▋         | 8/110 [00:03<00:36,  2.78it/s]
  8%|▊         | 9/110 [00:03<00:36,  2.80it/s]
  9%|▉         | 10/110 [00:03<00:35,  2.80it/s]
 10%|█         | 11/110 [00:04<00:35,  2.82it/s]
 11%|█         | 12/110 [00:04<00:34,  2.81it/s]
 12%|█▏        | 13/110 [00:04<00:34,  2.82it/s]
 13%|█▎        | 14/110 [00:05<00:33,  2.83it/s]
 14%|█▎        | 15/110 [00:05<00:33,  2.83it/s]
 15%|█▍        | 16/110 [00:05<00:33,  2.83it/s]
 15%|█▌        | 17/110 [00:06<00:32,  2.83it/s]
 16%|█▋        | 18/110 [00:06<00:32,  2.83it/s]
 17%|█▋        | 19/110 [00:06<00:32,  2.83it/s]
 18%|█▊        | 20/110 [00:07<00:31,  2.84it/s]
 19%|█▉        | 21/110 [00:07<00:31,  2.84it/s]
 20%|██        | 22/110 [00:07<00:30,  2.84it/s]
 21%|██        | 23/110 [00:08<00:30,  2.84it/s]
 22%|██▏       | 24/110 [00:08<00:30,  2.84it/s]
 23%|██▎       | 25/110 [00:09<00:29,  2.84it/s]
 24%|██▎       | 26/110 [00:09<00:29,  2.84it/s]
 25%|██▍       | 27/110 [00:09<00:29,  2.83it/s]
 25%|██▌       | 28/110 [00:10<00:30,  2.73it/s]
 26%|██▋       | 29/110 [00:10<00:29,  2.75it/s]
 27%|██▋       | 30/110 [00:10<00:28,  2.77it/s]
 28%|██▊       | 31/110 [00:11<00:28,  2.78it/s]
 29%|██▉       | 32/110 [00:11<00:27,  2.80it/s]
 30%|███       | 33/110 [00:11<00:27,  2.79it/s]
 31%|███       | 34/110 [00:12<00:27,  2.81it/s]
 32%|███▏      | 35/110 [00:12<00:26,  2.81it/s]
 33%|███▎      | 36/110 [00:12<00:26,  2.82it/s]
 34%|███▎      | 37/110 [00:13<00:25,  2.83it/s]
 35%|███▍      | 38/110 [00:13<00:25,  2.83it/s]
 35%|███▌      | 39/110 [00:14<00:25,  2.83it/s]
 36%|███▋      | 40/110 [00:14<00:24,  2.82it/s]
 37%|███▋      | 41/110 [00:14<00:24,  2.82it/s]
 38%|███▊      | 42/110 [00:15<00:24,  2.83it/s]
 39%|███▉      | 43/110 [00:15<00:23,  2.83it/s]
 40%|████      | 44/110 [00:15<00:25,  2.54it/s]
 41%|████      | 45/110 [00:16<00:24,  2.60it/s]
 42%|████▏     | 46/110 [00:16<00:24,  2.65it/s]
 43%|████▎     | 47/110 [00:17<00:23,  2.67it/s]
 44%|████▎     | 48/110 [00:17<00:23,  2.67it/s]
 45%|████▍     | 49/110 [00:17<00:22,  2.66it/s]
 45%|████▌     | 50/110 [00:18<00:22,  2.66it/s]
 46%|████▋     | 51/110 [00:18<00:22,  2.66it/s]
 47%|████▋     | 52/110 [00:18<00:21,  2.66it/s]
 48%|████▊     | 53/110 [00:19<00:21,  2.66it/s]
 49%|████▉     | 54/110 [00:19<00:21,  2.65it/s]
 50%|█████     | 55/110 [00:20<00:20,  2.66it/s]
 51%|█████     | 56/110 [00:20<00:20,  2.67it/s]
 52%|█████▏    | 57/110 [00:20<00:19,  2.66it/s]
 53%|█████▎    | 58/110 [00:21<00:19,  2.66it/s]
 54%|█████▎    | 59/110 [00:21<00:19,  2.64it/s]
 55%|█████▍    | 60/110 [00:21<00:18,  2.65it/s]
 55%|█████▌    | 61/110 [00:22<00:18,  2.66it/s]
 56%|█████▋    | 62/110 [00:22<00:18,  2.66it/s]
 57%|█████▋    | 63/110 [00:23<00:17,  2.67it/s]
 58%|█████▊    | 64/110 [00:23<00:17,  2.67it/s]
 59%|█████▉    | 65/110 [00:23<00:16,  2.67it/s]
 60%|██████    | 66/110 [00:24<00:16,  2.67it/s]
 61%|██████    | 67/110 [00:24<00:16,  2.67it/s]
 62%|██████▏   | 68/110 [00:24<00:15,  2.68it/s]
 63%|██████▎   | 69/110 [00:25<00:15,  2.68it/s]
 64%|██████▎   | 70/110 [00:25<00:14,  2.68it/s]
 65%|██████▍   | 71/110 [00:26<00:14,  2.67it/s]
 65%|██████▌   | 72/110 [00:26<00:14,  2.68it/s]
 66%|██████▋   | 73/110 [00:26<00:13,  2.67it/s]
 67%|██████▋   | 74/110 [00:27<00:13,  2.68it/s]
 68%|██████▊   | 75/110 [00:27<00:13,  2.68it/s]
 69%|██████▉   | 76/110 [00:27<00:12,  2.68it/s]
 70%|███████   | 77/110 [00:28<00:12,  2.68it/s]
 71%|███████   | 78/110 [00:28<00:11,  2.67it/s]
 72%|███████▏  | 79/110 [00:29<00:11,  2.67it/s]
 73%|███████▎  | 80/110 [00:29<00:11,  2.68it/s]
 74%|███████▎  | 81/110 [00:29<00:10,  2.68it/s]
 75%|███████▍  | 82/110 [00:30<00:10,  2.72it/s]
 75%|███████▌  | 83/110 [00:30<00:09,  2.75it/s]
 76%|███████▋  | 84/110 [00:30<00:09,  2.77it/s]
 77%|███████▋  | 85/110 [00:31<00:08,  2.79it/s]
 78%|███████▊  | 86/110 [00:31<00:08,  2.74it/s]
 79%|███████▉  | 87/110 [00:31<00:08,  2.77it/s]
 80%|████████  | 88/110 [00:32<00:07,  2.78it/s]
 81%|████████  | 89/110 [00:32<00:07,  2.80it/s]
 82%|████████▏ | 90/110 [00:32<00:07,  2.81it/s]
 83%|████████▎ | 91/110 [00:33<00:06,  2.80it/s]
 84%|████████▎ | 92/110 [00:33<00:06,  2.78it/s]
 85%|████████▍ | 93/110 [00:34<00:06,  2.77it/s]
 85%|████████▌ | 94/110 [00:34<00:05,  2.78it/s]
 86%|████████▋ | 95/110 [00:34<00:05,  2.78it/s]
 87%|████████▋ | 96/110 [00:35<00:05,  2.79it/s]
 88%|████████▊ | 97/110 [00:35<00:04,  2.74it/s]
 89%|████████▉ | 98/110 [00:35<00:04,  2.72it/s]
 90%|█████████ | 99/110 [00:36<00:04,  2.70it/s]
 91%|█████████ | 100/110 [00:36<00:03,  2.69it/s]
 92%|█████████▏| 101/110 [00:37<00:03,  2.68it/s]
 93%|█████████▎| 102/110 [00:37<00:02,  2.68it/s]
 94%|█████████▎| 103/110 [00:37<00:02,  2.68it/s]
 95%|█████████▍| 104/110 [00:38<00:02,  2.68it/s]
 95%|█████████▌| 105/110 [00:38<00:01,  2.68it/s]
 96%|█████████▋| 106/110 [00:38<00:01,  2.68it/s]
 97%|█████████▋| 107/110 [00:39<00:01,  2.67it/s]
 98%|█████████▊| 108/110 [00:39<00:00,  2.65it/s]
 99%|█████████▉| 109/110 [00:40<00:00,  2.65it/s]
100%|██████████| 110/110 [00:40<00:00,  3.05it/s]
100%|██████████| 110/110 [00:40<00:00,  2.73it/s]
Evaluation for task 5 has started.
['plain', 'cattle', 'rose', 'train', 'tractor']

  0%|          | 0/21 [00:00<?, ?it/s]
  5%|▍         | 1/21 [00:01<00:22,  1.13s/it]
 10%|▉         | 2/21 [00:01<00:18,  1.03it/s]
 14%|█▍        | 3/21 [00:03<00:18,  1.00s/it]
 19%|█▉        | 4/21 [00:04<00:17,  1.02s/it]
 24%|██▍       | 5/21 [00:05<00:16,  1.03s/it]
 29%|██▊       | 6/21 [00:06<00:15,  1.04s/it]
 33%|███▎      | 7/21 [00:07<00:14,  1.04s/it]
 38%|███▊      | 8/21 [00:08<00:13,  1.05s/it]
 43%|████▎     | 9/21 [00:09<00:12,  1.05s/it]
 48%|████▊     | 10/21 [00:10<00:11,  1.05s/it]
 52%|█████▏    | 11/21 [00:11<00:10,  1.06s/it]
 57%|█████▋    | 12/21 [00:12<00:09,  1.05s/it]
 62%|██████▏   | 13/21 [00:13<00:08,  1.05s/it]
 67%|██████▋   | 14/21 [00:14<00:07,  1.05s/it]
 71%|███████▏  | 15/21 [00:15<00:06,  1.05s/it]
 76%|███████▌  | 16/21 [00:16<00:05,  1.05s/it]
 81%|████████  | 17/21 [00:17<00:04,  1.05s/it]
 86%|████████▌ | 18/21 [00:18<00:03,  1.06s/it]
 90%|█████████ | 19/21 [00:19<00:02,  1.06s/it]
 95%|█████████▌| 20/21 [00:20<00:00,  1.02it/s]
100%|██████████| 21/21 [00:22<00:00,  1.10s/it]
100%|██████████| 21/21 [00:22<00:00,  1.05s/it]

  0%|          | 0/118 [00:00<?, ?it/s]
  1%|          | 1/118 [00:00<01:02,  1.86it/s]
  2%|▏         | 2/118 [00:00<00:49,  2.32it/s]
  3%|▎         | 3/118 [00:01<00:57,  2.01it/s]
  3%|▎         | 4/118 [00:01<00:51,  2.20it/s]
  4%|▍         | 5/118 [00:02<00:47,  2.39it/s]
  5%|▌         | 6/118 [00:02<00:53,  2.11it/s]
  6%|▌         | 7/118 [00:03<00:48,  2.29it/s]
  7%|▋         | 8/118 [00:03<00:46,  2.37it/s]
  8%|▊         | 9/118 [00:04<00:54,  2.01it/s]
  8%|▊         | 10/118 [00:04<00:49,  2.19it/s]
  9%|▉         | 11/118 [00:04<00:47,  2.26it/s]
 10%|█         | 12/118 [00:05<00:44,  2.40it/s]
 11%|█         | 13/118 [00:05<00:42,  2.50it/s]
 12%|█▏        | 14/118 [00:06<00:41,  2.53it/s]
 13%|█▎        | 15/118 [00:06<00:41,  2.50it/s]
 14%|█▎        | 16/118 [00:06<00:40,  2.49it/s]
 14%|█▍        | 17/118 [00:07<00:39,  2.54it/s]
 15%|█▌        | 18/118 [00:07<00:39,  2.52it/s]
 16%|█▌        | 19/118 [00:08<00:38,  2.54it/s]
 17%|█▋        | 20/118 [00:08<00:38,  2.57it/s]
 18%|█▊        | 21/118 [00:08<00:38,  2.54it/s]
 19%|█▊        | 22/118 [00:09<00:37,  2.56it/s]
 19%|█▉        | 23/118 [00:09<00:36,  2.58it/s]
 20%|██        | 24/118 [00:09<00:36,  2.59it/s]
 21%|██        | 25/118 [00:10<00:35,  2.60it/s]
 22%|██▏       | 26/118 [00:10<00:35,  2.60it/s]
 23%|██▎       | 27/118 [00:11<00:34,  2.61it/s]
 24%|██▎       | 28/118 [00:11<00:34,  2.61it/s]
 25%|██▍       | 29/118 [00:11<00:34,  2.59it/s]
 25%|██▌       | 30/118 [00:12<00:33,  2.60it/s]
 26%|██▋       | 31/118 [00:12<00:33,  2.61it/s]
 27%|██▋       | 32/118 [00:13<00:32,  2.62it/s]
 28%|██▊       | 33/118 [00:13<00:32,  2.63it/s]
 29%|██▉       | 34/118 [00:13<00:31,  2.67it/s]
 30%|██▉       | 35/118 [00:14<00:30,  2.71it/s]
 31%|███       | 36/118 [00:14<00:29,  2.74it/s]
 31%|███▏      | 37/118 [00:14<00:29,  2.76it/s]
 32%|███▏      | 38/118 [00:15<00:28,  2.77it/s]
 33%|███▎      | 39/118 [00:15<00:28,  2.79it/s]
 34%|███▍      | 40/118 [00:15<00:27,  2.79it/s]
 35%|███▍      | 41/118 [00:16<00:27,  2.79it/s]
 36%|███▌      | 42/118 [00:16<00:27,  2.79it/s]
 36%|███▋      | 43/118 [00:17<00:26,  2.79it/s]
 37%|███▋      | 44/118 [00:17<00:26,  2.79it/s]
 38%|███▊      | 45/118 [00:17<00:28,  2.60it/s]
 39%|███▉      | 46/118 [00:18<00:27,  2.65it/s]
 40%|███▉      | 47/118 [00:18<00:26,  2.69it/s]
 41%|████      | 48/118 [00:18<00:25,  2.70it/s]
 42%|████▏     | 49/118 [00:19<00:25,  2.72it/s]
 42%|████▏     | 50/118 [00:19<00:24,  2.73it/s]
 43%|████▎     | 51/118 [00:20<00:24,  2.68it/s]
 44%|████▍     | 52/118 [00:20<00:24,  2.72it/s]
 45%|████▍     | 53/118 [00:20<00:23,  2.74it/s]
 46%|████▌     | 54/118 [00:21<00:23,  2.76it/s]
 47%|████▋     | 55/118 [00:21<00:22,  2.76it/s]
 47%|████▋     | 56/118 [00:21<00:22,  2.78it/s]
 48%|████▊     | 57/118 [00:22<00:22,  2.74it/s]
 49%|████▉     | 58/118 [00:22<00:22,  2.71it/s]
 50%|█████     | 59/118 [00:22<00:22,  2.59it/s]
 51%|█████     | 60/118 [00:23<00:23,  2.50it/s]
 52%|█████▏    | 61/118 [00:23<00:22,  2.58it/s]
 53%|█████▎    | 62/118 [00:24<00:21,  2.64it/s]
 53%|█████▎    | 63/118 [00:24<00:20,  2.68it/s]
 54%|█████▍    | 64/118 [00:24<00:19,  2.72it/s]
 55%|█████▌    | 65/118 [00:25<00:19,  2.75it/s]
 56%|█████▌    | 66/118 [00:25<00:18,  2.77it/s]
 57%|█████▋    | 67/118 [00:25<00:18,  2.78it/s]
 58%|█████▊    | 68/118 [00:26<00:17,  2.79it/s]
 58%|█████▊    | 69/118 [00:26<00:17,  2.79it/s]
 59%|█████▉    | 70/118 [00:26<00:17,  2.80it/s]
 60%|██████    | 71/118 [00:27<00:16,  2.80it/s]
 61%|██████    | 72/118 [00:27<00:16,  2.80it/s]
 62%|██████▏   | 73/118 [00:28<00:16,  2.81it/s]
 63%|██████▎   | 74/118 [00:28<00:15,  2.81it/s]
 64%|██████▎   | 75/118 [00:28<00:15,  2.73it/s]
 64%|██████▍   | 76/118 [00:29<00:15,  2.71it/s]
 65%|██████▌   | 77/118 [00:29<00:15,  2.69it/s]
 66%|██████▌   | 78/118 [00:29<00:14,  2.68it/s]
 67%|██████▋   | 79/118 [00:30<00:14,  2.68it/s]
 68%|██████▊   | 80/118 [00:30<00:14,  2.67it/s]
 69%|██████▊   | 81/118 [00:31<00:13,  2.67it/s]
 69%|██████▉   | 82/118 [00:31<00:13,  2.67it/s]
 70%|███████   | 83/118 [00:31<00:13,  2.66it/s]
 71%|███████   | 84/118 [00:32<00:13,  2.61it/s]
 72%|███████▏  | 85/118 [00:32<00:12,  2.61it/s]
 73%|███████▎  | 86/118 [00:32<00:12,  2.61it/s]
 74%|███████▎  | 87/118 [00:33<00:11,  2.61it/s]
 75%|███████▍  | 88/118 [00:33<00:11,  2.62it/s]
 75%|███████▌  | 89/118 [00:34<00:11,  2.63it/s]
 76%|███████▋  | 90/118 [00:34<00:10,  2.63it/s]
 77%|███████▋  | 91/118 [00:34<00:10,  2.62it/s]
 78%|███████▊  | 92/118 [00:35<00:09,  2.63it/s]
 79%|███████▉  | 93/118 [00:35<00:09,  2.63it/s]
 80%|███████▉  | 94/118 [00:36<00:09,  2.63it/s]
 81%|████████  | 95/118 [00:36<00:08,  2.63it/s]
 81%|████████▏ | 96/118 [00:36<00:08,  2.64it/s]
 82%|████████▏ | 97/118 [00:37<00:07,  2.63it/s]
 83%|████████▎ | 98/118 [00:37<00:07,  2.63it/s]
 84%|████████▍ | 99/118 [00:37<00:07,  2.63it/s]
 85%|████████▍ | 100/118 [00:38<00:06,  2.64it/s]
 86%|████████▌ | 101/118 [00:38<00:06,  2.64it/s]
 86%|████████▋ | 102/118 [00:39<00:06,  2.64it/s]
 87%|████████▋ | 103/118 [00:39<00:05,  2.64it/s]
 88%|████████▊ | 104/118 [00:39<00:05,  2.64it/s]
 89%|████████▉ | 105/118 [00:40<00:04,  2.64it/s]
 90%|████████▉ | 106/118 [00:40<00:04,  2.64it/s]
 91%|█████████ | 107/118 [00:40<00:04,  2.64it/s]
 92%|█████████▏| 108/118 [00:41<00:03,  2.52it/s]
 92%|█████████▏| 109/118 [00:41<00:03,  2.54it/s]
 93%|█████████▎| 110/118 [00:42<00:03,  2.61it/s]
 94%|█████████▍| 111/118 [00:42<00:02,  2.66it/s]
 95%|█████████▍| 112/118 [00:42<00:02,  2.70it/s]
 96%|█████████▌| 113/118 [00:43<00:01,  2.68it/s]
 97%|█████████▋| 114/118 [00:43<00:01,  2.71it/s]
 97%|█████████▋| 115/118 [00:43<00:01,  2.74it/s]
 98%|█████████▊| 116/118 [00:44<00:00,  2.76it/s]
 99%|█████████▉| 117/118 [00:44<00:00,  2.77it/s]
100%|██████████| 118/118 [00:44<00:00,  3.44it/s]
100%|██████████| 118/118 [00:44<00:00,  2.64it/s]
Evaluation for task 6 has started.
['lion', 'bed', 'leopard', 'rabbit', 'skyscraper']

  0%|          | 0/21 [00:00<?, ?it/s]
  5%|▍         | 1/21 [00:01<00:23,  1.16s/it]
 10%|▉         | 2/21 [00:02<00:18,  1.02it/s]
 14%|█▍        | 3/21 [00:03<00:18,  1.02s/it]
 19%|█▉        | 4/21 [00:04<00:17,  1.03s/it]
 24%|██▍       | 5/21 [00:05<00:16,  1.04s/it]
 29%|██▊       | 6/21 [00:06<00:15,  1.04s/it]
 33%|███▎      | 7/21 [00:07<00:14,  1.05s/it]
 38%|███▊      | 8/21 [00:08<00:13,  1.05s/it]
 43%|████▎     | 9/21 [00:09<00:12,  1.05s/it]
 48%|████▊     | 10/21 [00:10<00:11,  1.05s/it]
 52%|█████▏    | 11/21 [00:11<00:10,  1.05s/it]
 57%|█████▋    | 12/21 [00:12<00:09,  1.05s/it]
 62%|██████▏   | 13/21 [00:13<00:08,  1.06s/it]
 67%|██████▋   | 14/21 [00:14<00:07,  1.06s/it]
 71%|███████▏  | 15/21 [00:15<00:06,  1.06s/it]
 76%|███████▌  | 16/21 [00:16<00:05,  1.05s/it]
 81%|████████  | 17/21 [00:17<00:04,  1.05s/it]
 86%|████████▌ | 18/21 [00:18<00:03,  1.06s/it]
 90%|█████████ | 19/21 [00:19<00:02,  1.06s/it]
 95%|█████████▌| 20/21 [00:20<00:00,  1.02it/s]
100%|██████████| 21/21 [00:22<00:00,  1.09s/it]
100%|██████████| 21/21 [00:22<00:00,  1.05s/it]

  0%|          | 0/125 [00:00<?, ?it/s]
  1%|          | 1/125 [00:00<01:06,  1.87it/s]
  2%|▏         | 2/125 [00:00<00:53,  2.30it/s]
  2%|▏         | 3/125 [00:01<00:48,  2.49it/s]
  3%|▎         | 4/125 [00:01<00:46,  2.59it/s]
  4%|▍         | 5/125 [00:02<00:46,  2.58it/s]
  5%|▍         | 6/125 [00:02<00:45,  2.64it/s]
  6%|▌         | 7/125 [00:02<00:43,  2.68it/s]
  6%|▋         | 8/125 [00:03<00:43,  2.71it/s]
  7%|▋         | 9/125 [00:03<00:42,  2.74it/s]
  8%|▊         | 10/125 [00:03<00:41,  2.74it/s]
  9%|▉         | 11/125 [00:04<00:41,  2.74it/s]
 10%|▉         | 12/125 [00:04<00:41,  2.75it/s]
 10%|█         | 13/125 [00:04<00:40,  2.76it/s]
 11%|█         | 14/125 [00:05<00:41,  2.69it/s]
 12%|█▏        | 15/125 [00:05<00:40,  2.70it/s]
 13%|█▎        | 16/125 [00:06<00:40,  2.67it/s]
 14%|█▎        | 17/125 [00:06<00:40,  2.67it/s]
 14%|█▍        | 18/125 [00:06<00:39,  2.70it/s]
 15%|█▌        | 19/125 [00:07<00:38,  2.73it/s]
 16%|█▌        | 20/125 [00:07<00:38,  2.74it/s]
 17%|█▋        | 21/125 [00:07<00:37,  2.76it/s]
 18%|█▊        | 22/125 [00:08<00:37,  2.74it/s]
 18%|█▊        | 23/125 [00:08<00:37,  2.75it/s]
 19%|█▉        | 24/125 [00:08<00:36,  2.75it/s]
 20%|██        | 25/125 [00:09<00:36,  2.76it/s]
 21%|██        | 26/125 [00:09<00:35,  2.77it/s]
 22%|██▏       | 27/125 [00:10<00:36,  2.69it/s]
 22%|██▏       | 28/125 [00:10<00:36,  2.67it/s]
 23%|██▎       | 29/125 [00:10<00:37,  2.55it/s]
 24%|██▍       | 30/125 [00:11<00:38,  2.48it/s]
 25%|██▍       | 31/125 [00:11<00:37,  2.50it/s]
 26%|██▌       | 32/125 [00:12<00:37,  2.50it/s]
 26%|██▋       | 33/125 [00:12<00:37,  2.47it/s]
 27%|██▋       | 34/125 [00:12<00:37,  2.45it/s]
 28%|██▊       | 35/125 [00:13<00:35,  2.52it/s]
 29%|██▉       | 36/125 [00:13<00:34,  2.58it/s]
 30%|██▉       | 37/125 [00:14<00:34,  2.56it/s]
 30%|███       | 38/125 [00:14<00:33,  2.62it/s]
 31%|███       | 39/125 [00:14<00:33,  2.57it/s]
 32%|███▏      | 40/125 [00:15<00:32,  2.59it/s]
 33%|███▎      | 41/125 [00:15<00:32,  2.60it/s]
 34%|███▎      | 42/125 [00:15<00:31,  2.61it/s]
 34%|███▍      | 43/125 [00:16<00:31,  2.59it/s]
 35%|███▌      | 44/125 [00:16<00:31,  2.60it/s]
 36%|███▌      | 45/125 [00:17<00:30,  2.61it/s]
 37%|███▋      | 46/125 [00:17<00:30,  2.61it/s]
 38%|███▊      | 47/125 [00:17<00:29,  2.60it/s]
 38%|███▊      | 48/125 [00:18<00:29,  2.58it/s]
 39%|███▉      | 49/125 [00:18<00:29,  2.57it/s]
 40%|████      | 50/125 [00:19<00:29,  2.57it/s]
 41%|████      | 51/125 [00:19<00:28,  2.56it/s]
 42%|████▏     | 52/125 [00:19<00:28,  2.56it/s]
 42%|████▏     | 53/125 [00:20<00:28,  2.54it/s]
 43%|████▎     | 54/125 [00:20<00:27,  2.56it/s]
 44%|████▍     | 55/125 [00:21<00:27,  2.58it/s]
 45%|████▍     | 56/125 [00:21<00:26,  2.59it/s]
 46%|████▌     | 57/125 [00:21<00:26,  2.60it/s]
 46%|████▋     | 58/125 [00:22<00:25,  2.61it/s]
 47%|████▋     | 59/125 [00:22<00:25,  2.61it/s]
 48%|████▊     | 60/125 [00:22<00:25,  2.57it/s]
 49%|████▉     | 61/125 [00:23<00:24,  2.58it/s]
 50%|████▉     | 62/125 [00:23<00:24,  2.53it/s]
 50%|█████     | 63/125 [00:24<00:24,  2.56it/s]
 51%|█████     | 64/125 [00:24<00:23,  2.62it/s]
 52%|█████▏    | 65/125 [00:24<00:23,  2.59it/s]
 53%|█████▎    | 66/125 [00:25<00:22,  2.60it/s]
 54%|█████▎    | 67/125 [00:25<00:22,  2.61it/s]
 54%|█████▍    | 68/125 [00:26<00:22,  2.55it/s]
 55%|█████▌    | 69/125 [00:26<00:21,  2.61it/s]
 56%|█████▌    | 70/125 [00:26<00:20,  2.66it/s]
 57%|█████▋    | 71/125 [00:27<00:20,  2.70it/s]
 58%|█████▊    | 72/125 [00:27<00:19,  2.72it/s]
 58%|█████▊    | 73/125 [00:27<00:19,  2.74it/s]
 59%|█████▉    | 74/125 [00:28<00:18,  2.75it/s]
 60%|██████    | 75/125 [00:28<00:18,  2.76it/s]
 61%|██████    | 76/125 [00:28<00:17,  2.76it/s]
 62%|██████▏   | 77/125 [00:29<00:17,  2.73it/s]
 62%|██████▏   | 78/125 [00:29<00:17,  2.74it/s]
 63%|██████▎   | 79/125 [00:30<00:16,  2.71it/s]
 64%|██████▍   | 80/125 [00:30<00:16,  2.69it/s]
 65%|██████▍   | 81/125 [00:30<00:16,  2.67it/s]
 66%|██████▌   | 82/125 [00:31<00:16,  2.65it/s]
 66%|██████▋   | 83/125 [00:31<00:15,  2.64it/s]
 67%|██████▋   | 84/125 [00:31<00:15,  2.64it/s]
 68%|██████▊   | 85/125 [00:32<00:15,  2.64it/s]
 69%|██████▉   | 86/125 [00:32<00:15,  2.55it/s]
 70%|██████▉   | 87/125 [00:33<00:14,  2.55it/s]
 70%|███████   | 88/125 [00:33<00:14,  2.55it/s]
 71%|███████   | 89/125 [00:33<00:14,  2.50it/s]
 72%|███████▏  | 90/125 [00:34<00:14,  2.48it/s]
 73%|███████▎  | 91/125 [00:34<00:13,  2.43it/s]
 74%|███████▎  | 92/125 [00:35<00:13,  2.49it/s]
 74%|███████▍  | 93/125 [00:35<00:12,  2.53it/s]
 75%|███████▌  | 94/125 [00:35<00:12,  2.56it/s]
 76%|███████▌  | 95/125 [00:36<00:11,  2.57it/s]
 77%|███████▋  | 96/125 [00:36<00:11,  2.58it/s]
 78%|███████▊  | 97/125 [00:37<00:10,  2.59it/s]
 78%|███████▊  | 98/125 [00:37<00:10,  2.60it/s]
 79%|███████▉  | 99/125 [00:37<00:09,  2.60it/s]
 80%|████████  | 100/125 [00:38<00:09,  2.61it/s]
 81%|████████  | 101/125 [00:38<00:09,  2.61it/s]
 82%|████████▏ | 102/125 [00:39<00:08,  2.62it/s]
 82%|████████▏ | 103/125 [00:39<00:08,  2.58it/s]
 83%|████████▎ | 104/125 [00:39<00:08,  2.50it/s]
 84%|████████▍ | 105/125 [00:40<00:08,  2.48it/s]
 85%|████████▍ | 106/125 [00:40<00:07,  2.51it/s]
 86%|████████▌ | 107/125 [00:40<00:06,  2.57it/s]
 86%|████████▋ | 108/125 [00:41<00:06,  2.62it/s]
 87%|████████▋ | 109/125 [00:41<00:06,  2.63it/s]
 88%|████████▊ | 110/125 [00:42<00:05,  2.67it/s]
 89%|████████▉ | 111/125 [00:42<00:05,  2.65it/s]
 90%|████████▉ | 112/125 [00:42<00:04,  2.66it/s]
 90%|█████████ | 113/125 [00:43<00:04,  2.62it/s]
 91%|█████████ | 114/125 [00:43<00:04,  2.58it/s]
 92%|█████████▏| 115/125 [00:44<00:03,  2.53it/s]
 93%|█████████▎| 116/125 [00:44<00:03,  2.51it/s]
 94%|█████████▎| 117/125 [00:44<00:03,  2.49it/s]
 94%|█████████▍| 118/125 [00:45<00:02,  2.45it/s]
 95%|█████████▌| 119/125 [00:45<00:02,  2.41it/s]
 96%|█████████▌| 120/125 [00:46<00:02,  2.45it/s]
 97%|█████████▋| 121/125 [00:46<00:01,  2.48it/s]
 98%|█████████▊| 122/125 [00:46<00:01,  2.50it/s]
 98%|█████████▊| 123/125 [00:47<00:00,  2.52it/s]
 99%|█████████▉| 124/125 [00:47<00:00,  2.55it/s]
100%|██████████| 125/125 [00:48<00:00,  2.46it/s]
100%|██████████| 125/125 [00:48<00:00,  2.60it/s]
Evaluation for task 7 has started.
['lamp', 'dolphin', 'cloud', 'tank', 'baby']

  0%|          | 0/21 [00:00<?, ?it/s]
  5%|▍         | 1/21 [00:01<00:22,  1.14s/it]
 10%|▉         | 2/21 [00:01<00:18,  1.03it/s]
 14%|█▍        | 3/21 [00:03<00:18,  1.01s/it]
 19%|█▉        | 4/21 [00:04<00:17,  1.03s/it]
 24%|██▍       | 5/21 [00:05<00:16,  1.04s/it]
 29%|██▊       | 6/21 [00:06<00:15,  1.04s/it]
 33%|███▎      | 7/21 [00:07<00:14,  1.05s/it]
 38%|███▊      | 8/21 [00:08<00:13,  1.05s/it]
 43%|████▎     | 9/21 [00:09<00:12,  1.05s/it]
 48%|████▊     | 10/21 [00:10<00:11,  1.05s/it]
 52%|█████▏    | 11/21 [00:11<00:10,  1.05s/it]
 57%|█████▋    | 12/21 [00:12<00:09,  1.05s/it]
 62%|██████▏   | 13/21 [00:13<00:08,  1.06s/it]
 67%|██████▋   | 14/21 [00:14<00:07,  1.06s/it]
 71%|███████▏  | 15/21 [00:15<00:06,  1.06s/it]
 76%|███████▌  | 16/21 [00:16<00:05,  1.06s/it]
 81%|████████  | 17/21 [00:17<00:04,  1.06s/it]
 86%|████████▌ | 18/21 [00:18<00:03,  1.06s/it]
 90%|█████████ | 19/21 [00:19<00:02,  1.06s/it]
 95%|█████████▌| 20/21 [00:20<00:00,  1.02it/s]
100%|██████████| 21/21 [00:22<00:00,  1.09s/it]
100%|██████████| 21/21 [00:22<00:00,  1.05s/it]

  0%|          | 0/133 [00:00<?, ?it/s]
  1%|          | 1/133 [00:00<01:13,  1.80it/s]
  2%|▏         | 2/133 [00:00<01:00,  2.18it/s]
  2%|▏         | 3/133 [00:01<00:55,  2.35it/s]
  3%|▎         | 4/133 [00:01<00:53,  2.43it/s]
  4%|▍         | 5/133 [00:02<00:51,  2.48it/s]
  5%|▍         | 6/133 [00:02<00:50,  2.52it/s]
  5%|▌         | 7/133 [00:02<00:49,  2.55it/s]
  6%|▌         | 8/133 [00:03<00:48,  2.56it/s]
  7%|▋         | 9/133 [00:03<00:48,  2.58it/s]
  8%|▊         | 10/133 [00:04<00:47,  2.59it/s]
  8%|▊         | 11/133 [00:04<00:47,  2.60it/s]
  9%|▉         | 12/133 [00:04<00:46,  2.60it/s]
 10%|▉         | 13/133 [00:05<00:45,  2.63it/s]
 11%|█         | 14/133 [00:05<00:44,  2.67it/s]
 11%|█▏        | 15/133 [00:05<00:45,  2.58it/s]
 12%|█▏        | 16/133 [00:06<00:44,  2.63it/s]
 13%|█▎        | 17/133 [00:06<00:43,  2.67it/s]
 14%|█▎        | 18/133 [00:07<00:42,  2.69it/s]
 14%|█▍        | 19/133 [00:07<00:41,  2.72it/s]
 15%|█▌        | 20/133 [00:07<00:41,  2.72it/s]
 16%|█▌        | 21/133 [00:08<00:41,  2.73it/s]
 17%|█▋        | 22/133 [00:08<00:42,  2.62it/s]
 17%|█▋        | 23/133 [00:08<00:42,  2.61it/s]
 18%|█▊        | 24/133 [00:09<00:41,  2.60it/s]
 19%|█▉        | 25/133 [00:09<00:41,  2.60it/s]
 20%|█▉        | 26/133 [00:10<00:41,  2.60it/s]
 20%|██        | 27/133 [00:10<00:40,  2.59it/s]
 21%|██        | 28/133 [00:10<00:40,  2.59it/s]
 22%|██▏       | 29/133 [00:11<00:40,  2.58it/s]
 23%|██▎       | 30/133 [00:11<00:40,  2.57it/s]
 23%|██▎       | 31/133 [00:12<00:39,  2.57it/s]
 24%|██▍       | 32/133 [00:12<00:39,  2.57it/s]
 25%|██▍       | 33/133 [00:12<00:38,  2.58it/s]
 26%|██▌       | 34/133 [00:13<00:42,  2.31it/s]
 26%|██▋       | 35/133 [00:13<00:40,  2.39it/s]
 27%|██▋       | 36/133 [00:14<00:39,  2.44it/s]
 28%|██▊       | 37/133 [00:14<00:44,  2.14it/s]
 29%|██▊       | 38/133 [00:15<00:41,  2.29it/s]
 29%|██▉       | 39/133 [00:15<00:38,  2.41it/s]
 30%|███       | 40/133 [00:15<00:42,  2.21it/s]
 31%|███       | 41/133 [00:16<00:39,  2.35it/s]
 32%|███▏      | 42/133 [00:16<00:36,  2.46it/s]
 32%|███▏      | 43/133 [00:17<00:36,  2.50it/s]
 33%|███▎      | 44/133 [00:17<00:34,  2.57it/s]
 34%|███▍      | 45/133 [00:17<00:35,  2.50it/s]
 35%|███▍      | 46/133 [00:18<00:33,  2.57it/s]
 35%|███▌      | 47/133 [00:18<00:35,  2.42it/s]
 36%|███▌      | 48/133 [00:19<00:33,  2.50it/s]
 37%|███▋      | 49/133 [00:19<00:36,  2.29it/s]
 38%|███▊      | 50/133 [00:19<00:34,  2.40it/s]
 38%|███▊      | 51/133 [00:20<00:32,  2.50it/s]
 39%|███▉      | 52/133 [00:20<00:32,  2.48it/s]
 40%|███▉      | 53/133 [00:21<00:31,  2.56it/s]
 41%|████      | 54/133 [00:21<00:33,  2.35it/s]
 41%|████▏     | 55/133 [00:21<00:31,  2.46it/s]
 42%|████▏     | 56/133 [00:22<00:30,  2.54it/s]
 43%|████▎     | 57/133 [00:22<00:29,  2.56it/s]
 44%|████▎     | 58/133 [00:23<00:28,  2.61it/s]
 44%|████▍     | 59/133 [00:23<00:30,  2.40it/s]
 45%|████▌     | 60/133 [00:23<00:29,  2.49it/s]
 46%|████▌     | 61/133 [00:24<00:28,  2.52it/s]
 47%|████▋     | 62/133 [00:24<00:30,  2.31it/s]
 47%|████▋     | 63/133 [00:25<00:28,  2.43it/s]
 48%|████▊     | 64/133 [00:25<00:27,  2.52it/s]
 49%|████▉     | 65/133 [00:25<00:26,  2.53it/s]
 50%|████▉     | 66/133 [00:26<00:25,  2.59it/s]
 50%|█████     | 67/133 [00:26<00:29,  2.22it/s]
 51%|█████     | 68/133 [00:27<00:28,  2.32it/s]
 52%|█████▏    | 69/133 [00:27<00:26,  2.40it/s]
 53%|█████▎    | 70/133 [00:28<00:29,  2.16it/s]
 53%|█████▎    | 71/133 [00:28<00:27,  2.27it/s]
 54%|█████▍    | 72/133 [00:29<00:25,  2.35it/s]
 55%|█████▍    | 73/133 [00:29<00:27,  2.15it/s]
 56%|█████▌    | 74/133 [00:29<00:26,  2.27it/s]
 56%|█████▋    | 75/133 [00:30<00:24,  2.36it/s]
 57%|█████▋    | 76/133 [00:30<00:23,  2.43it/s]
 58%|█████▊    | 77/133 [00:31<00:22,  2.48it/s]
 59%|█████▊    | 78/133 [00:31<00:24,  2.21it/s]
 59%|█████▉    | 79/133 [00:32<00:23,  2.32it/s]
 60%|██████    | 80/133 [00:32<00:22,  2.39it/s]
 61%|██████    | 81/133 [00:33<00:32,  1.60it/s]
 62%|██████▏   | 82/133 [00:33<00:28,  1.81it/s]
 62%|██████▏   | 83/133 [00:34<00:25,  1.97it/s]
 63%|██████▎   | 84/133 [00:34<00:26,  1.88it/s]
 64%|██████▍   | 85/133 [00:35<00:23,  2.04it/s]
 65%|██████▍   | 86/133 [00:35<00:21,  2.18it/s]
 65%|██████▌   | 87/133 [00:36<00:24,  1.87it/s]
 66%|██████▌   | 88/133 [00:36<00:21,  2.07it/s]
 67%|██████▋   | 89/133 [00:37<00:19,  2.21it/s]
 68%|██████▊   | 90/133 [00:37<00:18,  2.32it/s]
 68%|██████▊   | 91/133 [00:37<00:17,  2.42it/s]
 69%|██████▉   | 92/133 [00:38<00:16,  2.47it/s]
 70%|██████▉   | 93/133 [00:38<00:15,  2.55it/s]
 71%|███████   | 94/133 [00:39<00:15,  2.48it/s]
 71%|███████▏  | 95/133 [00:39<00:15,  2.52it/s]
 72%|███████▏  | 96/133 [00:39<00:15,  2.39it/s]
 73%|███████▎  | 97/133 [00:40<00:14,  2.49it/s]
 74%|███████▎  | 98/133 [00:40<00:13,  2.56it/s]
 74%|███████▍  | 99/133 [00:41<00:13,  2.53it/s]
 75%|███████▌  | 100/133 [00:41<00:12,  2.58it/s]
 76%|███████▌  | 101/133 [00:41<00:12,  2.48it/s]
 77%|███████▋  | 102/133 [00:42<00:12,  2.55it/s]
 77%|███████▋  | 103/133 [00:42<00:12,  2.40it/s]
 78%|███████▊  | 104/133 [00:43<00:11,  2.49it/s]
 79%|███████▉  | 105/133 [00:43<00:10,  2.57it/s]
 80%|███████▉  | 106/133 [00:43<00:10,  2.59it/s]
 80%|████████  | 107/133 [00:44<00:09,  2.64it/s]
 81%|████████  | 108/133 [00:44<00:10,  2.29it/s]
 82%|████████▏ | 109/133 [00:45<00:10,  2.38it/s]
 83%|████████▎ | 110/133 [00:45<00:09,  2.41it/s]
 83%|████████▎ | 111/133 [00:45<00:08,  2.47it/s]
 84%|████████▍ | 112/133 [00:46<00:08,  2.51it/s]
 85%|████████▍ | 113/133 [00:46<00:07,  2.54it/s]
 86%|████████▌ | 114/133 [00:47<00:07,  2.56it/s]
 86%|████████▋ | 115/133 [00:47<00:06,  2.58it/s]
 87%|████████▋ | 116/133 [00:47<00:06,  2.59it/s]
 88%|████████▊ | 117/133 [00:48<00:06,  2.60it/s]
 89%|████████▊ | 118/133 [00:48<00:05,  2.61it/s]
 89%|████████▉ | 119/133 [00:49<00:05,  2.61it/s]
 90%|█████████ | 120/133 [00:49<00:04,  2.61it/s]
 91%|█████████ | 121/133 [00:49<00:04,  2.61it/s]
 92%|█████████▏| 122/133 [00:50<00:04,  2.62it/s]
 92%|█████████▏| 123/133 [00:50<00:03,  2.61it/s]
 93%|█████████▎| 124/133 [00:50<00:03,  2.54it/s]
 94%|█████████▍| 125/133 [00:51<00:03,  2.53it/s]
 95%|█████████▍| 126/133 [00:51<00:02,  2.45it/s]
 95%|█████████▌| 127/133 [00:52<00:02,  2.48it/s]
 96%|█████████▌| 128/133 [00:52<00:01,  2.52it/s]
 97%|█████████▋| 129/133 [00:52<00:01,  2.55it/s]
 98%|█████████▊| 130/133 [00:53<00:01,  2.57it/s]
 98%|█████████▊| 131/133 [00:53<00:00,  2.58it/s]
 99%|█████████▉| 132/133 [00:54<00:00,  2.59it/s]
100%|██████████| 133/133 [00:54<00:00,  2.72it/s]
100%|██████████| 133/133 [00:54<00:00,  2.44it/s]
Evaluation for task 8 has started.
['whale', 'palm_tree', 'motorcycle', 'sea', 'possum']

  0%|          | 0/21 [00:00<?, ?it/s]
  5%|▍         | 1/21 [00:01<00:23,  1.16s/it]
 10%|▉         | 2/21 [00:02<00:18,  1.02it/s]
 14%|█▍        | 3/21 [00:03<00:18,  1.01s/it]
 19%|█▉        | 4/21 [00:04<00:17,  1.03s/it]
 24%|██▍       | 5/21 [00:05<00:16,  1.04s/it]
 29%|██▊       | 6/21 [00:06<00:15,  1.04s/it]
 33%|███▎      | 7/21 [00:07<00:14,  1.05s/it]
 38%|███▊      | 8/21 [00:08<00:13,  1.05s/it]
 43%|████▎     | 9/21 [00:09<00:12,  1.05s/it]
 48%|████▊     | 10/21 [00:10<00:11,  1.05s/it]
 52%|█████▏    | 11/21 [00:11<00:10,  1.05s/it]
 57%|█████▋    | 12/21 [00:12<00:09,  1.05s/it]
 62%|██████▏   | 13/21 [00:13<00:08,  1.05s/it]
 67%|██████▋   | 14/21 [00:14<00:07,  1.05s/it]
 71%|███████▏  | 15/21 [00:15<00:06,  1.05s/it]
 76%|███████▌  | 16/21 [00:16<00:05,  1.05s/it]
 81%|████████  | 17/21 [00:17<00:04,  1.05s/it]
 86%|████████▌ | 18/21 [00:18<00:03,  1.05s/it]
 90%|█████████ | 19/21 [00:19<00:02,  1.06s/it]
 95%|█████████▌| 20/21 [00:20<00:00,  1.02it/s]
100%|██████████| 21/21 [00:22<00:00,  1.08s/it]
100%|██████████| 21/21 [00:22<00:00,  1.05s/it]

  0%|          | 0/141 [00:00<?, ?it/s]
  1%|          | 1/141 [00:00<01:17,  1.80it/s]
  1%|▏         | 2/141 [00:00<01:06,  2.10it/s]
  2%|▏         | 3/141 [00:01<01:00,  2.29it/s]
  3%|▎         | 4/141 [00:01<00:58,  2.33it/s]
  4%|▎         | 5/141 [00:02<00:56,  2.42it/s]
  4%|▍         | 6/141 [00:02<00:54,  2.46it/s]
  5%|▍         | 7/141 [00:02<00:53,  2.50it/s]
  6%|▌         | 8/141 [00:03<00:52,  2.53it/s]
  6%|▋         | 9/141 [00:03<00:51,  2.54it/s]
  7%|▋         | 10/141 [00:04<00:51,  2.55it/s]
  8%|▊         | 11/141 [00:04<00:50,  2.56it/s]
  9%|▊         | 12/141 [00:04<00:50,  2.57it/s]
  9%|▉         | 13/141 [00:05<00:50,  2.53it/s]
 10%|▉         | 14/141 [00:05<00:49,  2.54it/s]
 11%|█         | 15/141 [00:06<00:49,  2.55it/s]
 11%|█▏        | 16/141 [00:06<00:48,  2.56it/s]
 12%|█▏        | 17/141 [00:06<00:48,  2.57it/s]
 13%|█▎        | 18/141 [00:07<00:47,  2.57it/s]
 13%|█▎        | 19/141 [00:07<00:47,  2.58it/s]
 14%|█▍        | 20/141 [00:08<00:46,  2.58it/s]
 15%|█▍        | 21/141 [00:08<00:46,  2.57it/s]
 16%|█▌        | 22/141 [00:08<00:46,  2.58it/s]
 16%|█▋        | 23/141 [00:09<00:45,  2.59it/s]
 17%|█▋        | 24/141 [00:09<00:45,  2.59it/s]
 18%|█▊        | 25/141 [00:09<00:45,  2.55it/s]
 18%|█▊        | 26/141 [00:10<00:47,  2.41it/s]
 19%|█▉        | 27/141 [00:10<00:46,  2.45it/s]
 20%|█▉        | 28/141 [00:11<00:45,  2.48it/s]
 21%|██        | 29/141 [00:11<00:44,  2.51it/s]
 21%|██▏       | 30/141 [00:11<00:43,  2.53it/s]
 22%|██▏       | 31/141 [00:12<00:43,  2.54it/s]
 23%|██▎       | 32/141 [00:12<00:42,  2.55it/s]
 23%|██▎       | 33/141 [00:13<00:42,  2.56it/s]
 24%|██▍       | 34/141 [00:13<00:41,  2.57it/s]
 25%|██▍       | 35/141 [00:13<00:40,  2.61it/s]
 26%|██▌       | 36/141 [00:14<00:39,  2.64it/s]
 26%|██▌       | 37/141 [00:14<00:38,  2.67it/s]
 27%|██▋       | 38/141 [00:15<00:38,  2.68it/s]
 28%|██▊       | 39/141 [00:15<00:37,  2.70it/s]
 28%|██▊       | 40/141 [00:15<00:37,  2.70it/s]
 29%|██▉       | 41/141 [00:16<00:37,  2.69it/s]
 30%|██▉       | 42/141 [00:16<00:36,  2.70it/s]
 30%|███       | 43/141 [00:16<00:36,  2.69it/s]
 31%|███       | 44/141 [00:17<00:35,  2.70it/s]
 32%|███▏      | 45/141 [00:17<00:35,  2.71it/s]
 33%|███▎      | 46/141 [00:17<00:34,  2.72it/s]
 33%|███▎      | 47/141 [00:18<00:34,  2.72it/s]
 34%|███▍      | 48/141 [00:18<00:34,  2.72it/s]
 35%|███▍      | 49/141 [00:19<00:33,  2.73it/s]
 35%|███▌      | 50/141 [00:19<00:33,  2.73it/s]
 36%|███▌      | 51/141 [00:19<00:32,  2.73it/s]
 37%|███▋      | 52/141 [00:20<00:32,  2.74it/s]
 38%|███▊      | 53/141 [00:20<00:32,  2.74it/s]
 38%|███▊      | 54/141 [00:20<00:31,  2.74it/s]
 39%|███▉      | 55/141 [00:21<00:31,  2.74it/s]
 40%|███▉      | 56/141 [00:21<00:31,  2.74it/s]
 40%|████      | 57/141 [00:21<00:30,  2.74it/s]
 41%|████      | 58/141 [00:22<00:30,  2.74it/s]
 42%|████▏     | 59/141 [00:22<00:29,  2.74it/s]
 43%|████▎     | 60/141 [00:23<00:29,  2.74it/s]
 43%|████▎     | 61/141 [00:23<00:29,  2.74it/s]
 44%|████▍     | 62/141 [00:23<00:28,  2.74it/s]
 45%|████▍     | 63/141 [00:24<00:28,  2.74it/s]
 45%|████▌     | 64/141 [00:24<00:29,  2.60it/s]
 46%|████▌     | 65/141 [00:25<00:29,  2.55it/s]
 47%|████▋     | 66/141 [00:25<00:29,  2.53it/s]
 48%|████▊     | 67/141 [00:25<00:29,  2.54it/s]
 48%|████▊     | 68/141 [00:26<00:28,  2.56it/s]
 49%|████▉     | 69/141 [00:26<00:28,  2.56it/s]
 50%|████▉     | 70/141 [00:26<00:27,  2.57it/s]
 50%|█████     | 71/141 [00:27<00:27,  2.56it/s]
 51%|█████     | 72/141 [00:27<00:26,  2.56it/s]
 52%|█████▏    | 73/141 [00:28<00:26,  2.56it/s]
 52%|█████▏    | 74/141 [00:28<00:26,  2.56it/s]
 53%|█████▎    | 75/141 [00:28<00:26,  2.46it/s]
 54%|█████▍    | 76/141 [00:29<00:26,  2.49it/s]
 55%|█████▍    | 77/141 [00:29<00:25,  2.51it/s]
 55%|█████▌    | 78/141 [00:30<00:25,  2.52it/s]
 56%|█████▌    | 79/141 [00:30<00:24,  2.53it/s]
 57%|█████▋    | 80/141 [00:30<00:23,  2.54it/s]
 57%|█████▋    | 81/141 [00:31<00:23,  2.55it/s]
 58%|█████▊    | 82/141 [00:31<00:23,  2.56it/s]
 59%|█████▉    | 83/141 [00:32<00:22,  2.56it/s]
 60%|█████▉    | 84/141 [00:32<00:22,  2.56it/s]
 60%|██████    | 85/141 [00:32<00:21,  2.57it/s]
 61%|██████    | 86/141 [00:33<00:21,  2.57it/s]
 62%|██████▏   | 87/141 [00:33<00:21,  2.57it/s]
 62%|██████▏   | 88/141 [00:34<00:20,  2.57it/s]
 63%|██████▎   | 89/141 [00:34<00:21,  2.47it/s]
 64%|██████▍   | 90/141 [00:34<00:20,  2.49it/s]
 65%|██████▍   | 91/141 [00:35<00:19,  2.51it/s]
 65%|██████▌   | 92/141 [00:35<00:19,  2.53it/s]
 66%|██████▌   | 93/141 [00:36<00:18,  2.54it/s]
 67%|██████▋   | 94/141 [00:36<00:18,  2.55it/s]
 67%|██████▋   | 95/141 [00:36<00:17,  2.56it/s]
 68%|██████▊   | 96/141 [00:37<00:17,  2.56it/s]
 69%|██████▉   | 97/141 [00:37<00:17,  2.57it/s]
 70%|██████▉   | 98/141 [00:37<00:16,  2.57it/s]
 70%|███████   | 99/141 [00:38<00:16,  2.57it/s]
 71%|███████   | 100/141 [00:38<00:15,  2.57it/s]
 72%|███████▏  | 101/141 [00:39<00:15,  2.56it/s]
 72%|███████▏  | 102/141 [00:39<00:14,  2.60it/s]
 73%|███████▎  | 103/141 [00:39<00:14,  2.64it/s]
 74%|███████▍  | 104/141 [00:40<00:13,  2.66it/s]
 74%|███████▍  | 105/141 [00:40<00:13,  2.68it/s]
 75%|███████▌  | 106/141 [00:40<00:12,  2.69it/s]
 76%|███████▌  | 107/141 [00:41<00:12,  2.70it/s]
 77%|███████▋  | 108/141 [00:41<00:12,  2.70it/s]
 77%|███████▋  | 109/141 [00:42<00:11,  2.69it/s]
 78%|███████▊  | 110/141 [00:42<00:11,  2.69it/s]
 79%|███████▊  | 111/141 [00:42<00:11,  2.69it/s]
 79%|███████▉  | 112/141 [00:43<00:10,  2.70it/s]
 80%|████████  | 113/141 [00:43<00:10,  2.71it/s]
 81%|████████  | 114/141 [00:43<00:09,  2.72it/s]
 82%|████████▏ | 115/141 [00:44<00:09,  2.72it/s]
 82%|████████▏ | 116/141 [00:44<00:09,  2.73it/s]
 83%|████████▎ | 117/141 [00:45<00:08,  2.73it/s]
 84%|████████▎ | 118/141 [00:45<00:08,  2.73it/s]
 84%|████████▍ | 119/141 [00:45<00:08,  2.73it/s]
 85%|████████▌ | 120/141 [00:46<00:07,  2.73it/s]
 86%|████████▌ | 121/141 [00:46<00:07,  2.73it/s]
 87%|████████▋ | 122/141 [00:46<00:06,  2.73it/s]
 87%|████████▋ | 123/141 [00:47<00:06,  2.73it/s]
 88%|████████▊ | 124/141 [00:47<00:06,  2.73it/s]
 89%|████████▊ | 125/141 [00:47<00:05,  2.73it/s]
 89%|████████▉ | 126/141 [00:48<00:05,  2.73it/s]
 90%|█████████ | 127/141 [00:48<00:05,  2.73it/s]
 91%|█████████ | 128/141 [00:49<00:04,  2.74it/s]
 91%|█████████▏| 129/141 [00:49<00:04,  2.74it/s]
 92%|█████████▏| 130/141 [00:49<00:04,  2.60it/s]
 93%|█████████▎| 131/141 [00:50<00:03,  2.59it/s]
 94%|█████████▎| 132/141 [00:50<00:03,  2.59it/s]
 94%|█████████▍| 133/141 [00:51<00:03,  2.59it/s]
 95%|█████████▌| 134/141 [00:51<00:02,  2.57it/s]
 96%|█████████▌| 135/141 [00:51<00:02,  2.58it/s]
 96%|█████████▋| 136/141 [00:52<00:01,  2.58it/s]
 97%|█████████▋| 137/141 [00:52<00:01,  2.58it/s]
 98%|█████████▊| 138/141 [00:52<00:01,  2.58it/s]
 99%|█████████▊| 139/141 [00:53<00:00,  2.58it/s]
 99%|█████████▉| 140/141 [00:53<00:00,  2.58it/s]
100%|██████████| 141/141 [00:54<00:00,  2.84it/s]
100%|██████████| 141/141 [00:54<00:00,  2.61it/s]
Evaluation for task 9 has started.
['woman', 'bus', 'worm', 'beetle', 'fox']

  0%|          | 0/21 [00:00<?, ?it/s]
  5%|▍         | 1/21 [00:01<00:22,  1.15s/it]
 10%|▉         | 2/21 [00:01<00:18,  1.03it/s]
 14%|█▍        | 3/21 [00:03<00:18,  1.01s/it]
 19%|█▉        | 4/21 [00:04<00:17,  1.02s/it]
 24%|██▍       | 5/21 [00:05<00:16,  1.03s/it]
 29%|██▊       | 6/21 [00:06<00:15,  1.04s/it]
 33%|███▎      | 7/21 [00:07<00:14,  1.05s/it]
 38%|███▊      | 8/21 [00:08<00:13,  1.05s/it]
 43%|████▎     | 9/21 [00:09<00:12,  1.05s/it]
 48%|████▊     | 10/21 [00:10<00:11,  1.05s/it]
 52%|█████▏    | 11/21 [00:11<00:10,  1.05s/it]
 57%|█████▋    | 12/21 [00:12<00:09,  1.05s/it]
 62%|██████▏   | 13/21 [00:13<00:08,  1.05s/it]
 67%|██████▋   | 14/21 [00:14<00:07,  1.05s/it]
 71%|███████▏  | 15/21 [00:15<00:06,  1.05s/it]
 76%|███████▌  | 16/21 [00:16<00:05,  1.05s/it]
 81%|████████  | 17/21 [00:17<00:04,  1.05s/it]
 86%|████████▌ | 18/21 [00:18<00:03,  1.05s/it]
 90%|█████████ | 19/21 [00:19<00:02,  1.06s/it]
 95%|█████████▌| 20/21 [00:20<00:00,  1.03it/s]
100%|██████████| 21/21 [00:22<00:00,  1.08s/it]
100%|██████████| 21/21 [00:22<00:00,  1.05s/it]

  0%|          | 0/149 [00:00<?, ?it/s]
  1%|          | 1/149 [00:00<01:19,  1.86it/s]
  1%|▏         | 2/149 [00:00<01:06,  2.20it/s]
  2%|▏         | 3/149 [00:01<01:02,  2.35it/s]
  3%|▎         | 4/149 [00:01<00:59,  2.42it/s]
  3%|▎         | 5/149 [00:02<01:00,  2.37it/s]
  4%|▍         | 6/149 [00:02<00:57,  2.48it/s]
  5%|▍         | 7/149 [00:02<00:55,  2.55it/s]
  5%|▌         | 8/149 [00:03<00:54,  2.60it/s]
  6%|▌         | 9/149 [00:03<00:53,  2.64it/s]
  7%|▋         | 10/149 [00:03<00:52,  2.66it/s]
  7%|▋         | 11/149 [00:04<00:53,  2.59it/s]
  8%|▊         | 12/149 [00:04<00:52,  2.63it/s]
  9%|▊         | 13/149 [00:05<00:52,  2.61it/s]
  9%|▉         | 14/149 [00:05<00:52,  2.60it/s]
 10%|█         | 15/149 [00:05<00:51,  2.59it/s]
 11%|█         | 16/149 [00:06<00:51,  2.58it/s]
 11%|█▏        | 17/149 [00:06<00:51,  2.58it/s]
 12%|█▏        | 18/149 [00:07<00:50,  2.58it/s]
 13%|█▎        | 19/149 [00:07<00:50,  2.58it/s]
 13%|█▎        | 20/149 [00:07<00:50,  2.57it/s]
 14%|█▍        | 21/149 [00:08<00:49,  2.57it/s]
 15%|█▍        | 22/149 [00:08<00:49,  2.57it/s]
 15%|█▌        | 23/149 [00:09<00:49,  2.57it/s]
 16%|█▌        | 24/149 [00:09<00:48,  2.57it/s]
 17%|█▋        | 25/149 [00:09<00:48,  2.57it/s]
 17%|█▋        | 26/149 [00:10<00:47,  2.57it/s]
 18%|█▊        | 27/149 [00:10<00:47,  2.56it/s]
 19%|█▉        | 28/149 [00:11<00:47,  2.56it/s]
 19%|█▉        | 29/149 [00:11<00:46,  2.56it/s]
 20%|██        | 30/149 [00:11<00:46,  2.56it/s]
 21%|██        | 31/149 [00:12<00:46,  2.55it/s]
 21%|██▏       | 32/149 [00:12<00:45,  2.55it/s]
 22%|██▏       | 33/149 [00:12<00:45,  2.56it/s]
 23%|██▎       | 34/149 [00:13<00:44,  2.56it/s]
 23%|██▎       | 35/149 [00:13<00:44,  2.56it/s]
 24%|██▍       | 36/149 [00:14<00:44,  2.56it/s]
 25%|██▍       | 37/149 [00:14<00:43,  2.56it/s]
 26%|██▌       | 38/149 [00:14<00:43,  2.56it/s]
 26%|██▌       | 39/149 [00:15<00:42,  2.56it/s]
 27%|██▋       | 40/149 [00:15<00:42,  2.56it/s]
 28%|██▊       | 41/149 [00:16<00:42,  2.56it/s]
 28%|██▊       | 42/149 [00:16<00:41,  2.56it/s]
 29%|██▉       | 43/149 [00:16<00:41,  2.55it/s]
 30%|██▉       | 44/149 [00:17<00:41,  2.55it/s]
 30%|███       | 45/149 [00:17<00:40,  2.55it/s]
 31%|███       | 46/149 [00:18<00:40,  2.55it/s]
 32%|███▏      | 47/149 [00:18<00:39,  2.55it/s]
 32%|███▏      | 48/149 [00:18<00:39,  2.55it/s]
 33%|███▎      | 49/149 [00:19<00:39,  2.56it/s]
 34%|███▎      | 50/149 [00:19<00:38,  2.56it/s]
 34%|███▍      | 51/149 [00:20<00:38,  2.55it/s]
 35%|███▍      | 52/149 [00:20<00:38,  2.54it/s]
 36%|███▌      | 53/149 [00:20<00:37,  2.59it/s]
 36%|███▌      | 54/149 [00:21<00:36,  2.62it/s]
 37%|███▋      | 55/149 [00:21<00:35,  2.65it/s]
 38%|███▊      | 56/149 [00:21<00:37,  2.51it/s]
 38%|███▊      | 57/149 [00:22<00:35,  2.56it/s]
 39%|███▉      | 58/149 [00:22<00:34,  2.61it/s]
 40%|███▉      | 59/149 [00:23<00:34,  2.64it/s]
 40%|████      | 60/149 [00:23<00:34,  2.58it/s]
 41%|████      | 61/149 [00:23<00:33,  2.62it/s]
 42%|████▏     | 62/149 [00:24<00:32,  2.64it/s]
 42%|████▏     | 63/149 [00:24<00:32,  2.66it/s]
 43%|████▎     | 64/149 [00:24<00:31,  2.67it/s]
 44%|████▎     | 65/149 [00:25<00:31,  2.69it/s]
 44%|████▍     | 66/149 [00:25<00:30,  2.69it/s]
 45%|████▍     | 67/149 [00:26<00:31,  2.58it/s]
 46%|████▌     | 68/149 [00:26<00:30,  2.62it/s]
 46%|████▋     | 69/149 [00:26<00:30,  2.65it/s]
 47%|████▋     | 70/149 [00:27<00:29,  2.66it/s]
 48%|████▊     | 71/149 [00:27<00:29,  2.67it/s]
 48%|████▊     | 72/149 [00:27<00:28,  2.69it/s]
 49%|████▉     | 73/149 [00:28<00:28,  2.69it/s]
 50%|████▉     | 74/149 [00:28<00:27,  2.69it/s]
 50%|█████     | 75/149 [00:29<00:27,  2.70it/s]
 51%|█████     | 76/149 [00:29<00:27,  2.64it/s]
 52%|█████▏    | 77/149 [00:29<00:27,  2.64it/s]
 52%|█████▏    | 78/149 [00:30<00:27,  2.54it/s]
 53%|█████▎    | 79/149 [00:30<00:27,  2.56it/s]
 54%|█████▎    | 80/149 [00:31<00:26,  2.61it/s]
 54%|█████▍    | 81/149 [00:31<00:25,  2.64it/s]
 55%|█████▌    | 82/149 [00:31<00:25,  2.65it/s]
 56%|█████▌    | 83/149 [00:32<00:24,  2.67it/s]
 56%|█████▋    | 84/149 [00:32<00:24,  2.68it/s]
 57%|█████▋    | 85/149 [00:32<00:23,  2.69it/s]
 58%|█████▊    | 86/149 [00:33<00:24,  2.61it/s]
 58%|█████▊    | 87/149 [00:33<00:23,  2.60it/s]
 59%|█████▉    | 88/149 [00:34<00:23,  2.59it/s]
 60%|█████▉    | 89/149 [00:34<00:23,  2.58it/s]
 60%|██████    | 90/149 [00:34<00:22,  2.58it/s]
 61%|██████    | 91/149 [00:35<00:22,  2.58it/s]
 62%|██████▏   | 92/149 [00:35<00:22,  2.58it/s]
 62%|██████▏   | 93/149 [00:36<00:21,  2.58it/s]
 63%|██████▎   | 94/149 [00:36<00:21,  2.58it/s]
 64%|██████▍   | 95/149 [00:36<00:20,  2.58it/s]
 64%|██████▍   | 96/149 [00:37<00:20,  2.58it/s]
 65%|██████▌   | 97/149 [00:37<00:20,  2.57it/s]
 66%|██████▌   | 98/149 [00:37<00:19,  2.58it/s]
 66%|██████▋   | 99/149 [00:38<00:19,  2.58it/s]
 67%|██████▋   | 100/149 [00:38<00:19,  2.58it/s]
 68%|██████▊   | 101/149 [00:39<00:18,  2.58it/s]
 68%|██████▊   | 102/149 [00:39<00:18,  2.58it/s]
 69%|██████▉   | 103/149 [00:39<00:17,  2.58it/s]
 70%|██████▉   | 104/149 [00:40<00:17,  2.58it/s]
 70%|███████   | 105/149 [00:40<00:17,  2.58it/s]
 71%|███████   | 106/149 [00:41<00:16,  2.58it/s]
 72%|███████▏  | 107/149 [00:41<00:16,  2.58it/s]
 72%|███████▏  | 108/149 [00:41<00:15,  2.58it/s]
 73%|███████▎  | 109/149 [00:42<00:15,  2.58it/s]
 74%|███████▍  | 110/149 [00:42<00:15,  2.57it/s]
 74%|███████▍  | 111/149 [00:42<00:14,  2.57it/s]
 75%|███████▌  | 112/149 [00:43<00:14,  2.56it/s]
 76%|███████▌  | 113/149 [00:43<00:13,  2.61it/s]
 77%|███████▋  | 114/149 [00:44<00:15,  2.29it/s]
 77%|███████▋  | 115/149 [00:44<00:14,  2.37it/s]
 78%|███████▊  | 116/149 [00:45<00:13,  2.43it/s]
 79%|███████▊  | 117/149 [00:45<00:14,  2.21it/s]
 79%|███████▉  | 118/149 [00:46<00:13,  2.31it/s]
 80%|███████▉  | 119/149 [00:46<00:12,  2.38it/s]
 81%|████████  | 120/149 [00:46<00:13,  2.19it/s]
 81%|████████  | 121/149 [00:47<00:12,  2.32it/s]
 82%|████████▏ | 122/149 [00:47<00:11,  2.42it/s]
 83%|████████▎ | 123/149 [00:48<00:13,  1.91it/s]
 83%|████████▎ | 124/149 [00:48<00:12,  2.03it/s]
 84%|████████▍ | 125/149 [00:50<00:16,  1.47it/s]
 85%|████████▍ | 126/149 [00:50<00:13,  1.69it/s]
 85%|████████▌ | 127/149 [00:50<00:11,  1.85it/s]
 86%|████████▌ | 128/149 [00:51<00:10,  2.04it/s]
 87%|████████▋ | 129/149 [00:51<00:09,  2.17it/s]
 87%|████████▋ | 130/149 [00:51<00:08,  2.27it/s]
 88%|████████▊ | 131/149 [00:52<00:07,  2.33it/s]
 89%|████████▊ | 132/149 [00:52<00:07,  2.13it/s]
 89%|████████▉ | 133/149 [00:53<00:07,  2.25it/s]
 90%|████████▉ | 134/149 [00:53<00:06,  2.33it/s]
 91%|█████████ | 135/149 [00:54<00:06,  2.14it/s]
 91%|█████████▏| 136/149 [00:54<00:05,  2.22it/s]
 92%|█████████▏| 137/149 [00:55<00:05,  2.31it/s]
 93%|█████████▎| 138/149 [00:55<00:05,  2.19it/s]
 93%|█████████▎| 139/149 [00:55<00:04,  2.33it/s]
 94%|█████████▍| 140/149 [00:56<00:04,  2.22it/s]
 95%|█████████▍| 141/149 [00:56<00:03,  2.30it/s]
 95%|█████████▌| 142/149 [00:57<00:02,  2.40it/s]
 96%|█████████▌| 143/149 [00:57<00:02,  2.14it/s]
 97%|█████████▋| 144/149 [00:58<00:02,  2.28it/s]
 97%|█████████▋| 145/149 [00:58<00:01,  2.39it/s]
 98%|█████████▊| 146/149 [00:58<00:01,  2.41it/s]
 99%|█████████▊| 147/149 [00:59<00:00,  2.45it/s]
 99%|█████████▉| 148/149 [00:59<00:00,  2.30it/s]
100%|██████████| 149/149 [01:00<00:00,  2.72it/s]
100%|██████████| 149/149 [01:00<00:00,  2.48it/s]
Evaluation for task 10 has started.
['otter', 'orchid', 'crab', 'girl', 'keyboard']

  0%|          | 0/21 [00:00<?, ?it/s]
  5%|▍         | 1/21 [00:01<00:22,  1.15s/it]
 10%|▉         | 2/21 [00:01<00:18,  1.03it/s]
 14%|█▍        | 3/21 [00:03<00:18,  1.01s/it]
 19%|█▉        | 4/21 [00:04<00:17,  1.03s/it]
 24%|██▍       | 5/21 [00:05<00:16,  1.03s/it]
 29%|██▊       | 6/21 [00:06<00:15,  1.04s/it]
 33%|███▎      | 7/21 [00:07<00:14,  1.04s/it]
 38%|███▊      | 8/21 [00:08<00:13,  1.04s/it]
 43%|████▎     | 9/21 [00:09<00:12,  1.04s/it]
 48%|████▊     | 10/21 [00:10<00:11,  1.05s/it]
 52%|█████▏    | 11/21 [00:11<00:10,  1.05s/it]
 57%|█████▋    | 12/21 [00:12<00:09,  1.05s/it]
 62%|██████▏   | 13/21 [00:13<00:08,  1.05s/it]
 67%|██████▋   | 14/21 [00:14<00:07,  1.05s/it]
 71%|███████▏  | 15/21 [00:15<00:06,  1.05s/it]
 76%|███████▌  | 16/21 [00:16<00:05,  1.05s/it]
 81%|████████  | 17/21 [00:17<00:04,  1.05s/it]
 86%|████████▌ | 18/21 [00:18<00:03,  1.05s/it]
 90%|█████████ | 19/21 [00:19<00:02,  1.05s/it]
 95%|█████████▌| 20/21 [00:20<00:00,  1.03it/s]
100%|██████████| 21/21 [00:22<00:00,  1.09s/it]
100%|██████████| 21/21 [00:22<00:00,  1.05s/it]

  0%|          | 0/157 [00:00<?, ?it/s]
  1%|          | 1/157 [00:00<01:28,  1.76it/s]
  1%|▏         | 2/157 [00:00<01:10,  2.19it/s]
  2%|▏         | 3/157 [00:01<01:04,  2.38it/s]
  3%|▎         | 4/157 [00:01<01:01,  2.48it/s]
  3%|▎         | 5/157 [00:02<00:59,  2.54it/s]
  4%|▍         | 6/157 [00:02<00:58,  2.58it/s]
  4%|▍         | 7/157 [00:02<00:59,  2.54it/s]
  5%|▌         | 8/157 [00:03<00:57,  2.57it/s]
  6%|▌         | 9/157 [00:03<00:56,  2.60it/s]
  6%|▋         | 10/157 [00:04<00:57,  2.57it/s]
  7%|▋         | 11/157 [00:04<00:56,  2.59it/s]
  8%|▊         | 12/157 [00:04<00:55,  2.61it/s]
  8%|▊         | 13/157 [00:05<00:54,  2.63it/s]
  9%|▉         | 14/157 [00:05<00:54,  2.64it/s]
 10%|▉         | 15/157 [00:05<00:53,  2.65it/s]
 10%|█         | 16/157 [00:06<00:53,  2.65it/s]
 11%|█         | 17/157 [00:06<00:52,  2.66it/s]
 11%|█▏        | 18/157 [00:07<00:52,  2.65it/s]
 12%|█▏        | 19/157 [00:07<00:51,  2.66it/s]
 13%|█▎        | 20/157 [00:07<00:51,  2.66it/s]
 13%|█▎        | 21/157 [00:08<00:51,  2.66it/s]
 14%|█▍        | 22/157 [00:08<00:50,  2.65it/s]
 15%|█▍        | 23/157 [00:08<00:50,  2.66it/s]
 15%|█▌        | 24/157 [00:09<00:50,  2.66it/s]
 16%|█▌        | 25/157 [00:09<00:49,  2.66it/s]
 17%|█▋        | 26/157 [00:10<00:49,  2.67it/s]
 17%|█▋        | 27/157 [00:10<00:48,  2.68it/s]
 18%|█▊        | 28/157 [00:10<00:48,  2.68it/s]
 18%|█▊        | 29/157 [00:11<00:47,  2.68it/s]
 19%|█▉        | 30/157 [00:11<00:47,  2.68it/s]
 20%|█▉        | 31/157 [00:11<00:47,  2.68it/s]
 20%|██        | 32/157 [00:12<00:48,  2.57it/s]
 21%|██        | 33/157 [00:12<00:48,  2.55it/s]
 22%|██▏       | 34/157 [00:13<00:48,  2.54it/s]
 22%|██▏       | 35/157 [00:13<00:48,  2.54it/s]
 23%|██▎       | 36/157 [00:13<00:47,  2.54it/s]
 24%|██▎       | 37/157 [00:14<00:47,  2.54it/s]
 24%|██▍       | 38/157 [00:14<00:46,  2.54it/s]
 25%|██▍       | 39/157 [00:15<00:48,  2.46it/s]
 25%|██▌       | 40/157 [00:15<00:47,  2.48it/s]
 26%|██▌       | 41/157 [00:15<00:46,  2.49it/s]
 27%|██▋       | 42/157 [00:16<00:45,  2.50it/s]
 27%|██▋       | 43/157 [00:16<00:46,  2.47it/s]
 28%|██▊       | 44/157 [00:17<00:45,  2.49it/s]
 29%|██▊       | 45/157 [00:17<00:44,  2.50it/s]
 29%|██▉       | 46/157 [00:17<00:44,  2.51it/s]
 30%|██▉       | 47/157 [00:18<00:43,  2.52it/s]
 31%|███       | 48/157 [00:18<00:43,  2.52it/s]
 31%|███       | 49/157 [00:19<00:42,  2.53it/s]
 32%|███▏      | 50/157 [00:19<00:42,  2.53it/s]
 32%|███▏      | 51/157 [00:19<00:41,  2.54it/s]
 33%|███▎      | 52/157 [00:20<00:41,  2.54it/s]
 34%|███▍      | 53/157 [00:20<00:40,  2.54it/s]
 34%|███▍      | 54/157 [00:21<00:40,  2.54it/s]
 35%|███▌      | 55/157 [00:21<00:40,  2.54it/s]
 36%|███▌      | 56/157 [00:21<00:39,  2.55it/s]
 36%|███▋      | 57/157 [00:22<00:41,  2.43it/s]
 37%|███▋      | 58/157 [00:22<00:41,  2.41it/s]
 38%|███▊      | 59/157 [00:23<00:40,  2.45it/s]
 38%|███▊      | 60/157 [00:23<00:38,  2.49it/s]
 39%|███▉      | 61/157 [00:23<00:38,  2.52it/s]
 39%|███▉      | 62/157 [00:24<00:37,  2.51it/s]
 40%|████      | 63/157 [00:24<00:37,  2.54it/s]
 41%|████      | 64/157 [00:25<00:36,  2.56it/s]
 41%|████▏     | 65/157 [00:25<00:36,  2.55it/s]
 42%|████▏     | 66/157 [00:25<00:35,  2.57it/s]
 43%|████▎     | 67/157 [00:26<00:35,  2.54it/s]
 43%|████▎     | 68/157 [00:26<00:35,  2.52it/s]
 44%|████▍     | 69/157 [00:27<00:34,  2.52it/s]
 45%|████▍     | 70/157 [00:27<00:34,  2.52it/s]
 45%|████▌     | 71/157 [00:27<00:34,  2.52it/s]
 46%|████▌     | 72/157 [00:28<00:33,  2.52it/s]
 46%|████▋     | 73/157 [00:28<00:33,  2.51it/s]
 47%|████▋     | 74/157 [00:29<00:33,  2.45it/s]
 48%|████▊     | 75/157 [00:29<00:33,  2.41it/s]
 48%|████▊     | 76/157 [00:29<00:33,  2.43it/s]
 49%|████▉     | 77/157 [00:30<00:32,  2.44it/s]
 50%|████▉     | 78/157 [00:30<00:34,  2.30it/s]
 50%|█████     | 79/157 [00:31<00:33,  2.35it/s]
 51%|█████     | 80/157 [00:31<00:32,  2.40it/s]
 52%|█████▏    | 81/157 [00:31<00:31,  2.43it/s]
 52%|█████▏    | 82/157 [00:32<00:30,  2.46it/s]
 53%|█████▎    | 83/157 [00:32<00:29,  2.48it/s]
 54%|█████▎    | 84/157 [00:33<00:29,  2.50it/s]
 54%|█████▍    | 85/157 [00:33<00:28,  2.51it/s]
 55%|█████▍    | 86/157 [00:33<00:28,  2.50it/s]
 55%|█████▌    | 87/157 [00:34<00:28,  2.45it/s]
 56%|█████▌    | 88/157 [00:34<00:28,  2.46it/s]
 57%|█████▋    | 89/157 [00:35<00:27,  2.44it/s]
 57%|█████▋    | 90/157 [00:35<00:27,  2.44it/s]
 58%|█████▊    | 91/157 [00:36<00:27,  2.36it/s]
 59%|█████▊    | 92/157 [00:36<00:26,  2.42it/s]
 59%|█████▉    | 93/157 [00:36<00:26,  2.39it/s]
 60%|█████▉    | 94/157 [00:37<00:25,  2.44it/s]
 61%|██████    | 95/157 [00:37<00:25,  2.47it/s]
 61%|██████    | 96/157 [00:38<00:24,  2.50it/s]
 62%|██████▏   | 97/157 [00:38<00:23,  2.51it/s]
 62%|██████▏   | 98/157 [00:38<00:23,  2.52it/s]
 63%|██████▎   | 99/157 [00:39<00:22,  2.53it/s]
 64%|██████▎   | 100/157 [00:39<00:22,  2.53it/s]
 64%|██████▍   | 101/157 [00:40<00:22,  2.52it/s]
 65%|██████▍   | 102/157 [00:40<00:21,  2.52it/s]
 66%|██████▌   | 103/157 [00:40<00:21,  2.53it/s]
 66%|██████▌   | 104/157 [00:41<00:20,  2.53it/s]
 67%|██████▋   | 105/157 [00:41<00:20,  2.53it/s]
 68%|██████▊   | 106/157 [00:42<00:20,  2.53it/s]
 68%|██████▊   | 107/157 [00:42<00:19,  2.53it/s]
 69%|██████▉   | 108/157 [00:42<00:19,  2.53it/s]
 69%|██████▉   | 109/157 [00:43<00:18,  2.55it/s]
 70%|███████   | 110/157 [00:43<00:18,  2.55it/s]
 71%|███████   | 111/157 [00:43<00:18,  2.55it/s]
 71%|███████▏  | 112/157 [00:44<00:17,  2.53it/s]
 72%|███████▏  | 113/157 [00:44<00:17,  2.52it/s]
 73%|███████▎  | 114/157 [00:45<00:17,  2.51it/s]
 73%|███████▎  | 115/157 [00:45<00:16,  2.51it/s]
 74%|███████▍  | 116/157 [00:45<00:16,  2.52it/s]
 75%|███████▍  | 117/157 [00:46<00:15,  2.53it/s]
 75%|███████▌  | 118/157 [00:46<00:15,  2.54it/s]
 76%|███████▌  | 119/157 [00:47<00:14,  2.54it/s]
 76%|███████▋  | 120/157 [00:47<00:14,  2.54it/s]
 77%|███████▋  | 121/157 [00:47<00:14,  2.54it/s]
 78%|███████▊  | 122/157 [00:48<00:13,  2.52it/s]
 78%|███████▊  | 123/157 [00:48<00:13,  2.53it/s]
 79%|███████▉  | 124/157 [00:49<00:13,  2.51it/s]
 80%|███████▉  | 125/157 [00:49<00:13,  2.45it/s]
 80%|████████  | 126/157 [00:49<00:12,  2.45it/s]
 81%|████████  | 127/157 [00:50<00:12,  2.36it/s]
 82%|████████▏ | 128/157 [00:50<00:11,  2.45it/s]
 82%|████████▏ | 129/157 [00:51<00:11,  2.52it/s]
 83%|████████▎ | 130/157 [00:51<00:10,  2.57it/s]
 83%|████████▎ | 131/157 [00:51<00:09,  2.60it/s]
 84%|████████▍ | 132/157 [00:52<00:09,  2.63it/s]
 85%|████████▍ | 133/157 [00:52<00:09,  2.65it/s]
 85%|████████▌ | 134/157 [00:53<00:08,  2.66it/s]
 86%|████████▌ | 135/157 [00:53<00:08,  2.67it/s]
 87%|████████▋ | 136/157 [00:53<00:07,  2.67it/s]
 87%|████████▋ | 137/157 [00:54<00:07,  2.67it/s]
 88%|████████▊ | 138/157 [00:54<00:07,  2.65it/s]
 89%|████████▊ | 139/157 [00:54<00:06,  2.64it/s]
 89%|████████▉ | 140/157 [00:55<00:06,  2.62it/s]
 90%|████████▉ | 141/157 [00:55<00:06,  2.62it/s]
 90%|█████████ | 142/157 [00:56<00:05,  2.63it/s]
 91%|█████████ | 143/157 [00:56<00:05,  2.59it/s]
 92%|█████████▏| 144/157 [00:56<00:05,  2.54it/s]
 92%|█████████▏| 145/157 [00:57<00:04,  2.55it/s]
 93%|█████████▎| 146/157 [00:57<00:04,  2.57it/s]
 94%|█████████▎| 147/157 [00:58<00:03,  2.60it/s]
 94%|█████████▍| 148/157 [00:58<00:03,  2.63it/s]
 95%|█████████▍| 149/157 [00:58<00:03,  2.65it/s]
 96%|█████████▌| 150/157 [00:59<00:02,  2.66it/s]
 96%|█████████▌| 151/157 [00:59<00:02,  2.67it/s]
 97%|█████████▋| 152/157 [00:59<00:01,  2.68it/s]
 97%|█████████▋| 153/157 [01:00<00:01,  2.68it/s]
 98%|█████████▊| 154/157 [01:00<00:01,  2.68it/s]
 99%|█████████▊| 155/157 [01:01<00:00,  2.69it/s]
 99%|█████████▉| 156/157 [01:01<00:00,  2.69it/s]
100%|██████████| 157/157 [01:01<00:00,  3.18it/s]
100%|██████████| 157/157 [01:01<00:00,  2.55it/s]

========================================
Finished cifar100_init50_inc5
Backbone: OpenAI CLIP
Base Accuracy: 88.82
Last Accuracy: 78.38
Average Accuracy (Top1): 83.16
========================================

Files already downloaded and verified
<continuum.scenarios.class_incremental.ClassIncremental object at 0x7f25dc0a49a0> <continuum.scenarios.class_incremental.ClassIncremental object at 0x7f25dc0a49a0>
Files already downloaded and verified
Evaluation for task 0 has started.
['television', 'apple', 'oak_tree', 'pickup_truck', 'lizard', 'trout', 'road', 'wolf', 'mushroom', 'camel', 'wardrobe', 'tulip', 'bowl', 'seal', 'mountain', 'snake', 'plate', 'butterfly', 'bicycle', 'telephone', 'table', 'willow_tree', 'caterpillar', 'cockroach', 'flatfish', 'lobster', 'tiger', 'boy', 'beaver', 'ray', 'rocket', 'raccoon', 'snail', 'maple_tree', 'spider', 'turtle', 'dinosaur', 'mouse', 'pear', 'sweet_pepper', 'castle', 'streetcar', 'lawn_mower', 'bridge', 'house', 'pine_tree', 'couch', 'chair', 'squirrel', 'shark']

  0%|          | 0/197 [00:00<?, ?it/s]
  1%|          | 1/197 [00:01<06:11,  1.90s/it]
  1%|          | 2/197 [00:02<03:54,  1.20s/it]
  2%|▏         | 3/197 [00:03<03:43,  1.15s/it]
  2%|▏         | 4/197 [00:04<03:37,  1.13s/it]
  3%|▎         | 5/197 [00:05<03:33,  1.11s/it]
  3%|▎         | 6/197 [00:06<03:30,  1.10s/it]
  4%|▎         | 7/197 [00:08<03:28,  1.10s/it]
  4%|▍         | 8/197 [00:09<03:27,  1.10s/it]
  5%|▍         | 9/197 [00:10<03:25,  1.09s/it]
  5%|▌         | 10/197 [00:11<03:24,  1.10s/it]
  6%|▌         | 11/197 [00:12<03:23,  1.09s/it]
  6%|▌         | 12/197 [00:13<03:21,  1.09s/it]
  7%|▋         | 13/197 [00:14<03:20,  1.09s/it]
  7%|▋         | 14/197 [00:15<03:19,  1.09s/it]
  8%|▊         | 15/197 [00:16<03:18,  1.09s/it]
  8%|▊         | 16/197 [00:17<03:17,  1.09s/it]
  9%|▊         | 17/197 [00:18<03:16,  1.09s/it]
  9%|▉         | 18/197 [00:20<03:15,  1.09s/it]
 10%|▉         | 19/197 [00:21<03:14,  1.09s/it]
 10%|█         | 20/197 [00:22<03:13,  1.09s/it]
 11%|█         | 21/197 [00:23<03:12,  1.09s/it]
 11%|█         | 22/197 [00:24<03:11,  1.09s/it]
 12%|█▏        | 23/197 [00:25<03:10,  1.09s/it]
 12%|█▏        | 24/197 [00:26<03:09,  1.09s/it]
 13%|█▎        | 25/197 [00:27<03:08,  1.09s/it]
 13%|█▎        | 26/197 [00:28<03:07,  1.10s/it]
 14%|█▎        | 27/197 [00:29<03:06,  1.10s/it]
 14%|█▍        | 28/197 [00:31<03:05,  1.10s/it]
 15%|█▍        | 29/197 [00:32<03:03,  1.09s/it]
 15%|█▌        | 30/197 [00:33<03:02,  1.09s/it]
 16%|█▌        | 31/197 [00:34<03:01,  1.09s/it]
 16%|█▌        | 32/197 [00:35<03:00,  1.09s/it]
 17%|█▋        | 33/197 [00:36<02:59,  1.09s/it]
 17%|█▋        | 34/197 [00:37<02:58,  1.10s/it]
 18%|█▊        | 35/197 [00:38<02:57,  1.10s/it]
 18%|█▊        | 36/197 [00:39<02:56,  1.09s/it]
 19%|█▉        | 37/197 [00:40<02:55,  1.09s/it]
 19%|█▉        | 38/197 [00:41<02:53,  1.09s/it]
 20%|█▉        | 39/197 [00:43<02:52,  1.09s/it]
 20%|██        | 40/197 [00:44<02:51,  1.09s/it]
 21%|██        | 41/197 [00:45<02:50,  1.09s/it]
 21%|██▏       | 42/197 [00:46<02:48,  1.09s/it]
 22%|██▏       | 43/197 [00:47<02:47,  1.09s/it]
 22%|██▏       | 44/197 [00:48<02:46,  1.09s/it]
 23%|██▎       | 45/197 [00:49<02:45,  1.09s/it]
 23%|██▎       | 46/197 [00:50<02:44,  1.09s/it]
 24%|██▍       | 47/197 [00:51<02:43,  1.09s/it]
 24%|██▍       | 48/197 [00:52<02:42,  1.09s/it]
 25%|██▍       | 49/197 [00:53<02:41,  1.09s/it]
 25%|██▌       | 50/197 [00:55<02:40,  1.09s/it]
 26%|██▌       | 51/197 [00:56<02:39,  1.09s/it]
 26%|██▋       | 52/197 [00:57<02:37,  1.09s/it]
 27%|██▋       | 53/197 [00:58<02:36,  1.09s/it]
 27%|██▋       | 54/197 [00:59<02:35,  1.09s/it]
 28%|██▊       | 55/197 [01:00<02:34,  1.09s/it]
 28%|██▊       | 56/197 [01:01<02:33,  1.09s/it]
 29%|██▉       | 57/197 [01:02<02:32,  1.09s/it]
 29%|██▉       | 58/197 [01:03<02:31,  1.09s/it]
 30%|██▉       | 59/197 [01:04<02:30,  1.09s/it]
 30%|███       | 60/197 [01:05<02:28,  1.09s/it]
 31%|███       | 61/197 [01:06<02:27,  1.09s/it]
 31%|███▏      | 62/197 [01:08<02:26,  1.09s/it]
 32%|███▏      | 63/197 [01:09<02:25,  1.09s/it]
 32%|███▏      | 64/197 [01:10<02:24,  1.09s/it]
 33%|███▎      | 65/197 [01:11<02:23,  1.09s/it]
 34%|███▎      | 66/197 [01:12<02:22,  1.09s/it]
 34%|███▍      | 67/197 [01:13<02:21,  1.09s/it]
 35%|███▍      | 68/197 [01:14<02:20,  1.09s/it]
 35%|███▌      | 69/197 [01:15<02:19,  1.09s/it]
 36%|███▌      | 70/197 [01:16<02:18,  1.09s/it]
 36%|███▌      | 71/197 [01:17<02:17,  1.09s/it]
 37%|███▋      | 72/197 [01:18<02:16,  1.09s/it]
 37%|███▋      | 73/197 [01:20<02:14,  1.09s/it]
 38%|███▊      | 74/197 [01:21<02:13,  1.09s/it]
 38%|███▊      | 75/197 [01:22<02:12,  1.09s/it]
 39%|███▊      | 76/197 [01:23<02:11,  1.09s/it]
 39%|███▉      | 77/197 [01:24<02:10,  1.09s/it]
 40%|███▉      | 78/197 [01:25<02:09,  1.09s/it]
 40%|████      | 79/197 [01:26<02:08,  1.09s/it]
 41%|████      | 80/197 [01:27<02:07,  1.09s/it]
 41%|████      | 81/197 [01:28<02:06,  1.09s/it]
 42%|████▏     | 82/197 [01:29<02:05,  1.09s/it]
 42%|████▏     | 83/197 [01:30<02:04,  1.09s/it]
 43%|████▎     | 84/197 [01:32<02:03,  1.09s/it]
 43%|████▎     | 85/197 [01:33<02:01,  1.09s/it]
 44%|████▎     | 86/197 [01:34<02:00,  1.09s/it]
 44%|████▍     | 87/197 [01:35<01:59,  1.09s/it]
 45%|████▍     | 88/197 [01:36<01:58,  1.09s/it]
 45%|████▌     | 89/197 [01:37<01:57,  1.09s/it]
 46%|████▌     | 90/197 [01:38<01:56,  1.09s/it]
 46%|████▌     | 91/197 [01:39<01:55,  1.09s/it]
 47%|████▋     | 92/197 [01:40<01:54,  1.09s/it]
 47%|████▋     | 93/197 [01:41<01:53,  1.09s/it]
 48%|████▊     | 94/197 [01:42<01:52,  1.09s/it]
 48%|████▊     | 95/197 [01:43<01:51,  1.09s/it]
 49%|████▊     | 96/197 [01:45<01:49,  1.09s/it]
 49%|████▉     | 97/197 [01:46<01:48,  1.09s/it]
 50%|████▉     | 98/197 [01:47<01:47,  1.09s/it]
 50%|█████     | 99/197 [01:48<01:46,  1.09s/it]
 51%|█████     | 100/197 [01:49<01:45,  1.09s/it]
 51%|█████▏    | 101/197 [01:50<01:44,  1.09s/it]
 52%|█████▏    | 102/197 [01:51<01:43,  1.09s/it]
 52%|█████▏    | 103/197 [01:52<01:42,  1.09s/it]
 53%|█████▎    | 104/197 [01:53<01:41,  1.09s/it]
 53%|█████▎    | 105/197 [01:54<01:40,  1.09s/it]
 54%|█████▍    | 106/197 [01:55<01:39,  1.09s/it]
 54%|█████▍    | 107/197 [01:57<01:37,  1.09s/it]
 55%|█████▍    | 108/197 [01:58<01:36,  1.09s/it]
 55%|█████▌    | 109/197 [01:59<01:35,  1.09s/it]
 56%|█████▌    | 110/197 [02:00<01:34,  1.09s/it]
 56%|█████▋    | 111/197 [02:01<01:33,  1.09s/it]
 57%|█████▋    | 112/197 [02:02<01:32,  1.09s/it]
 57%|█████▋    | 113/197 [02:03<01:31,  1.09s/it]
 58%|█████▊    | 114/197 [02:04<01:30,  1.09s/it]
 58%|█████▊    | 115/197 [02:05<01:29,  1.09s/it]
 59%|█████▉    | 116/197 [02:06<01:28,  1.09s/it]
 59%|█████▉    | 117/197 [02:07<01:26,  1.09s/it]
 60%|█████▉    | 118/197 [02:08<01:25,  1.09s/it]
 60%|██████    | 119/197 [02:10<01:24,  1.09s/it]
 61%|██████    | 120/197 [02:11<01:23,  1.09s/it]
 61%|██████▏   | 121/197 [02:12<01:22,  1.09s/it]
 62%|██████▏   | 122/197 [02:13<01:21,  1.09s/it]
 62%|██████▏   | 123/197 [02:14<01:20,  1.09s/it]
 63%|██████▎   | 124/197 [02:15<01:19,  1.09s/it]
 63%|██████▎   | 125/197 [02:16<01:18,  1.09s/it]
 64%|██████▍   | 126/197 [02:17<01:17,  1.09s/it]
 64%|██████▍   | 127/197 [02:18<01:16,  1.09s/it]
 65%|██████▍   | 128/197 [02:19<01:15,  1.09s/it]
 65%|██████▌   | 129/197 [02:20<01:13,  1.09s/it]
 66%|██████▌   | 130/197 [02:22<01:12,  1.09s/it]
 66%|██████▋   | 131/197 [02:23<01:11,  1.09s/it]
 67%|██████▋   | 132/197 [02:24<01:10,  1.09s/it]
 68%|██████▊   | 133/197 [02:25<01:09,  1.09s/it]
 68%|██████▊   | 134/197 [02:26<01:08,  1.09s/it]
 69%|██████▊   | 135/197 [02:27<01:07,  1.09s/it]
 69%|██████▉   | 136/197 [02:28<01:06,  1.09s/it]
 70%|██████▉   | 137/197 [02:29<01:05,  1.09s/it]
 70%|███████   | 138/197 [02:30<01:04,  1.09s/it]
 71%|███████   | 139/197 [02:31<01:03,  1.09s/it]
 71%|███████   | 140/197 [02:32<01:01,  1.09s/it]
 72%|███████▏  | 141/197 [02:34<01:00,  1.09s/it]
 72%|███████▏  | 142/197 [02:35<00:59,  1.09s/it]
 73%|███████▎  | 143/197 [02:36<00:58,  1.09s/it]
 73%|███████▎  | 144/197 [02:37<00:57,  1.09s/it]
 74%|███████▎  | 145/197 [02:38<00:56,  1.09s/it]
 74%|███████▍  | 146/197 [02:39<00:55,  1.09s/it]
 75%|███████▍  | 147/197 [02:40<00:54,  1.09s/it]
 75%|███████▌  | 148/197 [02:41<00:53,  1.09s/it]
 76%|███████▌  | 149/197 [02:42<00:52,  1.09s/it]
 76%|███████▌  | 150/197 [02:43<00:51,  1.09s/it]
 77%|███████▋  | 151/197 [02:44<00:50,  1.09s/it]
 77%|███████▋  | 152/197 [02:45<00:48,  1.09s/it]
 78%|███████▊  | 153/197 [02:47<00:47,  1.09s/it]
 78%|███████▊  | 154/197 [02:48<00:46,  1.09s/it]
 79%|███████▊  | 155/197 [02:49<00:45,  1.09s/it]
 79%|███████▉  | 156/197 [02:50<00:44,  1.09s/it]
 80%|███████▉  | 157/197 [02:51<00:43,  1.09s/it]
 80%|████████  | 158/197 [02:52<00:42,  1.09s/it]
 81%|████████  | 159/197 [02:53<00:41,  1.09s/it]
 81%|████████  | 160/197 [02:54<00:40,  1.09s/it]
 82%|████████▏ | 161/197 [02:55<00:39,  1.09s/it]
 82%|████████▏ | 162/197 [02:56<00:38,  1.09s/it]
 83%|████████▎ | 163/197 [02:57<00:37,  1.09s/it]
 83%|████████▎ | 164/197 [02:59<00:35,  1.09s/it]
 84%|████████▍ | 165/197 [03:00<00:34,  1.09s/it]
 84%|████████▍ | 166/197 [03:01<00:33,  1.09s/it]
 85%|████████▍ | 167/197 [03:02<00:32,  1.09s/it]
 85%|████████▌ | 168/197 [03:03<00:31,  1.09s/it]
 86%|████████▌ | 169/197 [03:04<00:30,  1.09s/it]
 86%|████████▋ | 170/197 [03:05<00:29,  1.09s/it]
 87%|████████▋ | 171/197 [03:06<00:28,  1.09s/it]
 87%|████████▋ | 172/197 [03:07<00:27,  1.09s/it]
 88%|████████▊ | 173/197 [03:08<00:26,  1.09s/it]
 88%|████████▊ | 174/197 [03:09<00:25,  1.09s/it]
 89%|████████▉ | 175/197 [03:11<00:23,  1.09s/it]
 89%|████████▉ | 176/197 [03:12<00:22,  1.09s/it]
 90%|████████▉ | 177/197 [03:13<00:21,  1.09s/it]
 90%|█████████ | 178/197 [03:14<00:20,  1.09s/it]
 91%|█████████ | 179/197 [03:15<00:19,  1.09s/it]
 91%|█████████▏| 180/197 [03:16<00:18,  1.09s/it]
 92%|█████████▏| 181/197 [03:17<00:17,  1.09s/it]
 92%|█████████▏| 182/197 [03:18<00:16,  1.09s/it]
 93%|█████████▎| 183/197 [03:19<00:15,  1.09s/it]
 93%|█████████▎| 184/197 [03:20<00:14,  1.09s/it]
 94%|█████████▍| 185/197 [03:21<00:13,  1.09s/it]
 94%|█████████▍| 186/197 [03:22<00:11,  1.09s/it]
 95%|█████████▍| 187/197 [03:24<00:10,  1.09s/it]
 95%|█████████▌| 188/197 [03:25<00:09,  1.09s/it]
 96%|█████████▌| 189/197 [03:26<00:08,  1.09s/it]
 96%|█████████▋| 190/197 [03:27<00:07,  1.09s/it]
 97%|█████████▋| 191/197 [03:28<00:06,  1.09s/it]
 97%|█████████▋| 192/197 [03:29<00:05,  1.09s/it]
 98%|█████████▊| 193/197 [03:30<00:04,  1.09s/it]
 98%|█████████▊| 194/197 [03:31<00:03,  1.09s/it]
 99%|█████████▉| 195/197 [03:32<00:02,  1.09s/it]
 99%|█████████▉| 196/197 [03:33<00:00,  1.02it/s]
100%|██████████| 197/197 [03:34<00:00,  1.09s/it]
100%|██████████| 197/197 [03:34<00:00,  1.09s/it]

  0%|          | 0/79 [00:00<?, ?it/s]
  1%|▏         | 1/79 [00:00<00:41,  1.89it/s]
  3%|▎         | 2/79 [00:00<00:33,  2.29it/s]
  4%|▍         | 3/79 [00:01<00:30,  2.46it/s]
  5%|▌         | 4/79 [00:01<00:29,  2.54it/s]
  6%|▋         | 5/79 [00:02<00:28,  2.59it/s]
  8%|▊         | 6/79 [00:02<00:27,  2.62it/s]
  9%|▉         | 7/79 [00:02<00:27,  2.64it/s]
 10%|█         | 8/79 [00:03<00:26,  2.67it/s]
 11%|█▏        | 9/79 [00:03<00:26,  2.69it/s]
 13%|█▎        | 10/79 [00:03<00:25,  2.71it/s]
 14%|█▍        | 11/79 [00:04<00:25,  2.71it/s]
 15%|█▌        | 12/79 [00:04<00:24,  2.72it/s]
 16%|█▋        | 13/79 [00:04<00:24,  2.73it/s]
 18%|█▊        | 14/79 [00:05<00:23,  2.73it/s]
 19%|█▉        | 15/79 [00:05<00:23,  2.74it/s]
 20%|██        | 16/79 [00:06<00:23,  2.74it/s]
 22%|██▏       | 17/79 [00:06<00:22,  2.74it/s]
 23%|██▎       | 18/79 [00:06<00:22,  2.74it/s]
 24%|██▍       | 19/79 [00:07<00:22,  2.72it/s]
 25%|██▌       | 20/79 [00:07<00:21,  2.72it/s]
 27%|██▋       | 21/79 [00:07<00:21,  2.72it/s]
 28%|██▊       | 22/79 [00:08<00:20,  2.72it/s]
 29%|██▉       | 23/79 [00:08<00:20,  2.72it/s]
 30%|███       | 24/79 [00:08<00:20,  2.72it/s]
 32%|███▏      | 25/79 [00:09<00:19,  2.72it/s]
 33%|███▎      | 26/79 [00:09<00:19,  2.73it/s]
 34%|███▍      | 27/79 [00:10<00:19,  2.72it/s]
 35%|███▌      | 28/79 [00:10<00:18,  2.72it/s]
 37%|███▋      | 29/79 [00:10<00:18,  2.72it/s]
 38%|███▊      | 30/79 [00:11<00:18,  2.72it/s]
 39%|███▉      | 31/79 [00:11<00:17,  2.72it/s]
 41%|████      | 32/79 [00:11<00:17,  2.72it/s]
 42%|████▏     | 33/79 [00:12<00:16,  2.72it/s]
 43%|████▎     | 34/79 [00:12<00:16,  2.72it/s]
 44%|████▍     | 35/79 [00:13<00:16,  2.71it/s]
 46%|████▌     | 36/79 [00:13<00:16,  2.68it/s]
 47%|████▋     | 37/79 [00:13<00:15,  2.71it/s]
 48%|████▊     | 38/79 [00:14<00:14,  2.76it/s]
 49%|████▉     | 39/79 [00:14<00:14,  2.79it/s]
 51%|█████     | 40/79 [00:14<00:13,  2.82it/s]
 52%|█████▏    | 41/79 [00:15<00:13,  2.84it/s]
 53%|█████▎    | 42/79 [00:15<00:12,  2.85it/s]
 54%|█████▍    | 43/79 [00:15<00:12,  2.86it/s]
 56%|█████▌    | 44/79 [00:16<00:12,  2.85it/s]
 57%|█████▋    | 45/79 [00:16<00:11,  2.85it/s]
 58%|█████▊    | 46/79 [00:16<00:11,  2.84it/s]
 59%|█████▉    | 47/79 [00:17<00:11,  2.86it/s]
 61%|██████    | 48/79 [00:17<00:10,  2.86it/s]
 62%|██████▏   | 49/79 [00:17<00:10,  2.86it/s]
 63%|██████▎   | 50/79 [00:18<00:10,  2.81it/s]
 65%|██████▍   | 51/79 [00:18<00:10,  2.78it/s]
 66%|██████▌   | 52/79 [00:19<00:09,  2.76it/s]
 67%|██████▋   | 53/79 [00:19<00:09,  2.75it/s]
 68%|██████▊   | 54/79 [00:19<00:08,  2.79it/s]
 70%|██████▉   | 55/79 [00:20<00:08,  2.82it/s]
 71%|███████   | 56/79 [00:20<00:08,  2.84it/s]
 72%|███████▏  | 57/79 [00:20<00:07,  2.82it/s]
 73%|███████▎  | 58/79 [00:21<00:07,  2.83it/s]
 75%|███████▍  | 59/79 [00:21<00:07,  2.83it/s]
 76%|███████▌  | 60/79 [00:21<00:06,  2.81it/s]
 77%|███████▋  | 61/79 [00:22<00:06,  2.81it/s]
 78%|███████▊  | 62/79 [00:22<00:06,  2.78it/s]
 80%|███████▉  | 63/79 [00:23<00:05,  2.73it/s]
 81%|████████  | 64/79 [00:23<00:05,  2.73it/s]
 82%|████████▏ | 65/79 [00:23<00:05,  2.73it/s]
 84%|████████▎ | 66/79 [00:24<00:04,  2.73it/s]
 85%|████████▍ | 67/79 [00:24<00:04,  2.69it/s]
 86%|████████▌ | 68/79 [00:24<00:04,  2.70it/s]
 87%|████████▋ | 69/79 [00:25<00:03,  2.71it/s]
 89%|████████▊ | 70/79 [00:25<00:03,  2.72it/s]
 90%|████████▉ | 71/79 [00:25<00:02,  2.72it/s]
 91%|█████████ | 72/79 [00:26<00:02,  2.72it/s]
 92%|█████████▏| 73/79 [00:26<00:02,  2.72it/s]
 94%|█████████▎| 74/79 [00:27<00:01,  2.72it/s]
 95%|█████████▍| 75/79 [00:27<00:01,  2.71it/s]
 96%|█████████▌| 76/79 [00:27<00:01,  2.67it/s]
 97%|█████████▋| 77/79 [00:28<00:00,  2.68it/s]
 99%|█████████▊| 78/79 [00:28<00:00,  2.67it/s]
100%|██████████| 79/79 [00:28<00:00,  3.41it/s]
100%|██████████| 79/79 [00:28<00:00,  2.76it/s]
Evaluation for task 1 has started.
['aquarium_fish', 'cup', 'bee', 'man', 'poppy', 'sunflower', 'orange', 'bottle', 'elephant', 'skunk']

  0%|          | 0/41 [00:00<?, ?it/s]
  2%|▏         | 1/41 [00:01<00:46,  1.16s/it]
  5%|▍         | 2/41 [00:02<00:38,  1.02it/s]
  7%|▋         | 3/41 [00:03<00:38,  1.02s/it]
 10%|▉         | 4/41 [00:04<00:38,  1.03s/it]
 12%|█▏        | 5/41 [00:05<00:37,  1.04s/it]
 15%|█▍        | 6/41 [00:06<00:36,  1.05s/it]
 17%|█▋        | 7/41 [00:07<00:35,  1.05s/it]
 20%|█▉        | 8/41 [00:08<00:34,  1.05s/it]
 22%|██▏       | 9/41 [00:09<00:33,  1.05s/it]
 24%|██▍       | 10/41 [00:10<00:32,  1.05s/it]
 27%|██▋       | 11/41 [00:11<00:31,  1.06s/it]
 29%|██▉       | 12/41 [00:12<00:30,  1.06s/it]
 32%|███▏      | 13/41 [00:13<00:29,  1.06s/it]
 34%|███▍      | 14/41 [00:14<00:28,  1.06s/it]
 37%|███▋      | 15/41 [00:15<00:27,  1.06s/it]
 39%|███▉      | 16/41 [00:16<00:26,  1.06s/it]
 41%|████▏     | 17/41 [00:17<00:25,  1.06s/it]
 44%|████▍     | 18/41 [00:18<00:24,  1.06s/it]
 46%|████▋     | 19/41 [00:20<00:23,  1.06s/it]
 49%|████▉     | 20/41 [00:21<00:22,  1.06s/it]
 51%|█████     | 21/41 [00:22<00:21,  1.06s/it]
 54%|█████▎    | 22/41 [00:23<00:20,  1.06s/it]
 56%|█████▌    | 23/41 [00:24<00:19,  1.06s/it]
 59%|█████▊    | 24/41 [00:25<00:18,  1.06s/it]
 61%|██████    | 25/41 [00:26<00:16,  1.06s/it]
 63%|██████▎   | 26/41 [00:27<00:15,  1.06s/it]
 66%|██████▌   | 27/41 [00:28<00:14,  1.07s/it]
 68%|██████▊   | 28/41 [00:29<00:13,  1.06s/it]
 71%|███████   | 29/41 [00:30<00:12,  1.06s/it]
 73%|███████▎  | 30/41 [00:31<00:11,  1.06s/it]
 76%|███████▌  | 31/41 [00:32<00:10,  1.06s/it]
 78%|███████▊  | 32/41 [00:33<00:09,  1.06s/it]
 80%|████████  | 33/41 [00:34<00:08,  1.06s/it]
 83%|████████▎ | 34/41 [00:35<00:07,  1.06s/it]
 85%|████████▌ | 35/41 [00:37<00:06,  1.05s/it]
 88%|████████▊ | 36/41 [00:38<00:05,  1.06s/it]
 90%|█████████ | 37/41 [00:39<00:04,  1.06s/it]
 93%|█████████▎| 38/41 [00:40<00:03,  1.05s/it]
 95%|█████████▌| 39/41 [00:41<00:02,  1.06s/it]
 98%|█████████▊| 40/41 [00:41<00:00,  1.10it/s]
100%|██████████| 41/41 [00:43<00:00,  1.04s/it]
100%|██████████| 41/41 [00:43<00:00,  1.05s/it]

  0%|          | 0/94 [00:00<?, ?it/s]
  1%|          | 1/94 [00:00<00:52,  1.78it/s]
  2%|▏         | 2/94 [00:00<00:43,  2.10it/s]
  3%|▎         | 3/94 [00:01<00:38,  2.39it/s]
  4%|▍         | 4/94 [00:01<00:35,  2.57it/s]
  5%|▌         | 5/94 [00:02<00:33,  2.67it/s]
  6%|▋         | 6/94 [00:02<00:34,  2.53it/s]
  7%|▋         | 7/94 [00:03<00:40,  2.13it/s]
  9%|▊         | 8/94 [00:03<00:37,  2.31it/s]
 10%|▉         | 9/94 [00:03<00:34,  2.46it/s]
 11%|█         | 10/94 [00:04<00:32,  2.57it/s]
 12%|█▏        | 11/94 [00:04<00:31,  2.65it/s]
 13%|█▎        | 12/94 [00:04<00:30,  2.70it/s]
 14%|█▍        | 13/94 [00:05<00:29,  2.75it/s]
 15%|█▍        | 14/94 [00:05<00:28,  2.78it/s]
 16%|█▌        | 15/94 [00:05<00:28,  2.80it/s]
 17%|█▋        | 16/94 [00:06<00:27,  2.82it/s]
 18%|█▊        | 17/94 [00:06<00:27,  2.82it/s]
 19%|█▉        | 18/94 [00:06<00:26,  2.82it/s]
 20%|██        | 19/94 [00:07<00:26,  2.81it/s]
 21%|██▏       | 20/94 [00:07<00:26,  2.79it/s]
 22%|██▏       | 21/94 [00:08<00:25,  2.81it/s]
 23%|██▎       | 22/94 [00:08<00:27,  2.58it/s]
 24%|██▍       | 23/94 [00:08<00:28,  2.52it/s]
 26%|██▌       | 24/94 [00:09<00:32,  2.15it/s]
 27%|██▋       | 25/94 [00:09<00:29,  2.32it/s]
 28%|██▊       | 26/94 [00:10<00:28,  2.42it/s]
 29%|██▊       | 27/94 [00:10<00:26,  2.54it/s]
 30%|██▉       | 28/94 [00:10<00:25,  2.63it/s]
 31%|███       | 29/94 [00:11<00:24,  2.70it/s]
 32%|███▏      | 30/94 [00:11<00:23,  2.71it/s]
 33%|███▎      | 31/94 [00:12<00:23,  2.72it/s]
 34%|███▍      | 32/94 [00:12<00:22,  2.70it/s]
 35%|███▌      | 33/94 [00:12<00:24,  2.46it/s]
 36%|███▌      | 34/94 [00:13<00:23,  2.56it/s]
 37%|███▋      | 35/94 [00:13<00:22,  2.63it/s]
 38%|███▊      | 36/94 [00:13<00:21,  2.70it/s]
 39%|███▉      | 37/94 [00:14<00:21,  2.69it/s]
 40%|████      | 38/94 [00:14<00:21,  2.64it/s]
 41%|████▏     | 39/94 [00:15<00:22,  2.46it/s]
 43%|████▎     | 40/94 [00:15<00:21,  2.53it/s]
 44%|████▎     | 41/94 [00:16<00:22,  2.39it/s]
 45%|████▍     | 42/94 [00:16<00:20,  2.51it/s]
 46%|████▌     | 43/94 [00:17<00:24,  2.10it/s]
 47%|████▋     | 44/94 [00:17<00:22,  2.22it/s]
 48%|████▊     | 45/94 [00:17<00:21,  2.29it/s]
 49%|████▉     | 46/94 [00:18<00:23,  2.06it/s]
 50%|█████     | 47/94 [00:18<00:21,  2.20it/s]
 51%|█████     | 48/94 [00:19<00:20,  2.29it/s]
 52%|█████▏    | 49/94 [00:19<00:19,  2.30it/s]
 53%|█████▎    | 50/94 [00:20<00:18,  2.39it/s]
 54%|█████▍    | 51/94 [00:20<00:17,  2.47it/s]
 55%|█████▌    | 52/94 [00:20<00:16,  2.52it/s]
 56%|█████▋    | 53/94 [00:21<00:15,  2.58it/s]
 57%|█████▋    | 54/94 [00:21<00:15,  2.63it/s]
 59%|█████▊    | 55/94 [00:21<00:14,  2.65it/s]
 60%|█████▉    | 56/94 [00:22<00:14,  2.69it/s]
 61%|██████    | 57/94 [00:22<00:13,  2.72it/s]
 62%|██████▏   | 58/94 [00:22<00:13,  2.69it/s]
 63%|██████▎   | 59/94 [00:23<00:13,  2.66it/s]
 64%|██████▍   | 60/94 [00:23<00:12,  2.63it/s]
 65%|██████▍   | 61/94 [00:24<00:12,  2.61it/s]
 66%|██████▌   | 62/94 [00:24<00:11,  2.69it/s]
 67%|██████▋   | 63/94 [00:24<00:11,  2.70it/s]
 68%|██████▊   | 64/94 [00:25<00:11,  2.71it/s]
 69%|██████▉   | 65/94 [00:26<00:15,  1.92it/s]
 70%|███████   | 66/94 [00:26<00:13,  2.13it/s]
 71%|███████▏  | 67/94 [00:26<00:12,  2.23it/s]
 72%|███████▏  | 68/94 [00:27<00:11,  2.36it/s]
 73%|███████▎  | 69/94 [00:27<00:10,  2.39it/s]
 74%|███████▍  | 70/94 [00:27<00:09,  2.47it/s]
 76%|███████▌  | 71/94 [00:28<00:09,  2.51it/s]
 77%|███████▋  | 72/94 [00:28<00:08,  2.45it/s]
 78%|███████▊  | 73/94 [00:29<00:08,  2.51it/s]
 79%|███████▊  | 74/94 [00:29<00:07,  2.55it/s]
 80%|███████▉  | 75/94 [00:29<00:07,  2.58it/s]
 81%|████████  | 76/94 [00:30<00:07,  2.53it/s]
 82%|████████▏ | 77/94 [00:30<00:06,  2.58it/s]
 83%|████████▎ | 78/94 [00:31<00:06,  2.61it/s]
 84%|████████▍ | 79/94 [00:31<00:05,  2.60it/s]
 85%|████████▌ | 80/94 [00:31<00:05,  2.59it/s]
 86%|████████▌ | 81/94 [00:32<00:05,  2.58it/s]
 87%|████████▋ | 82/94 [00:32<00:04,  2.59it/s]
 88%|████████▊ | 83/94 [00:33<00:04,  2.59it/s]
 89%|████████▉ | 84/94 [00:33<00:03,  2.63it/s]
 90%|█████████ | 85/94 [00:33<00:03,  2.64it/s]
 91%|█████████▏| 86/94 [00:34<00:03,  2.66it/s]
 93%|█████████▎| 87/94 [00:34<00:02,  2.67it/s]
 94%|█████████▎| 88/94 [00:34<00:02,  2.68it/s]
 95%|█████████▍| 89/94 [00:35<00:01,  2.68it/s]
 96%|█████████▌| 90/94 [00:35<00:01,  2.68it/s]
 97%|█████████▋| 91/94 [00:35<00:01,  2.68it/s]
 98%|█████████▊| 92/94 [00:36<00:00,  2.72it/s]
 99%|█████████▉| 93/94 [00:36<00:00,  2.71it/s]
100%|██████████| 94/94 [00:37<00:00,  2.89it/s]
100%|██████████| 94/94 [00:37<00:00,  2.54it/s]
Evaluation for task 2 has started.
['kangaroo', 'porcupine', 'forest', 'shrew', 'crocodile', 'clock', 'hamster', 'bear', 'can', 'chimpanzee']

  0%|          | 0/41 [00:00<?, ?it/s]
  2%|▏         | 1/41 [00:01<00:45,  1.14s/it]
  5%|▍         | 2/41 [00:02<00:38,  1.02it/s]
  7%|▋         | 3/41 [00:03<00:38,  1.02s/it]
 10%|▉         | 4/41 [00:04<00:38,  1.04s/it]
 12%|█▏        | 5/41 [00:05<00:37,  1.05s/it]
 15%|█▍        | 6/41 [00:06<00:36,  1.05s/it]
 17%|█▋        | 7/41 [00:07<00:35,  1.06s/it]
 20%|█▉        | 8/41 [00:08<00:34,  1.06s/it]
 22%|██▏       | 9/41 [00:09<00:33,  1.06s/it]
 24%|██▍       | 10/41 [00:10<00:32,  1.06s/it]
 27%|██▋       | 11/41 [00:11<00:31,  1.06s/it]
 29%|██▉       | 12/41 [00:12<00:30,  1.06s/it]
 32%|███▏      | 13/41 [00:13<00:29,  1.06s/it]
 34%|███▍      | 14/41 [00:14<00:28,  1.07s/it]
 37%|███▋      | 15/41 [00:15<00:27,  1.06s/it]
 39%|███▉      | 16/41 [00:16<00:26,  1.06s/it]
 41%|████▏     | 17/41 [00:17<00:25,  1.06s/it]
 44%|████▍     | 18/41 [00:18<00:24,  1.06s/it]
 46%|████▋     | 19/41 [00:20<00:23,  1.06s/it]
 49%|████▉     | 20/41 [00:21<00:22,  1.06s/it]
 51%|█████     | 21/41 [00:22<00:21,  1.06s/it]
 54%|█████▎    | 22/41 [00:23<00:20,  1.06s/it]
 56%|█████▌    | 23/41 [00:24<00:19,  1.06s/it]
 59%|█████▊    | 24/41 [00:25<00:18,  1.06s/it]
 61%|██████    | 25/41 [00:26<00:16,  1.06s/it]
 63%|██████▎   | 26/41 [00:27<00:15,  1.06s/it]
 66%|██████▌   | 27/41 [00:28<00:14,  1.06s/it]
 68%|██████▊   | 28/41 [00:29<00:13,  1.06s/it]
 71%|███████   | 29/41 [00:30<00:12,  1.06s/it]
 73%|███████▎  | 30/41 [00:31<00:11,  1.06s/it]
 76%|███████▌  | 31/41 [00:32<00:10,  1.06s/it]
 78%|███████▊  | 32/41 [00:33<00:09,  1.06s/it]
 80%|████████  | 33/41 [00:34<00:08,  1.06s/it]
 83%|████████▎ | 34/41 [00:35<00:07,  1.06s/it]
 85%|████████▌ | 35/41 [00:36<00:06,  1.06s/it]
 88%|████████▊ | 36/41 [00:38<00:05,  1.06s/it]
 90%|█████████ | 37/41 [00:39<00:04,  1.06s/it]
 93%|█████████▎| 38/41 [00:40<00:03,  1.06s/it]
 95%|█████████▌| 39/41 [00:41<00:02,  1.05s/it]
 98%|█████████▊| 40/41 [00:41<00:00,  1.10it/s]
100%|██████████| 41/41 [00:43<00:00,  1.05s/it]
100%|██████████| 41/41 [00:43<00:00,  1.05s/it]

  0%|          | 0/110 [00:00<?, ?it/s]
  1%|          | 1/110 [00:00<00:57,  1.89it/s]
  2%|▏         | 2/110 [00:00<00:47,  2.27it/s]
  3%|▎         | 3/110 [00:01<00:44,  2.43it/s]
  4%|▎         | 4/110 [00:01<00:42,  2.52it/s]
  5%|▍         | 5/110 [00:02<00:40,  2.56it/s]
  5%|▌         | 6/110 [00:02<00:40,  2.59it/s]
  6%|▋         | 7/110 [00:02<00:39,  2.61it/s]
  7%|▋         | 8/110 [00:03<00:38,  2.62it/s]
  8%|▊         | 9/110 [00:03<00:39,  2.56it/s]
  9%|▉         | 10/110 [00:03<00:38,  2.57it/s]
 10%|█         | 11/110 [00:04<00:38,  2.59it/s]
 11%|█         | 12/110 [00:04<00:37,  2.61it/s]
 12%|█▏        | 13/110 [00:05<00:38,  2.53it/s]
 13%|█▎        | 14/110 [00:05<00:36,  2.61it/s]
 14%|█▎        | 15/110 [00:05<00:36,  2.64it/s]
 15%|█▍        | 16/110 [00:06<00:34,  2.69it/s]
 15%|█▌        | 17/110 [00:06<00:34,  2.73it/s]
 16%|█▋        | 18/110 [00:06<00:33,  2.76it/s]
 17%|█▋        | 19/110 [00:07<00:32,  2.77it/s]
 18%|█▊        | 20/110 [00:07<00:32,  2.79it/s]
 19%|█▉        | 21/110 [00:07<00:31,  2.80it/s]
 20%|██        | 22/110 [00:08<00:31,  2.81it/s]
 21%|██        | 23/110 [00:08<00:30,  2.82it/s]
 22%|██▏       | 24/110 [00:09<00:30,  2.81it/s]
 23%|██▎       | 25/110 [00:09<00:30,  2.81it/s]
 24%|██▎       | 26/110 [00:09<00:29,  2.82it/s]
 25%|██▍       | 27/110 [00:10<00:29,  2.80it/s]
 25%|██▌       | 28/110 [00:10<00:30,  2.69it/s]
 26%|██▋       | 29/110 [00:10<00:29,  2.72it/s]
 27%|██▋       | 30/110 [00:11<00:29,  2.73it/s]
 28%|██▊       | 31/110 [00:11<00:28,  2.75it/s]
 29%|██▉       | 32/110 [00:11<00:28,  2.76it/s]
 30%|███       | 33/110 [00:12<00:27,  2.77it/s]
 31%|███       | 34/110 [00:12<00:27,  2.78it/s]
 32%|███▏      | 35/110 [00:13<00:28,  2.59it/s]
 33%|███▎      | 36/110 [00:13<00:28,  2.64it/s]
 34%|███▎      | 37/110 [00:13<00:27,  2.68it/s]
 35%|███▍      | 38/110 [00:14<00:26,  2.72it/s]
 35%|███▌      | 39/110 [00:14<00:25,  2.73it/s]
 36%|███▋      | 40/110 [00:14<00:25,  2.71it/s]
 37%|███▋      | 41/110 [00:15<00:25,  2.68it/s]
 38%|███▊      | 42/110 [00:15<00:26,  2.58it/s]
 39%|███▉      | 43/110 [00:16<00:25,  2.64it/s]
 40%|████      | 44/110 [00:16<00:24,  2.65it/s]
 41%|████      | 45/110 [00:16<00:24,  2.64it/s]
 42%|████▏     | 46/110 [00:17<00:24,  2.63it/s]
 43%|████▎     | 47/110 [00:17<00:23,  2.67it/s]
 44%|████▎     | 48/110 [00:17<00:22,  2.70it/s]
 45%|████▍     | 49/110 [00:18<00:22,  2.72it/s]
 45%|████▌     | 50/110 [00:18<00:22,  2.62it/s]
 46%|████▋     | 51/110 [00:19<00:22,  2.67it/s]
 47%|████▋     | 52/110 [00:19<00:21,  2.69it/s]
 48%|████▊     | 53/110 [00:19<00:20,  2.72it/s]
 49%|████▉     | 54/110 [00:20<00:20,  2.73it/s]
 50%|█████     | 55/110 [00:20<00:20,  2.74it/s]
 51%|█████     | 56/110 [00:20<00:19,  2.75it/s]
 52%|█████▏    | 57/110 [00:21<00:19,  2.75it/s]
 53%|█████▎    | 58/110 [00:21<00:19,  2.70it/s]
 54%|█████▎    | 59/110 [00:22<00:18,  2.72it/s]
 55%|█████▍    | 60/110 [00:22<00:18,  2.74it/s]
 55%|█████▌    | 61/110 [00:22<00:17,  2.75it/s]
 56%|█████▋    | 62/110 [00:23<00:17,  2.75it/s]
 57%|█████▋    | 63/110 [00:23<00:17,  2.76it/s]
 58%|█████▊    | 64/110 [00:23<00:16,  2.76it/s]
 59%|█████▉    | 65/110 [00:24<00:16,  2.76it/s]
 60%|██████    | 66/110 [00:24<00:15,  2.76it/s]
 61%|██████    | 67/110 [00:24<00:15,  2.76it/s]
 62%|██████▏   | 68/110 [00:25<00:15,  2.76it/s]
 63%|██████▎   | 69/110 [00:25<00:14,  2.76it/s]
 64%|██████▎   | 70/110 [00:26<00:14,  2.76it/s]
 65%|██████▍   | 71/110 [00:26<00:14,  2.77it/s]
 65%|██████▌   | 72/110 [00:26<00:13,  2.77it/s]
 66%|██████▋   | 73/110 [00:27<00:13,  2.77it/s]
 67%|██████▋   | 74/110 [00:27<00:12,  2.77it/s]
 68%|██████▊   | 75/110 [00:27<00:12,  2.77it/s]
 69%|██████▉   | 76/110 [00:28<00:12,  2.77it/s]
 70%|███████   | 77/110 [00:28<00:11,  2.77it/s]
 71%|███████   | 78/110 [00:28<00:11,  2.77it/s]
 72%|███████▏  | 79/110 [00:29<00:11,  2.77it/s]
 73%|███████▎  | 80/110 [00:29<00:10,  2.77it/s]
 74%|███████▎  | 81/110 [00:29<00:10,  2.77it/s]
 75%|███████▍  | 82/110 [00:30<00:10,  2.77it/s]
 75%|███████▌  | 83/110 [00:30<00:09,  2.77it/s]
 76%|███████▋  | 84/110 [00:31<00:09,  2.78it/s]
 77%|███████▋  | 85/110 [00:31<00:09,  2.78it/s]
 78%|███████▊  | 86/110 [00:31<00:08,  2.77it/s]
 79%|███████▉  | 87/110 [00:32<00:08,  2.78it/s]
 80%|████████  | 88/110 [00:32<00:07,  2.78it/s]
 81%|████████  | 89/110 [00:32<00:07,  2.77it/s]
 82%|████████▏ | 90/110 [00:33<00:07,  2.77it/s]
 83%|████████▎ | 91/110 [00:33<00:06,  2.77it/s]
 84%|████████▎ | 92/110 [00:33<00:06,  2.77it/s]
 85%|████████▍ | 93/110 [00:34<00:06,  2.76it/s]
 85%|████████▌ | 94/110 [00:34<00:05,  2.76it/s]
 86%|████████▋ | 95/110 [00:35<00:05,  2.61it/s]
 87%|████████▋ | 96/110 [00:35<00:05,  2.66it/s]
 88%|████████▊ | 97/110 [00:35<00:04,  2.69it/s]
 89%|████████▉ | 98/110 [00:36<00:04,  2.72it/s]
 90%|█████████ | 99/110 [00:36<00:04,  2.74it/s]
 91%|█████████ | 100/110 [00:36<00:03,  2.76it/s]
 92%|█████████▏| 101/110 [00:37<00:03,  2.77it/s]
 93%|█████████▎| 102/110 [00:37<00:02,  2.78it/s]
 94%|█████████▎| 103/110 [00:37<00:02,  2.79it/s]
 95%|█████████▍| 104/110 [00:38<00:02,  2.79it/s]
 95%|█████████▌| 105/110 [00:38<00:01,  2.80it/s]
 96%|█████████▋| 106/110 [00:39<00:01,  2.80it/s]
 97%|█████████▋| 107/110 [00:39<00:01,  2.80it/s]
 98%|█████████▊| 108/110 [00:39<00:00,  2.80it/s]
 99%|█████████▉| 109/110 [00:40<00:00,  2.79it/s]
100%|██████████| 110/110 [00:40<00:00,  3.22it/s]
100%|██████████| 110/110 [00:40<00:00,  2.73it/s]
Evaluation for task 3 has started.
['plain', 'cattle', 'rose', 'train', 'tractor', 'lion', 'bed', 'leopard', 'rabbit', 'skyscraper']

  0%|          | 0/41 [00:00<?, ?it/s]
  2%|▏         | 1/41 [00:01<00:49,  1.24s/it]
  5%|▍         | 2/41 [00:02<00:39,  1.02s/it]
  7%|▋         | 3/41 [00:03<00:39,  1.04s/it]
 10%|▉         | 4/41 [00:04<00:38,  1.05s/it]
 12%|█▏        | 5/41 [00:05<00:37,  1.05s/it]
 15%|█▍        | 6/41 [00:06<00:36,  1.05s/it]
 17%|█▋        | 7/41 [00:07<00:35,  1.06s/it]
 20%|█▉        | 8/41 [00:08<00:34,  1.06s/it]
 22%|██▏       | 9/41 [00:09<00:33,  1.06s/it]
 24%|██▍       | 10/41 [00:10<00:32,  1.06s/it]
 27%|██▋       | 11/41 [00:11<00:31,  1.06s/it]
 29%|██▉       | 12/41 [00:12<00:30,  1.06s/it]
 32%|███▏      | 13/41 [00:13<00:29,  1.05s/it]
 34%|███▍      | 14/41 [00:14<00:28,  1.05s/it]
 37%|███▋      | 15/41 [00:15<00:27,  1.06s/it]
 39%|███▉      | 16/41 [00:16<00:26,  1.06s/it]
 41%|████▏     | 17/41 [00:17<00:25,  1.06s/it]
 44%|████▍     | 18/41 [00:19<00:24,  1.06s/it]
 46%|████▋     | 19/41 [00:20<00:23,  1.06s/it]
 49%|████▉     | 20/41 [00:21<00:22,  1.06s/it]
 51%|█████     | 21/41 [00:22<00:21,  1.06s/it]
 54%|█████▎    | 22/41 [00:23<00:20,  1.06s/it]
 56%|█████▌    | 23/41 [00:24<00:19,  1.06s/it]
 59%|█████▊    | 24/41 [00:25<00:17,  1.06s/it]
 61%|██████    | 25/41 [00:26<00:16,  1.06s/it]
 63%|██████▎   | 26/41 [00:27<00:15,  1.06s/it]
 66%|██████▌   | 27/41 [00:28<00:14,  1.05s/it]
 68%|██████▊   | 28/41 [00:29<00:13,  1.05s/it]
 71%|███████   | 29/41 [00:30<00:12,  1.05s/it]
 73%|███████▎  | 30/41 [00:31<00:11,  1.06s/it]
 76%|███████▌  | 31/41 [00:32<00:10,  1.06s/it]
 78%|███████▊  | 32/41 [00:33<00:09,  1.06s/it]
 80%|████████  | 33/41 [00:34<00:08,  1.06s/it]
 83%|████████▎ | 34/41 [00:35<00:07,  1.06s/it]
 85%|████████▌ | 35/41 [00:36<00:06,  1.06s/it]
 88%|████████▊ | 36/41 [00:38<00:05,  1.06s/it]
 90%|█████████ | 37/41 [00:39<00:04,  1.06s/it]
 93%|█████████▎| 38/41 [00:40<00:03,  1.06s/it]
 95%|█████████▌| 39/41 [00:41<00:02,  1.06s/it]
 98%|█████████▊| 40/41 [00:41<00:00,  1.10it/s]
100%|██████████| 41/41 [00:43<00:00,  1.04s/it]
100%|██████████| 41/41 [00:43<00:00,  1.05s/it]

  0%|          | 0/125 [00:00<?, ?it/s]
  1%|          | 1/125 [00:00<01:06,  1.88it/s]
  2%|▏         | 2/125 [00:00<00:54,  2.25it/s]
  2%|▏         | 3/125 [00:01<00:50,  2.40it/s]
  3%|▎         | 4/125 [00:01<00:48,  2.48it/s]
  4%|▍         | 5/125 [00:02<00:47,  2.53it/s]
  5%|▍         | 6/125 [00:02<00:46,  2.56it/s]
  6%|▌         | 7/125 [00:02<00:45,  2.58it/s]
  6%|▋         | 8/125 [00:03<00:45,  2.59it/s]
  7%|▋         | 9/125 [00:03<00:44,  2.59it/s]
  8%|▊         | 10/125 [00:03<00:44,  2.60it/s]
  9%|▉         | 11/125 [00:04<00:43,  2.60it/s]
 10%|▉         | 12/125 [00:04<00:43,  2.61it/s]
 10%|█         | 13/125 [00:05<00:42,  2.61it/s]
 11%|█         | 14/125 [00:05<00:42,  2.61it/s]
 12%|█▏        | 15/125 [00:05<00:42,  2.61it/s]
 13%|█▎        | 16/125 [00:06<00:41,  2.61it/s]
 14%|█▎        | 17/125 [00:06<00:43,  2.48it/s]
 14%|█▍        | 18/125 [00:07<00:43,  2.48it/s]
 15%|█▌        | 19/125 [00:07<00:42,  2.51it/s]
 16%|█▌        | 20/125 [00:07<00:41,  2.53it/s]
 17%|█▋        | 21/125 [00:08<00:40,  2.54it/s]
 18%|█▊        | 22/125 [00:08<00:41,  2.48it/s]
 18%|█▊        | 23/125 [00:09<00:40,  2.50it/s]
 19%|█▉        | 24/125 [00:09<00:40,  2.52it/s]
 20%|██        | 25/125 [00:09<00:39,  2.53it/s]
 21%|██        | 26/125 [00:10<00:39,  2.53it/s]
 22%|██▏       | 27/125 [00:10<00:38,  2.54it/s]
 22%|██▏       | 28/125 [00:11<00:38,  2.55it/s]
 23%|██▎       | 29/125 [00:11<00:37,  2.56it/s]
 24%|██▍       | 30/125 [00:11<00:37,  2.56it/s]
 25%|██▍       | 31/125 [00:12<00:36,  2.56it/s]
 26%|██▌       | 32/125 [00:12<00:36,  2.57it/s]
 26%|██▋       | 33/125 [00:13<00:35,  2.57it/s]
 27%|██▋       | 34/125 [00:13<00:35,  2.57it/s]
 28%|██▊       | 35/125 [00:13<00:34,  2.57it/s]
 29%|██▉       | 36/125 [00:14<00:34,  2.57it/s]
 30%|██▉       | 37/125 [00:14<00:34,  2.57it/s]
 30%|███       | 38/125 [00:14<00:33,  2.57it/s]
 31%|███       | 39/125 [00:15<00:35,  2.45it/s]
 32%|███▏      | 40/125 [00:15<00:34,  2.48it/s]
 33%|███▎      | 41/125 [00:16<00:33,  2.50it/s]
 34%|███▎      | 42/125 [00:16<00:32,  2.52it/s]
 34%|███▍      | 43/125 [00:16<00:31,  2.58it/s]
 35%|███▌      | 44/125 [00:17<00:30,  2.62it/s]
 36%|███▌      | 45/125 [00:17<00:30,  2.65it/s]
 37%|███▋      | 46/125 [00:18<00:30,  2.61it/s]
 38%|███▊      | 47/125 [00:18<00:29,  2.65it/s]
 38%|███▊      | 48/125 [00:18<00:28,  2.68it/s]
 39%|███▉      | 49/125 [00:19<00:28,  2.69it/s]
 40%|████      | 50/125 [00:19<00:27,  2.70it/s]
 41%|████      | 51/125 [00:19<00:27,  2.70it/s]
 42%|████▏     | 52/125 [00:20<00:26,  2.70it/s]
 42%|████▏     | 53/125 [00:20<00:30,  2.35it/s]
 43%|████▎     | 54/125 [00:21<00:29,  2.41it/s]
 44%|████▍     | 55/125 [00:21<00:29,  2.41it/s]
 45%|████▍     | 56/125 [00:22<00:29,  2.32it/s]
 46%|████▌     | 57/125 [00:22<00:28,  2.39it/s]
 46%|████▋     | 58/125 [00:22<00:27,  2.44it/s]
 47%|████▋     | 59/125 [00:23<00:26,  2.47it/s]
 48%|████▊     | 60/125 [00:23<00:29,  2.22it/s]
 49%|████▉     | 61/125 [00:24<00:27,  2.32it/s]
 50%|████▉     | 62/125 [00:24<00:26,  2.40it/s]
 50%|█████     | 63/125 [00:25<00:29,  2.10it/s]
 51%|█████     | 64/125 [00:25<00:27,  2.23it/s]
 52%|█████▏    | 65/125 [00:25<00:25,  2.36it/s]
 53%|█████▎    | 66/125 [00:26<00:27,  2.13it/s]
 54%|█████▎    | 67/125 [00:26<00:25,  2.25it/s]
 54%|█████▍    | 68/125 [00:27<00:24,  2.35it/s]
 55%|█████▌    | 69/125 [00:27<00:23,  2.42it/s]
 56%|█████▌    | 70/125 [00:28<00:22,  2.47it/s]
 57%|█████▋    | 71/125 [00:28<00:24,  2.19it/s]
 58%|█████▊    | 72/125 [00:29<00:22,  2.33it/s]
 58%|█████▊    | 73/125 [00:29<00:21,  2.44it/s]
 59%|█████▉    | 74/125 [00:29<00:20,  2.47it/s]
 60%|██████    | 75/125 [00:30<00:19,  2.55it/s]
 61%|██████    | 76/125 [00:30<00:18,  2.61it/s]
 62%|██████▏   | 77/125 [00:30<00:18,  2.65it/s]
 62%|██████▏   | 78/125 [00:31<00:20,  2.31it/s]
 63%|██████▎   | 79/125 [00:31<00:19,  2.38it/s]
 64%|██████▍   | 80/125 [00:32<00:18,  2.42it/s]
 65%|██████▍   | 81/125 [00:32<00:17,  2.48it/s]
 66%|██████▌   | 82/125 [00:32<00:17,  2.51it/s]
 66%|██████▋   | 83/125 [00:33<00:18,  2.26it/s]
 67%|██████▋   | 84/125 [00:33<00:17,  2.39it/s]
 68%|██████▊   | 85/125 [00:34<00:16,  2.49it/s]
 69%|██████▉   | 86/125 [00:34<00:15,  2.54it/s]
 70%|██████▉   | 87/125 [00:35<00:14,  2.60it/s]
 70%|███████   | 88/125 [00:35<00:16,  2.31it/s]
 71%|███████   | 89/125 [00:35<00:14,  2.43it/s]
 72%|███████▏  | 90/125 [00:36<00:13,  2.52it/s]
 73%|███████▎  | 91/125 [00:36<00:15,  2.20it/s]
 74%|███████▎  | 92/125 [00:37<00:14,  2.31it/s]
 74%|███████▍  | 93/125 [00:37<00:13,  2.39it/s]
 75%|███████▌  | 94/125 [00:38<00:13,  2.35it/s]
 76%|███████▌  | 95/125 [00:38<00:12,  2.41it/s]
 77%|███████▋  | 96/125 [00:39<00:13,  2.12it/s]
 78%|███████▊  | 97/125 [00:39<00:12,  2.24it/s]
 78%|███████▊  | 98/125 [00:39<00:11,  2.31it/s]
 79%|███████▉  | 99/125 [00:40<00:16,  1.57it/s]
 80%|████████  | 100/125 [00:41<00:13,  1.81it/s]
 81%|████████  | 101/125 [00:41<00:12,  1.99it/s]
 82%|████████▏ | 102/125 [00:42<00:10,  2.12it/s]
 82%|████████▏ | 103/125 [00:42<00:09,  2.28it/s]
 83%|████████▎ | 104/125 [00:42<00:08,  2.37it/s]
 84%|████████▍ | 105/125 [00:43<00:08,  2.43it/s]
 85%|████████▍ | 106/125 [00:43<00:08,  2.26it/s]
 86%|████████▌ | 107/125 [00:44<00:07,  2.32it/s]
 86%|████████▋ | 108/125 [00:44<00:08,  1.91it/s]
 87%|████████▋ | 109/125 [00:45<00:07,  2.07it/s]
 88%|████████▊ | 110/125 [00:45<00:06,  2.20it/s]
 89%|████████▉ | 111/125 [00:46<00:06,  2.28it/s]
 90%|████████▉ | 112/125 [00:46<00:05,  2.36it/s]
 90%|█████████ | 113/125 [00:46<00:04,  2.42it/s]
 91%|█████████ | 114/125 [00:47<00:04,  2.46it/s]
 92%|█████████▏| 115/125 [00:47<00:04,  2.21it/s]
 93%|█████████▎| 116/125 [00:48<00:03,  2.35it/s]
 94%|█████████▎| 117/125 [00:48<00:03,  2.32it/s]
 94%|█████████▍| 118/125 [00:48<00:02,  2.43it/s]
 95%|█████████▌| 119/125 [00:49<00:02,  2.50it/s]
 96%|█████████▌| 120/125 [00:49<00:02,  2.49it/s]
 97%|█████████▋| 121/125 [00:50<00:01,  2.57it/s]
 98%|█████████▊| 122/125 [00:50<00:01,  2.52it/s]
 98%|█████████▊| 123/125 [00:50<00:00,  2.54it/s]
 99%|█████████▉| 124/125 [00:51<00:00,  2.55it/s]
100%|██████████| 125/125 [00:51<00:00,  2.60it/s]
100%|██████████| 125/125 [00:51<00:00,  2.42it/s]
Evaluation for task 4 has started.
['lamp', 'dolphin', 'cloud', 'tank', 'baby', 'whale', 'palm_tree', 'motorcycle', 'sea', 'possum']

  0%|          | 0/41 [00:00<?, ?it/s]
  2%|▏         | 1/41 [00:01<00:45,  1.14s/it]
  5%|▍         | 2/41 [00:02<00:38,  1.02it/s]
  7%|▋         | 3/41 [00:03<00:38,  1.01s/it]
 10%|▉         | 4/41 [00:04<00:38,  1.04s/it]
 12%|█▏        | 5/41 [00:05<00:37,  1.05s/it]
 15%|█▍        | 6/41 [00:06<00:36,  1.05s/it]
 17%|█▋        | 7/41 [00:07<00:35,  1.06s/it]
 20%|█▉        | 8/41 [00:08<00:34,  1.06s/it]
 22%|██▏       | 9/41 [00:09<00:33,  1.06s/it]
 24%|██▍       | 10/41 [00:10<00:32,  1.06s/it]
 27%|██▋       | 11/41 [00:11<00:31,  1.06s/it]
 29%|██▉       | 12/41 [00:12<00:30,  1.06s/it]
 32%|███▏      | 13/41 [00:13<00:29,  1.06s/it]
 34%|███▍      | 14/41 [00:14<00:28,  1.07s/it]
 37%|███▋      | 15/41 [00:15<00:27,  1.07s/it]
 39%|███▉      | 16/41 [00:16<00:26,  1.07s/it]
 41%|████▏     | 17/41 [00:17<00:25,  1.07s/it]
 44%|████▍     | 18/41 [00:19<00:24,  1.07s/it]
 46%|████▋     | 19/41 [00:20<00:23,  1.06s/it]
 49%|████▉     | 20/41 [00:21<00:22,  1.06s/it]
 51%|█████     | 21/41 [00:22<00:21,  1.06s/it]
 54%|█████▎    | 22/41 [00:23<00:20,  1.06s/it]
 56%|█████▌    | 23/41 [00:24<00:19,  1.06s/it]
 59%|█████▊    | 24/41 [00:25<00:17,  1.06s/it]
 61%|██████    | 25/41 [00:26<00:16,  1.06s/it]
 63%|██████▎   | 26/41 [00:27<00:15,  1.06s/it]
 66%|██████▌   | 27/41 [00:28<00:14,  1.06s/it]
 68%|██████▊   | 28/41 [00:29<00:13,  1.06s/it]
 71%|███████   | 29/41 [00:30<00:12,  1.06s/it]
 73%|███████▎  | 30/41 [00:31<00:11,  1.06s/it]
 76%|███████▌  | 31/41 [00:32<00:10,  1.06s/it]
 78%|███████▊  | 32/41 [00:33<00:09,  1.06s/it]
 80%|████████  | 33/41 [00:34<00:08,  1.06s/it]
 83%|████████▎ | 34/41 [00:35<00:07,  1.06s/it]
 85%|████████▌ | 35/41 [00:37<00:06,  1.06s/it]
 88%|████████▊ | 36/41 [00:38<00:05,  1.06s/it]
 90%|█████████ | 37/41 [00:39<00:04,  1.06s/it]
 93%|█████████▎| 38/41 [00:40<00:03,  1.06s/it]
 95%|█████████▌| 39/41 [00:41<00:02,  1.06s/it]
 98%|█████████▊| 40/41 [00:41<00:00,  1.10it/s]
100%|██████████| 41/41 [00:43<00:00,  1.05s/it]
100%|██████████| 41/41 [00:43<00:00,  1.05s/it]

  0%|          | 0/141 [00:00<?, ?it/s]
  1%|          | 1/141 [00:00<01:21,  1.72it/s]
  1%|▏         | 2/141 [00:00<01:03,  2.18it/s]
  2%|▏         | 3/141 [00:01<01:00,  2.29it/s]
  3%|▎         | 4/141 [00:01<00:56,  2.42it/s]
  4%|▎         | 5/141 [00:02<00:55,  2.46it/s]
  4%|▍         | 6/141 [00:02<00:53,  2.54it/s]
  5%|▍         | 7/141 [00:02<00:51,  2.59it/s]
  6%|▌         | 8/141 [00:03<00:50,  2.63it/s]
  6%|▋         | 9/141 [00:03<00:49,  2.65it/s]
  7%|▋         | 10/141 [00:03<00:49,  2.67it/s]
  8%|▊         | 11/141 [00:04<00:48,  2.67it/s]
  9%|▊         | 12/141 [00:04<00:48,  2.67it/s]
  9%|▉         | 13/141 [00:05<00:47,  2.69it/s]
 10%|▉         | 14/141 [00:05<00:46,  2.70it/s]
 11%|█         | 15/141 [00:05<00:46,  2.71it/s]
 11%|█▏        | 16/141 [00:06<00:45,  2.72it/s]
 12%|█▏        | 17/141 [00:06<00:45,  2.73it/s]
 13%|█▎        | 18/141 [00:06<00:45,  2.73it/s]
 13%|█▎        | 19/141 [00:07<00:44,  2.74it/s]
 14%|█▍        | 20/141 [00:07<00:44,  2.73it/s]
 15%|█▍        | 21/141 [00:08<00:44,  2.72it/s]
 16%|█▌        | 22/141 [00:08<00:43,  2.72it/s]
 16%|█▋        | 23/141 [00:08<00:43,  2.72it/s]
 17%|█▋        | 24/141 [00:09<00:43,  2.72it/s]
 18%|█▊        | 25/141 [00:09<00:42,  2.73it/s]
 18%|█▊        | 26/141 [00:09<00:42,  2.73it/s]
 19%|█▉        | 27/141 [00:10<00:41,  2.73it/s]
 20%|█▉        | 28/141 [00:10<00:41,  2.74it/s]
 21%|██        | 29/141 [00:11<00:44,  2.53it/s]
 21%|██▏       | 30/141 [00:11<00:43,  2.55it/s]
 22%|██▏       | 31/141 [00:11<00:43,  2.56it/s]
 23%|██▎       | 32/141 [00:12<00:42,  2.56it/s]
 23%|██▎       | 33/141 [00:12<00:42,  2.55it/s]
 24%|██▍       | 34/141 [00:12<00:41,  2.60it/s]
 25%|██▍       | 35/141 [00:13<00:40,  2.63it/s]
 26%|██▌       | 36/141 [00:13<00:39,  2.66it/s]
 26%|██▌       | 37/141 [00:14<00:39,  2.62it/s]
 27%|██▋       | 38/141 [00:14<00:40,  2.55it/s]
 28%|██▊       | 39/141 [00:14<00:41,  2.48it/s]
 28%|██▊       | 40/141 [00:15<00:39,  2.54it/s]
 29%|██▉       | 41/141 [00:15<00:38,  2.60it/s]
 30%|██▉       | 42/141 [00:16<00:37,  2.64it/s]
 30%|███       | 43/141 [00:16<00:37,  2.62it/s]
 31%|███       | 44/141 [00:16<00:36,  2.65it/s]
 32%|███▏      | 45/141 [00:17<00:35,  2.68it/s]
 33%|███▎      | 46/141 [00:17<00:35,  2.70it/s]
 33%|███▎      | 47/141 [00:17<00:34,  2.70it/s]
 34%|███▍      | 48/141 [00:18<00:34,  2.71it/s]
 35%|███▍      | 49/141 [00:18<00:33,  2.72it/s]
 35%|███▌      | 50/141 [00:19<00:33,  2.73it/s]
 36%|███▌      | 51/141 [00:19<00:32,  2.73it/s]
 37%|███▋      | 52/141 [00:19<00:32,  2.73it/s]
 38%|███▊      | 53/141 [00:20<00:32,  2.73it/s]
 38%|███▊      | 54/141 [00:20<00:31,  2.73it/s]
 39%|███▉      | 55/141 [00:20<00:31,  2.73it/s]
 40%|███▉      | 56/141 [00:21<00:31,  2.73it/s]
 40%|████      | 57/141 [00:21<00:30,  2.73it/s]
 41%|████      | 58/141 [00:21<00:30,  2.73it/s]
 42%|████▏     | 59/141 [00:22<00:30,  2.72it/s]
 43%|████▎     | 60/141 [00:22<00:29,  2.73it/s]
 43%|████▎     | 61/141 [00:23<00:30,  2.66it/s]
 44%|████▍     | 62/141 [00:23<00:29,  2.66it/s]
 45%|████▍     | 63/141 [00:23<00:29,  2.69it/s]
 45%|████▌     | 64/141 [00:24<00:28,  2.70it/s]
 46%|████▌     | 65/141 [00:24<00:27,  2.71it/s]
 47%|████▋     | 66/141 [00:24<00:27,  2.72it/s]
 48%|████▊     | 67/141 [00:25<00:27,  2.73it/s]
 48%|████▊     | 68/141 [00:25<00:27,  2.67it/s]
 49%|████▉     | 69/141 [00:26<00:26,  2.69it/s]
 50%|████▉     | 70/141 [00:26<00:26,  2.71it/s]
 50%|█████     | 71/141 [00:26<00:25,  2.72it/s]
 51%|█████     | 72/141 [00:27<00:25,  2.72it/s]
 52%|█████▏    | 73/141 [00:27<00:24,  2.72it/s]
 52%|█████▏    | 74/141 [00:27<00:24,  2.72it/s]
 53%|█████▎    | 75/141 [00:28<00:24,  2.72it/s]
 54%|█████▍    | 76/141 [00:28<00:23,  2.72it/s]
 55%|█████▍    | 77/141 [00:28<00:23,  2.73it/s]
 55%|█████▌    | 78/141 [00:29<00:23,  2.71it/s]
 56%|█████▌    | 79/141 [00:29<00:22,  2.72it/s]
 57%|█████▋    | 80/141 [00:30<00:22,  2.71it/s]
 57%|█████▋    | 81/141 [00:30<00:23,  2.61it/s]
 58%|█████▊    | 82/141 [00:30<00:22,  2.64it/s]
 59%|█████▉    | 83/141 [00:31<00:21,  2.67it/s]
 60%|█████▉    | 84/141 [00:31<00:21,  2.69it/s]
 60%|██████    | 85/141 [00:31<00:20,  2.70it/s]
 61%|██████    | 86/141 [00:32<00:20,  2.71it/s]
 62%|██████▏   | 87/141 [00:32<00:19,  2.71it/s]
 62%|██████▏   | 88/141 [00:33<00:19,  2.72it/s]
 63%|██████▎   | 89/141 [00:33<00:19,  2.73it/s]
 64%|██████▍   | 90/141 [00:33<00:18,  2.73it/s]
 65%|██████▍   | 91/141 [00:34<00:18,  2.73it/s]
 65%|██████▌   | 92/141 [00:34<00:17,  2.74it/s]
 66%|██████▌   | 93/141 [00:34<00:17,  2.74it/s]
 67%|██████▋   | 94/141 [00:35<00:17,  2.74it/s]
 67%|██████▋   | 95/141 [00:35<00:16,  2.74it/s]
 68%|██████▊   | 96/141 [00:35<00:16,  2.74it/s]
 69%|██████▉   | 97/141 [00:36<00:16,  2.74it/s]
 70%|██████▉   | 98/141 [00:36<00:16,  2.68it/s]
 70%|███████   | 99/141 [00:37<00:16,  2.47it/s]
 71%|███████   | 100/141 [00:37<00:16,  2.49it/s]
 72%|███████▏  | 101/141 [00:37<00:15,  2.51it/s]
 72%|███████▏  | 102/141 [00:38<00:15,  2.54it/s]
 73%|███████▎  | 103/141 [00:38<00:14,  2.54it/s]
 74%|███████▍  | 104/141 [00:39<00:14,  2.56it/s]
 74%|███████▍  | 105/141 [00:39<00:14,  2.56it/s]
 75%|███████▌  | 106/141 [00:39<00:13,  2.56it/s]
 76%|███████▌  | 107/141 [00:40<00:13,  2.56it/s]
 77%|███████▋  | 108/141 [00:40<00:12,  2.56it/s]
 77%|███████▋  | 109/141 [00:41<00:12,  2.56it/s]
 78%|███████▊  | 110/141 [00:41<00:12,  2.53it/s]
 79%|███████▊  | 111/141 [00:41<00:11,  2.55it/s]
 79%|███████▉  | 112/141 [00:42<00:11,  2.55it/s]
 80%|████████  | 113/141 [00:42<00:10,  2.56it/s]
 81%|████████  | 114/141 [00:43<00:10,  2.57it/s]
 82%|████████▏ | 115/141 [00:43<00:10,  2.58it/s]
 82%|████████▏ | 116/141 [00:43<00:09,  2.58it/s]
 83%|████████▎ | 117/141 [00:44<00:09,  2.58it/s]
 84%|████████▎ | 118/141 [00:44<00:08,  2.58it/s]
 84%|████████▍ | 119/141 [00:44<00:08,  2.57it/s]
 85%|████████▌ | 120/141 [00:45<00:08,  2.57it/s]
 86%|████████▌ | 121/141 [00:45<00:07,  2.56it/s]
 87%|████████▋ | 122/141 [00:46<00:07,  2.56it/s]
 87%|████████▋ | 123/141 [00:46<00:07,  2.57it/s]
 88%|████████▊ | 124/141 [00:46<00:06,  2.54it/s]
 89%|████████▊ | 125/141 [00:47<00:06,  2.56it/s]
 89%|████████▉ | 126/141 [00:47<00:05,  2.57it/s]
 90%|█████████ | 127/141 [00:48<00:05,  2.57it/s]
 91%|█████████ | 128/141 [00:48<00:04,  2.61it/s]
 91%|█████████▏| 129/141 [00:48<00:04,  2.65it/s]
 92%|█████████▏| 130/141 [00:49<00:04,  2.67it/s]
 93%|█████████▎| 131/141 [00:49<00:03,  2.69it/s]
 94%|█████████▎| 132/141 [00:49<00:03,  2.70it/s]
 94%|█████████▍| 133/141 [00:50<00:02,  2.71it/s]
 95%|█████████▌| 134/141 [00:50<00:02,  2.71it/s]
 96%|█████████▌| 135/141 [00:51<00:02,  2.72it/s]
 96%|█████████▋| 136/141 [00:51<00:01,  2.71it/s]
 97%|█████████▋| 137/141 [00:51<00:01,  2.72it/s]
 98%|█████████▊| 138/141 [00:52<00:01,  2.72it/s]
 99%|█████████▊| 139/141 [00:52<00:00,  2.73it/s]
 99%|█████████▉| 140/141 [00:52<00:00,  2.72it/s]
100%|██████████| 141/141 [00:53<00:00,  2.99it/s]
100%|██████████| 141/141 [00:53<00:00,  2.65it/s]
Evaluation for task 5 has started.
['woman', 'bus', 'worm', 'beetle', 'fox', 'otter', 'orchid', 'crab', 'girl', 'keyboard']

  0%|          | 0/41 [00:00<?, ?it/s]
  2%|▏         | 1/41 [00:01<00:46,  1.15s/it]
  5%|▍         | 2/41 [00:02<00:38,  1.02it/s]
  7%|▋         | 3/41 [00:03<00:38,  1.02s/it]
 10%|▉         | 4/41 [00:04<00:38,  1.03s/it]
 12%|█▏        | 5/41 [00:05<00:37,  1.04s/it]
 15%|█▍        | 6/41 [00:06<00:36,  1.05s/it]
 17%|█▋        | 7/41 [00:07<00:35,  1.05s/it]
 20%|█▉        | 8/41 [00:08<00:34,  1.05s/it]
 22%|██▏       | 9/41 [00:09<00:33,  1.05s/it]
 24%|██▍       | 10/41 [00:10<00:32,  1.05s/it]
 27%|██▋       | 11/41 [00:11<00:31,  1.06s/it]
 29%|██▉       | 12/41 [00:12<00:30,  1.06s/it]
 32%|███▏      | 13/41 [00:13<00:29,  1.06s/it]
 34%|███▍      | 14/41 [00:14<00:28,  1.06s/it]
 37%|███▋      | 15/41 [00:15<00:27,  1.06s/it]
 39%|███▉      | 16/41 [00:16<00:26,  1.06s/it]
 41%|████▏     | 17/41 [00:17<00:25,  1.06s/it]
 44%|████▍     | 18/41 [00:18<00:24,  1.06s/it]
 46%|████▋     | 19/41 [00:20<00:23,  1.06s/it]
 49%|████▉     | 20/41 [00:21<00:22,  1.06s/it]
 51%|█████     | 21/41 [00:22<00:21,  1.06s/it]
 54%|█████▎    | 22/41 [00:23<00:20,  1.06s/it]
 56%|█████▌    | 23/41 [00:24<00:19,  1.06s/it]
 59%|█████▊    | 24/41 [00:25<00:18,  1.06s/it]
 61%|██████    | 25/41 [00:26<00:16,  1.06s/it]
 63%|██████▎   | 26/41 [00:27<00:15,  1.06s/it]
 66%|██████▌   | 27/41 [00:28<00:14,  1.06s/it]
 68%|██████▊   | 28/41 [00:29<00:13,  1.07s/it]
 71%|███████   | 29/41 [00:30<00:12,  1.06s/it]
 73%|███████▎  | 30/41 [00:31<00:11,  1.06s/it]
 76%|███████▌  | 31/41 [00:32<00:10,  1.06s/it]
 78%|███████▊  | 32/41 [00:33<00:09,  1.06s/it]
 80%|████████  | 33/41 [00:34<00:08,  1.06s/it]
 83%|████████▎ | 34/41 [00:35<00:07,  1.06s/it]
 85%|████████▌ | 35/41 [00:36<00:06,  1.06s/it]
 88%|████████▊ | 36/41 [00:38<00:05,  1.06s/it]
 90%|█████████ | 37/41 [00:39<00:04,  1.06s/it]
 93%|█████████▎| 38/41 [00:40<00:03,  1.06s/it]
 95%|█████████▌| 39/41 [00:41<00:02,  1.05s/it]
 98%|█████████▊| 40/41 [00:41<00:00,  1.10it/s]
100%|██████████| 41/41 [00:43<00:00,  1.07s/it]
100%|██████████| 41/41 [00:43<00:00,  1.05s/it]

  0%|          | 0/157 [00:00<?, ?it/s]
  1%|          | 1/157 [00:00<01:22,  1.90it/s]
  1%|▏         | 2/157 [00:00<01:13,  2.11it/s]
  2%|▏         | 3/157 [00:01<01:09,  2.22it/s]
  3%|▎         | 4/157 [00:01<01:04,  2.38it/s]
  3%|▎         | 5/157 [00:02<01:01,  2.48it/s]
  4%|▍         | 6/157 [00:02<01:01,  2.44it/s]
  4%|▍         | 7/157 [00:02<01:00,  2.50it/s]
  5%|▌         | 8/157 [00:03<00:58,  2.53it/s]
  6%|▌         | 9/157 [00:03<00:57,  2.57it/s]
  6%|▋         | 10/157 [00:04<00:56,  2.59it/s]
  7%|▋         | 11/157 [00:04<00:55,  2.62it/s]
  8%|▊         | 12/157 [00:04<00:55,  2.63it/s]
  8%|▊         | 13/157 [00:05<00:54,  2.65it/s]
  9%|▉         | 14/157 [00:05<00:53,  2.65it/s]
 10%|▉         | 15/157 [00:05<00:53,  2.66it/s]
 10%|█         | 16/157 [00:06<00:52,  2.66it/s]
 11%|█         | 17/157 [00:06<00:52,  2.67it/s]
 11%|█▏        | 18/157 [00:07<00:52,  2.63it/s]
 12%|█▏        | 19/157 [00:07<00:56,  2.45it/s]
 13%|█▎        | 20/157 [00:07<00:54,  2.50it/s]
 13%|█▎        | 21/157 [00:08<00:53,  2.55it/s]
 14%|█▍        | 22/157 [00:08<00:52,  2.59it/s]
 15%|█▍        | 23/157 [00:09<00:51,  2.62it/s]
 15%|█▌        | 24/157 [00:09<00:50,  2.63it/s]
 16%|█▌        | 25/157 [00:09<00:49,  2.65it/s]
 17%|█▋        | 26/157 [00:10<00:49,  2.65it/s]
 17%|█▋        | 27/157 [00:10<00:48,  2.66it/s]
 18%|█▊        | 28/157 [00:10<00:48,  2.66it/s]
 18%|█▊        | 29/157 [00:11<00:47,  2.67it/s]
 19%|█▉        | 30/157 [00:11<00:47,  2.67it/s]
 20%|█▉        | 31/157 [00:12<00:47,  2.67it/s]
 20%|██        | 32/157 [00:12<00:46,  2.67it/s]
 21%|██        | 33/157 [00:12<00:46,  2.67it/s]
 22%|██▏       | 34/157 [00:13<00:46,  2.67it/s]
 22%|██▏       | 35/157 [00:13<00:45,  2.67it/s]
 23%|██▎       | 36/157 [00:13<00:45,  2.67it/s]
 24%|██▎       | 37/157 [00:14<00:44,  2.67it/s]
 24%|██▍       | 38/157 [00:14<00:44,  2.67it/s]
 25%|██▍       | 39/157 [00:15<00:44,  2.67it/s]
 25%|██▌       | 40/157 [00:15<00:43,  2.67it/s]
 26%|██▌       | 41/157 [00:15<00:43,  2.64it/s]
 27%|██▋       | 42/157 [00:16<00:43,  2.63it/s]
 27%|██▋       | 43/157 [00:16<00:43,  2.64it/s]
 28%|██▊       | 44/157 [00:16<00:42,  2.65it/s]
 29%|██▊       | 45/157 [00:17<00:42,  2.66it/s]
 29%|██▉       | 46/157 [00:17<00:41,  2.67it/s]
 30%|██▉       | 47/157 [00:18<00:41,  2.67it/s]
 31%|███       | 48/157 [00:18<00:40,  2.67it/s]
 31%|███       | 49/157 [00:18<00:40,  2.68it/s]
 32%|███▏      | 50/157 [00:19<00:40,  2.67it/s]
 32%|███▏      | 51/157 [00:19<00:42,  2.52it/s]
 33%|███▎      | 52/157 [00:20<00:41,  2.55it/s]
 34%|███▍      | 53/157 [00:20<00:40,  2.58it/s]
 34%|███▍      | 54/157 [00:20<00:39,  2.59it/s]
 35%|███▌      | 55/157 [00:21<00:40,  2.54it/s]
 36%|███▌      | 56/157 [00:21<00:40,  2.52it/s]
 36%|███▋      | 57/157 [00:21<00:39,  2.52it/s]
 37%|███▋      | 58/157 [00:22<00:39,  2.51it/s]
 38%|███▊      | 59/157 [00:22<00:38,  2.51it/s]
 38%|███▊      | 60/157 [00:23<00:38,  2.51it/s]
 39%|███▉      | 61/157 [00:23<00:38,  2.51it/s]
 39%|███▉      | 62/157 [00:23<00:37,  2.51it/s]
 40%|████      | 63/157 [00:24<00:37,  2.51it/s]
 41%|████      | 64/157 [00:24<00:37,  2.51it/s]
 41%|████▏     | 65/157 [00:25<00:36,  2.51it/s]
 42%|████▏     | 66/157 [00:25<00:36,  2.51it/s]
 43%|████▎     | 67/157 [00:25<00:35,  2.52it/s]
 43%|████▎     | 68/157 [00:26<00:35,  2.52it/s]
 44%|████▍     | 69/157 [00:26<00:34,  2.51it/s]
 45%|████▍     | 70/157 [00:27<00:34,  2.51it/s]
 45%|████▌     | 71/157 [00:27<00:37,  2.30it/s]
 46%|████▌     | 72/157 [00:28<00:36,  2.35it/s]
 46%|████▋     | 73/157 [00:28<00:35,  2.39it/s]
 47%|████▋     | 74/157 [00:28<00:34,  2.42it/s]
 48%|████▊     | 75/157 [00:29<00:33,  2.43it/s]
 48%|████▊     | 76/157 [00:29<00:33,  2.45it/s]
 49%|████▉     | 77/157 [00:30<00:32,  2.46it/s]
 50%|████▉     | 78/157 [00:30<00:32,  2.47it/s]
 50%|█████     | 79/157 [00:30<00:31,  2.46it/s]
 51%|█████     | 80/157 [00:31<00:31,  2.46it/s]
 52%|█████▏    | 81/157 [00:31<00:30,  2.47it/s]
 52%|█████▏    | 82/157 [00:32<00:30,  2.48it/s]
 53%|█████▎    | 83/157 [00:32<00:29,  2.48it/s]
 54%|█████▎    | 84/157 [00:32<00:29,  2.47it/s]
 54%|█████▍    | 85/157 [00:33<00:29,  2.48it/s]
 55%|█████▍    | 86/157 [00:33<00:28,  2.48it/s]
 55%|█████▌    | 87/157 [00:34<00:28,  2.47it/s]
 56%|█████▌    | 88/157 [00:34<00:28,  2.40it/s]
 57%|█████▋    | 89/157 [00:35<00:29,  2.31it/s]
 57%|█████▋    | 90/157 [00:35<00:28,  2.35it/s]
 58%|█████▊    | 91/157 [00:35<00:27,  2.39it/s]
 59%|█████▊    | 92/157 [00:36<00:27,  2.38it/s]
 59%|█████▉    | 93/157 [00:36<00:26,  2.42it/s]
 60%|█████▉    | 94/157 [00:37<00:25,  2.44it/s]
 61%|██████    | 95/157 [00:37<00:25,  2.46it/s]
 61%|██████    | 96/157 [00:37<00:24,  2.47it/s]
 62%|██████▏   | 97/157 [00:38<00:24,  2.43it/s]
 62%|██████▏   | 98/157 [00:38<00:24,  2.39it/s]
 63%|██████▎   | 99/157 [00:39<00:23,  2.43it/s]
 64%|██████▎   | 100/157 [00:39<00:23,  2.45it/s]
 64%|██████▍   | 101/157 [00:39<00:22,  2.47it/s]
 65%|██████▍   | 102/157 [00:40<00:22,  2.46it/s]
 66%|██████▌   | 103/157 [00:40<00:21,  2.46it/s]
 66%|██████▌   | 104/157 [00:41<00:22,  2.34it/s]
 67%|██████▋   | 105/157 [00:41<00:21,  2.38it/s]
 68%|██████▊   | 106/157 [00:42<00:20,  2.45it/s]
 68%|██████▊   | 107/157 [00:42<00:19,  2.50it/s]
 69%|██████▉   | 108/157 [00:42<00:19,  2.54it/s]
 69%|██████▉   | 109/157 [00:43<00:18,  2.57it/s]
 70%|███████   | 110/157 [00:43<00:18,  2.59it/s]
 71%|███████   | 111/157 [00:43<00:17,  2.60it/s]
 71%|███████▏  | 112/157 [00:44<00:17,  2.61it/s]
 72%|███████▏  | 113/157 [00:44<00:16,  2.62it/s]
 73%|███████▎  | 114/157 [00:45<00:16,  2.60it/s]
 73%|███████▎  | 115/157 [00:45<00:16,  2.61it/s]
 74%|███████▍  | 116/157 [00:45<00:15,  2.62it/s]
 75%|███████▍  | 117/157 [00:46<00:15,  2.62it/s]
 75%|███████▌  | 118/157 [00:46<00:16,  2.36it/s]
 76%|███████▌  | 119/157 [00:47<00:15,  2.38it/s]
 76%|███████▋  | 120/157 [00:47<00:15,  2.36it/s]
 77%|███████▋  | 121/157 [00:48<00:15,  2.30it/s]
 78%|███████▊  | 122/157 [00:48<00:14,  2.39it/s]
 78%|███████▊  | 123/157 [00:48<00:13,  2.46it/s]
 79%|███████▉  | 124/157 [00:49<00:13,  2.52it/s]
 80%|███████▉  | 125/157 [00:49<00:12,  2.56it/s]
 80%|████████  | 126/157 [00:49<00:11,  2.59it/s]
 81%|████████  | 127/157 [00:50<00:11,  2.61it/s]
 82%|████████▏ | 128/157 [00:50<00:11,  2.63it/s]
 82%|████████▏ | 129/157 [00:51<00:11,  2.47it/s]
 83%|████████▎ | 130/157 [00:51<00:10,  2.50it/s]
 83%|████████▎ | 131/157 [00:52<00:11,  2.36it/s]
 84%|████████▍ | 132/157 [00:52<00:10,  2.29it/s]
 85%|████████▍ | 133/157 [00:52<00:10,  2.33it/s]
 85%|████████▌ | 134/157 [00:53<00:09,  2.36it/s]
 86%|████████▌ | 135/157 [00:53<00:09,  2.39it/s]
 87%|████████▋ | 136/157 [00:54<00:08,  2.44it/s]
 87%|████████▋ | 137/157 [00:54<00:08,  2.43it/s]
 88%|████████▊ | 138/157 [00:54<00:07,  2.49it/s]
 89%|████████▊ | 139/157 [00:55<00:07,  2.53it/s]
 89%|████████▉ | 140/157 [00:55<00:06,  2.56it/s]
 90%|████████▉ | 141/157 [00:56<00:06,  2.59it/s]
 90%|█████████ | 142/157 [00:56<00:05,  2.62it/s]
 91%|█████████ | 143/157 [00:56<00:05,  2.55it/s]
 92%|█████████▏| 144/157 [00:57<00:05,  2.52it/s]
 92%|█████████▏| 145/157 [00:57<00:04,  2.52it/s]
 93%|█████████▎| 146/157 [00:58<00:04,  2.52it/s]
 94%|█████████▎| 147/157 [00:58<00:03,  2.51it/s]
 94%|█████████▍| 148/157 [00:59<00:04,  2.18it/s]
 95%|█████████▍| 149/157 [00:59<00:03,  2.19it/s]
 96%|█████████▌| 150/157 [00:59<00:03,  2.31it/s]
 96%|█████████▌| 151/157 [01:00<00:02,  2.36it/s]
 97%|█████████▋| 152/157 [01:00<00:02,  2.37it/s]
 97%|█████████▋| 153/157 [01:01<00:01,  2.44it/s]
 98%|█████████▊| 154/157 [01:01<00:01,  2.17it/s]
 99%|█████████▊| 155/157 [01:02<00:00,  2.18it/s]
 99%|█████████▉| 156/157 [01:02<00:00,  2.12it/s]
100%|██████████| 157/157 [01:02<00:00,  2.58it/s]
100%|██████████| 157/157 [01:02<00:00,  2.50it/s]

========================================
Finished cifar100_init50_inc10
Backbone: OpenAI CLIP
Base Accuracy: 88.48
Last Accuracy: 79.18
Average Accuracy (Top1): 83.25
========================================

<continuum.scenarios.class_incremental.ClassIncremental object at 0x7ff2d9963e50> <continuum.scenarios.class_incremental.ClassIncremental object at 0x7ff2d9963e50>
Evaluation for task 0 has started.
['American_lobster', 'lion', 'centipede', 'vulture', 'dalmatian', 'Weimaraner', 'cellular_telephone', 'collie', 'starfish', 'goose']

  0%|          | 0/10 [00:00<?, ?it/s]
 10%|█         | 1/10 [00:02<00:22,  2.48s/it]
 20%|██        | 2/10 [00:03<00:11,  1.39s/it]
 30%|███       | 3/10 [00:04<00:08,  1.23s/it]
 40%|████      | 4/10 [00:05<00:06,  1.15s/it]
 50%|█████     | 5/10 [00:06<00:05,  1.11s/it]
 60%|██████    | 6/10 [00:07<00:04,  1.08s/it]
 70%|███████   | 7/10 [00:08<00:03,  1.06s/it]
 80%|████████  | 8/10 [00:09<00:02,  1.06s/it]
 90%|█████████ | 9/10 [00:10<00:01,  1.03s/it]
100%|██████████| 10/10 [00:12<00:00,  1.31s/it]
100%|██████████| 10/10 [00:12<00:00,  1.22s/it]

  0%|          | 0/5 [00:00<?, ?it/s]
 20%|██        | 1/5 [00:00<00:02,  1.41it/s]
 40%|████      | 2/5 [00:01<00:01,  1.51it/s]
 60%|██████    | 3/5 [00:01<00:01,  1.61it/s]
 80%|████████  | 4/5 [00:02<00:00,  1.54it/s]
100%|██████████| 5/5 [00:03<00:00,  1.73it/s]
100%|██████████| 5/5 [00:03<00:00,  1.64it/s]
Evaluation for task 1 has started.
['electric_guitar', 'sandal', 'bathtub', 'scuba_diver', 'Scotch_terrier', 'hog', 'American_egret', 'hummingbird', 'meerkat', 'stingray']

  0%|          | 0/11 [00:00<?, ?it/s]
  9%|▉         | 1/11 [00:01<00:17,  1.75s/it]
 18%|█▊        | 2/11 [00:02<00:10,  1.22s/it]
 27%|██▋       | 3/11 [00:03<00:09,  1.15s/it]
 36%|███▋      | 4/11 [00:04<00:07,  1.11s/it]
 45%|████▌     | 5/11 [00:05<00:06,  1.09s/it]
 55%|█████▍    | 6/11 [00:06<00:05,  1.08s/it]
 64%|██████▎   | 7/11 [00:07<00:04,  1.07s/it]
 73%|███████▎  | 8/11 [00:08<00:03,  1.07s/it]
 82%|████████▏ | 9/11 [00:09<00:02,  1.06s/it]
 91%|█████████ | 10/11 [00:10<00:01,  1.04s/it]
100%|██████████| 11/11 [00:12<00:00,  1.29s/it]
100%|██████████| 11/11 [00:12<00:00,  1.17s/it]

  0%|          | 0/10 [00:00<?, ?it/s]
 10%|█         | 1/10 [00:00<00:06,  1.43it/s]
 20%|██        | 2/10 [00:01<00:05,  1.51it/s]
 30%|███       | 3/10 [00:01<00:04,  1.53it/s]
 40%|████      | 4/10 [00:02<00:04,  1.48it/s]
 50%|█████     | 5/10 [00:03<00:03,  1.50it/s]
 60%|██████    | 6/10 [00:03<00:02,  1.54it/s]
 70%|███████   | 7/10 [00:04<00:01,  1.57it/s]
 80%|████████  | 8/10 [00:05<00:01,  1.63it/s]
 90%|█████████ | 9/10 [00:05<00:00,  1.68it/s]
100%|██████████| 10/10 [00:06<00:00,  1.69it/s]
100%|██████████| 10/10 [00:06<00:00,  1.59it/s]
Evaluation for task 2 has started.
['chow', 'carousel', 'banana', 'hermit_crab', 'guillotine', 'ambulance', 'grasshopper', 'zebra', 'strawberry', 'stole']

  0%|          | 0/10 [00:00<?, ?it/s]
 10%|█         | 1/10 [00:01<00:15,  1.67s/it]
 20%|██        | 2/10 [00:02<00:09,  1.19s/it]
 30%|███       | 3/10 [00:03<00:07,  1.13s/it]
 40%|████      | 4/10 [00:04<00:06,  1.10s/it]
 50%|█████     | 5/10 [00:05<00:05,  1.09s/it]
 60%|██████    | 6/10 [00:06<00:04,  1.07s/it]
 70%|███████   | 7/10 [00:07<00:03,  1.07s/it]
 80%|████████  | 8/10 [00:08<00:02,  1.07s/it]
 90%|█████████ | 9/10 [00:09<00:01,  1.04s/it]
100%|██████████| 10/10 [00:12<00:00,  1.38s/it]
100%|██████████| 10/10 [00:12<00:00,  1.20s/it]

  0%|          | 0/15 [00:00<?, ?it/s]
  7%|▋         | 1/15 [00:00<00:09,  1.41it/s]
 13%|█▎        | 2/15 [00:01<00:08,  1.52it/s]
 20%|██        | 3/15 [00:01<00:07,  1.53it/s]
 27%|██▋       | 4/15 [00:02<00:07,  1.54it/s]
 33%|███▎      | 5/15 [00:03<00:06,  1.53it/s]
 40%|████      | 6/15 [00:03<00:05,  1.55it/s]
 47%|████▋     | 7/15 [00:04<00:05,  1.51it/s]
 53%|█████▎    | 8/15 [00:05<00:04,  1.47it/s]
 60%|██████    | 9/15 [00:06<00:04,  1.46it/s]
 67%|██████▋   | 10/15 [00:06<00:03,  1.55it/s]
 73%|███████▎  | 11/15 [00:07<00:02,  1.56it/s]
 80%|████████  | 12/15 [00:07<00:01,  1.61it/s]
 87%|████████▋ | 13/15 [00:08<00:01,  1.56it/s]
 93%|█████████▎| 14/15 [00:09<00:00,  1.52it/s]
100%|██████████| 15/15 [00:09<00:00,  1.90it/s]
100%|██████████| 15/15 [00:09<00:00,  1.60it/s]
Evaluation for task 3 has started.
['caldron', 'space_shuttle', 'bell_pepper', 'tennis_ball', 'submarine', 'fire_engine', 'bison', 'tree_frog', 'beer_glass', 'mushroom']

  0%|          | 0/13 [00:00<?, ?it/s]
  8%|▊         | 1/13 [00:01<00:20,  1.70s/it]
 15%|█▌        | 2/13 [00:02<00:13,  1.20s/it]
 23%|██▎       | 3/13 [00:03<00:11,  1.13s/it]
 31%|███       | 4/13 [00:04<00:09,  1.10s/it]
 38%|███▊      | 5/13 [00:05<00:08,  1.09s/it]
 46%|████▌     | 6/13 [00:06<00:07,  1.08s/it]
 54%|█████▍    | 7/13 [00:07<00:06,  1.07s/it]
 62%|██████▏   | 8/13 [00:08<00:05,  1.06s/it]
 69%|██████▉   | 9/13 [00:09<00:04,  1.06s/it]
 77%|███████▋  | 10/13 [00:10<00:03,  1.06s/it]
 85%|████████▍ | 11/13 [00:12<00:02,  1.06s/it]
 92%|█████████▏| 12/13 [00:12<00:00,  1.04it/s]
100%|██████████| 13/13 [00:14<00:00,  1.18s/it]
100%|██████████| 13/13 [00:14<00:00,  1.11s/it]

  0%|          | 0/20 [00:00<?, ?it/s]
  5%|▌         | 1/20 [00:00<00:12,  1.48it/s]
 10%|█         | 2/20 [00:01<00:10,  1.66it/s]
 15%|█▌        | 3/20 [00:01<00:10,  1.69it/s]
 20%|██        | 4/20 [00:02<00:09,  1.66it/s]
 25%|██▌       | 5/20 [00:03<00:09,  1.64it/s]
 30%|███       | 6/20 [00:03<00:08,  1.58it/s]
 35%|███▌      | 7/20 [00:04<00:08,  1.52it/s]
 40%|████      | 8/20 [00:05<00:08,  1.49it/s]
 45%|████▌     | 9/20 [00:05<00:07,  1.52it/s]
 50%|█████     | 10/20 [00:06<00:06,  1.47it/s]
 55%|█████▌    | 11/20 [00:07<00:06,  1.35it/s]
 60%|██████    | 12/20 [00:08<00:05,  1.41it/s]
 65%|██████▌   | 13/20 [00:08<00:05,  1.39it/s]
 70%|███████   | 14/20 [00:09<00:04,  1.42it/s]
 75%|███████▌  | 15/20 [00:10<00:03,  1.37it/s]
 80%|████████  | 16/20 [00:10<00:02,  1.47it/s]
 85%|████████▌ | 17/20 [00:11<00:01,  1.52it/s]
 90%|█████████ | 18/20 [00:12<00:01,  1.50it/s]
 95%|█████████▌| 19/20 [00:12<00:00,  1.50it/s]
100%|██████████| 20/20 [00:13<00:00,  1.62it/s]
100%|██████████| 20/20 [00:13<00:00,  1.51it/s]
Evaluation for task 4 has started.
['pizza', 'trombone', 'golden_retriever', 'peacock', 'gorilla', 'giant_panda', 'schooner', 'bagel', 'leopard', 'mitten']

  0%|          | 0/10 [00:00<?, ?it/s]
 10%|█         | 1/10 [00:01<00:15,  1.68s/it]
 20%|██        | 2/10 [00:02<00:09,  1.20s/it]
 30%|███       | 3/10 [00:03<00:07,  1.13s/it]
 40%|████      | 4/10 [00:04<00:06,  1.10s/it]
 50%|█████     | 5/10 [00:05<00:05,  1.09s/it]
 60%|██████    | 6/10 [00:06<00:04,  1.08s/it]
 70%|███████   | 7/10 [00:07<00:03,  1.07s/it]
 80%|████████  | 8/10 [00:08<00:02,  1.07s/it]
 90%|█████████ | 9/10 [00:09<00:00,  1.08it/s]
100%|██████████| 10/10 [00:11<00:00,  1.25s/it]
100%|██████████| 10/10 [00:11<00:00,  1.15s/it]

  0%|          | 0/24 [00:00<?, ?it/s]
  4%|▍         | 1/24 [00:00<00:16,  1.37it/s]
  8%|▊         | 2/24 [00:01<00:14,  1.47it/s]
 12%|█▎        | 3/24 [00:02<00:14,  1.47it/s]
 17%|█▋        | 4/24 [00:02<00:13,  1.45it/s]
 21%|██        | 5/24 [00:03<00:12,  1.48it/s]
 25%|██▌       | 6/24 [00:04<00:11,  1.54it/s]
 29%|██▉       | 7/24 [00:04<00:11,  1.53it/s]
 33%|███▎      | 8/24 [00:05<00:10,  1.55it/s]
 38%|███▊      | 9/24 [00:06<00:10,  1.50it/s]
 42%|████▏     | 10/24 [00:06<00:09,  1.47it/s]
 46%|████▌     | 11/24 [00:07<00:09,  1.44it/s]
 50%|█████     | 12/24 [00:08<00:09,  1.33it/s]
 54%|█████▍    | 13/24 [00:08<00:07,  1.39it/s]
 58%|█████▊    | 14/24 [00:09<00:06,  1.44it/s]
 62%|██████▎   | 15/24 [00:10<00:06,  1.42it/s]
 67%|██████▋   | 16/24 [00:10<00:05,  1.49it/s]
 71%|███████   | 17/24 [00:11<00:04,  1.46it/s]
 75%|███████▌  | 18/24 [00:12<00:03,  1.54it/s]
 79%|███████▉  | 19/24 [00:12<00:03,  1.58it/s]
 83%|████████▎ | 20/24 [00:13<00:02,  1.60it/s]
 88%|████████▊ | 21/24 [00:14<00:01,  1.51it/s]
 92%|█████████▏| 22/24 [00:14<00:01,  1.51it/s]
 96%|█████████▌| 23/24 [00:15<00:00,  1.49it/s]
100%|██████████| 24/24 [00:15<00:00,  1.68it/s]
100%|██████████| 24/24 [00:15<00:00,  1.51it/s]
Evaluation for task 5 has started.
['junco', 'Siberian_husky', 'Shih-Tzu', 'toy_poodle', 'African_chameleon', 'porcupine', 'puffer', 'basset', 'Rottweiler', 'burrito']

  0%|          | 0/9 [00:00<?, ?it/s]
 11%|█         | 1/9 [00:01<00:15,  1.91s/it]
 22%|██▏       | 2/9 [00:02<00:09,  1.29s/it]
 33%|███▎      | 3/9 [00:03<00:07,  1.18s/it]
 44%|████▍     | 4/9 [00:04<00:05,  1.13s/it]
 56%|█████▌    | 5/9 [00:05<00:04,  1.11s/it]
 67%|██████▋   | 6/9 [00:06<00:03,  1.09s/it]
 78%|███████▊  | 7/9 [00:08<00:02,  1.08s/it]
 89%|████████▉ | 8/9 [00:08<00:00,  1.08it/s]
100%|██████████| 9/9 [00:10<00:00,  1.22s/it]
100%|██████████| 9/9 [00:10<00:00,  1.17s/it]

  0%|          | 0/27 [00:00<?, ?it/s]
  4%|▎         | 1/27 [00:00<00:17,  1.50it/s]
  7%|▋         | 2/27 [00:01<00:16,  1.49it/s]
 11%|█         | 3/27 [00:01<00:14,  1.61it/s]
 15%|█▍        | 4/27 [00:02<00:14,  1.64it/s]
 19%|█▊        | 5/27 [00:03<00:13,  1.65it/s]
 22%|██▏       | 6/27 [00:03<00:12,  1.67it/s]
 26%|██▌       | 7/27 [00:04<00:12,  1.65it/s]
 30%|██▉       | 8/27 [00:04<00:11,  1.61it/s]
 33%|███▎      | 9/27 [00:06<00:13,  1.32it/s]
 37%|███▋      | 10/27 [00:06<00:12,  1.34it/s]
 41%|████      | 11/27 [00:07<00:11,  1.36it/s]
 44%|████▍     | 12/27 [00:08<00:10,  1.38it/s]
 48%|████▊     | 13/27 [00:08<00:10,  1.33it/s]
 52%|█████▏    | 14/27 [00:09<00:09,  1.42it/s]
 56%|█████▌    | 15/27 [00:10<00:08,  1.35it/s]
 59%|█████▉    | 16/27 [00:11<00:07,  1.38it/s]
 63%|██████▎   | 17/27 [00:11<00:06,  1.48it/s]
 67%|██████▋   | 18/27 [00:12<00:06,  1.49it/s]
 70%|███████   | 19/27 [00:12<00:05,  1.53it/s]
 74%|███████▍  | 20/27 [00:13<00:04,  1.45it/s]
 78%|███████▊  | 21/27 [00:14<00:03,  1.51it/s]
 81%|████████▏ | 22/27 [00:14<00:03,  1.56it/s]
 85%|████████▌ | 23/27 [00:15<00:02,  1.61it/s]
 89%|████████▉ | 24/27 [00:16<00:01,  1.61it/s]
 93%|█████████▎| 25/27 [00:16<00:01,  1.61it/s]
 96%|█████████▋| 26/27 [00:17<00:00,  1.58it/s]
100%|██████████| 27/27 [00:17<00:00,  1.68it/s]
100%|██████████| 27/27 [00:17<00:00,  1.51it/s]
Evaluation for task 6 has started.
['drake', 'jeep', 'cucumber', 'spider_web', 'lemon', 'binoculars', 'candle', 'Boston_bull', 'Pembroke', 'Yorkshire_terrier']

  0%|          | 0/11 [00:00<?, ?it/s]
  9%|▉         | 1/11 [00:01<00:17,  1.74s/it]
 18%|█▊        | 2/11 [00:02<00:10,  1.22s/it]
 27%|██▋       | 3/11 [00:03<00:09,  1.15s/it]
 36%|███▋      | 4/11 [00:04<00:07,  1.11s/it]
 45%|████▌     | 5/11 [00:05<00:06,  1.09s/it]
 55%|█████▍    | 6/11 [00:06<00:05,  1.08s/it]
 64%|██████▎   | 7/11 [00:07<00:04,  1.07s/it]
 73%|███████▎  | 8/11 [00:08<00:03,  1.07s/it]
 82%|████████▏ | 9/11 [00:09<00:02,  1.06s/it]
 91%|█████████ | 10/11 [00:10<00:01,  1.01s/it]
100%|██████████| 11/11 [00:12<00:00,  1.31s/it]
100%|██████████| 11/11 [00:12<00:00,  1.17s/it]

  0%|          | 0/32 [00:00<?, ?it/s]
  3%|▎         | 1/32 [00:00<00:23,  1.32it/s]
  6%|▋         | 2/32 [00:01<00:22,  1.33it/s]
  9%|▉         | 3/32 [00:02<00:20,  1.44it/s]
 12%|█▎        | 4/32 [00:02<00:19,  1.41it/s]
 16%|█▌        | 5/32 [00:03<00:19,  1.40it/s]
 19%|█▉        | 6/32 [00:04<00:18,  1.42it/s]
 22%|██▏       | 7/32 [00:04<00:17,  1.41it/s]
 25%|██▌       | 8/32 [00:05<00:16,  1.42it/s]
 28%|██▊       | 9/32 [00:06<00:17,  1.33it/s]
 31%|███▏      | 10/32 [00:07<00:15,  1.42it/s]
 34%|███▍      | 11/32 [00:07<00:14,  1.40it/s]
 38%|███▊      | 12/32 [00:08<00:14,  1.40it/s]
 41%|████      | 13/32 [00:09<00:14,  1.35it/s]
 44%|████▍     | 14/32 [00:10<00:13,  1.36it/s]
 47%|████▋     | 15/32 [00:10<00:12,  1.36it/s]
 50%|█████     | 16/32 [00:11<00:11,  1.44it/s]
 53%|█████▎    | 17/32 [00:12<00:11,  1.33it/s]
 56%|█████▋    | 18/32 [00:13<00:10,  1.34it/s]
 59%|█████▉    | 19/32 [00:13<00:09,  1.39it/s]
 62%|██████▎   | 20/32 [00:14<00:08,  1.40it/s]
 66%|██████▌   | 21/32 [00:15<00:07,  1.41it/s]
 69%|██████▉   | 22/32 [00:15<00:06,  1.45it/s]
 72%|███████▏  | 23/32 [00:16<00:06,  1.47it/s]
 75%|███████▌  | 24/32 [00:17<00:05,  1.37it/s]
 78%|███████▊  | 25/32 [00:17<00:05,  1.40it/s]
 81%|████████▏ | 26/32 [00:18<00:04,  1.44it/s]
 84%|████████▍ | 27/32 [00:19<00:03,  1.45it/s]
 88%|████████▊ | 28/32 [00:19<00:02,  1.45it/s]
 91%|█████████ | 29/32 [00:20<00:01,  1.53it/s]
 94%|█████████▍| 30/32 [00:21<00:01,  1.50it/s]
 97%|█████████▋| 31/32 [00:21<00:00,  1.48it/s]
100%|██████████| 32/32 [00:22<00:00,  1.74it/s]
100%|██████████| 32/32 [00:22<00:00,  1.44it/s]
Evaluation for task 7 has started.
['lawn_mower', 'fox_squirrel', 'acorn', 'eel', 'school_bus', 'anemone_fish', 'castle', 'badger', 'pickup', 'baboon']

  0%|          | 0/10 [00:00<?, ?it/s]
 10%|█         | 1/10 [00:01<00:15,  1.71s/it]
 20%|██        | 2/10 [00:02<00:09,  1.21s/it]
 30%|███       | 3/10 [00:03<00:08,  1.14s/it]
 40%|████      | 4/10 [00:04<00:06,  1.11s/it]
 50%|█████     | 5/10 [00:05<00:05,  1.09s/it]
 60%|██████    | 6/10 [00:06<00:04,  1.08s/it]
 70%|███████   | 7/10 [00:07<00:03,  1.07s/it]
 80%|████████  | 8/10 [00:08<00:02,  1.07s/it]
 90%|█████████ | 9/10 [00:09<00:00,  1.09it/s]
100%|██████████| 10/10 [00:11<00:00,  1.28s/it]
100%|██████████| 10/10 [00:11<00:00,  1.16s/it]

  0%|          | 0/36 [00:00<?, ?it/s]
  3%|▎         | 1/36 [00:00<00:27,  1.29it/s]
  6%|▌         | 2/36 [00:01<00:26,  1.30it/s]
  8%|▊         | 3/36 [00:02<00:23,  1.40it/s]
 11%|█         | 4/36 [00:02<00:23,  1.37it/s]
 14%|█▍        | 5/36 [00:03<00:22,  1.39it/s]
 17%|█▋        | 6/36 [00:04<00:20,  1.44it/s]
 19%|█▉        | 7/36 [00:05<00:20,  1.41it/s]
 22%|██▏       | 8/36 [00:05<00:20,  1.36it/s]
 25%|██▌       | 9/36 [00:06<00:20,  1.29it/s]
 28%|██▊       | 10/36 [00:07<00:18,  1.39it/s]
 31%|███       | 11/36 [00:08<00:18,  1.38it/s]
 33%|███▎      | 12/36 [00:08<00:17,  1.36it/s]
 36%|███▌      | 13/36 [00:09<00:16,  1.36it/s]
 39%|███▉      | 14/36 [00:10<00:15,  1.40it/s]
 42%|████▏     | 15/36 [00:10<00:15,  1.35it/s]
 44%|████▍     | 16/36 [00:11<00:14,  1.35it/s]
 47%|████▋     | 17/36 [00:12<00:14,  1.27it/s]
 50%|█████     | 18/36 [00:13<00:13,  1.29it/s]
 53%|█████▎    | 19/36 [00:14<00:12,  1.33it/s]
 56%|█████▌    | 20/36 [00:14<00:12,  1.29it/s]
 58%|█████▊    | 21/36 [00:15<00:11,  1.35it/s]
 61%|██████    | 22/36 [00:16<00:10,  1.37it/s]
 64%|██████▍   | 23/36 [00:17<00:10,  1.29it/s]
 67%|██████▋   | 24/36 [00:17<00:09,  1.30it/s]
 69%|██████▉   | 25/36 [00:18<00:07,  1.41it/s]
 72%|███████▏  | 26/36 [00:19<00:06,  1.44it/s]
 75%|███████▌  | 27/36 [00:19<00:06,  1.46it/s]
 78%|███████▊  | 28/36 [00:20<00:05,  1.50it/s]
 81%|████████  | 29/36 [00:20<00:04,  1.56it/s]
 83%|████████▎ | 30/36 [00:21<00:03,  1.57it/s]
 86%|████████▌ | 31/36 [00:22<00:03,  1.52it/s]
 89%|████████▉ | 32/36 [00:22<00:02,  1.51it/s]
 92%|█████████▏| 33/36 [00:23<00:01,  1.55it/s]
 94%|█████████▍| 34/36 [00:24<00:01,  1.56it/s]
 97%|█████████▋| 35/36 [00:24<00:00,  1.55it/s]
100%|██████████| 36/36 [00:25<00:00,  1.59it/s]
100%|██████████| 36/36 [00:25<00:00,  1.41it/s]
Evaluation for task 8 has started.
['pelican', 'hyena', 'ladybug', 'vase', 'Granny_Smith', 'hippopotamus', 'bloodhound', 'fly', 'parachute', 'lab_coat']

  0%|          | 0/10 [00:00<?, ?it/s]
 10%|█         | 1/10 [00:01<00:15,  1.76s/it]
 20%|██        | 2/10 [00:02<00:09,  1.23s/it]
 30%|███       | 3/10 [00:03<00:08,  1.15s/it]
 40%|████      | 4/10 [00:04<00:06,  1.12s/it]
 50%|█████     | 5/10 [00:05<00:05,  1.09s/it]
 60%|██████    | 6/10 [00:06<00:04,  1.08s/it]
 70%|███████   | 7/10 [00:07<00:03,  1.07s/it]
 80%|████████  | 8/10 [00:08<00:02,  1.07s/it]
 90%|█████████ | 9/10 [00:09<00:00,  1.10it/s]
100%|██████████| 10/10 [00:11<00:00,  1.22s/it]
100%|██████████| 10/10 [00:11<00:00,  1.14s/it]

  0%|          | 0/40 [00:00<?, ?it/s]
  2%|▎         | 1/40 [00:00<00:38,  1.02it/s]
  5%|▌         | 2/40 [00:02<00:56,  1.48s/it]
  8%|▊         | 3/40 [00:03<00:48,  1.32s/it]
 10%|█         | 4/40 [00:05<00:44,  1.25s/it]
 12%|█▎        | 5/40 [00:05<00:38,  1.09s/it]
 15%|█▌        | 6/40 [00:06<00:34,  1.03s/it]
 18%|█▊        | 7/40 [00:07<00:32,  1.03it/s]
 20%|██        | 8/40 [00:08<00:29,  1.08it/s]
 22%|██▎       | 9/40 [00:09<00:30,  1.02it/s]
 25%|██▌       | 10/40 [00:10<00:29,  1.01it/s]
 28%|██▊       | 11/40 [00:11<00:27,  1.07it/s]
 30%|███       | 12/40 [00:12<00:25,  1.08it/s]
 32%|███▎      | 13/40 [00:13<00:25,  1.04it/s]
 35%|███▌      | 14/40 [00:14<00:24,  1.06it/s]
 38%|███▊      | 15/40 [00:15<00:23,  1.07it/s]
 40%|████      | 16/40 [00:16<00:21,  1.09it/s]
 42%|████▎     | 17/40 [00:17<00:22,  1.04it/s]
 45%|████▌     | 18/40 [00:18<00:22,  1.04s/it]
 48%|████▊     | 19/40 [00:19<00:23,  1.12s/it]
 50%|█████     | 20/40 [00:20<00:20,  1.02s/it]
 52%|█████▎    | 21/40 [00:21<00:17,  1.07it/s]
 55%|█████▌    | 22/40 [00:22<00:16,  1.06it/s]
 57%|█████▊    | 23/40 [00:23<00:16,  1.03it/s]
 60%|██████    | 24/40 [00:24<00:16,  1.05s/it]
 62%|██████▎   | 25/40 [00:25<00:15,  1.00s/it]
 65%|██████▌   | 26/40 [00:26<00:13,  1.01it/s]
 68%|██████▊   | 27/40 [00:26<00:11,  1.09it/s]
 70%|███████   | 28/40 [00:27<00:11,  1.09it/s]
 72%|███████▎  | 29/40 [00:28<00:09,  1.12it/s]
 75%|███████▌  | 30/40 [00:29<00:09,  1.11it/s]
 78%|███████▊  | 31/40 [00:30<00:08,  1.07it/s]
 80%|████████  | 32/40 [00:31<00:07,  1.07it/s]
 82%|████████▎ | 33/40 [00:32<00:06,  1.12it/s]
 85%|████████▌ | 34/40 [00:33<00:05,  1.12it/s]
 88%|████████▊ | 35/40 [00:34<00:04,  1.07it/s]
 90%|█████████ | 36/40 [00:35<00:03,  1.08it/s]
 92%|█████████▎| 37/40 [00:36<00:02,  1.09it/s]
 95%|█████████▌| 38/40 [00:37<00:01,  1.10it/s]
 98%|█████████▊| 39/40 [00:37<00:00,  1.15it/s]
100%|██████████| 40/40 [00:38<00:00,  1.24it/s]
100%|██████████| 40/40 [00:38<00:00,  1.04it/s]
Evaluation for task 9 has started.
['accordion', 'tarantula', 'Labrador_retriever', 'espresso', 'hatchet', 'West_Highland_white_terrier', 'joystick', 'Afghan_hound', 'hammer', 'harp']

  0%|          | 0/8 [00:00<?, ?it/s]
 12%|█▎        | 1/8 [00:01<00:11,  1.65s/it]
 25%|██▌       | 2/8 [00:02<00:07,  1.18s/it]
 38%|███▊      | 3/8 [00:03<00:05,  1.12s/it]
 50%|█████     | 4/8 [00:04<00:04,  1.10s/it]
 62%|██████▎   | 5/8 [00:05<00:03,  1.09s/it]
 75%|███████▌  | 6/8 [00:06<00:02,  1.08s/it]
 88%|████████▊ | 7/8 [00:07<00:01,  1.02s/it]
100%|██████████| 8/8 [00:09<00:00,  1.27s/it]
100%|██████████| 8/8 [00:09<00:00,  1.18s/it]

  0%|          | 0/44 [00:00<?, ?it/s]
  2%|▏         | 1/44 [00:00<00:41,  1.03it/s]
  5%|▍         | 2/44 [00:01<00:39,  1.06it/s]
  7%|▋         | 3/44 [00:02<00:36,  1.13it/s]
  9%|▉         | 4/44 [00:03<00:32,  1.23it/s]
 11%|█▏        | 5/44 [00:04<00:31,  1.25it/s]
 14%|█▎        | 6/44 [00:05<00:32,  1.18it/s]
 16%|█▌        | 7/44 [00:05<00:31,  1.19it/s]
 18%|█▊        | 8/44 [00:06<00:30,  1.18it/s]
 20%|██        | 9/44 [00:07<00:28,  1.21it/s]
 23%|██▎       | 10/44 [00:08<00:27,  1.25it/s]
 25%|██▌       | 11/44 [00:09<00:26,  1.24it/s]
 27%|██▋       | 12/44 [00:09<00:24,  1.29it/s]
 30%|██▉       | 13/44 [00:10<00:23,  1.30it/s]
 32%|███▏      | 14/44 [00:11<00:22,  1.35it/s]
 34%|███▍      | 15/44 [00:11<00:20,  1.38it/s]
 36%|███▋      | 16/44 [00:12<00:20,  1.36it/s]
 39%|███▊      | 17/44 [00:13<00:19,  1.41it/s]
 41%|████      | 18/44 [00:14<00:18,  1.39it/s]
 43%|████▎     | 19/44 [00:14<00:17,  1.44it/s]
 45%|████▌     | 20/44 [00:15<00:17,  1.36it/s]
 48%|████▊     | 21/44 [00:16<00:16,  1.40it/s]
 50%|█████     | 22/44 [00:16<00:15,  1.41it/s]
 52%|█████▏    | 23/44 [00:17<00:15,  1.34it/s]
 55%|█████▍    | 24/44 [00:18<00:14,  1.37it/s]
 57%|█████▋    | 25/44 [00:19<00:13,  1.46it/s]
 59%|█████▉    | 26/44 [00:19<00:12,  1.48it/s]
 61%|██████▏   | 27/44 [00:20<00:12,  1.40it/s]
 64%|██████▎   | 28/44 [00:21<00:12,  1.32it/s]
 66%|██████▌   | 29/44 [00:22<00:11,  1.36it/s]
 68%|██████▊   | 30/44 [00:22<00:10,  1.37it/s]
 70%|███████   | 31/44 [00:23<00:09,  1.37it/s]
 73%|███████▎  | 32/44 [00:24<00:08,  1.41it/s]
 75%|███████▌  | 33/44 [00:25<00:08,  1.33it/s]
 77%|███████▋  | 34/44 [00:25<00:07,  1.35it/s]
 80%|███████▉  | 35/44 [00:26<00:06,  1.38it/s]
 82%|████████▏ | 36/44 [00:27<00:05,  1.39it/s]
 84%|████████▍ | 37/44 [00:27<00:04,  1.42it/s]
 86%|████████▋ | 38/44 [00:28<00:04,  1.50it/s]
 89%|████████▊ | 39/44 [00:29<00:03,  1.47it/s]
 91%|█████████ | 40/44 [00:29<00:02,  1.51it/s]
 93%|█████████▎| 41/44 [00:30<00:02,  1.41it/s]
 95%|█████████▌| 42/44 [00:31<00:01,  1.39it/s]
 98%|█████████▊| 43/44 [00:32<00:00,  1.40it/s]
100%|██████████| 44/44 [00:32<00:00,  1.72it/s]
100%|██████████| 44/44 [00:32<00:00,  1.36it/s]
Evaluation for task 10 has started.
['gibbon', 'common_newt', 'toucan', 'backpack', 'shield', 'Italian_greyhound', 'great_white_shark', 'king_penguin', 'cowboy_hat', 'koala']

  0%|          | 0/12 [00:00<?, ?it/s]
  8%|▊         | 1/12 [00:01<00:18,  1.71s/it]
 17%|█▋        | 2/12 [00:02<00:12,  1.21s/it]
 25%|██▌       | 3/12 [00:03<00:10,  1.14s/it]
 33%|███▎      | 4/12 [00:04<00:08,  1.11s/it]
 42%|████▏     | 5/12 [00:05<00:07,  1.09s/it]
 50%|█████     | 6/12 [00:06<00:06,  1.08s/it]
 58%|█████▊    | 7/12 [00:07<00:05,  1.07s/it]
 67%|██████▋   | 8/12 [00:08<00:04,  1.07s/it]
 75%|███████▌  | 9/12 [00:09<00:03,  1.07s/it]
 83%|████████▎ | 10/12 [00:11<00:02,  1.07s/it]
 92%|█████████▏| 11/12 [00:11<00:00,  1.03it/s]
100%|██████████| 12/12 [00:13<00:00,  1.24s/it]
100%|██████████| 12/12 [00:13<00:00,  1.14s/it]

  0%|          | 0/49 [00:00<?, ?it/s]
  2%|▏         | 1/49 [00:00<00:32,  1.47it/s]
  4%|▍         | 2/49 [00:01<00:35,  1.33it/s]
  6%|▌         | 3/49 [00:02<00:34,  1.31it/s]
  8%|▊         | 4/49 [00:02<00:33,  1.33it/s]
 10%|█         | 5/49 [00:03<00:31,  1.38it/s]
 12%|█▏        | 6/49 [00:04<00:29,  1.44it/s]
 14%|█▍        | 7/49 [00:04<00:28,  1.48it/s]
 16%|█▋        | 8/49 [00:05<00:26,  1.52it/s]
 18%|█▊        | 9/49 [00:06<00:28,  1.40it/s]
 20%|██        | 10/49 [00:07<00:28,  1.36it/s]
 22%|██▏       | 11/49 [00:07<00:27,  1.37it/s]
 24%|██▍       | 12/49 [00:08<00:26,  1.38it/s]
 27%|██▋       | 13/49 [00:09<00:26,  1.36it/s]
 29%|██▊       | 14/49 [00:10<00:28,  1.22it/s]
 31%|███       | 15/49 [00:11<00:26,  1.29it/s]
 33%|███▎      | 16/49 [00:11<00:25,  1.29it/s]
 35%|███▍      | 17/49 [00:12<00:25,  1.27it/s]
 37%|███▋      | 18/49 [00:13<00:25,  1.22it/s]
 39%|███▉      | 19/49 [00:14<00:23,  1.26it/s]
 41%|████      | 20/49 [00:15<00:24,  1.18it/s]
 43%|████▎     | 21/49 [00:16<00:23,  1.21it/s]
 45%|████▍     | 22/49 [00:16<00:22,  1.21it/s]
 47%|████▋     | 23/49 [00:17<00:20,  1.26it/s]
 49%|████▉     | 24/49 [00:18<00:20,  1.21it/s]
 51%|█████     | 25/49 [00:19<00:19,  1.24it/s]
 53%|█████▎    | 26/49 [00:20<00:18,  1.26it/s]
 55%|█████▌    | 27/49 [00:20<00:18,  1.20it/s]
 57%|█████▋    | 28/49 [00:21<00:16,  1.30it/s]
 59%|█████▉    | 29/49 [00:22<00:14,  1.38it/s]
 61%|██████    | 30/49 [00:22<00:13,  1.44it/s]
 63%|██████▎   | 31/49 [00:23<00:12,  1.44it/s]
 65%|██████▌   | 32/49 [00:24<00:13,  1.27it/s]
 67%|██████▋   | 33/49 [00:25<00:11,  1.35it/s]
 69%|██████▉   | 34/49 [00:25<00:10,  1.40it/s]
 71%|███████▏  | 35/49 [00:26<00:09,  1.48it/s]
 73%|███████▎  | 36/49 [00:27<00:08,  1.46it/s]
 76%|███████▌  | 37/49 [00:27<00:08,  1.37it/s]
 78%|███████▊  | 38/49 [00:28<00:08,  1.27it/s]
 80%|███████▉  | 39/49 [00:29<00:07,  1.35it/s]
 82%|████████▏ | 40/49 [00:30<00:06,  1.39it/s]
 84%|████████▎ | 41/49 [00:30<00:05,  1.49it/s]
 86%|████████▌ | 42/49 [00:31<00:04,  1.40it/s]
 88%|████████▊ | 43/49 [00:32<00:04,  1.42it/s]
 90%|████████▉ | 44/49 [00:32<00:03,  1.38it/s]
 92%|█████████▏| 45/49 [00:33<00:02,  1.38it/s]
 94%|█████████▍| 46/49 [00:34<00:02,  1.39it/s]
 96%|█████████▌| 47/49 [00:35<00:01,  1.27it/s]
 98%|█████████▊| 48/49 [00:36<00:00,  1.32it/s]
100%|██████████| 49/49 [00:36<00:00,  1.50it/s]
100%|██████████| 49/49 [00:36<00:00,  1.34it/s]
Evaluation for task 11 has started.
['broccoli', 'hen', 'dragonfly', 'grand_piano', 'whippet', 'guinea_pig', 'jellyfish', 'ant', 'canoe', 'orangutan']

  0%|          | 0/12 [00:00<?, ?it/s]
  8%|▊         | 1/12 [00:01<00:18,  1.72s/it]
 17%|█▋        | 2/12 [00:02<00:12,  1.22s/it]
 25%|██▌       | 3/12 [00:03<00:10,  1.14s/it]
 33%|███▎      | 4/12 [00:04<00:08,  1.11s/it]
 42%|████▏     | 5/12 [00:05<00:07,  1.09s/it]
 50%|█████     | 6/12 [00:06<00:06,  1.08s/it]
 58%|█████▊    | 7/12 [00:07<00:05,  1.07s/it]
 67%|██████▋   | 8/12 [00:08<00:04,  1.08s/it]
 75%|███████▌  | 9/12 [00:10<00:03,  1.07s/it]
 83%|████████▎ | 10/12 [00:11<00:02,  1.07s/it]
 92%|█████████▏| 11/12 [00:11<00:00,  1.05it/s]
100%|██████████| 12/12 [00:13<00:00,  1.26s/it]
100%|██████████| 12/12 [00:13<00:00,  1.14s/it]

  0%|          | 0/54 [00:00<?, ?it/s]
  2%|▏         | 1/54 [00:00<00:34,  1.54it/s]
  4%|▎         | 2/54 [00:01<00:36,  1.42it/s]
  6%|▌         | 3/54 [00:02<00:36,  1.39it/s]
  7%|▋         | 4/54 [00:03<00:39,  1.27it/s]
  9%|▉         | 5/54 [00:03<00:37,  1.32it/s]
 11%|█         | 6/54 [00:04<00:35,  1.34it/s]
 13%|█▎        | 7/54 [00:05<00:33,  1.40it/s]
 15%|█▍        | 8/54 [00:05<00:32,  1.41it/s]
 17%|█▋        | 9/54 [00:06<00:34,  1.29it/s]
 19%|█▊        | 10/54 [00:07<00:34,  1.27it/s]
 20%|██        | 11/54 [00:08<00:32,  1.31it/s]
 22%|██▏       | 12/54 [00:09<00:32,  1.29it/s]
 24%|██▍       | 13/54 [00:09<00:29,  1.37it/s]
 26%|██▌       | 14/54 [00:10<00:31,  1.27it/s]
 28%|██▊       | 15/54 [00:11<00:30,  1.27it/s]
 30%|██▉       | 16/54 [00:12<00:30,  1.25it/s]
 31%|███▏      | 17/54 [00:12<00:27,  1.34it/s]
 33%|███▎      | 18/54 [00:13<00:27,  1.33it/s]
 35%|███▌      | 19/54 [00:14<00:27,  1.29it/s]
 37%|███▋      | 20/54 [00:15<00:25,  1.33it/s]
 39%|███▉      | 21/54 [00:15<00:25,  1.30it/s]
 41%|████      | 22/54 [00:16<00:25,  1.25it/s]
 43%|████▎     | 23/54 [00:17<00:25,  1.21it/s]
 44%|████▍     | 24/54 [00:18<00:24,  1.24it/s]
 46%|████▋     | 25/54 [00:19<00:23,  1.26it/s]
 48%|████▊     | 26/54 [00:19<00:21,  1.30it/s]
 50%|█████     | 27/54 [00:20<00:21,  1.25it/s]
 52%|█████▏    | 28/54 [00:21<00:22,  1.15it/s]
 54%|█████▎    | 29/54 [00:22<00:20,  1.19it/s]
 56%|█████▌    | 30/54 [00:23<00:19,  1.24it/s]
 57%|█████▋    | 31/54 [00:24<00:19,  1.21it/s]
 59%|█████▉    | 32/54 [00:25<00:19,  1.16it/s]
 61%|██████    | 33/54 [00:25<00:17,  1.22it/s]
 63%|██████▎   | 34/54 [00:26<00:15,  1.27it/s]
 65%|██████▍   | 35/54 [00:27<00:14,  1.28it/s]
 67%|██████▋   | 36/54 [00:28<00:14,  1.24it/s]
 69%|██████▊   | 37/54 [00:29<00:14,  1.17it/s]
 70%|███████   | 38/54 [00:29<00:13,  1.22it/s]
 72%|███████▏  | 39/54 [00:30<00:11,  1.32it/s]
 74%|███████▍  | 40/54 [00:31<00:09,  1.41it/s]
 76%|███████▌  | 41/54 [00:31<00:09,  1.38it/s]
 78%|███████▊  | 42/54 [00:32<00:08,  1.35it/s]
 80%|███████▉  | 43/54 [00:33<00:07,  1.38it/s]
 81%|████████▏ | 44/54 [00:34<00:07,  1.41it/s]
 83%|████████▎ | 45/54 [00:34<00:06,  1.42it/s]
 85%|████████▌ | 46/54 [00:35<00:05,  1.42it/s]
 87%|████████▋ | 47/54 [00:36<00:05,  1.38it/s]
 89%|████████▉ | 48/54 [00:36<00:04,  1.39it/s]
 91%|█████████ | 49/54 [00:37<00:03,  1.36it/s]
 93%|█████████▎| 50/54 [00:38<00:02,  1.38it/s]
 94%|█████████▍| 51/54 [00:39<00:02,  1.38it/s]
 96%|█████████▋| 52/54 [00:40<00:01,  1.21it/s]
 98%|█████████▊| 53/54 [00:40<00:00,  1.25it/s]
100%|██████████| 54/54 [00:41<00:00,  1.36it/s]
100%|██████████| 54/54 [00:41<00:00,  1.30it/s]
Evaluation for task 12 has started.
['bucket', 'gasmask', 'grey_whale', 'birdhouse', 'pineapple', 'chimpanzee', 'red_fox', 'monarch', 'tiger', 'revolver']

  0%|          | 0/12 [00:00<?, ?it/s]
  8%|▊         | 1/12 [00:01<00:18,  1.70s/it]
 17%|█▋        | 2/12 [00:02<00:12,  1.20s/it]
 25%|██▌       | 3/12 [00:03<00:10,  1.14s/it]
 33%|███▎      | 4/12 [00:04<00:08,  1.11s/it]
 42%|████▏     | 5/12 [00:05<00:07,  1.09s/it]
 50%|█████     | 6/12 [00:06<00:06,  1.08s/it]
 58%|█████▊    | 7/12 [00:07<00:05,  1.07s/it]
 67%|██████▋   | 8/12 [00:08<00:04,  1.07s/it]
 75%|███████▌  | 9/12 [00:09<00:03,  1.07s/it]
 83%|████████▎ | 10/12 [00:11<00:02,  1.06s/it]
 92%|█████████▏| 11/12 [00:12<00:01,  1.06s/it]
100%|██████████| 12/12 [00:13<00:00,  1.31s/it]
100%|██████████| 12/12 [00:13<00:00,  1.16s/it]

  0%|          | 0/60 [00:00<?, ?it/s]
  2%|▏         | 1/60 [00:00<00:44,  1.33it/s]
  3%|▎         | 2/60 [00:01<00:43,  1.35it/s]
  5%|▌         | 3/60 [00:02<00:43,  1.32it/s]
  7%|▋         | 4/60 [00:03<00:42,  1.30it/s]
  8%|▊         | 5/60 [00:03<00:40,  1.35it/s]
 10%|█         | 6/60 [00:04<00:42,  1.27it/s]
 12%|█▏        | 7/60 [00:05<00:39,  1.35it/s]
 13%|█▎        | 8/60 [00:05<00:37,  1.37it/s]
 15%|█▌        | 9/60 [00:06<00:39,  1.30it/s]
 17%|█▋        | 10/60 [00:07<00:38,  1.30it/s]
 18%|█▊        | 11/60 [00:08<00:36,  1.34it/s]
 20%|██        | 12/60 [00:09<00:38,  1.25it/s]
 22%|██▏       | 13/60 [00:09<00:37,  1.26it/s]
 23%|██▎       | 14/60 [00:10<00:34,  1.33it/s]
 25%|██▌       | 15/60 [00:11<00:32,  1.38it/s]
 27%|██▋       | 16/60 [00:12<00:31,  1.38it/s]
 28%|██▊       | 17/60 [00:12<00:31,  1.35it/s]
 30%|███       | 18/60 [00:13<00:31,  1.33it/s]
 32%|███▏      | 19/60 [00:14<00:31,  1.31it/s]
 33%|███▎      | 20/60 [00:15<00:30,  1.30it/s]
 35%|███▌      | 21/60 [00:15<00:28,  1.38it/s]
 37%|███▋      | 22/60 [00:16<00:27,  1.37it/s]
 38%|███▊      | 23/60 [00:17<00:27,  1.35it/s]
 40%|████      | 24/60 [00:18<00:28,  1.27it/s]
 42%|████▏     | 25/60 [00:18<00:27,  1.27it/s]
 43%|████▎     | 26/60 [00:19<00:27,  1.25it/s]
 45%|████▌     | 27/60 [00:20<00:25,  1.30it/s]
 47%|████▋     | 28/60 [00:21<00:23,  1.37it/s]
 48%|████▊     | 29/60 [00:22<00:24,  1.28it/s]
 50%|█████     | 30/60 [00:22<00:22,  1.36it/s]
 52%|█████▏    | 31/60 [00:23<00:20,  1.43it/s]
 53%|█████▎    | 32/60 [00:24<00:20,  1.37it/s]
 55%|█████▌    | 33/60 [00:24<00:19,  1.42it/s]
 57%|█████▋    | 34/60 [00:25<00:19,  1.32it/s]
 58%|█████▊    | 35/60 [00:26<00:18,  1.33it/s]
 60%|██████    | 36/60 [00:27<00:17,  1.35it/s]
 62%|██████▏   | 37/60 [00:27<00:17,  1.35it/s]
 63%|██████▎   | 38/60 [00:28<00:16,  1.36it/s]
 65%|██████▌   | 39/60 [00:29<00:17,  1.23it/s]
 67%|██████▋   | 40/60 [00:30<00:16,  1.23it/s]
 68%|██████▊   | 41/60 [00:31<00:14,  1.27it/s]
 70%|███████   | 42/60 [00:31<00:13,  1.30it/s]
 72%|███████▏  | 43/60 [00:32<00:13,  1.28it/s]
 73%|███████▎  | 44/60 [00:33<00:12,  1.29it/s]
 75%|███████▌  | 45/60 [00:34<00:11,  1.27it/s]
 77%|███████▋  | 46/60 [00:34<00:10,  1.30it/s]
 78%|███████▊  | 47/60 [00:35<00:09,  1.32it/s]
 80%|████████  | 48/60 [00:36<00:09,  1.31it/s]
 82%|████████▏ | 49/60 [00:37<00:09,  1.22it/s]
 83%|████████▎ | 50/60 [00:38<00:07,  1.26it/s]
 85%|████████▌ | 51/60 [00:38<00:06,  1.30it/s]
 87%|████████▋ | 52/60 [00:39<00:05,  1.34it/s]
 88%|████████▊ | 53/60 [00:40<00:05,  1.34it/s]
 90%|█████████ | 54/60 [00:41<00:04,  1.34it/s]
 92%|█████████▏| 55/60 [00:41<00:03,  1.39it/s]
 93%|█████████▎| 56/60 [00:42<00:02,  1.37it/s]
 95%|█████████▌| 57/60 [00:43<00:02,  1.34it/s]
 97%|█████████▋| 58/60 [00:43<00:01,  1.37it/s]
 98%|█████████▊| 59/60 [00:44<00:00,  1.32it/s]
100%|██████████| 60/60 [00:45<00:00,  1.61it/s]
100%|██████████| 60/60 [00:45<00:00,  1.33it/s]
Evaluation for task 13 has started.
['cheeseburger', 'wine_bottle', 'black_swan', 'sea_lion', 'flute', 'goldfinch', 'Indian_cobra', 'warplane', 'pomegranate', 'pug']

  0%|          | 0/12 [00:00<?, ?it/s]
  8%|▊         | 1/12 [00:01<00:18,  1.73s/it]
 17%|█▋        | 2/12 [00:02<00:12,  1.22s/it]
 25%|██▌       | 3/12 [00:03<00:10,  1.14s/it]
 33%|███▎      | 4/12 [00:04<00:08,  1.11s/it]
 42%|████▏     | 5/12 [00:05<00:07,  1.09s/it]
 50%|█████     | 6/12 [00:06<00:06,  1.08s/it]
 58%|█████▊    | 7/12 [00:07<00:05,  1.07s/it]
 67%|██████▋   | 8/12 [00:08<00:04,  1.07s/it]
 75%|███████▌  | 9/12 [00:10<00:03,  1.07s/it]
 83%|████████▎ | 10/12 [00:11<00:02,  1.07s/it]
 92%|█████████▏| 11/12 [00:11<00:00,  1.10it/s]
100%|██████████| 12/12 [00:13<00:00,  1.23s/it]
100%|██████████| 12/12 [00:13<00:00,  1.13s/it]

  0%|          | 0/64 [00:00<?, ?it/s]
  2%|▏         | 1/64 [00:00<00:50,  1.26it/s]
  3%|▎         | 2/64 [00:01<00:45,  1.36it/s]
  5%|▍         | 3/64 [00:02<00:53,  1.14it/s]
  6%|▋         | 4/64 [00:03<01:00,  1.02s/it]
  8%|▊         | 5/64 [00:04<00:53,  1.11it/s]
  9%|▉         | 6/64 [00:05<00:47,  1.22it/s]
 11%|█         | 7/64 [00:05<00:44,  1.28it/s]
 12%|█▎        | 8/64 [00:06<00:44,  1.25it/s]
 14%|█▍        | 9/64 [00:07<00:44,  1.23it/s]
 16%|█▌        | 10/64 [00:08<00:43,  1.25it/s]
 17%|█▋        | 11/64 [00:09<00:47,  1.12it/s]
 19%|█▉        | 12/64 [00:10<00:44,  1.16it/s]
 20%|██        | 13/64 [00:11<00:44,  1.15it/s]
 22%|██▏       | 14/64 [00:11<00:43,  1.14it/s]
 23%|██▎       | 15/64 [00:12<00:42,  1.15it/s]
 25%|██▌       | 16/64 [00:13<00:45,  1.05it/s]
 27%|██▋       | 17/64 [00:14<00:42,  1.10it/s]
 28%|██▊       | 18/64 [00:15<00:41,  1.11it/s]
 30%|██▉       | 19/64 [00:16<00:37,  1.20it/s]
 31%|███▏      | 20/64 [00:17<00:38,  1.14it/s]
 33%|███▎      | 21/64 [00:18<00:36,  1.18it/s]
 34%|███▍      | 22/64 [00:18<00:34,  1.21it/s]
 36%|███▌      | 23/64 [00:19<00:32,  1.25it/s]
 38%|███▊      | 24/64 [00:20<00:31,  1.27it/s]
 39%|███▉      | 25/64 [00:21<00:36,  1.07it/s]
 41%|████      | 26/64 [00:22<00:33,  1.14it/s]
 42%|████▏     | 27/64 [00:23<00:32,  1.16it/s]
 44%|████▍     | 28/64 [00:23<00:30,  1.20it/s]
 45%|████▌     | 29/64 [00:24<00:30,  1.13it/s]
 47%|████▋     | 30/64 [00:26<00:33,  1.02it/s]
 48%|████▊     | 31/64 [00:26<00:30,  1.09it/s]
 50%|█████     | 32/64 [00:27<00:30,  1.06it/s]
 52%|█████▏    | 33/64 [00:28<00:30,  1.03it/s]
 53%|█████▎    | 34/64 [00:29<00:28,  1.04it/s]
 55%|█████▍    | 35/64 [00:30<00:27,  1.07it/s]
 56%|█████▋    | 36/64 [00:31<00:25,  1.08it/s]
 58%|█████▊    | 37/64 [00:32<00:26,  1.01it/s]
 59%|█████▉    | 38/64 [00:33<00:23,  1.09it/s]
 61%|██████    | 39/64 [00:34<00:21,  1.14it/s]
 62%|██████▎   | 40/64 [00:35<00:20,  1.14it/s]
 64%|██████▍   | 41/64 [00:36<00:21,  1.07it/s]
 66%|██████▌   | 42/64 [00:37<00:22,  1.01s/it]
 67%|██████▋   | 43/64 [00:38<00:19,  1.08it/s]
 69%|██████▉   | 44/64 [00:39<00:17,  1.13it/s]
 70%|███████   | 45/64 [00:39<00:16,  1.16it/s]
 72%|███████▏  | 46/64 [00:40<00:16,  1.08it/s]
 73%|███████▎  | 47/64 [00:41<00:14,  1.17it/s]
 75%|███████▌  | 48/64 [00:42<00:14,  1.12it/s]
 77%|███████▋  | 49/64 [00:43<00:13,  1.15it/s]
 78%|███████▊  | 50/64 [00:44<00:12,  1.10it/s]
 80%|███████▉  | 51/64 [00:45<00:11,  1.17it/s]
 81%|████████▏ | 52/64 [00:45<00:09,  1.23it/s]
 83%|████████▎ | 53/64 [00:46<00:08,  1.25it/s]
 84%|████████▍ | 54/64 [00:47<00:07,  1.26it/s]
 86%|████████▌ | 55/64 [00:48<00:07,  1.18it/s]
 88%|████████▊ | 56/64 [00:49<00:06,  1.22it/s]
 89%|████████▉ | 57/64 [00:49<00:05,  1.24it/s]
 91%|█████████ | 58/64 [00:50<00:04,  1.25it/s]
 92%|█████████▏| 59/64 [00:51<00:03,  1.29it/s]
 94%|█████████▍| 60/64 [00:52<00:03,  1.16it/s]
 95%|█████████▌| 61/64 [00:53<00:02,  1.19it/s]
 97%|█████████▋| 62/64 [00:54<00:01,  1.20it/s]
 98%|█████████▊| 63/64 [00:54<00:00,  1.17it/s]
100%|██████████| 64/64 [00:55<00:00,  1.12it/s]
100%|██████████| 64/64 [00:55<00:00,  1.14it/s]
Evaluation for task 14 has started.
['axolotl', 'flamingo', 'bald_eagle', 'volcano', 'killer_whale', 'sax', 'cockroach', 'snail', 'cheetah', 'beaver']

  0%|          | 0/15 [00:00<?, ?it/s]
  7%|▋         | 1/15 [00:01<00:22,  1.63s/it]
 13%|█▎        | 2/15 [00:02<00:15,  1.18s/it]
 20%|██        | 3/15 [00:03<00:13,  1.12s/it]
 27%|██▋       | 4/15 [00:04<00:12,  1.10s/it]
 33%|███▎      | 5/15 [00:05<00:10,  1.08s/it]
 40%|████      | 6/15 [00:06<00:09,  1.07s/it]
 47%|████▋     | 7/15 [00:07<00:08,  1.07s/it]
 53%|█████▎    | 8/15 [00:08<00:07,  1.06s/it]
 60%|██████    | 9/15 [00:09<00:06,  1.06s/it]
 67%|██████▋   | 10/15 [00:10<00:05,  1.06s/it]
 73%|███████▎  | 11/15 [00:12<00:04,  1.06s/it]
 80%|████████  | 12/15 [00:13<00:03,  1.06s/it]
 87%|████████▋ | 13/15 [00:14<00:02,  1.06s/it]
 93%|█████████▎| 14/15 [00:14<00:00,  1.00it/s]
100%|██████████| 15/15 [00:17<00:00,  1.37s/it]
100%|██████████| 15/15 [00:17<00:00,  1.15s/it]

  0%|          | 0/71 [00:00<?, ?it/s]
  1%|▏         | 1/71 [00:00<00:51,  1.35it/s]
  3%|▎         | 2/71 [00:01<00:49,  1.39it/s]
  4%|▍         | 3/71 [00:02<00:50,  1.35it/s]
  6%|▌         | 4/71 [00:03<01:06,  1.01it/s]
  7%|▋         | 5/71 [00:04<00:58,  1.12it/s]
  8%|▊         | 6/71 [00:05<00:56,  1.16it/s]
 10%|▉         | 7/71 [00:05<00:51,  1.24it/s]
 11%|█▏        | 8/71 [00:06<00:48,  1.29it/s]
 13%|█▎        | 9/71 [00:07<00:47,  1.30it/s]
 14%|█▍        | 10/71 [00:07<00:45,  1.35it/s]
 15%|█▌        | 11/71 [00:08<00:44,  1.36it/s]
 17%|█▋        | 12/71 [00:09<00:44,  1.33it/s]
 18%|█▊        | 13/71 [00:10<00:41,  1.38it/s]
 20%|█▉        | 14/71 [00:10<00:43,  1.30it/s]
 21%|██        | 15/71 [00:11<00:45,  1.23it/s]
 23%|██▎       | 16/71 [00:12<00:47,  1.16it/s]
 24%|██▍       | 17/71 [00:13<00:48,  1.10it/s]
 25%|██▌       | 18/71 [00:15<00:59,  1.13s/it]
 27%|██▋       | 19/71 [00:16<00:54,  1.04s/it]
 28%|██▊       | 20/71 [00:18<01:02,  1.23s/it]
 30%|██▉       | 21/71 [00:19<01:09,  1.38s/it]
 31%|███       | 22/71 [00:20<01:00,  1.24s/it]
 32%|███▏      | 23/71 [00:21<00:57,  1.20s/it]
 34%|███▍      | 24/71 [00:23<01:06,  1.42s/it]
 35%|███▌      | 25/71 [00:24<00:55,  1.20s/it]
 37%|███▋      | 26/71 [00:25<00:50,  1.11s/it]
 38%|███▊      | 27/71 [00:27<00:58,  1.33s/it]
 39%|███▉      | 28/71 [00:28<00:51,  1.19s/it]
 41%|████      | 29/71 [00:29<00:48,  1.15s/it]
 42%|████▏     | 30/71 [00:30<00:46,  1.15s/it]
 44%|████▎     | 31/71 [00:31<00:48,  1.22s/it]
 45%|████▌     | 32/71 [00:32<00:44,  1.15s/it]
 46%|████▋     | 33/71 [00:33<00:42,  1.11s/it]
 48%|████▊     | 34/71 [00:35<00:50,  1.37s/it]
 49%|████▉     | 35/71 [00:36<00:44,  1.24s/it]
 51%|█████     | 36/71 [00:37<00:37,  1.06s/it]
 52%|█████▏    | 37/71 [00:38<00:42,  1.26s/it]
 54%|█████▎    | 38/71 [00:39<00:38,  1.16s/it]
 55%|█████▍    | 39/71 [00:40<00:36,  1.15s/it]
 56%|█████▋    | 40/71 [00:42<00:35,  1.15s/it]
 58%|█████▊    | 41/71 [00:43<00:37,  1.24s/it]
 59%|█████▉    | 42/71 [00:44<00:31,  1.08s/it]
 61%|██████    | 43/71 [00:45<00:29,  1.06s/it]
 62%|██████▏   | 44/71 [00:46<00:29,  1.09s/it]
 63%|██████▎   | 45/71 [00:47<00:31,  1.20s/it]
 65%|██████▍   | 46/71 [00:49<00:29,  1.17s/it]
 66%|██████▌   | 47/71 [00:50<00:29,  1.22s/it]
 68%|██████▊   | 48/71 [00:51<00:27,  1.18s/it]
 69%|██████▉   | 49/71 [00:52<00:24,  1.10s/it]
 70%|███████   | 50/71 [00:53<00:23,  1.13s/it]
 72%|███████▏  | 51/71 [00:55<00:25,  1.27s/it]
 73%|███████▎  | 52/71 [00:55<00:21,  1.14s/it]
 75%|███████▍  | 53/71 [00:57<00:20,  1.15s/it]
 76%|███████▌  | 54/71 [00:58<00:22,  1.34s/it]
 77%|███████▋  | 55/71 [01:00<00:21,  1.33s/it]
 79%|███████▉  | 56/71 [01:00<00:17,  1.15s/it]
 80%|████████  | 57/71 [01:02<00:17,  1.26s/it]
 82%|████████▏ | 58/71 [01:03<00:15,  1.20s/it]
 83%|████████▎ | 59/71 [01:04<00:13,  1.13s/it]
 85%|████████▍ | 60/71 [01:05<00:11,  1.06s/it]
 86%|████████▌ | 61/71 [01:06<00:11,  1.14s/it]
 87%|████████▋ | 62/71 [01:07<00:09,  1.07s/it]
 89%|████████▊ | 63/71 [01:08<00:08,  1.09s/it]
 90%|█████████ | 64/71 [01:10<00:09,  1.35s/it]
 92%|█████████▏| 65/71 [01:11<00:07,  1.23s/it]
 93%|█████████▎| 66/71 [01:12<00:05,  1.11s/it]
 94%|█████████▍| 67/71 [01:14<00:04,  1.23s/it]
 96%|█████████▌| 68/71 [01:15<00:03,  1.19s/it]
 97%|█████████▋| 69/71 [01:16<00:02,  1.28s/it]
 99%|█████████▊| 70/71 [01:17<00:01,  1.30s/it]
100%|██████████| 71/71 [01:18<00:00,  1.05it/s]
100%|██████████| 71/71 [01:18<00:00,  1.10s/it]
Evaluation for task 15 has started.
['violin', 'ice_bear', 'tractor', 'mailbox', 'beagle', 'gazelle', 'goldfish', 'hammerhead', 'lipstick', 'mantis']

  0%|          | 0/12 [00:00<?, ?it/s]
  8%|▊         | 1/12 [00:01<00:21,  2.00s/it]
 17%|█▋        | 2/12 [00:02<00:13,  1.33s/it]
 25%|██▌       | 3/12 [00:03<00:10,  1.21s/it]
 33%|███▎      | 4/12 [00:04<00:09,  1.14s/it]
 42%|████▏     | 5/12 [00:06<00:07,  1.11s/it]
 50%|█████     | 6/12 [00:07<00:06,  1.09s/it]
 58%|█████▊    | 7/12 [00:08<00:05,  1.08s/it]
 67%|██████▋   | 8/12 [00:09<00:04,  1.07s/it]
 75%|███████▌  | 9/12 [00:10<00:03,  1.07s/it]
 83%|████████▎ | 10/12 [00:11<00:02,  1.07s/it]
 92%|█████████▏| 11/12 [00:12<00:00,  1.03it/s]
100%|██████████| 12/12 [00:14<00:00,  1.36s/it]
100%|██████████| 12/12 [00:14<00:00,  1.19s/it]

  0%|          | 0/76 [00:00<?, ?it/s]
  1%|▏         | 1/76 [00:00<01:11,  1.05it/s]
  3%|▎         | 2/76 [00:01<01:13,  1.01it/s]
  4%|▍         | 3/76 [00:02<01:03,  1.15it/s]
  5%|▌         | 4/76 [00:03<01:08,  1.06it/s]
  7%|▋         | 5/76 [00:04<01:10,  1.00it/s]
  8%|▊         | 6/76 [00:05<01:07,  1.04it/s]
  9%|▉         | 7/76 [00:06<01:05,  1.05it/s]
 11%|█         | 8/76 [00:07<01:11,  1.05s/it]
 12%|█▏        | 9/76 [00:08<01:09,  1.03s/it]
 13%|█▎        | 10/76 [00:09<01:02,  1.06it/s]
 14%|█▍        | 11/76 [00:11<01:13,  1.13s/it]
 16%|█▌        | 12/76 [00:12<01:21,  1.28s/it]
 17%|█▋        | 13/76 [00:13<01:13,  1.17s/it]
 18%|█▊        | 14/76 [00:14<01:08,  1.10s/it]
 20%|█▉        | 15/76 [00:15<01:04,  1.06s/it]
 21%|██        | 16/76 [00:17<01:19,  1.33s/it]
 22%|██▏       | 17/76 [00:18<01:10,  1.20s/it]
 24%|██▎       | 18/76 [00:19<01:06,  1.15s/it]
 25%|██▌       | 19/76 [00:21<01:10,  1.25s/it]
 26%|██▋       | 20/76 [00:21<01:02,  1.11s/it]
 28%|██▊       | 21/76 [00:23<01:06,  1.21s/it]
 29%|██▉       | 22/76 [00:24<01:07,  1.25s/it]
 30%|███       | 23/76 [00:25<01:04,  1.22s/it]
 32%|███▏      | 24/76 [00:26<00:58,  1.12s/it]
 33%|███▎      | 25/76 [00:28<01:04,  1.26s/it]
 34%|███▍      | 26/76 [00:29<00:56,  1.13s/it]
 36%|███▌      | 27/76 [00:30<00:53,  1.10s/it]
 37%|███▋      | 28/76 [00:30<00:49,  1.02s/it]
 38%|███▊      | 29/76 [00:32<01:00,  1.29s/it]
 39%|███▉      | 30/76 [00:33<00:52,  1.15s/it]
 41%|████      | 31/76 [00:34<00:47,  1.06s/it]
 42%|████▏     | 32/76 [00:35<00:49,  1.12s/it]
 43%|████▎     | 33/76 [00:36<00:43,  1.00s/it]
 45%|████▍     | 34/76 [00:37<00:38,  1.09it/s]
 46%|████▌     | 35/76 [00:38<00:36,  1.13it/s]
 47%|████▋     | 36/76 [00:38<00:34,  1.15it/s]
 49%|████▊     | 37/76 [00:39<00:34,  1.12it/s]
 50%|█████     | 38/76 [00:40<00:32,  1.17it/s]
 51%|█████▏    | 39/76 [00:41<00:29,  1.25it/s]
 53%|█████▎    | 40/76 [00:42<00:29,  1.22it/s]
 54%|█████▍    | 41/76 [00:42<00:26,  1.30it/s]
 55%|█████▌    | 42/76 [00:43<00:29,  1.15it/s]
 57%|█████▋    | 43/76 [00:44<00:29,  1.13it/s]
 58%|█████▊    | 44/76 [00:45<00:27,  1.18it/s]
 59%|█████▉    | 45/76 [00:46<00:26,  1.17it/s]
 61%|██████    | 46/76 [00:47<00:24,  1.24it/s]
 62%|██████▏   | 47/76 [00:47<00:24,  1.21it/s]
 63%|██████▎   | 48/76 [00:48<00:22,  1.24it/s]
 64%|██████▍   | 49/76 [00:49<00:20,  1.30it/s]
 66%|██████▌   | 50/76 [00:50<00:21,  1.23it/s]
 67%|██████▋   | 51/76 [00:51<00:20,  1.22it/s]
 68%|██████▊   | 52/76 [00:51<00:19,  1.24it/s]
 70%|██████▉   | 53/76 [00:52<00:18,  1.25it/s]
 71%|███████   | 54/76 [00:53<00:16,  1.30it/s]
 72%|███████▏  | 55/76 [00:54<00:15,  1.35it/s]
 74%|███████▎  | 56/76 [00:54<00:14,  1.35it/s]
 75%|███████▌  | 57/76 [00:55<00:14,  1.29it/s]
 76%|███████▋  | 58/76 [00:56<00:14,  1.27it/s]
 78%|███████▊  | 59/76 [00:57<00:13,  1.25it/s]
 79%|███████▉  | 60/76 [00:58<00:12,  1.32it/s]
 80%|████████  | 61/76 [00:58<00:10,  1.39it/s]
 82%|████████▏ | 62/76 [00:59<00:10,  1.33it/s]
 83%|████████▎ | 63/76 [01:00<00:09,  1.37it/s]
 84%|████████▍ | 64/76 [01:00<00:08,  1.37it/s]
 86%|████████▌ | 65/76 [01:01<00:07,  1.38it/s]
 87%|████████▋ | 66/76 [01:02<00:07,  1.36it/s]
 88%|████████▊ | 67/76 [01:03<00:07,  1.21it/s]
 89%|████████▉ | 68/76 [01:04<00:06,  1.23it/s]
 91%|█████████ | 69/76 [01:04<00:05,  1.26it/s]
 92%|█████████▏| 70/76 [01:05<00:04,  1.33it/s]
 93%|█████████▎| 71/76 [01:06<00:03,  1.37it/s]
 95%|█████████▍| 72/76 [01:07<00:03,  1.29it/s]
 96%|█████████▌| 73/76 [01:07<00:02,  1.31it/s]
 97%|█████████▋| 74/76 [01:08<00:01,  1.33it/s]
 99%|█████████▊| 75/76 [01:09<00:00,  1.38it/s]
100%|██████████| 76/76 [01:09<00:00,  1.61it/s]
100%|██████████| 76/76 [01:09<00:00,  1.09it/s]
Evaluation for task 16 has started.
['tabby', 'soccer_ball', 'steam_locomotive', 'barrow', 'barn', 'snow_leopard', 'broom', 'Border_collie', 'wood_rabbit', 'beacon']

  0%|          | 0/10 [00:00<?, ?it/s]
 10%|█         | 1/10 [00:01<00:17,  1.97s/it]
 20%|██        | 2/10 [00:02<00:10,  1.30s/it]
 30%|███       | 3/10 [00:03<00:08,  1.18s/it]
 40%|████      | 4/10 [00:04<00:06,  1.14s/it]
 50%|█████     | 5/10 [00:05<00:05,  1.11s/it]
 60%|██████    | 6/10 [00:07<00:04,  1.09s/it]
 70%|███████   | 7/10 [00:08<00:03,  1.08s/it]
 80%|████████  | 8/10 [00:09<00:02,  1.07s/it]
 90%|█████████ | 9/10 [00:10<00:01,  1.06s/it]
100%|██████████| 10/10 [00:12<00:00,  1.44s/it]
100%|██████████| 10/10 [00:12<00:00,  1.24s/it]

  0%|          | 0/81 [00:00<?, ?it/s]
  1%|          | 1/81 [00:00<01:01,  1.30it/s]
  2%|▏         | 2/81 [00:01<01:05,  1.21it/s]
  4%|▎         | 3/81 [00:02<01:00,  1.29it/s]
  5%|▍         | 4/81 [00:03<00:58,  1.33it/s]
  6%|▌         | 5/81 [00:04<01:05,  1.17it/s]
  7%|▋         | 6/81 [00:04<01:01,  1.22it/s]
  9%|▊         | 7/81 [00:05<01:00,  1.23it/s]
 10%|▉         | 8/81 [00:06<00:55,  1.32it/s]
 11%|█         | 9/81 [00:06<00:53,  1.36it/s]
 12%|█▏        | 10/81 [00:07<00:54,  1.31it/s]
 14%|█▎        | 11/81 [00:08<00:51,  1.35it/s]
 15%|█▍        | 12/81 [00:09<00:50,  1.36it/s]
 16%|█▌        | 13/81 [00:09<00:50,  1.36it/s]
 17%|█▋        | 14/81 [00:10<00:49,  1.35it/s]
 19%|█▊        | 15/81 [00:11<00:50,  1.30it/s]
 20%|█▉        | 16/81 [00:12<00:50,  1.28it/s]
 21%|██        | 17/81 [00:13<00:48,  1.32it/s]
 22%|██▏       | 18/81 [00:13<00:49,  1.27it/s]
 23%|██▎       | 19/81 [00:14<00:48,  1.28it/s]
 25%|██▍       | 20/81 [00:15<00:51,  1.17it/s]
 26%|██▌       | 21/81 [00:16<00:49,  1.21it/s]
 27%|██▋       | 22/81 [00:17<00:48,  1.21it/s]
 28%|██▊       | 23/81 [00:18<00:45,  1.26it/s]
 30%|██▉       | 24/81 [00:18<00:47,  1.20it/s]
 31%|███       | 25/81 [00:19<00:45,  1.24it/s]
 32%|███▏      | 26/81 [00:20<00:44,  1.24it/s]
 33%|███▎      | 27/81 [00:21<00:42,  1.28it/s]
 35%|███▍      | 28/81 [00:22<00:41,  1.27it/s]
 36%|███▌      | 29/81 [00:22<00:40,  1.28it/s]
 37%|███▋      | 30/81 [00:23<00:45,  1.12it/s]
 38%|███▊      | 31/81 [00:24<00:41,  1.21it/s]
 40%|███▉      | 32/81 [00:25<00:39,  1.25it/s]
 41%|████      | 33/81 [00:26<00:38,  1.24it/s]
 42%|████▏     | 34/81 [00:26<00:35,  1.31it/s]
 43%|████▎     | 35/81 [00:27<00:36,  1.25it/s]
 44%|████▍     | 36/81 [00:28<00:36,  1.24it/s]
 46%|████▌     | 37/81 [00:29<00:36,  1.21it/s]
 47%|████▋     | 38/81 [00:30<00:35,  1.22it/s]
 48%|████▊     | 39/81 [00:31<00:34,  1.23it/s]
 49%|████▉     | 40/81 [00:31<00:34,  1.20it/s]
 51%|█████     | 41/81 [00:32<00:34,  1.16it/s]
 52%|█████▏    | 42/81 [00:33<00:31,  1.25it/s]
 53%|█████▎    | 43/81 [00:34<00:28,  1.33it/s]
 54%|█████▍    | 44/81 [00:35<00:29,  1.25it/s]
 56%|█████▌    | 45/81 [00:36<00:32,  1.11it/s]
 57%|█████▋    | 46/81 [00:37<00:31,  1.12it/s]
 58%|█████▊    | 47/81 [00:37<00:28,  1.19it/s]
 59%|█████▉    | 48/81 [00:38<00:27,  1.22it/s]
 60%|██████    | 49/81 [00:39<00:25,  1.26it/s]
 62%|██████▏   | 50/81 [00:40<00:26,  1.18it/s]
 63%|██████▎   | 51/81 [00:40<00:24,  1.22it/s]
 64%|██████▍   | 52/81 [00:41<00:22,  1.29it/s]
 65%|██████▌   | 53/81 [00:42<00:21,  1.28it/s]
 67%|██████▋   | 54/81 [00:43<00:21,  1.23it/s]
 68%|██████▊   | 55/81 [00:44<00:21,  1.20it/s]
 69%|██████▉   | 56/81 [00:45<00:20,  1.22it/s]
 70%|███████   | 57/81 [00:45<00:20,  1.19it/s]
 72%|███████▏  | 58/81 [00:46<00:18,  1.25it/s]
 73%|███████▎  | 59/81 [00:47<00:16,  1.30it/s]
 74%|███████▍  | 60/81 [00:48<00:17,  1.19it/s]
 75%|███████▌  | 61/81 [00:49<00:16,  1.20it/s]
 77%|███████▋  | 62/81 [00:49<00:15,  1.25it/s]
 78%|███████▊  | 63/81 [00:50<00:14,  1.27it/s]
 79%|███████▉  | 64/81 [00:51<00:12,  1.36it/s]
 80%|████████  | 65/81 [00:51<00:11,  1.40it/s]
 81%|████████▏ | 66/81 [00:52<00:11,  1.25it/s]
 83%|████████▎ | 67/81 [00:53<00:10,  1.29it/s]
 84%|████████▍ | 68/81 [00:54<00:09,  1.34it/s]
 85%|████████▌ | 69/81 [00:55<00:08,  1.34it/s]
 86%|████████▋ | 70/81 [00:55<00:08,  1.37it/s]
 88%|████████▊ | 71/81 [00:56<00:07,  1.33it/s]
 89%|████████▉ | 72/81 [00:57<00:06,  1.38it/s]
 90%|█████████ | 73/81 [00:57<00:05,  1.39it/s]
 91%|█████████▏| 74/81 [00:58<00:04,  1.41it/s]
 93%|█████████▎| 75/81 [00:59<00:04,  1.42it/s]
 94%|█████████▍| 76/81 [01:00<00:03,  1.38it/s]
 95%|█████████▌| 77/81 [01:00<00:03,  1.28it/s]
 96%|█████████▋| 78/81 [01:01<00:02,  1.32it/s]
 98%|█████████▊| 79/81 [01:02<00:01,  1.29it/s]
 99%|█████████▉| 80/81 [01:03<00:00,  1.30it/s]
100%|██████████| 81/81 [01:03<00:00,  1.63it/s]
100%|██████████| 81/81 [01:03<00:00,  1.28it/s]
Evaluation for task 17 has started.
['assault_rifle', 'lorikeet', 'head_cabbage', 'standard_poodle', 'timber_wolf', 'hotdog', 'rugby_ball', 'Chihuahua', 'French_bulldog', 'pretzel']

  0%|          | 0/9 [00:00<?, ?it/s]
 11%|█         | 1/9 [00:01<00:13,  1.71s/it]
 22%|██▏       | 2/9 [00:02<00:08,  1.21s/it]
 33%|███▎      | 3/9 [00:03<00:06,  1.14s/it]
 44%|████▍     | 4/9 [00:04<00:05,  1.11s/it]
 56%|█████▌    | 5/9 [00:05<00:04,  1.09s/it]
 67%|██████▋   | 6/9 [00:06<00:03,  1.08s/it]
 78%|███████▊  | 7/9 [00:07<00:02,  1.07s/it]
 89%|████████▉ | 8/9 [00:08<00:00,  1.04it/s]
100%|██████████| 9/9 [00:10<00:00,  1.26s/it]
100%|██████████| 9/9 [00:10<00:00,  1.17s/it]

  0%|          | 0/84 [00:00<?, ?it/s]
  1%|          | 1/84 [00:00<01:05,  1.26it/s]
  2%|▏         | 2/84 [00:01<01:02,  1.31it/s]
  4%|▎         | 3/84 [00:02<01:04,  1.26it/s]
  5%|▍         | 4/84 [00:03<01:00,  1.32it/s]
  6%|▌         | 5/84 [00:03<01:02,  1.26it/s]
  7%|▋         | 6/84 [00:04<00:59,  1.31it/s]
  8%|▊         | 7/84 [00:05<00:58,  1.31it/s]
 10%|▉         | 8/84 [00:06<01:02,  1.21it/s]
 11%|█         | 9/84 [00:07<01:00,  1.25it/s]
 12%|█▏        | 10/84 [00:07<00:57,  1.30it/s]
 13%|█▎        | 11/84 [00:08<00:52,  1.39it/s]
 14%|█▍        | 12/84 [00:09<00:50,  1.42it/s]
 15%|█▌        | 13/84 [00:09<00:52,  1.35it/s]
 17%|█▋        | 14/84 [00:11<00:59,  1.17it/s]
 18%|█▊        | 15/84 [00:11<00:55,  1.24it/s]
 19%|█▉        | 16/84 [00:12<00:53,  1.27it/s]
 20%|██        | 17/84 [00:13<00:52,  1.26it/s]
 21%|██▏       | 18/84 [00:14<00:59,  1.11it/s]
 23%|██▎       | 19/84 [00:15<00:55,  1.18it/s]
 24%|██▍       | 20/84 [00:15<00:52,  1.21it/s]
 25%|██▌       | 21/84 [00:16<00:50,  1.24it/s]
 26%|██▌       | 22/84 [00:17<00:48,  1.27it/s]
 27%|██▋       | 23/84 [00:18<00:48,  1.26it/s]
 29%|██▊       | 24/84 [00:19<00:50,  1.19it/s]
 30%|██▉       | 25/84 [00:19<00:49,  1.20it/s]
 31%|███       | 26/84 [00:20<00:46,  1.24it/s]
 32%|███▏      | 27/84 [00:21<00:46,  1.24it/s]
 33%|███▎      | 28/84 [00:22<00:45,  1.23it/s]
 35%|███▍      | 29/84 [00:23<00:45,  1.21it/s]
 36%|███▌      | 30/84 [00:24<00:44,  1.22it/s]
 37%|███▋      | 31/84 [00:24<00:42,  1.24it/s]
 38%|███▊      | 32/84 [00:25<00:40,  1.27it/s]
 39%|███▉      | 33/84 [00:26<00:39,  1.28it/s]
 40%|████      | 34/84 [00:27<00:42,  1.17it/s]
 42%|████▏     | 35/84 [00:28<00:43,  1.12it/s]
 43%|████▎     | 36/84 [00:29<00:40,  1.19it/s]
 44%|████▍     | 37/84 [00:29<00:38,  1.23it/s]
 45%|████▌     | 38/84 [00:31<00:43,  1.07it/s]
 46%|████▋     | 39/84 [00:31<00:40,  1.11it/s]
 48%|████▊     | 40/84 [00:32<00:38,  1.15it/s]
 49%|████▉     | 41/84 [00:33<00:36,  1.18it/s]
 50%|█████     | 42/84 [00:34<00:34,  1.23it/s]
 51%|█████     | 43/84 [00:35<00:37,  1.08it/s]
 52%|█████▏    | 44/84 [00:36<00:34,  1.15it/s]
 54%|█████▎    | 45/84 [00:36<00:32,  1.20it/s]
 55%|█████▍    | 46/84 [00:37<00:32,  1.17it/s]
 56%|█████▌    | 47/84 [00:38<00:31,  1.19it/s]
 57%|█████▋    | 48/84 [00:39<00:32,  1.10it/s]
 58%|█████▊    | 49/84 [00:40<00:29,  1.19it/s]
 60%|█████▉    | 50/84 [00:41<00:28,  1.20it/s]
 61%|██████    | 51/84 [00:41<00:26,  1.25it/s]
 62%|██████▏   | 52/84 [00:42<00:27,  1.17it/s]
 63%|██████▎   | 53/84 [00:43<00:25,  1.23it/s]
 64%|██████▍   | 54/84 [00:44<00:23,  1.27it/s]
 65%|██████▌   | 55/84 [00:45<00:22,  1.28it/s]
 67%|██████▋   | 56/84 [00:45<00:22,  1.25it/s]
 68%|██████▊   | 57/84 [00:46<00:21,  1.28it/s]
 69%|██████▉   | 58/84 [00:47<00:20,  1.27it/s]
 70%|███████   | 59/84 [00:48<00:19,  1.26it/s]
 71%|███████▏  | 60/84 [00:48<00:18,  1.28it/s]
 73%|███████▎  | 61/84 [00:49<00:17,  1.33it/s]
 74%|███████▍  | 62/84 [00:50<00:17,  1.22it/s]
 75%|███████▌  | 63/84 [00:51<00:17,  1.23it/s]
 76%|███████▌  | 64/84 [00:52<00:16,  1.23it/s]
 77%|███████▋  | 65/84 [00:53<00:15,  1.19it/s]
 79%|███████▊  | 66/84 [00:53<00:13,  1.29it/s]
 80%|███████▉  | 67/84 [00:54<00:13,  1.27it/s]
 81%|████████  | 68/84 [00:55<00:12,  1.28it/s]
 82%|████████▏ | 69/84 [00:56<00:11,  1.31it/s]
 83%|████████▎ | 70/84 [00:56<00:10,  1.38it/s]
 85%|████████▍ | 71/84 [00:57<00:09,  1.41it/s]
 86%|████████▌ | 72/84 [00:58<00:08,  1.37it/s]
 87%|████████▋ | 73/84 [00:58<00:08,  1.37it/s]
 88%|████████▊ | 74/84 [00:59<00:07,  1.32it/s]
 89%|████████▉ | 75/84 [01:00<00:06,  1.34it/s]
 90%|█████████ | 76/84 [01:01<00:06,  1.31it/s]
 92%|█████████▏| 77/84 [01:02<00:05,  1.22it/s]
 93%|█████████▎| 78/84 [01:03<00:04,  1.22it/s]
 94%|█████████▍| 79/84 [01:03<00:04,  1.24it/s]
 95%|█████████▌| 80/84 [01:04<00:03,  1.24it/s]
 96%|█████████▋| 81/84 [01:05<00:02,  1.27it/s]
 98%|█████████▊| 82/84 [01:06<00:01,  1.15it/s]
 99%|█████████▉| 83/84 [01:07<00:00,  1.23it/s]
100%|██████████| 84/84 [01:07<00:00,  1.28it/s]
100%|██████████| 84/84 [01:07<00:00,  1.24it/s]
Evaluation for task 18 has started.
['scorpion', 'ice_cream', 'Pomeranian', 'German_shepherd', 'ostrich', 'boxer', 'cannon', 'common_iguana', 'basketball', 'bow_tie']

  0%|          | 0/10 [00:00<?, ?it/s]
 10%|█         | 1/10 [00:01<00:16,  1.84s/it]
 20%|██        | 2/10 [00:02<00:10,  1.26s/it]
 30%|███       | 3/10 [00:03<00:08,  1.17s/it]
 40%|████      | 4/10 [00:04<00:06,  1.13s/it]
 50%|█████     | 5/10 [00:05<00:05,  1.11s/it]
 60%|██████    | 6/10 [00:06<00:04,  1.09s/it]
 70%|███████   | 7/10 [00:08<00:03,  1.08s/it]
 80%|████████  | 8/10 [00:09<00:02,  1.07s/it]
 90%|█████████ | 9/10 [00:09<00:01,  1.01s/it]
100%|██████████| 10/10 [00:11<00:00,  1.31s/it]
100%|██████████| 10/10 [00:11<00:00,  1.19s/it]

  0%|          | 0/89 [00:00<?, ?it/s]
  1%|          | 1/89 [00:00<01:24,  1.04it/s]
  2%|▏         | 2/89 [00:01<01:15,  1.16it/s]
  3%|▎         | 3/89 [00:02<01:07,  1.28it/s]
  4%|▍         | 4/89 [00:03<01:05,  1.30it/s]
  6%|▌         | 5/89 [00:03<01:03,  1.32it/s]
  7%|▋         | 6/89 [00:04<01:05,  1.28it/s]
  8%|▊         | 7/89 [00:05<01:03,  1.29it/s]
  9%|▉         | 8/89 [00:06<01:07,  1.20it/s]
 10%|█         | 9/89 [00:07<01:06,  1.20it/s]
 11%|█         | 10/89 [00:07<01:02,  1.27it/s]
 12%|█▏        | 11/89 [00:08<01:00,  1.28it/s]
 13%|█▎        | 12/89 [00:09<00:58,  1.32it/s]
 15%|█▍        | 13/89 [00:10<00:55,  1.36it/s]
 16%|█▌        | 14/89 [00:11<01:00,  1.24it/s]
 17%|█▋        | 15/89 [00:11<00:56,  1.32it/s]
 18%|█▊        | 16/89 [00:12<00:54,  1.35it/s]
 19%|█▉        | 17/89 [00:13<00:51,  1.40it/s]
 20%|██        | 18/89 [00:13<00:49,  1.43it/s]
 21%|██▏       | 19/89 [00:14<00:57,  1.23it/s]
 22%|██▏       | 20/89 [00:15<00:58,  1.17it/s]
 24%|██▎       | 21/89 [00:16<00:56,  1.20it/s]
 25%|██▍       | 22/89 [00:17<00:53,  1.24it/s]
 26%|██▌       | 23/89 [00:18<00:53,  1.23it/s]
 27%|██▋       | 24/89 [00:19<00:54,  1.18it/s]
 28%|██▊       | 25/89 [00:19<00:55,  1.16it/s]
 29%|██▉       | 26/89 [00:21<00:57,  1.10it/s]
 30%|███       | 27/89 [00:21<00:53,  1.16it/s]
 31%|███▏      | 28/89 [00:22<00:56,  1.07it/s]
 33%|███▎      | 29/89 [00:23<00:54,  1.11it/s]
 34%|███▎      | 30/89 [00:24<00:53,  1.10it/s]
 35%|███▍      | 31/89 [00:25<00:53,  1.09it/s]
 36%|███▌      | 32/89 [00:26<00:52,  1.09it/s]
 37%|███▋      | 33/89 [00:27<00:56,  1.00s/it]
 38%|███▊      | 34/89 [00:28<00:50,  1.08it/s]
 39%|███▉      | 35/89 [00:29<00:47,  1.15it/s]
 40%|████      | 36/89 [00:30<00:45,  1.16it/s]
 42%|████▏     | 37/89 [00:31<00:51,  1.01it/s]
 43%|████▎     | 38/89 [00:32<00:47,  1.07it/s]
 44%|████▍     | 39/89 [00:32<00:42,  1.17it/s]
 45%|████▍     | 40/89 [00:33<00:40,  1.20it/s]
 46%|████▌     | 41/89 [00:34<00:40,  1.19it/s]
 47%|████▋     | 42/89 [00:35<00:44,  1.05it/s]
 48%|████▊     | 43/89 [00:36<00:41,  1.10it/s]
 49%|████▉     | 44/89 [00:37<00:38,  1.17it/s]
 51%|█████     | 45/89 [00:37<00:35,  1.25it/s]
 52%|█████▏    | 46/89 [00:38<00:37,  1.14it/s]
 53%|█████▎    | 47/89 [00:40<00:41,  1.02it/s]
 54%|█████▍    | 48/89 [00:41<00:39,  1.04it/s]
 55%|█████▌    | 49/89 [00:41<00:37,  1.08it/s]
 56%|█████▌    | 50/89 [00:42<00:36,  1.08it/s]
 57%|█████▋    | 51/89 [00:43<00:37,  1.02it/s]
 58%|█████▊    | 52/89 [00:44<00:34,  1.08it/s]
 60%|█████▉    | 53/89 [00:45<00:32,  1.11it/s]
 61%|██████    | 54/89 [00:46<00:29,  1.17it/s]
 62%|██████▏   | 55/89 [00:47<00:28,  1.20it/s]
 63%|██████▎   | 56/89 [00:48<00:34,  1.04s/it]
 64%|██████▍   | 57/89 [00:49<00:31,  1.01it/s]
 65%|██████▌   | 58/89 [00:50<00:28,  1.08it/s]
 66%|██████▋   | 59/89 [00:51<00:26,  1.14it/s]
 67%|██████▋   | 60/89 [00:52<00:29,  1.00s/it]
 69%|██████▊   | 61/89 [00:53<00:25,  1.08it/s]
 70%|██████▉   | 62/89 [00:53<00:24,  1.10it/s]
 71%|███████   | 63/89 [00:54<00:23,  1.12it/s]
 72%|███████▏  | 64/89 [00:55<00:21,  1.14it/s]
 73%|███████▎  | 65/89 [00:56<00:23,  1.02it/s]
 74%|███████▍  | 66/89 [00:57<00:22,  1.03it/s]
 75%|███████▌  | 67/89 [00:58<00:20,  1.08it/s]
 76%|███████▋  | 68/89 [00:59<00:19,  1.10it/s]
 78%|███████▊  | 69/89 [01:00<00:19,  1.05it/s]
 79%|███████▊  | 70/89 [01:01<00:16,  1.17it/s]
 80%|███████▉  | 71/89 [01:01<00:14,  1.23it/s]
 81%|████████  | 72/89 [01:02<00:13,  1.25it/s]
 82%|████████▏ | 73/89 [01:03<00:12,  1.31it/s]
 83%|████████▎ | 74/89 [01:04<00:13,  1.11it/s]
 84%|████████▍ | 75/89 [01:05<00:11,  1.17it/s]
 85%|████████▌ | 76/89 [01:06<00:10,  1.21it/s]
 87%|████████▋ | 77/89 [01:06<00:09,  1.26it/s]
 88%|████████▊ | 78/89 [01:07<00:08,  1.31it/s]
 89%|████████▉ | 79/89 [01:08<00:08,  1.20it/s]
 90%|████████▉ | 80/89 [01:09<00:07,  1.21it/s]
 91%|█████████ | 81/89 [01:10<00:06,  1.21it/s]
 92%|█████████▏| 82/89 [01:10<00:05,  1.21it/s]
 93%|█████████▎| 83/89 [01:11<00:05,  1.20it/s]
 94%|█████████▍| 84/89 [01:12<00:04,  1.15it/s]
 96%|█████████▌| 85/89 [01:13<00:03,  1.15it/s]
 97%|█████████▋| 86/89 [01:14<00:02,  1.17it/s]
 98%|█████████▊| 87/89 [01:15<00:01,  1.17it/s]
 99%|█████████▉| 88/89 [01:15<00:00,  1.24it/s]
100%|██████████| 89/89 [01:16<00:00,  1.35it/s]
100%|██████████| 89/89 [01:16<00:00,  1.16it/s]
Evaluation for task 19 has started.
['llama', 'tank', 'harmonica', 'pirate', 'skunk', 'cocker_spaniel', 'bee', 'Saint_Bernard', 'missile', 'ballplayer']

  0%|          | 0/11 [00:00<?, ?it/s]
  9%|▉         | 1/11 [00:01<00:16,  1.62s/it]
 18%|█▊        | 2/11 [00:02<00:10,  1.17s/it]
 27%|██▋       | 3/11 [00:03<00:08,  1.12s/it]
 36%|███▋      | 4/11 [00:04<00:07,  1.09s/it]
 45%|████▌     | 5/11 [00:05<00:06,  1.08s/it]
 55%|█████▍    | 6/11 [00:06<00:05,  1.07s/it]
 64%|██████▎   | 7/11 [00:07<00:04,  1.07s/it]
 73%|███████▎  | 8/11 [00:08<00:03,  1.06s/it]
 82%|████████▏ | 9/11 [00:09<00:02,  1.07s/it]
 91%|█████████ | 10/11 [00:10<00:01,  1.02s/it]
100%|██████████| 11/11 [00:12<00:00,  1.24s/it]
100%|██████████| 11/11 [00:12<00:00,  1.14s/it]

  0%|          | 0/94 [00:00<?, ?it/s]
  1%|          | 1/94 [00:01<01:44,  1.13s/it]
  2%|▏         | 2/94 [00:01<01:25,  1.08it/s]
  3%|▎         | 3/94 [00:02<01:15,  1.21it/s]
  4%|▍         | 4/94 [00:03<01:14,  1.21it/s]
  5%|▌         | 5/94 [00:04<01:11,  1.24it/s]
  6%|▋         | 6/94 [00:05<01:22,  1.06it/s]
  7%|▋         | 7/94 [00:06<01:18,  1.11it/s]
  9%|▊         | 8/94 [00:07<01:20,  1.07it/s]
 10%|▉         | 9/94 [00:08<01:18,  1.08it/s]
 11%|█         | 10/94 [00:08<01:14,  1.13it/s]
 12%|█▏        | 11/94 [00:09<01:11,  1.17it/s]
 13%|█▎        | 12/94 [00:11<01:23,  1.02s/it]
 14%|█▍        | 13/94 [00:11<01:14,  1.08it/s]
 15%|█▍        | 14/94 [00:12<01:08,  1.17it/s]
 16%|█▌        | 15/94 [00:13<01:04,  1.23it/s]
 17%|█▋        | 16/94 [00:14<01:06,  1.17it/s]
 18%|█▊        | 17/94 [00:14<01:01,  1.25it/s]
 19%|█▉        | 18/94 [00:15<00:58,  1.29it/s]
 20%|██        | 19/94 [00:16<00:58,  1.27it/s]
 21%|██▏       | 20/94 [00:17<01:05,  1.13it/s]
 22%|██▏       | 21/94 [00:18<01:02,  1.18it/s]
 23%|██▎       | 22/94 [00:19<01:00,  1.20it/s]
 24%|██▍       | 23/94 [00:19<00:56,  1.27it/s]
 26%|██▌       | 24/94 [00:20<00:54,  1.28it/s]
 27%|██▋       | 25/94 [00:21<00:52,  1.31it/s]
 28%|██▊       | 26/94 [00:22<00:56,  1.20it/s]
 29%|██▊       | 27/94 [00:23<00:56,  1.19it/s]
 30%|██▉       | 28/94 [00:23<00:52,  1.25it/s]
 31%|███       | 29/94 [00:24<00:51,  1.27it/s]
 32%|███▏      | 30/94 [00:25<00:51,  1.25it/s]
 33%|███▎      | 31/94 [00:26<00:54,  1.15it/s]
 34%|███▍      | 32/94 [00:27<00:50,  1.22it/s]
 35%|███▌      | 33/94 [00:27<00:48,  1.27it/s]
 36%|███▌      | 34/94 [00:28<00:45,  1.31it/s]
 37%|███▋      | 35/94 [00:29<00:43,  1.36it/s]
 38%|███▊      | 36/94 [00:30<00:49,  1.18it/s]
 39%|███▉      | 37/94 [00:31<00:48,  1.17it/s]
 40%|████      | 38/94 [00:32<00:47,  1.18it/s]
 41%|████▏     | 39/94 [00:32<00:45,  1.21it/s]
 43%|████▎     | 40/94 [00:33<00:43,  1.24it/s]
 44%|████▎     | 41/94 [00:34<00:42,  1.24it/s]
 45%|████▍     | 42/94 [00:35<00:41,  1.24it/s]
 46%|████▌     | 43/94 [00:35<00:40,  1.25it/s]
 47%|████▋     | 44/94 [00:36<00:40,  1.24it/s]
 48%|████▊     | 45/94 [00:37<00:39,  1.23it/s]
 49%|████▉     | 46/94 [00:38<00:39,  1.21it/s]
 50%|█████     | 47/94 [00:39<00:40,  1.17it/s]
 51%|█████     | 48/94 [00:40<00:38,  1.21it/s]
 52%|█████▏    | 49/94 [00:40<00:36,  1.23it/s]
 53%|█████▎    | 50/94 [00:41<00:33,  1.30it/s]
 54%|█████▍    | 51/94 [00:42<00:36,  1.18it/s]
 55%|█████▌    | 52/94 [00:43<00:35,  1.20it/s]
 56%|█████▋    | 53/94 [00:44<00:34,  1.20it/s]
 57%|█████▋    | 54/94 [00:44<00:31,  1.26it/s]
 59%|█████▊    | 55/94 [00:45<00:29,  1.31it/s]
 60%|█████▉    | 56/94 [00:47<00:41,  1.08s/it]
 61%|██████    | 57/94 [00:48<00:42,  1.15s/it]
 62%|██████▏   | 58/94 [00:49<00:40,  1.13s/it]
 63%|██████▎   | 59/94 [00:51<00:46,  1.32s/it]
 64%|██████▍   | 60/94 [00:52<00:41,  1.22s/it]
 65%|██████▍   | 61/94 [00:53<00:36,  1.12s/it]
 66%|██████▌   | 62/94 [00:55<00:42,  1.34s/it]
 67%|██████▋   | 63/94 [00:56<00:38,  1.25s/it]
 68%|██████▊   | 64/94 [00:57<00:32,  1.08s/it]
 69%|██████▉   | 65/94 [00:57<00:29,  1.03s/it]
 70%|███████   | 66/94 [00:59<00:30,  1.07s/it]
 71%|███████▏  | 67/94 [01:00<00:28,  1.06s/it]
 72%|███████▏  | 68/94 [01:00<00:24,  1.06it/s]
 73%|███████▎  | 69/94 [01:02<00:29,  1.18s/it]
 74%|███████▍  | 70/94 [01:03<00:25,  1.07s/it]
 76%|███████▌  | 71/94 [01:04<00:25,  1.10s/it]
 77%|███████▋  | 72/94 [01:05<00:22,  1.04s/it]
 78%|███████▊  | 73/94 [01:07<00:26,  1.27s/it]
 79%|███████▊  | 74/94 [01:08<00:24,  1.22s/it]
 80%|███████▉  | 75/94 [01:09<00:21,  1.11s/it]
 81%|████████  | 76/94 [01:11<00:24,  1.38s/it]
 82%|████████▏ | 77/94 [01:12<00:21,  1.26s/it]
 83%|████████▎ | 78/94 [01:13<00:18,  1.13s/it]
 84%|████████▍ | 79/94 [01:14<00:17,  1.19s/it]
 85%|████████▌ | 80/94 [01:15<00:16,  1.16s/it]
 86%|████████▌ | 81/94 [01:16<00:13,  1.06s/it]
 87%|████████▋ | 82/94 [01:17<00:11,  1.00it/s]
 88%|████████▊ | 83/94 [01:19<00:15,  1.41s/it]
 89%|████████▉ | 84/94 [01:20<00:13,  1.32s/it]
 90%|█████████ | 85/94 [01:21<00:10,  1.17s/it]
 91%|█████████▏| 86/94 [01:23<00:11,  1.42s/it]
 93%|█████████▎| 87/94 [01:24<00:09,  1.30s/it]
 94%|█████████▎| 88/94 [01:25<00:07,  1.19s/it]
 95%|█████████▍| 89/94 [01:26<00:05,  1.20s/it]
 96%|█████████▌| 90/94 [01:27<00:04,  1.22s/it]
 97%|█████████▋| 91/94 [01:28<00:03,  1.14s/it]
 98%|█████████▊| 92/94 [01:30<00:02,  1.22s/it]
 99%|█████████▉| 93/94 [01:32<00:01,  1.41s/it]
100%|██████████| 94/94 [01:33<00:00,  1.30s/it]
100%|██████████| 94/94 [01:33<00:00,  1.01it/s]

========================================
Finished imagenet_R_init10_inc10
Backbone: OpenAI CLIP
Base Accuracy: 96.62
Last Accuracy: 79.7
Average Accuracy (Top1): 85.99
========================================

<continuum.scenarios.class_incremental.ClassIncremental object at 0x7f0944caff40> <continuum.scenarios.class_incremental.ClassIncremental object at 0x7f0944caff40>
Evaluation for task 0 has started.
['American_lobster', 'lion', 'centipede', 'vulture', 'dalmatian', 'Weimaraner', 'cellular_telephone', 'collie', 'starfish', 'goose', 'electric_guitar', 'sandal', 'bathtub', 'scuba_diver', 'Scotch_terrier', 'hog', 'American_egret', 'hummingbird', 'meerkat', 'stingray']

  0%|          | 0/20 [00:00<?, ?it/s]
  5%|▌         | 1/20 [00:02<00:49,  2.60s/it]
 10%|█         | 2/20 [00:03<00:26,  1.45s/it]
 15%|█▌        | 3/20 [00:04<00:21,  1.27s/it]
 20%|██        | 4/20 [00:05<00:19,  1.19s/it]
 25%|██▌       | 5/20 [00:06<00:17,  1.14s/it]
 30%|███       | 6/20 [00:07<00:15,  1.11s/it]
 35%|███▌      | 7/20 [00:08<00:14,  1.10s/it]
 40%|████      | 8/20 [00:09<00:12,  1.08s/it]
 45%|████▌     | 9/20 [00:10<00:11,  1.07s/it]
 50%|█████     | 10/20 [00:11<00:10,  1.07s/it]
 55%|█████▌    | 11/20 [00:12<00:09,  1.06s/it]
 60%|██████    | 12/20 [00:13<00:08,  1.06s/it]
 65%|██████▌   | 13/20 [00:14<00:07,  1.06s/it]
 70%|███████   | 14/20 [00:15<00:06,  1.06s/it]
 75%|███████▌  | 15/20 [00:17<00:05,  1.07s/it]
 80%|████████  | 16/20 [00:18<00:04,  1.06s/it]
 85%|████████▌ | 17/20 [00:19<00:03,  1.06s/it]
 90%|█████████ | 18/20 [00:20<00:02,  1.06s/it]
 95%|█████████▌| 19/20 [00:21<00:01,  1.01s/it]
100%|██████████| 20/20 [00:23<00:00,  1.29s/it]
100%|██████████| 20/20 [00:23<00:00,  1.15s/it]

  0%|          | 0/10 [00:00<?, ?it/s]
 10%|█         | 1/10 [00:01<00:11,  1.26s/it]
 20%|██        | 2/10 [00:02<00:08,  1.06s/it]
 30%|███       | 3/10 [00:02<00:06,  1.10it/s]
 40%|████      | 4/10 [00:03<00:05,  1.11it/s]
 50%|█████     | 5/10 [00:05<00:06,  1.21s/it]
 60%|██████    | 6/10 [00:06<00:04,  1.13s/it]
 70%|███████   | 7/10 [00:07<00:03,  1.06s/it]
 80%|████████  | 8/10 [00:08<00:02,  1.01s/it]
 90%|█████████ | 9/10 [00:10<00:01,  1.21s/it]
100%|██████████| 10/10 [00:10<00:00,  1.09s/it]
100%|██████████| 10/10 [00:10<00:00,  1.08s/it]
Evaluation for task 1 has started.
['chow', 'carousel', 'banana', 'hermit_crab', 'guillotine', 'ambulance', 'grasshopper', 'zebra', 'strawberry', 'stole', 'caldron', 'space_shuttle', 'bell_pepper', 'tennis_ball', 'submarine', 'fire_engine', 'bison', 'tree_frog', 'beer_glass', 'mushroom']

  0%|          | 0/22 [00:00<?, ?it/s]
  5%|▍         | 1/22 [00:01<00:37,  1.79s/it]
  9%|▉         | 2/22 [00:02<00:25,  1.25s/it]
 14%|█▎        | 3/22 [00:03<00:21,  1.16s/it]
 18%|█▊        | 4/22 [00:04<00:20,  1.11s/it]
 23%|██▎       | 5/22 [00:05<00:18,  1.09s/it]
 27%|██▋       | 6/22 [00:06<00:17,  1.08s/it]
 32%|███▏      | 7/22 [00:07<00:16,  1.08s/it]
 36%|███▋      | 8/22 [00:08<00:14,  1.07s/it]
 41%|████      | 9/22 [00:10<00:13,  1.07s/it]
 45%|████▌     | 10/22 [00:11<00:12,  1.06s/it]
 50%|█████     | 11/22 [00:12<00:11,  1.06s/it]
 55%|█████▍    | 12/22 [00:13<00:10,  1.06s/it]
 59%|█████▉    | 13/22 [00:14<00:09,  1.06s/it]
 64%|██████▎   | 14/22 [00:15<00:08,  1.06s/it]
 68%|██████▊   | 15/22 [00:16<00:07,  1.06s/it]
 73%|███████▎  | 16/22 [00:17<00:06,  1.06s/it]
 77%|███████▋  | 17/22 [00:18<00:05,  1.06s/it]
 82%|████████▏ | 18/22 [00:19<00:04,  1.06s/it]
 86%|████████▋ | 19/22 [00:20<00:03,  1.06s/it]
 91%|█████████ | 20/22 [00:21<00:02,  1.06s/it]
 95%|█████████▌| 21/22 [00:22<00:00,  1.05it/s]
100%|██████████| 22/22 [00:24<00:00,  1.27s/it]
100%|██████████| 22/22 [00:24<00:00,  1.11s/it]

  0%|          | 0/20 [00:00<?, ?it/s]
  5%|▌         | 1/20 [00:01<00:22,  1.18s/it]
 10%|█         | 2/20 [00:02<00:22,  1.24s/it]
 15%|█▌        | 3/20 [00:03<00:19,  1.12s/it]
 20%|██        | 4/20 [00:04<00:17,  1.09s/it]
 25%|██▌       | 5/20 [00:06<00:19,  1.28s/it]
 30%|███       | 6/20 [00:07<00:17,  1.23s/it]
 35%|███▌      | 7/20 [00:08<00:14,  1.12s/it]
 40%|████      | 8/20 [00:09<00:13,  1.09s/it]
 45%|████▌     | 9/20 [00:10<00:13,  1.24s/it]
 50%|█████     | 10/20 [00:11<00:11,  1.13s/it]
 55%|█████▌    | 11/20 [00:12<00:10,  1.12s/it]
 60%|██████    | 12/20 [00:13<00:08,  1.01s/it]
 65%|██████▌   | 13/20 [00:14<00:06,  1.05it/s]
 70%|███████   | 14/20 [00:14<00:05,  1.15it/s]
 75%|███████▌  | 15/20 [00:15<00:04,  1.19it/s]
 80%|████████  | 16/20 [00:16<00:03,  1.31it/s]
 85%|████████▌ | 17/20 [00:16<00:02,  1.37it/s]
 90%|█████████ | 18/20 [00:17<00:01,  1.44it/s]
 95%|█████████▌| 19/20 [00:18<00:00,  1.42it/s]
100%|██████████| 20/20 [00:19<00:00,  1.41it/s]
100%|██████████| 20/20 [00:19<00:00,  1.05it/s]
Evaluation for task 2 has started.
['pizza', 'trombone', 'golden_retriever', 'peacock', 'gorilla', 'giant_panda', 'schooner', 'bagel', 'leopard', 'mitten', 'junco', 'Siberian_husky', 'Shih-Tzu', 'toy_poodle', 'African_chameleon', 'porcupine', 'puffer', 'basset', 'Rottweiler', 'burrito']

  0%|          | 0/17 [00:00<?, ?it/s]
  6%|▌         | 1/17 [00:01<00:30,  1.91s/it]
 12%|█▏        | 2/17 [00:02<00:19,  1.29s/it]
 18%|█▊        | 3/17 [00:03<00:16,  1.19s/it]
 24%|██▎       | 4/17 [00:04<00:14,  1.14s/it]
 29%|██▉       | 5/17 [00:05<00:13,  1.11s/it]
 35%|███▌      | 6/17 [00:07<00:12,  1.09s/it]
 41%|████      | 7/17 [00:08<00:10,  1.08s/it]
 47%|████▋     | 8/17 [00:09<00:09,  1.07s/it]
 53%|█████▎    | 9/17 [00:10<00:08,  1.07s/it]
 59%|█████▉    | 10/17 [00:11<00:07,  1.06s/it]
 65%|██████▍   | 11/17 [00:12<00:06,  1.06s/it]
 71%|███████   | 12/17 [00:13<00:05,  1.06s/it]
 76%|███████▋  | 13/17 [00:14<00:04,  1.06s/it]
 82%|████████▏ | 14/17 [00:15<00:03,  1.06s/it]
 88%|████████▊ | 15/17 [00:16<00:02,  1.06s/it]
 94%|█████████▍| 16/17 [00:17<00:00,  1.06it/s]
100%|██████████| 17/17 [00:19<00:00,  1.29s/it]
100%|██████████| 17/17 [00:19<00:00,  1.14s/it]

  0%|          | 0/27 [00:00<?, ?it/s]
  4%|▎         | 1/27 [00:00<00:19,  1.35it/s]
  7%|▋         | 2/27 [00:01<00:18,  1.32it/s]
 11%|█         | 3/27 [00:02<00:17,  1.41it/s]
 15%|█▍        | 4/27 [00:02<00:16,  1.41it/s]
 19%|█▊        | 5/27 [00:04<00:19,  1.11it/s]
 22%|██▏       | 6/27 [00:04<00:17,  1.21it/s]
 26%|██▌       | 7/27 [00:05<00:15,  1.28it/s]
 30%|██▉       | 8/27 [00:06<00:14,  1.31it/s]
 33%|███▎      | 9/27 [00:06<00:13,  1.31it/s]
 37%|███▋      | 10/27 [00:07<00:13,  1.26it/s]
 41%|████      | 11/27 [00:08<00:13,  1.20it/s]
 44%|████▍     | 12/27 [00:09<00:11,  1.27it/s]
 48%|████▊     | 13/27 [00:10<00:10,  1.29it/s]
 52%|█████▏    | 14/27 [00:10<00:09,  1.36it/s]
 56%|█████▌    | 15/27 [00:11<00:09,  1.28it/s]
 59%|█████▉    | 16/27 [00:12<00:08,  1.23it/s]
 63%|██████▎   | 17/27 [00:13<00:07,  1.31it/s]
 67%|██████▋   | 18/27 [00:13<00:06,  1.32it/s]
 70%|███████   | 19/27 [00:14<00:05,  1.36it/s]
 74%|███████▍  | 20/27 [00:15<00:05,  1.33it/s]
 78%|███████▊  | 21/27 [00:16<00:04,  1.27it/s]
 81%|████████▏ | 22/27 [00:17<00:03,  1.32it/s]
 85%|████████▌ | 23/27 [00:17<00:02,  1.38it/s]
 89%|████████▉ | 24/27 [00:18<00:02,  1.40it/s]
 93%|█████████▎| 25/27 [00:19<00:01,  1.42it/s]
 96%|█████████▋| 26/27 [00:19<00:00,  1.41it/s]
100%|██████████| 27/27 [00:20<00:00,  1.46it/s]
100%|██████████| 27/27 [00:20<00:00,  1.32it/s]
Evaluation for task 3 has started.
['drake', 'jeep', 'cucumber', 'spider_web', 'lemon', 'binoculars', 'candle', 'Boston_bull', 'Pembroke', 'Yorkshire_terrier', 'lawn_mower', 'fox_squirrel', 'acorn', 'eel', 'school_bus', 'anemone_fish', 'castle', 'badger', 'pickup', 'baboon']

  0%|          | 0/19 [00:00<?, ?it/s]
  5%|▌         | 1/19 [00:01<00:34,  1.89s/it]
 11%|█         | 2/19 [00:02<00:21,  1.29s/it]
 16%|█▌        | 3/19 [00:03<00:18,  1.18s/it]
 21%|██        | 4/19 [00:04<00:17,  1.13s/it]
 26%|██▋       | 5/19 [00:05<00:15,  1.11s/it]
 32%|███▏      | 6/19 [00:06<00:14,  1.09s/it]
 37%|███▋      | 7/19 [00:08<00:12,  1.07s/it]
 42%|████▏     | 8/19 [00:09<00:11,  1.07s/it]
 47%|████▋     | 9/19 [00:10<00:10,  1.07s/it]
 53%|█████▎    | 10/19 [00:11<00:09,  1.06s/it]
 58%|█████▊    | 11/19 [00:12<00:08,  1.06s/it]
 63%|██████▎   | 12/19 [00:13<00:07,  1.06s/it]
 68%|██████▊   | 13/19 [00:14<00:06,  1.06s/it]
 74%|███████▎  | 14/19 [00:15<00:05,  1.06s/it]
 79%|███████▉  | 15/19 [00:16<00:04,  1.06s/it]
 84%|████████▍ | 16/19 [00:17<00:03,  1.06s/it]
 89%|████████▉ | 17/19 [00:18<00:02,  1.06s/it]
 95%|█████████▍| 18/19 [00:19<00:01,  1.02s/it]
100%|██████████| 19/19 [00:21<00:00,  1.31s/it]
100%|██████████| 19/19 [00:21<00:00,  1.13s/it]

  0%|          | 0/36 [00:00<?, ?it/s]
  3%|▎         | 1/36 [00:00<00:24,  1.43it/s]
  6%|▌         | 2/36 [00:01<00:24,  1.40it/s]
  8%|▊         | 3/36 [00:02<00:22,  1.47it/s]
 11%|█         | 4/36 [00:03<00:26,  1.20it/s]
 14%|█▍        | 5/36 [00:03<00:24,  1.29it/s]
 17%|█▋        | 6/36 [00:04<00:21,  1.38it/s]
 19%|█▉        | 7/36 [00:05<00:20,  1.45it/s]
 22%|██▏       | 8/36 [00:05<00:18,  1.49it/s]
 25%|██▌       | 9/36 [00:06<00:18,  1.43it/s]
 28%|██▊       | 10/36 [00:07<00:20,  1.28it/s]
 31%|███       | 11/36 [00:08<00:19,  1.26it/s]
 33%|███▎      | 12/36 [00:08<00:18,  1.33it/s]
 36%|███▌      | 13/36 [00:09<00:16,  1.37it/s]
 39%|███▉      | 14/36 [00:10<00:15,  1.42it/s]
 42%|████▏     | 15/36 [00:10<00:14,  1.41it/s]
 44%|████▍     | 16/36 [00:11<00:14,  1.39it/s]
 47%|████▋     | 17/36 [00:12<00:14,  1.28it/s]
 50%|█████     | 18/36 [00:13<00:13,  1.34it/s]
 53%|█████▎    | 19/36 [00:13<00:12,  1.41it/s]
 56%|█████▌    | 20/36 [00:14<00:11,  1.39it/s]
 58%|█████▊    | 21/36 [00:15<00:10,  1.37it/s]
 61%|██████    | 22/36 [00:16<00:10,  1.37it/s]
 64%|██████▍   | 23/36 [00:17<00:10,  1.29it/s]
 67%|██████▋   | 24/36 [00:17<00:09,  1.30it/s]
 69%|██████▉   | 25/36 [00:18<00:07,  1.42it/s]
 72%|███████▏  | 26/36 [00:18<00:06,  1.45it/s]
 75%|███████▌  | 27/36 [00:19<00:06,  1.38it/s]
 78%|███████▊  | 28/36 [00:20<00:05,  1.42it/s]
 81%|████████  | 29/36 [00:21<00:04,  1.50it/s]
 83%|████████▎ | 30/36 [00:21<00:03,  1.52it/s]
 86%|████████▌ | 31/36 [00:22<00:03,  1.57it/s]
 89%|████████▉ | 32/36 [00:22<00:02,  1.57it/s]
 92%|█████████▏| 33/36 [00:23<00:01,  1.55it/s]
 94%|█████████▍| 34/36 [00:24<00:01,  1.43it/s]
 97%|█████████▋| 35/36 [00:25<00:00,  1.43it/s]
100%|██████████| 36/36 [00:25<00:00,  1.59it/s]
100%|██████████| 36/36 [00:25<00:00,  1.41it/s]
Evaluation for task 4 has started.
['pelican', 'hyena', 'ladybug', 'vase', 'Granny_Smith', 'hippopotamus', 'bloodhound', 'fly', 'parachute', 'lab_coat', 'accordion', 'tarantula', 'Labrador_retriever', 'espresso', 'hatchet', 'West_Highland_white_terrier', 'joystick', 'Afghan_hound', 'hammer', 'harp']

  0%|          | 0/16 [00:00<?, ?it/s]
  6%|▋         | 1/16 [00:01<00:25,  1.68s/it]
 12%|█▎        | 2/16 [00:02<00:16,  1.20s/it]
 19%|█▉        | 3/16 [00:03<00:14,  1.13s/it]
 25%|██▌       | 4/16 [00:04<00:13,  1.10s/it]
 31%|███▏      | 5/16 [00:05<00:11,  1.09s/it]
 38%|███▊      | 6/16 [00:06<00:10,  1.08s/it]
 44%|████▍     | 7/16 [00:07<00:09,  1.07s/it]
 50%|█████     | 8/16 [00:08<00:08,  1.06s/it]
 56%|█████▋    | 9/16 [00:09<00:07,  1.06s/it]
 62%|██████▎   | 10/16 [00:10<00:06,  1.06s/it]
 69%|██████▉   | 11/16 [00:12<00:05,  1.06s/it]
 75%|███████▌  | 12/16 [00:13<00:04,  1.06s/it]
 81%|████████▏ | 13/16 [00:14<00:03,  1.05s/it]
 88%|████████▊ | 14/16 [00:15<00:02,  1.05s/it]
 94%|█████████▍| 15/16 [00:16<00:01,  1.02s/it]
100%|██████████| 16/16 [00:17<00:00,  1.27s/it]
100%|██████████| 16/16 [00:17<00:00,  1.12s/it]

  0%|          | 0/44 [00:00<?, ?it/s]
  2%|▏         | 1/44 [00:00<00:37,  1.14it/s]
  5%|▍         | 2/44 [00:01<00:32,  1.28it/s]
  7%|▋         | 3/44 [00:02<00:30,  1.36it/s]
  9%|▉         | 4/44 [00:02<00:28,  1.38it/s]
 11%|█▏        | 5/44 [00:03<00:27,  1.43it/s]
 14%|█▎        | 6/44 [00:04<00:30,  1.25it/s]
 16%|█▌        | 7/44 [00:05<00:27,  1.34it/s]
 18%|█▊        | 8/44 [00:05<00:25,  1.40it/s]
 20%|██        | 9/44 [00:06<00:24,  1.44it/s]
 23%|██▎       | 10/44 [00:07<00:23,  1.43it/s]
 25%|██▌       | 11/44 [00:08<00:23,  1.40it/s]
 27%|██▋       | 12/44 [00:08<00:23,  1.35it/s]
 30%|██▉       | 13/44 [00:09<00:23,  1.31it/s]
 32%|███▏      | 14/44 [00:10<00:22,  1.33it/s]
 34%|███▍      | 15/44 [00:11<00:21,  1.33it/s]
 36%|███▋      | 16/44 [00:11<00:21,  1.27it/s]
 39%|███▊      | 17/44 [00:12<00:22,  1.21it/s]
 41%|████      | 18/44 [00:13<00:21,  1.20it/s]
 43%|████▎     | 19/44 [00:14<00:19,  1.31it/s]
 45%|████▌     | 20/44 [00:15<00:18,  1.27it/s]
 48%|████▊     | 21/44 [00:15<00:16,  1.37it/s]
 50%|█████     | 22/44 [00:16<00:15,  1.43it/s]
 52%|█████▏    | 23/44 [00:17<00:16,  1.30it/s]
 55%|█████▍    | 24/44 [00:18<00:14,  1.36it/s]
 57%|█████▋    | 25/44 [00:18<00:13,  1.45it/s]
 59%|█████▉    | 26/44 [00:19<00:12,  1.49it/s]
 61%|██████▏   | 27/44 [00:19<00:11,  1.47it/s]
 64%|██████▎   | 28/44 [00:20<00:11,  1.43it/s]
 66%|██████▌   | 29/44 [00:21<00:11,  1.35it/s]
 68%|██████▊   | 30/44 [00:22<00:10,  1.36it/s]
 70%|███████   | 31/44 [00:22<00:09,  1.38it/s]
 73%|███████▎  | 32/44 [00:23<00:08,  1.41it/s]
 75%|███████▌  | 33/44 [00:24<00:07,  1.38it/s]
 77%|███████▋  | 34/44 [00:24<00:06,  1.45it/s]
 80%|███████▉  | 35/44 [00:25<00:06,  1.29it/s]
 82%|████████▏ | 36/44 [00:26<00:06,  1.33it/s]
 84%|████████▍ | 37/44 [00:27<00:05,  1.34it/s]
 86%|████████▋ | 38/44 [00:28<00:04,  1.39it/s]
 89%|████████▊ | 39/44 [00:28<00:03,  1.36it/s]
 91%|█████████ | 40/44 [00:29<00:02,  1.37it/s]
 93%|█████████▎| 41/44 [00:30<00:02,  1.29it/s]
 95%|█████████▌| 42/44 [00:31<00:01,  1.34it/s]
 98%|█████████▊| 43/44 [00:31<00:00,  1.42it/s]
100%|██████████| 44/44 [00:31<00:00,  1.75it/s]
100%|██████████| 44/44 [00:31<00:00,  1.38it/s]
Evaluation for task 5 has started.
['gibbon', 'common_newt', 'toucan', 'backpack', 'shield', 'Italian_greyhound', 'great_white_shark', 'king_penguin', 'cowboy_hat', 'koala', 'broccoli', 'hen', 'dragonfly', 'grand_piano', 'whippet', 'guinea_pig', 'jellyfish', 'ant', 'canoe', 'orangutan']

  0%|          | 0/22 [00:00<?, ?it/s]
  5%|▍         | 1/22 [00:01<00:33,  1.62s/it]
  9%|▉         | 2/22 [00:02<00:23,  1.17s/it]
 14%|█▎        | 3/22 [00:03<00:21,  1.12s/it]
 18%|█▊        | 4/22 [00:04<00:19,  1.10s/it]
 23%|██▎       | 5/22 [00:05<00:18,  1.08s/it]
 27%|██▋       | 6/22 [00:06<00:17,  1.08s/it]
 32%|███▏      | 7/22 [00:07<00:16,  1.07s/it]
 36%|███▋      | 8/22 [00:08<00:14,  1.07s/it]
 41%|████      | 9/22 [00:09<00:13,  1.06s/it]
 45%|████▌     | 10/22 [00:10<00:12,  1.06s/it]
 50%|█████     | 11/22 [00:12<00:11,  1.06s/it]
 55%|█████▍    | 12/22 [00:13<00:10,  1.06s/it]
 59%|█████▉    | 13/22 [00:14<00:09,  1.06s/it]
 64%|██████▎   | 14/22 [00:15<00:08,  1.07s/it]
 68%|██████▊   | 15/22 [00:16<00:07,  1.06s/it]
 73%|███████▎  | 16/22 [00:17<00:06,  1.06s/it]
 77%|███████▋  | 17/22 [00:18<00:05,  1.06s/it]
 82%|████████▏ | 18/22 [00:19<00:04,  1.06s/it]
 86%|████████▋ | 19/22 [00:20<00:03,  1.06s/it]
 91%|█████████ | 20/22 [00:21<00:02,  1.06s/it]
 95%|█████████▌| 21/22 [00:22<00:01,  1.02s/it]
100%|██████████| 22/22 [00:24<00:00,  1.38s/it]
100%|██████████| 22/22 [00:24<00:00,  1.12s/it]

  0%|          | 0/54 [00:00<?, ?it/s]
  2%|▏         | 1/54 [00:00<00:37,  1.41it/s]
  4%|▎         | 2/54 [00:01<00:42,  1.21it/s]
  6%|▌         | 3/54 [00:02<00:46,  1.10it/s]
  7%|▋         | 4/54 [00:03<00:41,  1.20it/s]
  9%|▉         | 5/54 [00:03<00:37,  1.30it/s]
 11%|█         | 6/54 [00:04<00:35,  1.36it/s]
 13%|█▎        | 7/54 [00:05<00:33,  1.40it/s]
 15%|█▍        | 8/54 [00:06<00:32,  1.41it/s]
 17%|█▋        | 9/54 [00:06<00:31,  1.43it/s]
 19%|█▊        | 10/54 [00:07<00:31,  1.40it/s]
 20%|██        | 11/54 [00:08<00:30,  1.39it/s]
 22%|██▏       | 12/54 [00:09<00:32,  1.30it/s]
 24%|██▍       | 13/54 [00:09<00:30,  1.34it/s]
 26%|██▌       | 14/54 [00:10<00:29,  1.36it/s]
 28%|██▊       | 15/54 [00:11<00:30,  1.27it/s]
 30%|██▉       | 16/54 [00:12<00:30,  1.24it/s]
 31%|███▏      | 17/54 [00:12<00:28,  1.31it/s]
 33%|███▎      | 18/54 [00:13<00:26,  1.34it/s]
 35%|███▌      | 19/54 [00:14<00:25,  1.36it/s]
 37%|███▋      | 20/54 [00:14<00:23,  1.42it/s]
 39%|███▉      | 21/54 [00:15<00:25,  1.29it/s]
 41%|████      | 22/54 [00:16<00:25,  1.24it/s]
 43%|████▎     | 23/54 [00:17<00:24,  1.27it/s]
 44%|████▍     | 24/54 [00:18<00:23,  1.30it/s]
 46%|████▋     | 25/54 [00:18<00:22,  1.32it/s]
 48%|████▊     | 26/54 [00:19<00:20,  1.39it/s]
 50%|█████     | 27/54 [00:20<00:20,  1.30it/s]
 52%|█████▏    | 28/54 [00:21<00:22,  1.18it/s]
 54%|█████▎    | 29/54 [00:22<00:20,  1.21it/s]
 56%|█████▌    | 30/54 [00:23<00:19,  1.25it/s]
 57%|█████▋    | 31/54 [00:23<00:19,  1.21it/s]
 59%|█████▉    | 32/54 [00:25<00:20,  1.09it/s]
 61%|██████    | 33/54 [00:25<00:18,  1.15it/s]
 63%|██████▎   | 34/54 [00:26<00:16,  1.21it/s]
 65%|██████▍   | 35/54 [00:27<00:15,  1.25it/s]
 67%|██████▋   | 36/54 [00:28<00:14,  1.20it/s]
 69%|██████▊   | 37/54 [00:28<00:13,  1.26it/s]
 70%|███████   | 38/54 [00:29<00:13,  1.18it/s]
 72%|███████▏  | 39/54 [00:30<00:12,  1.24it/s]
 74%|███████▍  | 40/54 [00:31<00:10,  1.31it/s]
 76%|███████▌  | 41/54 [00:32<00:10,  1.29it/s]
 78%|███████▊  | 42/54 [00:32<00:09,  1.30it/s]
 80%|███████▉  | 43/54 [00:33<00:08,  1.30it/s]
 81%|████████▏ | 44/54 [00:34<00:07,  1.30it/s]
 83%|████████▎ | 45/54 [00:34<00:06,  1.38it/s]
 85%|████████▌ | 46/54 [00:35<00:05,  1.44it/s]
 87%|████████▋ | 47/54 [00:36<00:04,  1.48it/s]
 89%|████████▉ | 48/54 [00:36<00:04,  1.48it/s]
 91%|█████████ | 49/54 [00:37<00:03,  1.48it/s]
 93%|█████████▎| 50/54 [00:38<00:02,  1.34it/s]
 94%|█████████▍| 51/54 [00:39<00:02,  1.35it/s]
 96%|█████████▋| 52/54 [00:39<00:01,  1.33it/s]
 98%|█████████▊| 53/54 [00:40<00:00,  1.35it/s]
100%|██████████| 54/54 [00:41<00:00,  1.47it/s]
100%|██████████| 54/54 [00:41<00:00,  1.31it/s]
Evaluation for task 6 has started.
['bucket', 'gasmask', 'grey_whale', 'birdhouse', 'pineapple', 'chimpanzee', 'red_fox', 'monarch', 'tiger', 'revolver', 'cheeseburger', 'wine_bottle', 'black_swan', 'sea_lion', 'flute', 'goldfinch', 'Indian_cobra', 'warplane', 'pomegranate', 'pug']

  0%|          | 0/23 [00:00<?, ?it/s]
  4%|▍         | 1/23 [00:01<00:41,  1.89s/it]
  9%|▊         | 2/23 [00:02<00:26,  1.28s/it]
 13%|█▎        | 3/23 [00:03<00:23,  1.18s/it]
 17%|█▋        | 4/23 [00:04<00:21,  1.14s/it]
 22%|██▏       | 5/23 [00:05<00:19,  1.11s/it]
 26%|██▌       | 6/23 [00:06<00:18,  1.09s/it]
 30%|███       | 7/23 [00:08<00:17,  1.08s/it]
 35%|███▍      | 8/23 [00:09<00:16,  1.07s/it]
 39%|███▉      | 9/23 [00:10<00:14,  1.07s/it]
 43%|████▎     | 10/23 [00:11<00:13,  1.07s/it]
 48%|████▊     | 11/23 [00:12<00:12,  1.06s/it]
 52%|█████▏    | 12/23 [00:13<00:11,  1.06s/it]
 57%|█████▋    | 13/23 [00:14<00:10,  1.06s/it]
 61%|██████    | 14/23 [00:15<00:09,  1.06s/it]
 65%|██████▌   | 15/23 [00:16<00:08,  1.06s/it]
 70%|██████▉   | 16/23 [00:17<00:07,  1.06s/it]
 74%|███████▍  | 17/23 [00:18<00:06,  1.06s/it]
 78%|███████▊  | 18/23 [00:19<00:05,  1.06s/it]
 83%|████████▎ | 19/23 [00:20<00:04,  1.06s/it]
 87%|████████▋ | 20/23 [00:21<00:03,  1.06s/it]
 91%|█████████▏| 21/23 [00:22<00:02,  1.06s/it]
 96%|█████████▌| 22/23 [00:23<00:00,  1.10it/s]
100%|██████████| 23/23 [00:25<00:00,  1.31s/it]
100%|██████████| 23/23 [00:25<00:00,  1.12s/it]

  0%|          | 0/64 [00:00<?, ?it/s]
  2%|▏         | 1/64 [00:00<00:46,  1.34it/s]
  3%|▎         | 2/64 [00:01<00:46,  1.34it/s]
  5%|▍         | 3/64 [00:02<00:47,  1.29it/s]
  6%|▋         | 4/64 [00:03<00:47,  1.28it/s]
  8%|▊         | 5/64 [00:03<00:47,  1.24it/s]
  9%|▉         | 6/64 [00:04<00:44,  1.31it/s]
 11%|█         | 7/64 [00:05<00:42,  1.35it/s]
 12%|█▎        | 8/64 [00:05<00:38,  1.44it/s]
 14%|█▍        | 9/64 [00:06<00:37,  1.48it/s]
 16%|█▌        | 10/64 [00:07<00:37,  1.45it/s]
 17%|█▋        | 11/64 [00:08<00:37,  1.40it/s]
 19%|█▉        | 12/64 [00:08<00:36,  1.41it/s]
 20%|██        | 13/64 [00:09<00:38,  1.33it/s]
 22%|██▏       | 14/64 [00:10<00:38,  1.30it/s]
 23%|██▎       | 15/64 [00:11<00:37,  1.29it/s]
 25%|██▌       | 16/64 [00:11<00:36,  1.30it/s]
 27%|██▋       | 17/64 [00:12<00:35,  1.31it/s]
 28%|██▊       | 18/64 [00:13<00:36,  1.27it/s]
 30%|██▉       | 19/64 [00:14<00:40,  1.12it/s]
 31%|███▏      | 20/64 [00:15<00:37,  1.18it/s]
 33%|███▎      | 21/64 [00:16<00:35,  1.22it/s]
 34%|███▍      | 22/64 [00:16<00:33,  1.25it/s]
 36%|███▌      | 23/64 [00:17<00:32,  1.26it/s]
 38%|███▊      | 24/64 [00:18<00:31,  1.26it/s]
 39%|███▉      | 25/64 [00:19<00:32,  1.21it/s]
 41%|████      | 26/64 [00:20<00:30,  1.25it/s]
 42%|████▏     | 27/64 [00:20<00:29,  1.25it/s]
 44%|████▍     | 28/64 [00:21<00:28,  1.27it/s]
 45%|████▌     | 29/64 [00:22<00:27,  1.29it/s]
 47%|████▋     | 30/64 [00:23<00:25,  1.33it/s]
 48%|████▊     | 31/64 [00:23<00:23,  1.40it/s]
 50%|█████     | 32/64 [00:25<00:28,  1.12it/s]
 52%|█████▏    | 33/64 [00:25<00:25,  1.20it/s]
 53%|█████▎    | 34/64 [00:26<00:25,  1.18it/s]
 55%|█████▍    | 35/64 [00:27<00:23,  1.21it/s]
 56%|█████▋    | 36/64 [00:28<00:23,  1.20it/s]
 58%|█████▊    | 37/64 [00:29<00:22,  1.21it/s]
 59%|█████▉    | 38/64 [00:29<00:20,  1.28it/s]
 61%|██████    | 39/64 [00:30<00:18,  1.32it/s]
 62%|██████▎   | 40/64 [00:31<00:17,  1.39it/s]
 64%|██████▍   | 41/64 [00:31<00:16,  1.39it/s]
 66%|██████▌   | 42/64 [00:32<00:16,  1.33it/s]
 67%|██████▋   | 43/64 [00:33<00:15,  1.37it/s]
 69%|██████▉   | 44/64 [00:34<00:15,  1.32it/s]
 70%|███████   | 45/64 [00:34<00:14,  1.30it/s]
 72%|███████▏  | 46/64 [00:35<00:13,  1.32it/s]
 73%|███████▎  | 47/64 [00:36<00:12,  1.37it/s]
 75%|███████▌  | 48/64 [00:37<00:12,  1.31it/s]
 77%|███████▋  | 49/64 [00:38<00:12,  1.20it/s]
 78%|███████▊  | 50/64 [00:38<00:11,  1.21it/s]
 80%|███████▉  | 51/64 [00:39<00:10,  1.27it/s]
 81%|████████▏ | 52/64 [00:40<00:09,  1.31it/s]
 83%|████████▎ | 53/64 [00:41<00:08,  1.33it/s]
 84%|████████▍ | 54/64 [00:41<00:07,  1.34it/s]
 86%|████████▌ | 55/64 [00:42<00:06,  1.30it/s]
 88%|████████▊ | 56/64 [00:43<00:05,  1.34it/s]
 89%|████████▉ | 57/64 [00:44<00:05,  1.33it/s]
 91%|█████████ | 58/64 [00:44<00:04,  1.31it/s]
 92%|█████████▏| 59/64 [00:45<00:03,  1.33it/s]
 94%|█████████▍| 60/64 [00:46<00:03,  1.32it/s]
 95%|█████████▌| 61/64 [00:47<00:02,  1.27it/s]
 97%|█████████▋| 62/64 [00:48<00:01,  1.25it/s]
 98%|█████████▊| 63/64 [00:48<00:00,  1.24it/s]
100%|██████████| 64/64 [00:49<00:00,  1.33it/s]
100%|██████████| 64/64 [00:49<00:00,  1.29it/s]
Evaluation for task 7 has started.
['axolotl', 'flamingo', 'bald_eagle', 'volcano', 'killer_whale', 'sax', 'cockroach', 'snail', 'cheetah', 'beaver', 'violin', 'ice_bear', 'tractor', 'mailbox', 'beagle', 'gazelle', 'goldfish', 'hammerhead', 'lipstick', 'mantis']

  0%|          | 0/26 [00:00<?, ?it/s]
  4%|▍         | 1/26 [00:01<00:42,  1.71s/it]
  8%|▊         | 2/26 [00:02<00:29,  1.21s/it]
 12%|█▏        | 3/26 [00:03<00:26,  1.14s/it]
 15%|█▌        | 4/26 [00:04<00:24,  1.11s/it]
 19%|█▉        | 5/26 [00:05<00:22,  1.09s/it]
 23%|██▎       | 6/26 [00:06<00:21,  1.08s/it]
 27%|██▋       | 7/26 [00:07<00:20,  1.08s/it]
 31%|███       | 8/26 [00:08<00:19,  1.07s/it]
 35%|███▍      | 9/26 [00:10<00:18,  1.07s/it]
 38%|███▊      | 10/26 [00:11<00:17,  1.06s/it]
 42%|████▏     | 11/26 [00:12<00:15,  1.06s/it]
 46%|████▌     | 12/26 [00:13<00:14,  1.06s/it]
 50%|█████     | 13/26 [00:14<00:13,  1.06s/it]
 54%|█████▍    | 14/26 [00:15<00:12,  1.06s/it]
 58%|█████▊    | 15/26 [00:16<00:11,  1.06s/it]
 62%|██████▏   | 16/26 [00:17<00:10,  1.05s/it]
 65%|██████▌   | 17/26 [00:18<00:09,  1.05s/it]
 69%|██████▉   | 18/26 [00:19<00:08,  1.05s/it]
 73%|███████▎  | 19/26 [00:20<00:07,  1.05s/it]
 77%|███████▋  | 20/26 [00:21<00:06,  1.05s/it]
 81%|████████  | 21/26 [00:22<00:05,  1.05s/it]
 85%|████████▍ | 22/26 [00:23<00:04,  1.06s/it]
 88%|████████▊ | 23/26 [00:24<00:03,  1.06s/it]
 92%|█████████▏| 24/26 [00:25<00:02,  1.05s/it]
 96%|█████████▌| 25/26 [00:26<00:00,  1.10it/s]
100%|██████████| 26/26 [00:28<00:00,  1.20s/it]
100%|██████████| 26/26 [00:28<00:00,  1.09s/it]

  0%|          | 0/76 [00:00<?, ?it/s]
  1%|▏         | 1/76 [00:00<01:04,  1.17it/s]
  3%|▎         | 2/76 [00:01<01:05,  1.14it/s]
  4%|▍         | 3/76 [00:02<00:58,  1.24it/s]
  5%|▌         | 4/76 [00:03<01:09,  1.04it/s]
  7%|▋         | 5/76 [00:04<01:14,  1.04s/it]
  8%|▊         | 6/76 [00:05<01:07,  1.04it/s]
  9%|▉         | 7/76 [00:06<01:07,  1.03it/s]
 11%|█         | 8/76 [00:07<01:02,  1.09it/s]
 12%|█▏        | 9/76 [00:08<01:02,  1.08it/s]
 13%|█▎        | 10/76 [00:09<00:55,  1.19it/s]
 14%|█▍        | 11/76 [00:09<00:53,  1.23it/s]
 16%|█▌        | 12/76 [00:10<00:50,  1.26it/s]
 17%|█▋        | 13/76 [00:11<00:49,  1.28it/s]
 18%|█▊        | 14/76 [00:12<00:51,  1.21it/s]
 20%|█▉        | 15/76 [00:13<00:49,  1.23it/s]
 21%|██        | 16/76 [00:13<00:48,  1.24it/s]
 22%|██▏       | 17/76 [00:14<00:47,  1.24it/s]
 24%|██▎       | 18/76 [00:16<00:58,  1.01s/it]
 25%|██▌       | 19/76 [00:16<00:54,  1.05it/s]
 26%|██▋       | 20/76 [00:17<00:50,  1.10it/s]
 28%|██▊       | 21/76 [00:18<00:48,  1.14it/s]
 29%|██▉       | 22/76 [00:19<00:48,  1.10it/s]
 30%|███       | 23/76 [00:20<00:47,  1.11it/s]
 32%|███▏      | 24/76 [00:21<00:46,  1.13it/s]
 33%|███▎      | 25/76 [00:22<00:44,  1.14it/s]
 34%|███▍      | 26/76 [00:23<00:44,  1.13it/s]
 36%|███▌      | 27/76 [00:23<00:42,  1.16it/s]
 37%|███▋      | 28/76 [00:24<00:40,  1.19it/s]
 38%|███▊      | 29/76 [00:25<00:38,  1.21it/s]
 39%|███▉      | 30/76 [00:26<00:36,  1.26it/s]
 41%|████      | 31/76 [00:27<00:38,  1.18it/s]
 42%|████▏     | 32/76 [00:28<00:38,  1.14it/s]
 43%|████▎     | 33/76 [00:28<00:36,  1.19it/s]
 45%|████▍     | 34/76 [00:29<00:34,  1.22it/s]
 46%|████▌     | 35/76 [00:30<00:35,  1.17it/s]
 47%|████▋     | 36/76 [00:31<00:38,  1.05it/s]
 49%|████▊     | 37/76 [00:32<00:36,  1.06it/s]
 50%|█████     | 38/76 [00:33<00:34,  1.12it/s]
 51%|█████▏    | 39/76 [00:34<00:36,  1.02it/s]
 53%|█████▎    | 40/76 [00:35<00:35,  1.00it/s]
 54%|█████▍    | 41/76 [00:36<00:35,  1.03s/it]
 55%|█████▌    | 42/76 [00:37<00:32,  1.04it/s]
 57%|█████▋    | 43/76 [00:38<00:31,  1.06it/s]
 58%|█████▊    | 44/76 [00:39<00:28,  1.11it/s]
 59%|█████▉    | 45/76 [00:40<00:28,  1.10it/s]
 61%|██████    | 46/76 [00:40<00:26,  1.15it/s]
 62%|██████▏   | 47/76 [00:41<00:25,  1.12it/s]
 63%|██████▎   | 48/76 [00:42<00:24,  1.14it/s]
 64%|██████▍   | 49/76 [00:43<00:22,  1.19it/s]
 66%|██████▌   | 50/76 [00:44<00:26,  1.01s/it]
 67%|██████▋   | 51/76 [00:45<00:24,  1.03it/s]
 68%|██████▊   | 52/76 [00:46<00:21,  1.11it/s]
 70%|██████▉   | 53/76 [00:47<00:20,  1.12it/s]
 71%|███████   | 54/76 [00:48<00:19,  1.15it/s]
 72%|███████▏  | 55/76 [00:48<00:17,  1.18it/s]
 74%|███████▎  | 56/76 [00:49<00:17,  1.14it/s]
 75%|███████▌  | 57/76 [00:50<00:16,  1.17it/s]
 76%|███████▋  | 58/76 [00:51<00:15,  1.19it/s]
 78%|███████▊  | 59/76 [00:52<00:14,  1.21it/s]
 79%|███████▉  | 60/76 [00:53<00:12,  1.26it/s]
 80%|████████  | 61/76 [00:53<00:11,  1.31it/s]
 82%|████████▏ | 62/76 [00:54<00:11,  1.22it/s]
 83%|████████▎ | 63/76 [00:55<00:10,  1.29it/s]
 84%|████████▍ | 64/76 [00:56<00:09,  1.29it/s]
 86%|████████▌ | 65/76 [00:56<00:08,  1.32it/s]
 87%|████████▋ | 66/76 [00:57<00:07,  1.31it/s]
 88%|████████▊ | 67/76 [00:58<00:06,  1.29it/s]
 89%|████████▉ | 68/76 [00:59<00:06,  1.28it/s]
 91%|█████████ | 69/76 [00:59<00:05,  1.29it/s]
 92%|█████████▏| 70/76 [01:00<00:04,  1.30it/s]
 93%|█████████▎| 71/76 [01:01<00:03,  1.30it/s]
 95%|█████████▍| 72/76 [01:02<00:03,  1.29it/s]
 96%|█████████▌| 73/76 [01:03<00:02,  1.22it/s]
 97%|█████████▋| 74/76 [01:04<00:01,  1.20it/s]
 99%|█████████▊| 75/76 [01:04<00:00,  1.27it/s]
100%|██████████| 76/76 [01:05<00:00,  1.51it/s]
100%|██████████| 76/76 [01:05<00:00,  1.17it/s]
Evaluation for task 8 has started.
['tabby', 'soccer_ball', 'steam_locomotive', 'barrow', 'barn', 'snow_leopard', 'broom', 'Border_collie', 'wood_rabbit', 'beacon', 'assault_rifle', 'lorikeet', 'head_cabbage', 'standard_poodle', 'timber_wolf', 'hotdog', 'rugby_ball', 'Chihuahua', 'French_bulldog', 'pretzel']

  0%|          | 0/18 [00:00<?, ?it/s]
  6%|▌         | 1/18 [00:01<00:28,  1.68s/it]
 11%|█         | 2/18 [00:02<00:19,  1.20s/it]
 17%|█▋        | 3/18 [00:03<00:16,  1.13s/it]
 22%|██▏       | 4/18 [00:04<00:15,  1.11s/it]
 28%|██▊       | 5/18 [00:05<00:14,  1.09s/it]
 33%|███▎      | 6/18 [00:06<00:12,  1.08s/it]
 39%|███▉      | 7/18 [00:07<00:11,  1.07s/it]
 44%|████▍     | 8/18 [00:08<00:10,  1.07s/it]
 50%|█████     | 9/18 [00:09<00:09,  1.06s/it]
 56%|█████▌    | 10/18 [00:10<00:08,  1.06s/it]
 61%|██████    | 11/18 [00:12<00:07,  1.06s/it]
 67%|██████▋   | 12/18 [00:13<00:06,  1.06s/it]
 72%|███████▏  | 13/18 [00:14<00:05,  1.05s/it]
 78%|███████▊  | 14/18 [00:15<00:04,  1.06s/it]
 83%|████████▎ | 15/18 [00:16<00:03,  1.06s/it]
 89%|████████▉ | 16/18 [00:17<00:02,  1.06s/it]
 94%|█████████▍| 17/18 [00:17<00:00,  1.06it/s]
100%|██████████| 18/18 [00:20<00:00,  1.28s/it]
100%|██████████| 18/18 [00:20<00:00,  1.12s/it]

  0%|          | 0/84 [00:00<?, ?it/s]
  1%|          | 1/84 [00:00<01:03,  1.30it/s]
  2%|▏         | 2/84 [00:01<01:04,  1.27it/s]
  4%|▎         | 3/84 [00:02<01:00,  1.35it/s]
  5%|▍         | 4/84 [00:02<00:58,  1.36it/s]
  6%|▌         | 5/84 [00:03<01:01,  1.29it/s]
  7%|▋         | 6/84 [00:04<01:01,  1.27it/s]
  8%|▊         | 7/84 [00:05<00:59,  1.29it/s]
 10%|▉         | 8/84 [00:06<00:56,  1.36it/s]
 11%|█         | 9/84 [00:06<00:53,  1.39it/s]
 12%|█▏        | 10/84 [00:07<00:55,  1.33it/s]
 13%|█▎        | 11/84 [00:08<00:53,  1.36it/s]
 14%|█▍        | 12/84 [00:09<00:57,  1.25it/s]
 15%|█▌        | 13/84 [00:09<00:55,  1.29it/s]
 17%|█▋        | 14/84 [00:10<00:54,  1.28it/s]
 18%|█▊        | 15/84 [00:11<00:52,  1.32it/s]
 19%|█▉        | 16/84 [00:12<00:56,  1.21it/s]
 20%|██        | 17/84 [00:13<00:56,  1.18it/s]
 21%|██▏       | 18/84 [00:14<00:58,  1.13it/s]
 23%|██▎       | 19/84 [00:15<00:55,  1.16it/s]
 24%|██▍       | 20/84 [00:15<00:55,  1.15it/s]
 25%|██▌       | 21/84 [00:16<00:52,  1.19it/s]
 26%|██▌       | 22/84 [00:17<00:50,  1.22it/s]
 27%|██▋       | 23/84 [00:18<00:49,  1.23it/s]
 29%|██▊       | 24/84 [00:19<00:48,  1.23it/s]
 30%|██▉       | 25/84 [00:19<00:48,  1.23it/s]
 31%|███       | 26/84 [00:20<00:46,  1.25it/s]
 32%|███▏      | 27/84 [00:21<00:45,  1.25it/s]
 33%|███▎      | 28/84 [00:22<00:45,  1.23it/s]
 35%|███▍      | 29/84 [00:23<00:43,  1.26it/s]
 36%|███▌      | 30/84 [00:23<00:43,  1.24it/s]
 37%|███▋      | 31/84 [00:24<00:43,  1.21it/s]
 38%|███▊      | 32/84 [00:25<00:41,  1.24it/s]
 39%|███▉      | 33/84 [00:26<00:40,  1.26it/s]
 40%|████      | 34/84 [00:27<00:39,  1.27it/s]
 42%|████▏     | 35/84 [00:28<00:40,  1.20it/s]
 43%|████▎     | 36/84 [00:28<00:39,  1.23it/s]
 44%|████▍     | 37/84 [00:29<00:40,  1.15it/s]
 45%|████▌     | 38/84 [00:30<00:38,  1.20it/s]
 46%|████▋     | 39/84 [00:31<00:38,  1.18it/s]
 48%|████▊     | 40/84 [00:32<00:36,  1.19it/s]
 49%|████▉     | 41/84 [00:33<00:38,  1.13it/s]
 50%|█████     | 42/84 [00:33<00:35,  1.19it/s]
 51%|█████     | 43/84 [00:34<00:34,  1.17it/s]
 52%|█████▏    | 44/84 [00:35<00:31,  1.26it/s]
 54%|█████▎    | 45/84 [00:36<00:30,  1.27it/s]
 55%|█████▍    | 46/84 [00:37<00:33,  1.14it/s]
 56%|█████▌    | 47/84 [00:38<00:32,  1.15it/s]
 57%|█████▋    | 48/84 [00:39<00:31,  1.15it/s]
 58%|█████▊    | 49/84 [00:39<00:29,  1.18it/s]
 60%|█████▉    | 50/84 [00:40<00:28,  1.20it/s]
 61%|██████    | 51/84 [00:41<00:26,  1.23it/s]
 62%|██████▏   | 52/84 [00:42<00:26,  1.23it/s]
 63%|██████▎   | 53/84 [00:43<00:25,  1.23it/s]
 64%|██████▍   | 54/84 [00:43<00:23,  1.26it/s]
 65%|██████▌   | 55/84 [00:44<00:24,  1.19it/s]
 67%|██████▋   | 56/84 [00:45<00:23,  1.17it/s]
 68%|██████▊   | 57/84 [00:46<00:23,  1.14it/s]
 69%|██████▉   | 58/84 [00:47<00:22,  1.16it/s]
 70%|███████   | 59/84 [00:48<00:21,  1.17it/s]
 71%|███████▏  | 60/84 [00:49<00:19,  1.22it/s]
 73%|███████▎  | 61/84 [00:49<00:18,  1.28it/s]
 74%|███████▍  | 62/84 [00:50<00:17,  1.24it/s]
 75%|███████▌  | 63/84 [00:51<00:17,  1.23it/s]
 76%|███████▌  | 64/84 [00:52<00:16,  1.24it/s]
 77%|███████▋  | 65/84 [00:53<00:15,  1.22it/s]
 79%|███████▊  | 66/84 [00:53<00:14,  1.26it/s]
 80%|███████▉  | 67/84 [00:54<00:13,  1.30it/s]
 81%|████████  | 68/84 [00:55<00:15,  1.05it/s]
 82%|████████▏ | 69/84 [00:56<00:13,  1.13it/s]
 83%|████████▎ | 70/84 [00:57<00:11,  1.20it/s]
 85%|████████▍ | 71/84 [00:58<00:10,  1.24it/s]
 86%|████████▌ | 72/84 [00:58<00:09,  1.27it/s]
 87%|████████▋ | 73/84 [00:59<00:08,  1.26it/s]
 88%|████████▊ | 74/84 [01:00<00:08,  1.16it/s]
 89%|████████▉ | 75/84 [01:01<00:07,  1.21it/s]
 90%|█████████ | 76/84 [01:02<00:06,  1.24it/s]
 92%|█████████▏| 77/84 [01:02<00:05,  1.31it/s]
 93%|█████████▎| 78/84 [01:03<00:04,  1.33it/s]
 94%|█████████▍| 79/84 [01:04<00:03,  1.37it/s]
 95%|█████████▌| 80/84 [01:05<00:03,  1.26it/s]
 96%|█████████▋| 81/84 [01:05<00:02,  1.29it/s]
 98%|█████████▊| 82/84 [01:06<00:01,  1.29it/s]
 99%|█████████▉| 83/84 [01:07<00:00,  1.31it/s]
100%|██████████| 84/84 [01:08<00:00,  1.33it/s]
100%|██████████| 84/84 [01:08<00:00,  1.23it/s]
Evaluation for task 9 has started.
['scorpion', 'ice_cream', 'Pomeranian', 'German_shepherd', 'ostrich', 'boxer', 'cannon', 'common_iguana', 'basketball', 'bow_tie', 'llama', 'tank', 'harmonica', 'pirate', 'skunk', 'cocker_spaniel', 'bee', 'Saint_Bernard', 'missile', 'ballplayer']

  0%|          | 0/20 [00:00<?, ?it/s]
  5%|▌         | 1/20 [00:01<00:33,  1.78s/it]
 10%|█         | 2/20 [00:02<00:22,  1.24s/it]
 15%|█▌        | 3/20 [00:03<00:19,  1.16s/it]
 20%|██        | 4/20 [00:04<00:17,  1.12s/it]
 25%|██▌       | 5/20 [00:05<00:16,  1.10s/it]
 30%|███       | 6/20 [00:06<00:15,  1.08s/it]
 35%|███▌      | 7/20 [00:07<00:13,  1.08s/it]
 40%|████      | 8/20 [00:08<00:12,  1.07s/it]
 45%|████▌     | 9/20 [00:10<00:11,  1.07s/it]
 50%|█████     | 10/20 [00:11<00:10,  1.07s/it]
 55%|█████▌    | 11/20 [00:12<00:09,  1.06s/it]
 60%|██████    | 12/20 [00:13<00:08,  1.06s/it]
 65%|██████▌   | 13/20 [00:14<00:07,  1.06s/it]
 70%|███████   | 14/20 [00:15<00:06,  1.06s/it]
 75%|███████▌  | 15/20 [00:16<00:05,  1.06s/it]
 80%|████████  | 16/20 [00:17<00:04,  1.06s/it]
 85%|████████▌ | 17/20 [00:18<00:03,  1.06s/it]
 90%|█████████ | 18/20 [00:19<00:02,  1.06s/it]
 95%|█████████▌| 19/20 [00:20<00:00,  1.03it/s]
100%|██████████| 20/20 [00:22<00:00,  1.28s/it]
100%|██████████| 20/20 [00:22<00:00,  1.12s/it]

  0%|          | 0/94 [00:00<?, ?it/s]
  1%|          | 1/94 [00:01<01:44,  1.12s/it]
  2%|▏         | 2/94 [00:01<01:22,  1.12it/s]
  3%|▎         | 3/94 [00:02<01:10,  1.30it/s]
  4%|▍         | 4/94 [00:03<01:07,  1.34it/s]
  5%|▌         | 5/94 [00:03<01:05,  1.36it/s]
  6%|▋         | 6/94 [00:04<01:09,  1.26it/s]
  7%|▋         | 7/94 [00:05<01:08,  1.26it/s]
  9%|▊         | 8/94 [00:06<01:10,  1.22it/s]
 10%|▉         | 9/94 [00:07<01:10,  1.20it/s]
 11%|█         | 10/94 [00:08<01:08,  1.23it/s]
 12%|█▏        | 11/94 [00:08<01:06,  1.25it/s]
 13%|█▎        | 12/94 [00:09<01:04,  1.28it/s]
 14%|█▍        | 13/94 [00:10<01:02,  1.30it/s]
 15%|█▍        | 14/94 [00:11<01:01,  1.29it/s]
 16%|█▌        | 15/94 [00:11<01:00,  1.30it/s]
 17%|█▋        | 16/94 [00:12<01:01,  1.28it/s]
 18%|█▊        | 17/94 [00:13<00:59,  1.29it/s]
 19%|█▉        | 18/94 [00:14<00:59,  1.28it/s]
 20%|██        | 19/94 [00:14<00:57,  1.31it/s]
 21%|██▏       | 20/94 [00:15<01:01,  1.20it/s]
 22%|██▏       | 21/94 [00:17<01:06,  1.11it/s]
 23%|██▎       | 22/94 [00:17<01:04,  1.12it/s]
 24%|██▍       | 23/94 [00:18<01:00,  1.17it/s]
 26%|██▌       | 24/94 [00:19<00:58,  1.19it/s]
 27%|██▋       | 25/94 [00:20<00:57,  1.21it/s]
 28%|██▊       | 26/94 [00:21<01:00,  1.12it/s]
 29%|██▊       | 27/94 [00:22<00:59,  1.13it/s]
 30%|██▉       | 28/94 [00:22<00:56,  1.17it/s]
 31%|███       | 29/94 [00:23<00:54,  1.18it/s]
 32%|███▏      | 30/94 [00:24<00:56,  1.13it/s]
 33%|███▎      | 31/94 [00:25<01:01,  1.03it/s]
 34%|███▍      | 32/94 [00:26<00:57,  1.09it/s]
 35%|███▌      | 33/94 [00:27<00:53,  1.13it/s]
 36%|███▌      | 34/94 [00:28<00:50,  1.19it/s]
 37%|███▋      | 35/94 [00:28<00:46,  1.26it/s]
 38%|███▊      | 36/94 [00:29<00:49,  1.17it/s]
 39%|███▉      | 37/94 [00:30<00:48,  1.17it/s]
 40%|████      | 38/94 [00:31<00:48,  1.15it/s]
 41%|████▏     | 39/94 [00:32<00:46,  1.18it/s]
 43%|████▎     | 40/94 [00:33<00:44,  1.21it/s]
 44%|████▎     | 41/94 [00:34<00:44,  1.20it/s]
 45%|████▍     | 42/94 [00:35<00:43,  1.20it/s]
 46%|████▌     | 43/94 [00:35<00:41,  1.22it/s]
 47%|████▋     | 44/94 [00:36<00:41,  1.20it/s]
 48%|████▊     | 45/94 [00:37<00:40,  1.20it/s]
 49%|████▉     | 46/94 [00:38<00:39,  1.22it/s]
 50%|█████     | 47/94 [00:39<00:40,  1.15it/s]
 51%|█████     | 48/94 [00:40<00:39,  1.16it/s]
 52%|█████▏    | 49/94 [00:40<00:38,  1.16it/s]
 53%|█████▎    | 50/94 [00:41<00:36,  1.20it/s]
 54%|█████▍    | 51/94 [00:42<00:35,  1.20it/s]
 55%|█████▌    | 52/94 [00:43<00:35,  1.19it/s]
 56%|█████▋    | 53/94 [00:44<00:35,  1.16it/s]
 57%|█████▋    | 54/94 [00:45<00:33,  1.19it/s]
 59%|█████▊    | 55/94 [00:45<00:31,  1.22it/s]
 60%|█████▉    | 56/94 [00:46<00:31,  1.23it/s]
 61%|██████    | 57/94 [00:47<00:32,  1.14it/s]
 62%|██████▏   | 58/94 [00:48<00:30,  1.17it/s]
 63%|██████▎   | 59/94 [00:49<00:29,  1.19it/s]
 64%|██████▍   | 60/94 [00:50<00:27,  1.22it/s]
 65%|██████▍   | 61/94 [00:50<00:26,  1.25it/s]
 66%|██████▌   | 62/94 [00:51<00:28,  1.14it/s]
 67%|██████▋   | 63/94 [00:52<00:27,  1.14it/s]
 68%|██████▊   | 64/94 [00:53<00:25,  1.18it/s]
 69%|██████▉   | 65/94 [00:54<00:24,  1.16it/s]
 70%|███████   | 66/94 [00:55<00:24,  1.15it/s]
 71%|███████▏  | 67/94 [00:56<00:23,  1.14it/s]
 72%|███████▏  | 68/94 [00:56<00:21,  1.20it/s]
 73%|███████▎  | 69/94 [00:57<00:20,  1.20it/s]
 74%|███████▍  | 70/94 [00:58<00:19,  1.23it/s]
 76%|███████▌  | 71/94 [00:59<00:19,  1.18it/s]
 77%|███████▋  | 72/94 [01:00<00:17,  1.23it/s]
 78%|███████▊  | 73/94 [01:01<00:17,  1.19it/s]
 79%|███████▊  | 74/94 [01:01<00:16,  1.22it/s]
 80%|███████▉  | 75/94 [01:02<00:15,  1.25it/s]
 81%|████████  | 76/94 [01:03<00:14,  1.26it/s]
 82%|████████▏ | 77/94 [01:04<00:13,  1.27it/s]
 83%|████████▎ | 78/94 [01:05<00:12,  1.26it/s]
 84%|████████▍ | 79/94 [01:05<00:11,  1.29it/s]
 85%|████████▌ | 80/94 [01:06<00:10,  1.29it/s]
 86%|████████▌ | 81/94 [01:07<00:09,  1.30it/s]
 87%|████████▋ | 82/94 [01:08<00:09,  1.30it/s]
 88%|████████▊ | 83/94 [01:08<00:08,  1.29it/s]
 89%|████████▉ | 84/94 [01:09<00:07,  1.27it/s]
 90%|█████████ | 85/94 [01:10<00:06,  1.29it/s]
 91%|█████████▏| 86/94 [01:11<00:06,  1.28it/s]
 93%|█████████▎| 87/94 [01:11<00:05,  1.27it/s]
 94%|█████████▎| 88/94 [01:12<00:04,  1.29it/s]
 95%|█████████▍| 89/94 [01:13<00:03,  1.25it/s]
 96%|█████████▌| 90/94 [01:14<00:03,  1.27it/s]
 97%|█████████▋| 91/94 [01:15<00:02,  1.27it/s]
 98%|█████████▊| 92/94 [01:15<00:01,  1.27it/s]
 99%|█████████▉| 93/94 [01:16<00:00,  1.33it/s]
100%|██████████| 94/94 [01:17<00:00,  1.34it/s]
100%|██████████| 94/94 [01:17<00:00,  1.22it/s]

========================================
Finished imagenet_R_init20_inc20
Backbone: OpenAI CLIP
Base Accuracy: 95.51
Last Accuracy: 80.45
Average Accuracy (Top1): 86.5
========================================

<continuum.scenarios.class_incremental.ClassIncremental object at 0x7f10f5473cd0> <continuum.scenarios.class_incremental.ClassIncremental object at 0x7f10f5473cd0>
Evaluation for task 0 has started.
['American_lobster', 'lion', 'centipede', 'vulture', 'dalmatian', 'Weimaraner', 'cellular_telephone', 'collie', 'starfish', 'goose', 'electric_guitar', 'sandal', 'bathtub', 'scuba_diver', 'Scotch_terrier', 'hog', 'American_egret', 'hummingbird', 'meerkat', 'stingray', 'chow', 'carousel', 'banana', 'hermit_crab', 'guillotine', 'ambulance', 'grasshopper', 'zebra', 'strawberry', 'stole', 'caldron', 'space_shuttle', 'bell_pepper', 'tennis_ball', 'submarine', 'fire_engine', 'bison', 'tree_frog', 'beer_glass', 'mushroom']

  0%|          | 0/41 [00:00<?, ?it/s]
  2%|▏         | 1/41 [00:02<01:42,  2.56s/it]
  5%|▍         | 2/41 [00:03<00:56,  1.44s/it]
  7%|▋         | 3/41 [00:04<00:48,  1.27s/it]
 10%|▉         | 4/41 [00:05<00:44,  1.20s/it]
 12%|█▏        | 5/41 [00:06<00:41,  1.15s/it]
 15%|█▍        | 6/41 [00:07<00:39,  1.13s/it]
 17%|█▋        | 7/41 [00:08<00:37,  1.11s/it]
 20%|█▉        | 8/41 [00:09<00:36,  1.10s/it]
 22%|██▏       | 9/41 [00:10<00:34,  1.09s/it]
 24%|██▍       | 10/41 [00:11<00:33,  1.09s/it]
 27%|██▋       | 11/41 [00:12<00:32,  1.09s/it]
 29%|██▉       | 12/41 [00:13<00:31,  1.08s/it]
 32%|███▏      | 13/41 [00:15<00:30,  1.08s/it]
 34%|███▍      | 14/41 [00:16<00:29,  1.08s/it]
 37%|███▋      | 15/41 [00:17<00:28,  1.08s/it]
 39%|███▉      | 16/41 [00:18<00:26,  1.08s/it]
 41%|████▏     | 17/41 [00:19<00:25,  1.08s/it]
 44%|████▍     | 18/41 [00:20<00:24,  1.08s/it]
 46%|████▋     | 19/41 [00:21<00:23,  1.08s/it]
 49%|████▉     | 20/41 [00:22<00:22,  1.08s/it]
 51%|█████     | 21/41 [00:23<00:21,  1.07s/it]
 54%|█████▎    | 22/41 [00:24<00:20,  1.07s/it]
 56%|█████▌    | 23/41 [00:25<00:19,  1.07s/it]
 59%|█████▊    | 24/41 [00:26<00:18,  1.07s/it]
 61%|██████    | 25/41 [00:27<00:17,  1.08s/it]
 63%|██████▎   | 26/41 [00:29<00:16,  1.08s/it]
 66%|██████▌   | 27/41 [00:30<00:15,  1.08s/it]
 68%|██████▊   | 28/41 [00:31<00:13,  1.08s/it]
 71%|███████   | 29/41 [00:32<00:12,  1.08s/it]
 73%|███████▎  | 30/41 [00:33<00:11,  1.08s/it]
 76%|███████▌  | 31/41 [00:34<00:10,  1.08s/it]
 78%|███████▊  | 32/41 [00:35<00:09,  1.08s/it]
 80%|████████  | 33/41 [00:36<00:08,  1.08s/it]
 83%|████████▎ | 34/41 [00:37<00:07,  1.08s/it]
 85%|████████▌ | 35/41 [00:38<00:06,  1.08s/it]
 88%|████████▊ | 36/41 [00:39<00:05,  1.08s/it]
 90%|█████████ | 37/41 [00:40<00:04,  1.08s/it]
 93%|█████████▎| 38/41 [00:41<00:03,  1.08s/it]
 95%|█████████▌| 39/41 [00:43<00:02,  1.08s/it]
 98%|█████████▊| 40/41 [00:43<00:00,  1.08it/s]
100%|██████████| 41/41 [00:45<00:00,  1.24s/it]
100%|██████████| 41/41 [00:45<00:00,  1.11s/it]

  0%|          | 0/20 [00:00<?, ?it/s]
  5%|▌         | 1/20 [00:01<00:24,  1.27s/it]
 10%|█         | 2/20 [00:02<00:18,  1.00s/it]
 15%|█▌        | 3/20 [00:03<00:17,  1.01s/it]
 20%|██        | 4/20 [00:04<00:16,  1.03s/it]
 25%|██▌       | 5/20 [00:05<00:15,  1.01s/it]
 30%|███       | 6/20 [00:05<00:12,  1.11it/s]
 35%|███▌      | 7/20 [00:06<00:11,  1.15it/s]
 40%|████      | 8/20 [00:08<00:13,  1.13s/it]
 45%|████▌     | 9/20 [00:09<00:12,  1.09s/it]
 50%|█████     | 10/20 [00:10<00:10,  1.02s/it]
 55%|█████▌    | 11/20 [00:11<00:09,  1.01s/it]
 60%|██████    | 12/20 [00:11<00:07,  1.10it/s]
 65%|██████▌   | 13/20 [00:13<00:07,  1.00s/it]
 70%|███████   | 14/20 [00:14<00:06,  1.13s/it]
 75%|███████▌  | 15/20 [00:15<00:05,  1.09s/it]
 80%|████████  | 16/20 [00:16<00:03,  1.03it/s]
 85%|████████▌ | 17/20 [00:17<00:02,  1.07it/s]
 90%|█████████ | 18/20 [00:18<00:02,  1.01s/it]
 95%|█████████▌| 19/20 [00:19<00:00,  1.01it/s]
100%|██████████| 20/20 [00:19<00:00,  1.09it/s]
100%|██████████| 20/20 [00:19<00:00,  1.00it/s]
Evaluation for task 1 has started.
['pizza', 'trombone', 'golden_retriever', 'peacock', 'gorilla', 'giant_panda', 'schooner', 'bagel', 'leopard', 'mitten', 'junco', 'Siberian_husky', 'Shih-Tzu', 'toy_poodle', 'African_chameleon', 'porcupine', 'puffer', 'basset', 'Rottweiler', 'burrito', 'drake', 'jeep', 'cucumber', 'spider_web', 'lemon', 'binoculars', 'candle', 'Boston_bull', 'Pembroke', 'Yorkshire_terrier', 'lawn_mower', 'fox_squirrel', 'acorn', 'eel', 'school_bus', 'anemone_fish', 'castle', 'badger', 'pickup', 'baboon']

  0%|          | 0/35 [00:00<?, ?it/s]
  3%|▎         | 1/35 [00:01<00:58,  1.72s/it]
  6%|▌         | 2/35 [00:02<00:40,  1.24s/it]
  9%|▊         | 3/35 [00:03<00:37,  1.17s/it]
 11%|█▏        | 4/35 [00:04<00:35,  1.13s/it]
 14%|█▍        | 5/35 [00:05<00:33,  1.11s/it]
 17%|█▋        | 6/35 [00:06<00:31,  1.10s/it]
 20%|██        | 7/35 [00:08<00:30,  1.10s/it]
 23%|██▎       | 8/35 [00:09<00:29,  1.09s/it]
 26%|██▌       | 9/35 [00:10<00:28,  1.09s/it]
 29%|██▊       | 10/35 [00:11<00:27,  1.09s/it]
 31%|███▏      | 11/35 [00:12<00:26,  1.09s/it]
 34%|███▍      | 12/35 [00:13<00:24,  1.08s/it]
 37%|███▋      | 13/35 [00:14<00:23,  1.08s/it]
 40%|████      | 14/35 [00:15<00:22,  1.08s/it]
 43%|████▎     | 15/35 [00:16<00:21,  1.08s/it]
 46%|████▌     | 16/35 [00:17<00:20,  1.08s/it]
 49%|████▊     | 17/35 [00:18<00:19,  1.08s/it]
 51%|█████▏    | 18/35 [00:19<00:18,  1.08s/it]
 54%|█████▍    | 19/35 [00:20<00:17,  1.08s/it]
 57%|█████▋    | 20/35 [00:22<00:16,  1.08s/it]
 60%|██████    | 21/35 [00:23<00:15,  1.08s/it]
 63%|██████▎   | 22/35 [00:24<00:14,  1.08s/it]
 66%|██████▌   | 23/35 [00:25<00:12,  1.08s/it]
 69%|██████▊   | 24/35 [00:26<00:11,  1.08s/it]
 71%|███████▏  | 25/35 [00:27<00:10,  1.08s/it]
 74%|███████▍  | 26/35 [00:28<00:09,  1.08s/it]
 77%|███████▋  | 27/35 [00:29<00:08,  1.08s/it]
 80%|████████  | 28/35 [00:30<00:07,  1.08s/it]
 83%|████████▎ | 29/35 [00:31<00:06,  1.08s/it]
 86%|████████▌ | 30/35 [00:32<00:05,  1.08s/it]
 89%|████████▊ | 31/35 [00:33<00:04,  1.08s/it]
 91%|█████████▏| 32/35 [00:35<00:03,  1.08s/it]
 94%|█████████▍| 33/35 [00:36<00:02,  1.08s/it]
 97%|█████████▋| 34/35 [00:36<00:00,  1.08it/s]
100%|██████████| 35/35 [00:38<00:00,  1.22s/it]
100%|██████████| 35/35 [00:38<00:00,  1.10s/it]

  0%|          | 0/36 [00:00<?, ?it/s]
  3%|▎         | 1/36 [00:00<00:26,  1.32it/s]
  6%|▌         | 2/36 [00:01<00:25,  1.33it/s]
  8%|▊         | 3/36 [00:02<00:25,  1.30it/s]
 11%|█         | 4/36 [00:03<00:27,  1.16it/s]
 14%|█▍        | 5/36 [00:03<00:24,  1.27it/s]
 17%|█▋        | 6/36 [00:04<00:22,  1.32it/s]
 19%|█▉        | 7/36 [00:05<00:21,  1.36it/s]
 22%|██▏       | 8/36 [00:05<00:19,  1.41it/s]
 25%|██▌       | 9/36 [00:06<00:19,  1.38it/s]
 28%|██▊       | 10/36 [00:07<00:18,  1.41it/s]
 31%|███       | 11/36 [00:08<00:18,  1.36it/s]
 33%|███▎      | 12/36 [00:08<00:17,  1.36it/s]
 36%|███▌      | 13/36 [00:09<00:16,  1.35it/s]
 39%|███▉      | 14/36 [00:10<00:16,  1.37it/s]
 42%|████▏     | 15/36 [00:11<00:15,  1.35it/s]
 44%|████▍     | 16/36 [00:11<00:14,  1.42it/s]
 47%|████▋     | 17/36 [00:12<00:15,  1.26it/s]
 50%|█████     | 18/36 [00:13<00:13,  1.31it/s]
 53%|█████▎    | 19/36 [00:14<00:12,  1.36it/s]
 56%|█████▌    | 20/36 [00:15<00:12,  1.24it/s]
 58%|█████▊    | 21/36 [00:15<00:11,  1.30it/s]
 61%|██████    | 22/36 [00:16<00:10,  1.34it/s]
 64%|██████▍   | 23/36 [00:17<00:10,  1.29it/s]
 67%|██████▋   | 24/36 [00:18<00:09,  1.27it/s]
 69%|██████▉   | 25/36 [00:18<00:08,  1.28it/s]
 72%|███████▏  | 26/36 [00:19<00:07,  1.26it/s]
 75%|███████▌  | 27/36 [00:20<00:07,  1.24it/s]
 78%|███████▊  | 28/36 [00:21<00:06,  1.29it/s]
 81%|████████  | 29/36 [00:21<00:05,  1.36it/s]
 83%|████████▎ | 30/36 [00:22<00:04,  1.38it/s]
 86%|████████▌ | 31/36 [00:23<00:03,  1.42it/s]
 89%|████████▉ | 32/36 [00:23<00:02,  1.43it/s]
 92%|█████████▏| 33/36 [00:24<00:02,  1.44it/s]
 94%|█████████▍| 34/36 [00:25<00:01,  1.44it/s]
 97%|█████████▋| 35/36 [00:26<00:00,  1.42it/s]
100%|██████████| 36/36 [00:26<00:00,  1.57it/s]
100%|██████████| 36/36 [00:26<00:00,  1.35it/s]
Evaluation for task 2 has started.
['pelican', 'hyena', 'ladybug', 'vase', 'Granny_Smith', 'hippopotamus', 'bloodhound', 'fly', 'parachute', 'lab_coat', 'accordion', 'tarantula', 'Labrador_retriever', 'espresso', 'hatchet', 'West_Highland_white_terrier', 'joystick', 'Afghan_hound', 'hammer', 'harp', 'gibbon', 'common_newt', 'toucan', 'backpack', 'shield', 'Italian_greyhound', 'great_white_shark', 'king_penguin', 'cowboy_hat', 'koala', 'broccoli', 'hen', 'dragonfly', 'grand_piano', 'whippet', 'guinea_pig', 'jellyfish', 'ant', 'canoe', 'orangutan']

  0%|          | 0/37 [00:00<?, ?it/s]
  3%|▎         | 1/37 [00:02<01:14,  2.08s/it]
  5%|▌         | 2/37 [00:02<00:48,  1.37s/it]
  8%|▊         | 3/37 [00:04<00:42,  1.24s/it]
 11%|█         | 4/37 [00:05<00:38,  1.18s/it]
 14%|█▎        | 5/37 [00:06<00:36,  1.14s/it]
 16%|█▌        | 6/37 [00:07<00:34,  1.12s/it]
 19%|█▉        | 7/37 [00:08<00:33,  1.11s/it]
 22%|██▏       | 8/37 [00:09<00:31,  1.10s/it]
 24%|██▍       | 9/37 [00:10<00:30,  1.10s/it]
 27%|██▋       | 10/37 [00:11<00:29,  1.09s/it]
 30%|██▉       | 11/37 [00:12<00:28,  1.09s/it]
 32%|███▏      | 12/37 [00:13<00:27,  1.08s/it]
 35%|███▌      | 13/37 [00:14<00:25,  1.08s/it]
 38%|███▊      | 14/37 [00:15<00:24,  1.08s/it]
 41%|████      | 15/37 [00:16<00:23,  1.08s/it]
 43%|████▎     | 16/37 [00:18<00:22,  1.08s/it]
 46%|████▌     | 17/37 [00:19<00:21,  1.08s/it]
 49%|████▊     | 18/37 [00:20<00:20,  1.08s/it]
 51%|█████▏    | 19/37 [00:21<00:19,  1.08s/it]
 54%|█████▍    | 20/37 [00:22<00:18,  1.08s/it]
 57%|█████▋    | 21/37 [00:23<00:17,  1.08s/it]
 59%|█████▉    | 22/37 [00:24<00:16,  1.08s/it]
 62%|██████▏   | 23/37 [00:25<00:15,  1.08s/it]
 65%|██████▍   | 24/37 [00:26<00:13,  1.08s/it]
 68%|██████▊   | 25/37 [00:27<00:12,  1.08s/it]
 70%|███████   | 26/37 [00:28<00:11,  1.08s/it]
 73%|███████▎  | 27/37 [00:29<00:10,  1.08s/it]
 76%|███████▌  | 28/37 [00:30<00:09,  1.08s/it]
 78%|███████▊  | 29/37 [00:32<00:08,  1.08s/it]
 81%|████████  | 30/37 [00:33<00:07,  1.08s/it]
 84%|████████▍ | 31/37 [00:34<00:06,  1.08s/it]
 86%|████████▋ | 32/37 [00:35<00:05,  1.08s/it]
 89%|████████▉ | 33/37 [00:36<00:04,  1.08s/it]
 92%|█████████▏| 34/37 [00:37<00:03,  1.08s/it]
 95%|█████████▍| 35/37 [00:38<00:02,  1.08s/it]
 97%|█████████▋| 36/37 [00:39<00:01,  1.01s/it]
100%|██████████| 37/37 [00:41<00:00,  1.37s/it]
100%|██████████| 37/37 [00:41<00:00,  1.12s/it]

  0%|          | 0/54 [00:00<?, ?it/s]
  2%|▏         | 1/54 [00:01<00:58,  1.11s/it]
  4%|▎         | 2/54 [00:02<00:53,  1.03s/it]
  6%|▌         | 3/54 [00:03<00:54,  1.07s/it]
  7%|▋         | 4/54 [00:04<01:00,  1.22s/it]
  9%|▉         | 5/54 [00:05<00:55,  1.13s/it]
 11%|█         | 6/54 [00:06<00:53,  1.12s/it]
 13%|█▎        | 7/54 [00:07<00:48,  1.04s/it]
 15%|█▍        | 8/54 [00:08<00:43,  1.06it/s]
 17%|█▋        | 9/54 [00:09<00:41,  1.10it/s]
 19%|█▊        | 10/54 [00:09<00:38,  1.13it/s]
 20%|██        | 11/54 [00:11<00:44,  1.04s/it]
 22%|██▏       | 12/54 [00:12<00:49,  1.17s/it]
 24%|██▍       | 13/54 [00:13<00:45,  1.11s/it]
 26%|██▌       | 14/54 [00:15<00:45,  1.13s/it]
 28%|██▊       | 15/54 [00:16<00:46,  1.20s/it]
 30%|██▉       | 16/54 [00:17<00:47,  1.25s/it]
 31%|███▏      | 17/54 [00:19<00:53,  1.43s/it]
 33%|███▎      | 18/54 [00:20<00:51,  1.42s/it]
 35%|███▌      | 19/54 [00:22<00:48,  1.38s/it]
 37%|███▋      | 20/54 [00:23<00:44,  1.31s/it]
 39%|███▉      | 21/54 [00:24<00:45,  1.36s/it]
 41%|████      | 22/54 [00:26<00:48,  1.51s/it]
 43%|████▎     | 23/54 [00:28<00:45,  1.47s/it]
 44%|████▍     | 24/54 [00:29<00:40,  1.36s/it]
 46%|████▋     | 25/54 [00:30<00:36,  1.26s/it]
 48%|████▊     | 26/54 [00:31<00:33,  1.20s/it]
 50%|█████     | 27/54 [00:33<00:39,  1.45s/it]
 52%|█████▏    | 28/54 [00:34<00:36,  1.41s/it]
 54%|█████▎    | 29/54 [00:35<00:32,  1.31s/it]
 56%|█████▌    | 30/54 [00:36<00:29,  1.22s/it]
 57%|█████▋    | 31/54 [00:38<00:28,  1.22s/it]
 59%|█████▉    | 32/54 [00:39<00:26,  1.21s/it]
 61%|██████    | 33/54 [00:40<00:24,  1.18s/it]
 63%|██████▎   | 34/54 [00:41<00:22,  1.12s/it]
 65%|██████▍   | 35/54 [00:42<00:20,  1.10s/it]
 67%|██████▋   | 36/54 [00:43<00:19,  1.11s/it]
 69%|██████▊   | 37/54 [00:44<00:17,  1.06s/it]
 70%|███████   | 38/54 [00:45<00:16,  1.05s/it]
 72%|███████▏  | 39/54 [00:46<00:18,  1.20s/it]
 74%|███████▍  | 40/54 [00:47<00:14,  1.07s/it]
 76%|███████▌  | 41/54 [00:48<00:13,  1.05s/it]
 78%|███████▊  | 42/54 [00:50<00:13,  1.12s/it]
 80%|███████▉  | 43/54 [00:50<00:11,  1.07s/it]
 81%|████████▏ | 44/54 [00:51<00:10,  1.02s/it]
 83%|████████▎ | 45/54 [00:52<00:08,  1.06it/s]
 85%|████████▌ | 46/54 [00:53<00:07,  1.08it/s]
 87%|████████▋ | 47/54 [00:54<00:06,  1.12it/s]
 89%|████████▉ | 48/54 [00:55<00:05,  1.18it/s]
 91%|█████████ | 49/54 [00:55<00:04,  1.22it/s]
 93%|█████████▎| 50/54 [00:56<00:03,  1.27it/s]
 94%|█████████▍| 51/54 [00:57<00:02,  1.33it/s]
 96%|█████████▋| 52/54 [00:58<00:01,  1.22it/s]
 98%|█████████▊| 53/54 [00:58<00:00,  1.23it/s]
100%|██████████| 54/54 [00:59<00:00,  1.19it/s]
100%|██████████| 54/54 [00:59<00:00,  1.11s/it]
Evaluation for task 3 has started.
['bucket', 'gasmask', 'grey_whale', 'birdhouse', 'pineapple', 'chimpanzee', 'red_fox', 'monarch', 'tiger', 'revolver', 'cheeseburger', 'wine_bottle', 'black_swan', 'sea_lion', 'flute', 'goldfinch', 'Indian_cobra', 'warplane', 'pomegranate', 'pug', 'axolotl', 'flamingo', 'bald_eagle', 'volcano', 'killer_whale', 'sax', 'cockroach', 'snail', 'cheetah', 'beaver', 'violin', 'ice_bear', 'tractor', 'mailbox', 'beagle', 'gazelle', 'goldfish', 'hammerhead', 'lipstick', 'mantis']

  0%|          | 0/47 [00:00<?, ?it/s]
  2%|▏         | 1/47 [00:01<01:17,  1.68s/it]
  4%|▍         | 2/47 [00:02<00:54,  1.21s/it]
  6%|▋         | 3/47 [00:03<00:50,  1.15s/it]
  9%|▊         | 4/47 [00:04<00:48,  1.13s/it]
 11%|█         | 5/47 [00:05<00:46,  1.11s/it]
 13%|█▎        | 6/47 [00:06<00:45,  1.11s/it]
 15%|█▍        | 7/47 [00:08<00:44,  1.10s/it]
 17%|█▋        | 8/47 [00:09<00:42,  1.09s/it]
 19%|█▉        | 9/47 [00:10<00:41,  1.10s/it]
 21%|██▏       | 10/47 [00:11<00:40,  1.09s/it]
 23%|██▎       | 11/47 [00:12<00:39,  1.09s/it]
 26%|██▌       | 12/47 [00:13<00:38,  1.09s/it]
 28%|██▊       | 13/47 [00:14<00:36,  1.09s/it]
 30%|██▉       | 14/47 [00:15<00:35,  1.09s/it]
 32%|███▏      | 15/47 [00:16<00:34,  1.09s/it]
 34%|███▍      | 16/47 [00:17<00:33,  1.09s/it]
 36%|███▌      | 17/47 [00:18<00:32,  1.09s/it]
 38%|███▊      | 18/47 [00:19<00:31,  1.09s/it]
 40%|████      | 19/47 [00:21<00:30,  1.09s/it]
 43%|████▎     | 20/47 [00:22<00:29,  1.09s/it]
 45%|████▍     | 21/47 [00:23<00:28,  1.09s/it]
 47%|████▋     | 22/47 [00:24<00:27,  1.09s/it]
 49%|████▉     | 23/47 [00:25<00:26,  1.09s/it]
 51%|█████     | 24/47 [00:26<00:25,  1.09s/it]
 53%|█████▎    | 25/47 [00:27<00:23,  1.09s/it]
 55%|█████▌    | 26/47 [00:28<00:22,  1.09s/it]
 57%|█████▋    | 27/47 [00:29<00:21,  1.09s/it]
 60%|█████▉    | 28/47 [00:30<00:20,  1.09s/it]
 62%|██████▏   | 29/47 [00:31<00:19,  1.09s/it]
 64%|██████▍   | 30/47 [00:33<00:18,  1.09s/it]
 66%|██████▌   | 31/47 [00:34<00:17,  1.09s/it]
 68%|██████▊   | 32/47 [00:35<00:16,  1.08s/it]
 70%|███████   | 33/47 [00:36<00:15,  1.08s/it]
 72%|███████▏  | 34/47 [00:37<00:14,  1.09s/it]
 74%|███████▍  | 35/47 [00:38<00:13,  1.09s/it]
 77%|███████▋  | 36/47 [00:39<00:11,  1.08s/it]
 79%|███████▊  | 37/47 [00:40<00:10,  1.08s/it]
 81%|████████  | 38/47 [00:41<00:09,  1.08s/it]
 83%|████████▎ | 39/47 [00:42<00:08,  1.08s/it]
 85%|████████▌ | 40/47 [00:43<00:07,  1.09s/it]
 87%|████████▋ | 41/47 [00:44<00:06,  1.09s/it]
 89%|████████▉ | 42/47 [00:46<00:05,  1.09s/it]
 91%|█████████▏| 43/47 [00:47<00:04,  1.09s/it]
 94%|█████████▎| 44/47 [00:48<00:03,  1.09s/it]
 96%|█████████▌| 45/47 [00:49<00:02,  1.08s/it]
 98%|█████████▊| 46/47 [00:49<00:00,  1.06it/s]
100%|██████████| 47/47 [00:51<00:00,  1.27s/it]
100%|██████████| 47/47 [00:51<00:00,  1.10s/it]

  0%|          | 0/76 [00:00<?, ?it/s]
  1%|▏         | 1/76 [00:00<00:50,  1.47it/s]
  3%|▎         | 2/76 [00:01<00:49,  1.48it/s]
  4%|▍         | 3/76 [00:01<00:47,  1.55it/s]
  5%|▌         | 4/76 [00:02<00:47,  1.52it/s]
  7%|▋         | 5/76 [00:03<00:49,  1.44it/s]
  8%|▊         | 6/76 [00:04<00:48,  1.45it/s]
  9%|▉         | 7/76 [00:04<00:50,  1.36it/s]
 11%|█         | 8/76 [00:05<00:49,  1.38it/s]
 12%|█▏        | 9/76 [00:06<00:50,  1.33it/s]
 13%|█▎        | 10/76 [00:07<00:46,  1.41it/s]
 14%|█▍        | 11/76 [00:07<00:45,  1.44it/s]
 16%|█▌        | 12/76 [00:08<00:43,  1.47it/s]
 17%|█▋        | 13/76 [00:08<00:42,  1.49it/s]
 18%|█▊        | 14/76 [00:09<00:41,  1.48it/s]
 20%|█▉        | 15/76 [00:10<00:40,  1.51it/s]
 21%|██        | 16/76 [00:11<00:42,  1.40it/s]
 22%|██▏       | 17/76 [00:12<00:48,  1.22it/s]
 24%|██▎       | 18/76 [00:13<00:48,  1.19it/s]
 25%|██▌       | 19/76 [00:13<00:47,  1.20it/s]
 26%|██▋       | 20/76 [00:14<00:45,  1.23it/s]
 28%|██▊       | 21/76 [00:15<00:47,  1.15it/s]
 29%|██▉       | 22/76 [00:16<00:51,  1.04it/s]
 30%|███       | 23/76 [00:17<00:53,  1.01s/it]
 32%|███▏      | 24/76 [00:19<01:05,  1.25s/it]
 33%|███▎      | 25/76 [00:20<01:00,  1.18s/it]
 34%|███▍      | 26/76 [00:21<00:58,  1.18s/it]
 36%|███▌      | 27/76 [00:22<00:54,  1.10s/it]
 37%|███▋      | 28/76 [00:23<00:49,  1.03s/it]
 38%|███▊      | 29/76 [00:24<00:45,  1.02it/s]
 39%|███▉      | 30/76 [00:26<01:01,  1.33s/it]
 41%|████      | 31/76 [00:27<00:54,  1.21s/it]
 42%|████▏     | 32/76 [00:28<00:50,  1.15s/it]
 43%|████▎     | 33/76 [00:29<00:44,  1.04s/it]
 45%|████▍     | 34/76 [00:30<00:45,  1.09s/it]
 46%|████▌     | 35/76 [00:31<00:46,  1.13s/it]
 47%|████▋     | 36/76 [00:32<00:42,  1.06s/it]
 49%|████▊     | 37/76 [00:34<00:51,  1.31s/it]
 50%|█████     | 38/76 [00:35<00:43,  1.14s/it]
 51%|█████▏    | 39/76 [00:36<00:39,  1.08s/it]
 53%|█████▎    | 40/76 [00:37<00:39,  1.11s/it]
 54%|█████▍    | 41/76 [00:38<00:37,  1.07s/it]
 55%|█████▌    | 42/76 [00:39<00:36,  1.08s/it]
 57%|█████▋    | 43/76 [00:41<00:41,  1.27s/it]
 58%|█████▊    | 44/76 [00:42<00:37,  1.18s/it]
 59%|█████▉    | 45/76 [00:43<00:36,  1.18s/it]
 61%|██████    | 46/76 [00:44<00:32,  1.09s/it]
 62%|██████▏   | 47/76 [00:45<00:35,  1.21s/it]
 63%|██████▎   | 48/76 [00:46<00:31,  1.13s/it]
 64%|██████▍   | 49/76 [00:47<00:27,  1.03s/it]
 66%|██████▌   | 50/76 [00:48<00:27,  1.04s/it]
 67%|██████▋   | 51/76 [00:49<00:24,  1.02it/s]
 68%|██████▊   | 52/76 [00:50<00:26,  1.09s/it]
 70%|██████▉   | 53/76 [00:51<00:24,  1.08s/it]
 71%|███████   | 54/76 [00:52<00:21,  1.01it/s]
 72%|███████▏  | 55/76 [00:53<00:20,  1.01it/s]
 74%|███████▎  | 56/76 [00:55<00:22,  1.11s/it]
 75%|███████▌  | 57/76 [00:56<00:20,  1.10s/it]
 76%|███████▋  | 58/76 [00:57<00:19,  1.11s/it]
 78%|███████▊  | 59/76 [00:58<00:18,  1.11s/it]
 79%|███████▉  | 60/76 [00:59<00:16,  1.05s/it]
 80%|████████  | 61/76 [01:00<00:15,  1.02s/it]
 82%|████████▏ | 62/76 [01:01<00:16,  1.16s/it]
 83%|████████▎ | 63/76 [01:02<00:13,  1.05s/it]
 84%|████████▍ | 64/76 [01:03<00:12,  1.03s/it]
 86%|████████▌ | 65/76 [01:04<00:11,  1.01s/it]
 87%|████████▋ | 66/76 [01:06<00:12,  1.26s/it]
 88%|████████▊ | 67/76 [01:07<00:10,  1.15s/it]
 89%|████████▉ | 68/76 [01:08<00:08,  1.06s/it]
 91%|█████████ | 69/76 [01:08<00:06,  1.00it/s]
 92%|█████████▏| 70/76 [01:10<00:06,  1.02s/it]
 93%|█████████▎| 71/76 [01:11<00:05,  1.06s/it]
 95%|█████████▍| 72/76 [01:12<00:04,  1.01s/it]
 96%|█████████▌| 73/76 [01:13<00:03,  1.25s/it]
 97%|█████████▋| 74/76 [01:14<00:02,  1.12s/it]
 99%|█████████▊| 75/76 [01:15<00:01,  1.16s/it]
100%|██████████| 76/76 [01:16<00:00,  1.04it/s]
100%|██████████| 76/76 [01:16<00:00,  1.01s/it]
Evaluation for task 4 has started.
['tabby', 'soccer_ball', 'steam_locomotive', 'barrow', 'barn', 'snow_leopard', 'broom', 'Border_collie', 'wood_rabbit', 'beacon', 'assault_rifle', 'lorikeet', 'head_cabbage', 'standard_poodle', 'timber_wolf', 'hotdog', 'rugby_ball', 'Chihuahua', 'French_bulldog', 'pretzel', 'scorpion', 'ice_cream', 'Pomeranian', 'German_shepherd', 'ostrich', 'boxer', 'cannon', 'common_iguana', 'basketball', 'bow_tie', 'llama', 'tank', 'harmonica', 'pirate', 'skunk', 'cocker_spaniel', 'bee', 'Saint_Bernard', 'missile', 'ballplayer']

  0%|          | 0/36 [00:00<?, ?it/s]
  3%|▎         | 1/36 [00:01<01:05,  1.88s/it]
  6%|▌         | 2/36 [00:02<00:43,  1.29s/it]
  8%|▊         | 3/36 [00:03<00:39,  1.20s/it]
 11%|█         | 4/36 [00:04<00:36,  1.15s/it]
 14%|█▍        | 5/36 [00:06<00:34,  1.13s/it]
 17%|█▋        | 6/36 [00:07<00:33,  1.11s/it]
 19%|█▉        | 7/36 [00:08<00:31,  1.10s/it]
 22%|██▏       | 8/36 [00:09<00:30,  1.09s/it]
 25%|██▌       | 9/36 [00:10<00:29,  1.09s/it]
 28%|██▊       | 10/36 [00:11<00:28,  1.09s/it]
 31%|███       | 11/36 [00:12<00:27,  1.09s/it]
 33%|███▎      | 12/36 [00:13<00:26,  1.09s/it]
 36%|███▌      | 13/36 [00:14<00:24,  1.08s/it]
 39%|███▉      | 14/36 [00:15<00:23,  1.08s/it]
 42%|████▏     | 15/36 [00:16<00:22,  1.08s/it]
 44%|████▍     | 16/36 [00:17<00:21,  1.08s/it]
 47%|████▋     | 17/36 [00:18<00:20,  1.08s/it]
 50%|█████     | 18/36 [00:20<00:19,  1.08s/it]
 53%|█████▎    | 19/36 [00:21<00:18,  1.08s/it]
 56%|█████▌    | 20/36 [00:22<00:17,  1.08s/it]
 58%|█████▊    | 21/36 [00:23<00:16,  1.08s/it]
 61%|██████    | 22/36 [00:24<00:15,  1.08s/it]
 64%|██████▍   | 23/36 [00:25<00:14,  1.08s/it]
 67%|██████▋   | 24/36 [00:26<00:12,  1.08s/it]
 69%|██████▉   | 25/36 [00:27<00:11,  1.08s/it]
 72%|███████▏  | 26/36 [00:28<00:10,  1.08s/it]
 75%|███████▌  | 27/36 [00:29<00:09,  1.08s/it]
 78%|███████▊  | 28/36 [00:30<00:08,  1.08s/it]
 81%|████████  | 29/36 [00:31<00:07,  1.08s/it]
 83%|████████▎ | 30/36 [00:33<00:06,  1.08s/it]
 86%|████████▌ | 31/36 [00:34<00:05,  1.08s/it]
 89%|████████▉ | 32/36 [00:35<00:04,  1.08s/it]
 92%|█████████▏| 33/36 [00:36<00:03,  1.08s/it]
 94%|█████████▍| 34/36 [00:37<00:02,  1.08s/it]
 97%|█████████▋| 35/36 [00:38<00:01,  1.04s/it]
100%|██████████| 36/36 [00:40<00:00,  1.30s/it]
100%|██████████| 36/36 [00:40<00:00,  1.12s/it]

  0%|          | 0/94 [00:00<?, ?it/s]
  1%|          | 1/94 [00:00<01:16,  1.22it/s]
  2%|▏         | 2/94 [00:01<01:14,  1.24it/s]
  3%|▎         | 3/94 [00:02<01:06,  1.37it/s]
  4%|▍         | 4/94 [00:02<01:04,  1.40it/s]
  5%|▌         | 5/94 [00:03<01:02,  1.43it/s]
  6%|▋         | 6/94 [00:04<01:04,  1.37it/s]
  7%|▋         | 7/94 [00:05<01:02,  1.40it/s]
  9%|▊         | 8/94 [00:06<01:07,  1.27it/s]
 10%|▉         | 9/94 [00:06<01:08,  1.24it/s]
 11%|█         | 10/94 [00:07<01:06,  1.27it/s]
 12%|█▏        | 11/94 [00:08<01:03,  1.31it/s]
 13%|█▎        | 12/94 [00:09<01:01,  1.32it/s]
 14%|█▍        | 13/94 [00:09<01:00,  1.34it/s]
 15%|█▍        | 14/94 [00:10<01:01,  1.30it/s]
 16%|█▌        | 15/94 [00:11<00:59,  1.32it/s]
 17%|█▋        | 16/94 [00:12<01:00,  1.29it/s]
 18%|█▊        | 17/94 [00:12<00:59,  1.30it/s]
 19%|█▉        | 18/94 [00:13<00:58,  1.30it/s]
 20%|██        | 19/94 [00:14<00:58,  1.29it/s]
 21%|██▏       | 20/94 [00:15<01:02,  1.18it/s]
 22%|██▏       | 21/94 [00:16<00:59,  1.22it/s]
 23%|██▎       | 22/94 [00:17<00:58,  1.23it/s]
 24%|██▍       | 23/94 [00:17<00:56,  1.26it/s]
 26%|██▌       | 24/94 [00:18<00:55,  1.25it/s]
 27%|██▋       | 25/94 [00:19<00:55,  1.25it/s]
 28%|██▊       | 26/94 [00:20<00:54,  1.24it/s]
 29%|██▊       | 27/94 [00:21<00:53,  1.25it/s]
 30%|██▉       | 28/94 [00:21<00:50,  1.30it/s]
 31%|███       | 29/94 [00:22<00:52,  1.23it/s]
 32%|███▏      | 30/94 [00:23<00:52,  1.22it/s]
 33%|███▎      | 31/94 [00:24<00:51,  1.23it/s]
 34%|███▍      | 32/94 [00:25<00:52,  1.19it/s]
 35%|███▌      | 33/94 [00:25<00:50,  1.20it/s]
 36%|███▌      | 34/94 [00:26<00:50,  1.19it/s]
 37%|███▋      | 35/94 [00:27<00:48,  1.23it/s]
 38%|███▊      | 36/94 [00:28<00:45,  1.27it/s]
 39%|███▉      | 37/94 [00:29<00:45,  1.26it/s]
 40%|████      | 38/94 [00:30<00:49,  1.13it/s]
 41%|████▏     | 39/94 [00:31<00:56,  1.03s/it]
 43%|████▎     | 40/94 [00:32<00:51,  1.05it/s]
 44%|████▎     | 41/94 [00:33<00:47,  1.11it/s]
 45%|████▍     | 42/94 [00:33<00:45,  1.14it/s]
 46%|████▌     | 43/94 [00:34<00:43,  1.18it/s]
 47%|████▋     | 44/94 [00:35<00:42,  1.17it/s]
 48%|████▊     | 45/94 [00:36<00:41,  1.19it/s]
 49%|████▉     | 46/94 [00:37<00:40,  1.17it/s]
 50%|█████     | 47/94 [00:38<00:41,  1.12it/s]
 51%|█████     | 48/94 [00:39<00:39,  1.15it/s]
 52%|█████▏    | 49/94 [00:39<00:38,  1.16it/s]
 53%|█████▎    | 50/94 [00:40<00:38,  1.16it/s]
 54%|█████▍    | 51/94 [00:41<00:35,  1.22it/s]
 55%|█████▌    | 52/94 [00:42<00:33,  1.24it/s]
 56%|█████▋    | 53/94 [00:43<00:33,  1.23it/s]
 57%|█████▋    | 54/94 [00:43<00:31,  1.27it/s]
 59%|█████▊    | 55/94 [00:44<00:30,  1.27it/s]
 60%|█████▉    | 56/94 [00:45<00:31,  1.19it/s]
 61%|██████    | 57/94 [00:46<00:29,  1.27it/s]
 62%|██████▏   | 58/94 [00:47<00:27,  1.30it/s]
 63%|██████▎   | 59/94 [00:47<00:26,  1.33it/s]
 64%|██████▍   | 60/94 [00:48<00:26,  1.29it/s]
 65%|██████▍   | 61/94 [00:49<00:26,  1.25it/s]
 66%|██████▌   | 62/94 [00:50<00:30,  1.07it/s]
 67%|██████▋   | 63/94 [00:51<00:30,  1.02it/s]
 68%|██████▊   | 64/94 [00:53<00:34,  1.14s/it]
 69%|██████▉   | 65/94 [00:54<00:30,  1.07s/it]
 70%|███████   | 66/94 [00:55<00:30,  1.10s/it]
 71%|███████▏  | 67/94 [00:56<00:28,  1.05s/it]
 72%|███████▏  | 68/94 [00:57<00:27,  1.05s/it]
 73%|███████▎  | 69/94 [00:58<00:26,  1.08s/it]
 74%|███████▍  | 70/94 [00:59<00:25,  1.06s/it]
 76%|███████▌  | 71/94 [01:01<00:27,  1.21s/it]
 77%|███████▋  | 72/94 [01:01<00:22,  1.04s/it]
 78%|███████▊  | 73/94 [01:02<00:22,  1.06s/it]
 79%|███████▊  | 74/94 [01:04<00:23,  1.20s/it]
 80%|███████▉  | 75/94 [01:05<00:22,  1.19s/it]
 81%|████████  | 76/94 [01:06<00:23,  1.28s/it]
 82%|████████▏ | 77/94 [01:07<00:20,  1.19s/it]
 83%|████████▎ | 78/94 [01:08<00:16,  1.03s/it]
 84%|████████▍ | 79/94 [01:09<00:14,  1.03it/s]
 85%|████████▌ | 80/94 [01:10<00:13,  1.01it/s]
 86%|████████▌ | 81/94 [01:12<00:17,  1.38s/it]
 87%|████████▋ | 82/94 [01:13<00:15,  1.32s/it]
 88%|████████▊ | 83/94 [01:14<00:13,  1.19s/it]
 89%|████████▉ | 84/94 [01:16<00:12,  1.23s/it]
 90%|█████████ | 85/94 [01:16<00:10,  1.11s/it]
 91%|█████████▏| 86/94 [01:18<00:09,  1.19s/it]
 93%|█████████▎| 87/94 [01:20<00:09,  1.38s/it]
 94%|█████████▎| 88/94 [01:21<00:08,  1.35s/it]
 95%|█████████▍| 89/94 [01:22<00:06,  1.25s/it]
 96%|█████████▌| 90/94 [01:23<00:04,  1.21s/it]
 97%|█████████▋| 91/94 [01:25<00:03,  1.29s/it]
 98%|█████████▊| 92/94 [01:26<00:02,  1.30s/it]
 99%|█████████▉| 93/94 [01:28<00:01,  1.46s/it]
100%|██████████| 94/94 [01:29<00:00,  1.39s/it]
100%|██████████| 94/94 [01:29<00:00,  1.05it/s]

========================================
Finished imagenet_R_init40_inc40
Backbone: OpenAI CLIP
Base Accuracy: 93.83
Last Accuracy: 81.28
Average Accuracy (Top1): 86.57
========================================

<continuum.scenarios.class_incremental.ClassIncremental object at 0x7fc5d0313ee0> <continuum.scenarios.class_incremental.ClassIncremental object at 0x7fc5d0313ee0>
Evaluation for task 0 has started.
['American_lobster', 'lion', 'centipede', 'vulture', 'dalmatian', 'Weimaraner', 'cellular_telephone', 'collie', 'starfish', 'goose', 'electric_guitar', 'sandal', 'bathtub', 'scuba_diver', 'Scotch_terrier', 'hog', 'American_egret', 'hummingbird', 'meerkat', 'stingray', 'chow', 'carousel', 'banana', 'hermit_crab', 'guillotine', 'ambulance', 'grasshopper', 'zebra', 'strawberry', 'stole', 'caldron', 'space_shuttle', 'bell_pepper', 'tennis_ball', 'submarine', 'fire_engine', 'bison', 'tree_frog', 'beer_glass', 'mushroom', 'pizza', 'trombone', 'golden_retriever', 'peacock', 'gorilla', 'giant_panda', 'schooner', 'bagel', 'leopard', 'mitten', 'junco', 'Siberian_husky', 'Shih-Tzu', 'toy_poodle', 'African_chameleon', 'porcupine', 'puffer', 'basset', 'Rottweiler', 'burrito', 'drake', 'jeep', 'cucumber', 'spider_web', 'lemon', 'binoculars', 'candle', 'Boston_bull', 'Pembroke', 'Yorkshire_terrier', 'lawn_mower', 'fox_squirrel', 'acorn', 'eel', 'school_bus', 'anemone_fish', 'castle', 'badger', 'pickup', 'baboon', 'pelican', 'hyena', 'ladybug', 'vase', 'Granny_Smith', 'hippopotamus', 'bloodhound', 'fly', 'parachute', 'lab_coat', 'accordion', 'tarantula', 'Labrador_retriever', 'espresso', 'hatchet', 'West_Highland_white_terrier', 'joystick', 'Afghan_hound', 'hammer', 'harp']

  0%|          | 0/88 [00:00<?, ?it/s]
  1%|          | 1/88 [00:02<03:52,  2.67s/it]
  2%|▏         | 2/88 [00:03<02:12,  1.54s/it]
  3%|▎         | 3/88 [00:04<01:56,  1.37s/it]
  5%|▍         | 4/88 [00:05<01:48,  1.29s/it]
  6%|▌         | 5/88 [00:06<01:43,  1.25s/it]
  7%|▋         | 6/88 [00:08<01:39,  1.22s/it]
  8%|▊         | 7/88 [00:09<01:37,  1.20s/it]
  9%|▉         | 8/88 [00:10<01:35,  1.19s/it]
 10%|█         | 9/88 [00:11<01:33,  1.18s/it]
 11%|█▏        | 10/88 [00:12<01:32,  1.18s/it]
 12%|█▎        | 11/88 [00:13<01:30,  1.18s/it]
 14%|█▎        | 12/88 [00:15<01:29,  1.18s/it]
 15%|█▍        | 13/88 [00:16<01:28,  1.18s/it]
 16%|█▌        | 14/88 [00:17<01:26,  1.18s/it]
 17%|█▋        | 15/88 [00:18<01:25,  1.17s/it]
 18%|█▊        | 16/88 [00:19<01:24,  1.17s/it]
 19%|█▉        | 17/88 [00:20<01:23,  1.17s/it]
 20%|██        | 18/88 [00:22<01:21,  1.17s/it]
 22%|██▏       | 19/88 [00:23<01:20,  1.17s/it]
 23%|██▎       | 20/88 [00:24<01:19,  1.17s/it]
 24%|██▍       | 21/88 [00:25<01:18,  1.17s/it]
 25%|██▌       | 22/88 [00:26<01:17,  1.17s/it]
 26%|██▌       | 23/88 [00:27<01:15,  1.17s/it]
 27%|██▋       | 24/88 [00:29<01:14,  1.17s/it]
 28%|██▊       | 25/88 [00:30<01:13,  1.17s/it]
 30%|██▉       | 26/88 [00:31<01:12,  1.17s/it]
 31%|███       | 27/88 [00:32<01:11,  1.17s/it]
 32%|███▏      | 28/88 [00:33<01:10,  1.17s/it]
 33%|███▎      | 29/88 [00:34<01:08,  1.17s/it]
 34%|███▍      | 30/88 [00:36<01:07,  1.16s/it]
 35%|███▌      | 31/88 [00:37<01:06,  1.16s/it]
 36%|███▋      | 32/88 [00:38<01:05,  1.17s/it]
 38%|███▊      | 33/88 [00:39<01:04,  1.17s/it]
 39%|███▊      | 34/88 [00:40<01:03,  1.17s/it]
 40%|███▉      | 35/88 [00:41<01:01,  1.17s/it]
 41%|████      | 36/88 [00:43<01:00,  1.17s/it]
 42%|████▏     | 37/88 [00:44<00:59,  1.16s/it]
 43%|████▎     | 38/88 [00:45<00:58,  1.17s/it]
 44%|████▍     | 39/88 [00:46<00:57,  1.17s/it]
 45%|████▌     | 40/88 [00:47<00:56,  1.17s/it]
 47%|████▋     | 41/88 [00:48<00:55,  1.17s/it]
 48%|████▊     | 42/88 [00:50<00:53,  1.17s/it]
 49%|████▉     | 43/88 [00:51<00:52,  1.17s/it]
 50%|█████     | 44/88 [00:52<00:51,  1.17s/it]
 51%|█████     | 45/88 [00:53<00:50,  1.17s/it]
 52%|█████▏    | 46/88 [00:54<00:49,  1.17s/it]
 53%|█████▎    | 47/88 [00:55<00:47,  1.17s/it]
 55%|█████▍    | 48/88 [00:57<00:46,  1.17s/it]
 56%|█████▌    | 49/88 [00:58<00:45,  1.17s/it]
 57%|█████▋    | 50/88 [00:59<00:44,  1.17s/it]
 58%|█████▊    | 51/88 [01:00<00:43,  1.17s/it]
 59%|█████▉    | 52/88 [01:01<00:42,  1.17s/it]
 60%|██████    | 53/88 [01:02<00:40,  1.17s/it]
 61%|██████▏   | 54/88 [01:04<00:39,  1.17s/it]
 62%|██████▎   | 55/88 [01:05<00:38,  1.17s/it]
 64%|██████▎   | 56/88 [01:06<00:37,  1.17s/it]
 65%|██████▍   | 57/88 [01:07<00:36,  1.17s/it]
 66%|██████▌   | 58/88 [01:08<00:35,  1.17s/it]
 67%|██████▋   | 59/88 [01:09<00:33,  1.17s/it]
 68%|██████▊   | 60/88 [01:11<00:32,  1.17s/it]
 69%|██████▉   | 61/88 [01:12<00:31,  1.17s/it]
 70%|███████   | 62/88 [01:13<00:30,  1.17s/it]
 72%|███████▏  | 63/88 [01:14<00:29,  1.17s/it]
 73%|███████▎  | 64/88 [01:15<00:28,  1.17s/it]
 74%|███████▍  | 65/88 [01:17<00:26,  1.17s/it]
 75%|███████▌  | 66/88 [01:18<00:25,  1.17s/it]
 76%|███████▌  | 67/88 [01:19<00:24,  1.17s/it]
 77%|███████▋  | 68/88 [01:20<00:23,  1.17s/it]
 78%|███████▊  | 69/88 [01:21<00:22,  1.17s/it]
 80%|███████▉  | 70/88 [01:22<00:21,  1.17s/it]
 81%|████████  | 71/88 [01:24<00:19,  1.17s/it]
 82%|████████▏ | 72/88 [01:25<00:18,  1.17s/it]
 83%|████████▎ | 73/88 [01:26<00:17,  1.17s/it]
 84%|████████▍ | 74/88 [01:27<00:16,  1.17s/it]
 85%|████████▌ | 75/88 [01:28<00:15,  1.17s/it]
 86%|████████▋ | 76/88 [01:29<00:14,  1.17s/it]
 88%|████████▊ | 77/88 [01:31<00:12,  1.17s/it]
 89%|████████▊ | 78/88 [01:32<00:11,  1.17s/it]
 90%|████████▉ | 79/88 [01:33<00:10,  1.17s/it]
 91%|█████████ | 80/88 [01:34<00:09,  1.17s/it]
 92%|█████████▏| 81/88 [01:35<00:08,  1.17s/it]
 93%|█████████▎| 82/88 [01:36<00:07,  1.17s/it]
 94%|█████████▍| 83/88 [01:38<00:05,  1.17s/it]
 95%|█████████▌| 84/88 [01:39<00:04,  1.17s/it]
 97%|█████████▋| 85/88 [01:40<00:03,  1.17s/it]
 98%|█████████▊| 86/88 [01:41<00:02,  1.17s/it]
 99%|█████████▉| 87/88 [01:42<00:01,  1.14s/it]
100%|██████████| 88/88 [01:44<00:00,  1.40s/it]
100%|██████████| 88/88 [01:44<00:00,  1.19s/it]

  0%|          | 0/44 [00:00<?, ?it/s]
  2%|▏         | 1/44 [00:01<00:45,  1.05s/it]
  5%|▍         | 2/44 [00:01<00:40,  1.03it/s]
  7%|▋         | 3/44 [00:02<00:36,  1.12it/s]
  9%|▉         | 4/44 [00:03<00:38,  1.03it/s]
 11%|█▏        | 5/44 [00:05<00:42,  1.10s/it]
 14%|█▎        | 6/44 [00:06<00:39,  1.04s/it]
 16%|█▌        | 7/44 [00:06<00:36,  1.01it/s]
 18%|█▊        | 8/44 [00:08<00:37,  1.03s/it]
 20%|██        | 9/44 [00:08<00:33,  1.06it/s]
 23%|██▎       | 10/44 [00:09<00:30,  1.11it/s]
 25%|██▌       | 11/44 [00:10<00:30,  1.07it/s]
 27%|██▋       | 12/44 [00:11<00:28,  1.11it/s]
 30%|██▉       | 13/44 [00:12<00:30,  1.03it/s]
 32%|███▏      | 14/44 [00:13<00:32,  1.08s/it]
 34%|███▍      | 15/44 [00:14<00:28,  1.03it/s]
 36%|███▋      | 16/44 [00:15<00:26,  1.05it/s]
 39%|███▊      | 17/44 [00:16<00:24,  1.11it/s]
 41%|████      | 18/44 [00:17<00:24,  1.05it/s]
 43%|████▎     | 19/44 [00:18<00:24,  1.02it/s]
 45%|████▌     | 20/44 [00:19<00:26,  1.12s/it]
 48%|████▊     | 21/44 [00:21<00:30,  1.32s/it]
 50%|█████     | 22/44 [00:22<00:27,  1.24s/it]
 52%|█████▏    | 23/44 [00:23<00:25,  1.21s/it]
 55%|█████▍    | 24/44 [00:24<00:23,  1.15s/it]
 57%|█████▋    | 25/44 [00:25<00:20,  1.08s/it]
 59%|█████▉    | 26/44 [00:26<00:17,  1.00it/s]
 61%|██████▏   | 27/44 [00:27<00:17,  1.02s/it]
 64%|██████▎   | 28/44 [00:29<00:19,  1.25s/it]
 66%|██████▌   | 29/44 [00:30<00:17,  1.16s/it]
 68%|██████▊   | 30/44 [00:31<00:15,  1.08s/it]
 70%|███████   | 31/44 [00:32<00:13,  1.01s/it]
 73%|███████▎  | 32/44 [00:33<00:11,  1.01it/s]
 75%|███████▌  | 33/44 [00:34<00:12,  1.15s/it]
 77%|███████▋  | 34/44 [00:36<00:13,  1.31s/it]
 80%|███████▉  | 35/44 [00:37<00:11,  1.25s/it]
 82%|████████▏ | 36/44 [00:38<00:09,  1.13s/it]
 84%|████████▍ | 37/44 [00:39<00:07,  1.06s/it]
 86%|████████▋ | 38/44 [00:40<00:06,  1.04s/it]
 89%|████████▊ | 39/44 [00:41<00:05,  1.03s/it]
 91%|█████████ | 40/44 [00:41<00:03,  1.06it/s]
 93%|█████████▎| 41/44 [00:42<00:02,  1.06it/s]
 95%|█████████▌| 42/44 [00:44<00:02,  1.05s/it]
 98%|█████████▊| 43/44 [00:45<00:01,  1.04s/it]
100%|██████████| 44/44 [00:45<00:00,  1.17it/s]
100%|██████████| 44/44 [00:45<00:00,  1.04s/it]
Evaluation for task 1 has started.
['gibbon', 'common_newt', 'toucan', 'backpack', 'shield', 'Italian_greyhound', 'great_white_shark', 'king_penguin', 'cowboy_hat', 'koala']

  0%|          | 0/12 [00:00<?, ?it/s]
  8%|▊         | 1/12 [00:01<00:20,  1.86s/it]
 17%|█▋        | 2/12 [00:02<00:12,  1.26s/it]
 25%|██▌       | 3/12 [00:03<00:10,  1.16s/it]
 33%|███▎      | 4/12 [00:04<00:08,  1.12s/it]
 42%|████▏     | 5/12 [00:05<00:07,  1.10s/it]
 50%|█████     | 6/12 [00:06<00:06,  1.08s/it]
 58%|█████▊    | 7/12 [00:07<00:05,  1.07s/it]
 67%|██████▋   | 8/12 [00:09<00:04,  1.07s/it]
 75%|███████▌  | 9/12 [00:10<00:03,  1.06s/it]
 83%|████████▎ | 10/12 [00:11<00:02,  1.06s/it]
 92%|█████████▏| 11/12 [00:11<00:00,  1.04it/s]
100%|██████████| 12/12 [00:14<00:00,  1.33s/it]
100%|██████████| 12/12 [00:14<00:00,  1.17s/it]

  0%|          | 0/49 [00:00<?, ?it/s]
  2%|▏         | 1/49 [00:01<01:16,  1.60s/it]
  4%|▍         | 2/49 [00:02<01:01,  1.30s/it]
  6%|▌         | 3/49 [00:03<00:54,  1.18s/it]
  8%|▊         | 4/49 [00:04<00:47,  1.05s/it]
 10%|█         | 5/49 [00:05<00:44,  1.02s/it]
 12%|█▏        | 6/49 [00:06<00:41,  1.04it/s]
 14%|█▍        | 7/49 [00:07<00:46,  1.11s/it]
 16%|█▋        | 8/49 [00:08<00:44,  1.08s/it]
 18%|█▊        | 9/49 [00:09<00:42,  1.05s/it]
 20%|██        | 10/49 [00:10<00:42,  1.08s/it]
 22%|██▏       | 11/49 [00:11<00:39,  1.04s/it]
 24%|██▍       | 12/49 [00:12<00:35,  1.06it/s]
 27%|██▋       | 13/49 [00:13<00:34,  1.05it/s]
 29%|██▊       | 14/49 [00:14<00:33,  1.03it/s]
 31%|███       | 15/49 [00:15<00:32,  1.04it/s]
 33%|███▎      | 16/49 [00:16<00:34,  1.05s/it]
 35%|███▍      | 17/49 [00:17<00:34,  1.08s/it]
 37%|███▋      | 18/49 [00:18<00:30,  1.02it/s]
 39%|███▉      | 19/49 [00:19<00:28,  1.06it/s]
 41%|████      | 20/49 [00:20<00:27,  1.07it/s]
 43%|████▎     | 21/49 [00:21<00:25,  1.10it/s]
 45%|████▍     | 22/49 [00:22<00:23,  1.16it/s]
 47%|████▋     | 23/49 [00:22<00:21,  1.19it/s]
 49%|████▉     | 24/49 [00:23<00:21,  1.17it/s]
 51%|█████     | 25/49 [00:24<00:19,  1.24it/s]
 53%|█████▎    | 26/49 [00:25<00:17,  1.31it/s]
 55%|█████▌    | 27/49 [00:25<00:17,  1.29it/s]
 57%|█████▋    | 28/49 [00:26<00:15,  1.38it/s]
 59%|█████▉    | 29/49 [00:27<00:14,  1.41it/s]
 61%|██████    | 30/49 [00:27<00:13,  1.44it/s]
 63%|██████▎   | 31/49 [00:28<00:12,  1.44it/s]
 65%|██████▌   | 32/49 [00:29<00:12,  1.41it/s]
 67%|██████▋   | 33/49 [00:29<00:11,  1.45it/s]
 69%|██████▉   | 34/49 [00:30<00:10,  1.40it/s]
 71%|███████▏  | 35/49 [00:31<00:09,  1.43it/s]
 73%|███████▎  | 36/49 [00:32<00:09,  1.38it/s]
 76%|███████▌  | 37/49 [00:32<00:08,  1.39it/s]
 78%|███████▊  | 38/49 [00:33<00:08,  1.35it/s]
 80%|███████▉  | 39/49 [00:34<00:07,  1.43it/s]
 82%|████████▏ | 40/49 [00:35<00:06,  1.39it/s]
 84%|████████▎ | 41/49 [00:35<00:05,  1.48it/s]
 86%|████████▌ | 42/49 [00:36<00:04,  1.49it/s]
 88%|████████▊ | 43/49 [00:36<00:03,  1.53it/s]
 90%|████████▉ | 44/49 [00:37<00:03,  1.41it/s]
 92%|█████████▏| 45/49 [00:38<00:02,  1.41it/s]
 94%|█████████▍| 46/49 [00:39<00:02,  1.40it/s]
 96%|█████████▌| 47/49 [00:39<00:01,  1.38it/s]
 98%|█████████▊| 48/49 [00:40<00:00,  1.38it/s]
100%|██████████| 49/49 [00:41<00:00,  1.52it/s]
100%|██████████| 49/49 [00:41<00:00,  1.19it/s]
Evaluation for task 2 has started.
['broccoli', 'hen', 'dragonfly', 'grand_piano', 'whippet', 'guinea_pig', 'jellyfish', 'ant', 'canoe', 'orangutan']

  0%|          | 0/12 [00:00<?, ?it/s]
  8%|▊         | 1/12 [00:01<00:17,  1.62s/it]
 17%|█▋        | 2/12 [00:02<00:11,  1.16s/it]
 25%|██▌       | 3/12 [00:03<00:10,  1.12s/it]
 33%|███▎      | 4/12 [00:04<00:08,  1.10s/it]
 42%|████▏     | 5/12 [00:05<00:07,  1.08s/it]
 50%|█████     | 6/12 [00:06<00:06,  1.07s/it]
 58%|█████▊    | 7/12 [00:07<00:05,  1.06s/it]
 67%|██████▋   | 8/12 [00:08<00:04,  1.06s/it]
 75%|███████▌  | 9/12 [00:09<00:03,  1.06s/it]
 83%|████████▎ | 10/12 [00:10<00:02,  1.06s/it]
 92%|█████████▏| 11/12 [00:11<00:00,  1.05it/s]
100%|██████████| 12/12 [00:13<00:00,  1.23s/it]
100%|██████████| 12/12 [00:13<00:00,  1.12s/it]

  0%|          | 0/54 [00:00<?, ?it/s]
  2%|▏         | 1/54 [00:00<00:37,  1.41it/s]
  4%|▎         | 2/54 [00:01<00:33,  1.55it/s]
  6%|▌         | 3/54 [00:02<00:34,  1.49it/s]
  7%|▋         | 4/54 [00:02<00:34,  1.45it/s]
  9%|▉         | 5/54 [00:03<00:34,  1.41it/s]
 11%|█         | 6/54 [00:04<00:39,  1.20it/s]
 13%|█▎        | 7/54 [00:05<00:36,  1.30it/s]
 15%|█▍        | 8/54 [00:05<00:34,  1.33it/s]
 17%|█▋        | 9/54 [00:06<00:32,  1.37it/s]
 19%|█▊        | 10/54 [00:07<00:32,  1.36it/s]
 20%|██        | 11/54 [00:08<00:31,  1.37it/s]
 22%|██▏       | 12/54 [00:08<00:32,  1.30it/s]
 24%|██▍       | 13/54 [00:09<00:30,  1.33it/s]
 26%|██▌       | 14/54 [00:10<00:29,  1.35it/s]
 28%|██▊       | 15/54 [00:11<00:29,  1.34it/s]
 30%|██▉       | 16/54 [00:11<00:29,  1.30it/s]
 31%|███▏      | 17/54 [00:12<00:30,  1.22it/s]
 33%|███▎      | 18/54 [00:13<00:29,  1.23it/s]
 35%|███▌      | 19/54 [00:14<00:28,  1.24it/s]
 37%|███▋      | 20/54 [00:15<00:26,  1.29it/s]
 39%|███▉      | 21/54 [00:15<00:25,  1.29it/s]
 41%|████      | 22/54 [00:16<00:25,  1.25it/s]
 43%|████▎     | 23/54 [00:17<00:23,  1.29it/s]
 44%|████▍     | 24/54 [00:18<00:22,  1.32it/s]
 46%|████▋     | 25/54 [00:18<00:21,  1.34it/s]
 48%|████▊     | 26/54 [00:19<00:19,  1.42it/s]
 50%|█████     | 27/54 [00:20<00:19,  1.40it/s]
 52%|█████▏    | 28/54 [00:21<00:20,  1.29it/s]
 54%|█████▎    | 29/54 [00:21<00:19,  1.30it/s]
 56%|█████▌    | 30/54 [00:22<00:18,  1.32it/s]
 57%|█████▋    | 31/54 [00:23<00:18,  1.27it/s]
 59%|█████▉    | 32/54 [00:24<00:17,  1.28it/s]
 61%|██████    | 33/54 [00:25<00:15,  1.32it/s]
 63%|██████▎   | 34/54 [00:25<00:14,  1.35it/s]
 65%|██████▍   | 35/54 [00:26<00:14,  1.34it/s]
 67%|██████▋   | 36/54 [00:27<00:13,  1.29it/s]
 69%|██████▊   | 37/54 [00:28<00:14,  1.14it/s]
 70%|███████   | 38/54 [00:29<00:14,  1.08it/s]
 72%|███████▏  | 39/54 [00:30<00:12,  1.15it/s]
 74%|███████▍  | 40/54 [00:30<00:11,  1.21it/s]
 76%|███████▌  | 41/54 [00:31<00:10,  1.19it/s]
 78%|███████▊  | 42/54 [00:32<00:09,  1.21it/s]
 80%|███████▉  | 43/54 [00:33<00:08,  1.25it/s]
 81%|████████▏ | 44/54 [00:34<00:07,  1.28it/s]
 83%|████████▎ | 45/54 [00:34<00:06,  1.31it/s]
 85%|████████▌ | 46/54 [00:35<00:06,  1.32it/s]
 87%|████████▋ | 47/54 [00:36<00:05,  1.30it/s]
 89%|████████▉ | 48/54 [00:37<00:04,  1.22it/s]
 91%|█████████ | 49/54 [00:38<00:04,  1.15it/s]
 93%|█████████▎| 50/54 [00:39<00:03,  1.19it/s]
 94%|█████████▍| 51/54 [00:39<00:02,  1.21it/s]
 96%|█████████▋| 52/54 [00:40<00:01,  1.19it/s]
 98%|█████████▊| 53/54 [00:41<00:00,  1.18it/s]
100%|██████████| 54/54 [00:42<00:00,  1.29it/s]
100%|██████████| 54/54 [00:42<00:00,  1.28it/s]
Evaluation for task 3 has started.
['bucket', 'gasmask', 'grey_whale', 'birdhouse', 'pineapple', 'chimpanzee', 'red_fox', 'monarch', 'tiger', 'revolver']

  0%|          | 0/12 [00:00<?, ?it/s]
  8%|▊         | 1/12 [00:01<00:20,  1.84s/it]
 17%|█▋        | 2/12 [00:02<00:12,  1.27s/it]
 25%|██▌       | 3/12 [00:03<00:10,  1.18s/it]
 33%|███▎      | 4/12 [00:04<00:08,  1.12s/it]
 42%|████▏     | 5/12 [00:05<00:07,  1.10s/it]
 50%|█████     | 6/12 [00:06<00:06,  1.09s/it]
 58%|█████▊    | 7/12 [00:08<00:05,  1.08s/it]
 67%|██████▋   | 8/12 [00:09<00:04,  1.07s/it]
 75%|███████▌  | 9/12 [00:10<00:03,  1.06s/it]
 83%|████████▎ | 10/12 [00:11<00:02,  1.07s/it]
 92%|█████████▏| 11/12 [00:12<00:01,  1.06s/it]
100%|██████████| 12/12 [00:14<00:00,  1.31s/it]
100%|██████████| 12/12 [00:14<00:00,  1.17s/it]

  0%|          | 0/60 [00:00<?, ?it/s]
  2%|▏         | 1/60 [00:00<00:50,  1.17it/s]
  3%|▎         | 2/60 [00:01<00:54,  1.07it/s]
  5%|▌         | 3/60 [00:02<00:57,  1.01s/it]
  7%|▋         | 4/60 [00:04<00:58,  1.05s/it]
  8%|▊         | 5/60 [00:05<01:07,  1.23s/it]
 10%|█         | 6/60 [00:06<01:05,  1.21s/it]
 12%|█▏        | 7/60 [00:07<00:57,  1.09s/it]
 13%|█▎        | 8/60 [00:08<00:56,  1.10s/it]
 15%|█▌        | 9/60 [00:09<00:55,  1.09s/it]
 17%|█▋        | 10/60 [00:10<00:53,  1.08s/it]
 18%|█▊        | 11/60 [00:11<00:53,  1.08s/it]
 20%|██        | 12/60 [00:14<01:09,  1.46s/it]
 22%|██▏       | 13/60 [00:15<01:00,  1.28s/it]
 23%|██▎       | 14/60 [00:16<00:54,  1.19s/it]
 25%|██▌       | 15/60 [00:17<00:54,  1.21s/it]
 27%|██▋       | 16/60 [00:18<00:53,  1.23s/it]
 28%|██▊       | 17/60 [00:19<00:49,  1.15s/it]
 30%|███       | 18/60 [00:21<00:57,  1.37s/it]
 32%|███▏      | 19/60 [00:22<00:49,  1.20s/it]
 33%|███▎      | 20/60 [00:23<00:50,  1.25s/it]
 35%|███▌      | 21/60 [00:24<00:44,  1.13s/it]
 37%|███▋      | 22/60 [00:25<00:43,  1.15s/it]
 38%|███▊      | 23/60 [00:26<00:40,  1.10s/it]
 40%|████      | 24/60 [00:27<00:36,  1.01s/it]
 42%|████▏     | 25/60 [00:28<00:36,  1.06s/it]
 43%|████▎     | 26/60 [00:30<00:47,  1.39s/it]
 45%|████▌     | 27/60 [00:31<00:41,  1.25s/it]
 47%|████▋     | 28/60 [00:32<00:38,  1.21s/it]
 48%|████▊     | 29/60 [00:33<00:35,  1.14s/it]
 50%|█████     | 30/60 [00:35<00:36,  1.22s/it]
 52%|█████▏    | 31/60 [00:36<00:34,  1.21s/it]
 53%|█████▎    | 32/60 [00:37<00:34,  1.24s/it]
 55%|█████▌    | 33/60 [00:38<00:33,  1.24s/it]
 57%|█████▋    | 34/60 [00:39<00:29,  1.13s/it]
 58%|█████▊    | 35/60 [00:40<00:26,  1.06s/it]
 60%|██████    | 36/60 [00:42<00:27,  1.16s/it]
 62%|██████▏   | 37/60 [00:43<00:25,  1.11s/it]
 63%|██████▎   | 38/60 [00:44<00:24,  1.13s/it]
 65%|██████▌   | 39/60 [00:45<00:23,  1.10s/it]
 67%|██████▋   | 40/60 [00:47<00:25,  1.29s/it]
 68%|██████▊   | 41/60 [00:48<00:24,  1.29s/it]
 70%|███████   | 42/60 [00:49<00:21,  1.18s/it]
 72%|███████▏  | 43/60 [00:50<00:20,  1.21s/it]
 73%|███████▎  | 44/60 [00:51<00:18,  1.14s/it]
 75%|███████▌  | 45/60 [00:52<00:15,  1.04s/it]
 77%|███████▋  | 46/60 [00:53<00:13,  1.01it/s]
 78%|███████▊  | 47/60 [00:54<00:12,  1.05it/s]
 80%|████████  | 48/60 [00:54<00:11,  1.09it/s]
 82%|████████▏ | 49/60 [00:55<00:10,  1.09it/s]
 83%|████████▎ | 50/60 [00:56<00:09,  1.09it/s]
 85%|████████▌ | 51/60 [00:57<00:07,  1.13it/s]
 87%|████████▋ | 52/60 [00:58<00:06,  1.18it/s]
 88%|████████▊ | 53/60 [00:59<00:05,  1.17it/s]
 90%|█████████ | 54/60 [01:00<00:05,  1.16it/s]
 92%|█████████▏| 55/60 [01:00<00:04,  1.16it/s]
 93%|█████████▎| 56/60 [01:01<00:03,  1.19it/s]
 95%|█████████▌| 57/60 [01:03<00:03,  1.18s/it]
 97%|█████████▋| 58/60 [01:04<00:02,  1.14s/it]
 98%|█████████▊| 59/60 [01:05<00:01,  1.06s/it]
100%|██████████| 60/60 [01:05<00:00,  1.21it/s]
100%|██████████| 60/60 [01:05<00:00,  1.10s/it]
Evaluation for task 4 has started.
['cheeseburger', 'wine_bottle', 'black_swan', 'sea_lion', 'flute', 'goldfinch', 'Indian_cobra', 'warplane', 'pomegranate', 'pug']

  0%|          | 0/12 [00:00<?, ?it/s]
  8%|▊         | 1/12 [00:01<00:17,  1.59s/it]
 17%|█▋        | 2/12 [00:02<00:11,  1.16s/it]
 25%|██▌       | 3/12 [00:03<00:10,  1.11s/it]
 33%|███▎      | 4/12 [00:04<00:08,  1.09s/it]
 42%|████▏     | 5/12 [00:05<00:07,  1.08s/it]
 50%|█████     | 6/12 [00:06<00:06,  1.07s/it]
 58%|█████▊    | 7/12 [00:07<00:05,  1.07s/it]
 67%|██████▋   | 8/12 [00:08<00:04,  1.07s/it]
 75%|███████▌  | 9/12 [00:09<00:03,  1.06s/it]
 83%|████████▎ | 10/12 [00:10<00:02,  1.06s/it]
 92%|█████████▏| 11/12 [00:11<00:00,  1.10it/s]
100%|██████████| 12/12 [00:13<00:00,  1.21s/it]
100%|██████████| 12/12 [00:13<00:00,  1.11s/it]

  0%|          | 0/64 [00:00<?, ?it/s]
  2%|▏         | 1/64 [00:00<01:02,  1.00it/s]
  3%|▎         | 2/64 [00:01<00:58,  1.07it/s]
  5%|▍         | 3/64 [00:03<01:03,  1.04s/it]
  6%|▋         | 4/64 [00:03<00:55,  1.08it/s]
  8%|▊         | 5/64 [00:04<00:58,  1.00it/s]
  9%|▉         | 6/64 [00:05<00:51,  1.12it/s]
 11%|█         | 7/64 [00:07<01:00,  1.06s/it]
 12%|█▎        | 8/64 [00:07<00:54,  1.03it/s]
 14%|█▍        | 9/64 [00:08<00:53,  1.03it/s]
 16%|█▌        | 10/64 [00:09<00:52,  1.03it/s]
 17%|█▋        | 11/64 [00:10<00:53,  1.00s/it]
 19%|█▉        | 12/64 [00:11<00:53,  1.03s/it]
 20%|██        | 13/64 [00:12<00:52,  1.03s/it]
 22%|██▏       | 14/64 [00:14<00:52,  1.05s/it]
 23%|██▎       | 15/64 [00:14<00:46,  1.06it/s]
 25%|██▌       | 16/64 [00:16<00:53,  1.11s/it]
 27%|██▋       | 17/64 [00:17<00:56,  1.20s/it]
 28%|██▊       | 18/64 [00:18<00:54,  1.19s/it]
 30%|██▉       | 19/64 [00:19<00:47,  1.06s/it]
 31%|███▏      | 20/64 [00:20<00:47,  1.07s/it]
 33%|███▎      | 21/64 [00:21<00:44,  1.03s/it]
 34%|███▍      | 22/64 [00:22<00:39,  1.07it/s]
 36%|███▌      | 23/64 [00:23<00:35,  1.15it/s]
 38%|███▊      | 24/64 [00:23<00:32,  1.22it/s]
 39%|███▉      | 25/64 [00:24<00:33,  1.16it/s]
 41%|████      | 26/64 [00:25<00:31,  1.20it/s]
 42%|████▏     | 27/64 [00:26<00:31,  1.18it/s]
 44%|████▍     | 28/64 [00:27<00:29,  1.21it/s]
 45%|████▌     | 29/64 [00:27<00:28,  1.24it/s]
 47%|████▋     | 30/64 [00:28<00:26,  1.29it/s]
 48%|████▊     | 31/64 [00:29<00:24,  1.37it/s]
 50%|█████     | 32/64 [00:30<00:24,  1.30it/s]
 52%|█████▏    | 33/64 [00:30<00:22,  1.36it/s]
 53%|█████▎    | 34/64 [00:31<00:22,  1.34it/s]
 55%|█████▍    | 35/64 [00:32<00:21,  1.38it/s]
 56%|█████▋    | 36/64 [00:33<00:21,  1.31it/s]
 58%|█████▊    | 37/64 [00:33<00:21,  1.28it/s]
 59%|█████▉    | 38/64 [00:34<00:20,  1.29it/s]
 61%|██████    | 39/64 [00:35<00:19,  1.29it/s]
 62%|██████▎   | 40/64 [00:36<00:18,  1.32it/s]
 64%|██████▍   | 41/64 [00:36<00:17,  1.33it/s]
 66%|██████▌   | 42/64 [00:37<00:16,  1.31it/s]
 67%|██████▋   | 43/64 [00:38<00:15,  1.33it/s]
 69%|██████▉   | 44/64 [00:39<00:15,  1.29it/s]
 70%|███████   | 45/64 [00:40<00:15,  1.21it/s]
 72%|███████▏  | 46/64 [00:40<00:13,  1.30it/s]
 73%|███████▎  | 47/64 [00:41<00:12,  1.39it/s]
 75%|███████▌  | 48/64 [00:42<00:12,  1.26it/s]
 77%|███████▋  | 49/64 [00:43<00:11,  1.28it/s]
 78%|███████▊  | 50/64 [00:43<00:10,  1.30it/s]
 80%|███████▉  | 51/64 [00:44<00:09,  1.38it/s]
 81%|████████▏ | 52/64 [00:45<00:08,  1.43it/s]
 83%|████████▎ | 53/64 [00:45<00:07,  1.46it/s]
 84%|████████▍ | 54/64 [00:46<00:06,  1.46it/s]
 86%|████████▌ | 55/64 [00:47<00:06,  1.44it/s]
 88%|████████▊ | 56/64 [00:47<00:05,  1.47it/s]
 89%|████████▉ | 57/64 [00:48<00:04,  1.47it/s]
 91%|█████████ | 58/64 [00:49<00:04,  1.46it/s]
 92%|█████████▏| 59/64 [00:49<00:03,  1.47it/s]
 94%|█████████▍| 60/64 [00:50<00:02,  1.37it/s]
 95%|█████████▌| 61/64 [00:51<00:02,  1.33it/s]
 97%|█████████▋| 62/64 [00:52<00:01,  1.35it/s]
 98%|█████████▊| 63/64 [00:52<00:00,  1.36it/s]
100%|██████████| 64/64 [00:53<00:00,  1.47it/s]
100%|██████████| 64/64 [00:53<00:00,  1.20it/s]
Evaluation for task 5 has started.
['axolotl', 'flamingo', 'bald_eagle', 'volcano', 'killer_whale', 'sax', 'cockroach', 'snail', 'cheetah', 'beaver']

  0%|          | 0/15 [00:00<?, ?it/s]
  7%|▋         | 1/15 [00:01<00:22,  1.63s/it]
 13%|█▎        | 2/15 [00:02<00:15,  1.17s/it]
 20%|██        | 3/15 [00:03<00:13,  1.12s/it]
 27%|██▋       | 4/15 [00:04<00:12,  1.09s/it]
 33%|███▎      | 5/15 [00:05<00:10,  1.08s/it]
 40%|████      | 6/15 [00:06<00:09,  1.07s/it]
 47%|████▋     | 7/15 [00:07<00:08,  1.07s/it]
 53%|█████▎    | 8/15 [00:08<00:07,  1.06s/it]
 60%|██████    | 9/15 [00:09<00:06,  1.06s/it]
 67%|██████▋   | 10/15 [00:10<00:05,  1.06s/it]
 73%|███████▎  | 11/15 [00:11<00:04,  1.06s/it]
 80%|████████  | 12/15 [00:13<00:03,  1.06s/it]
 87%|████████▋ | 13/15 [00:14<00:02,  1.05s/it]
 93%|█████████▎| 14/15 [00:14<00:00,  1.00it/s]
100%|██████████| 15/15 [00:16<00:00,  1.28s/it]
100%|██████████| 15/15 [00:16<00:00,  1.13s/it]

  0%|          | 0/71 [00:00<?, ?it/s]
  1%|▏         | 1/71 [00:00<00:51,  1.36it/s]
  3%|▎         | 2/71 [00:01<00:48,  1.43it/s]
  4%|▍         | 3/71 [00:02<00:48,  1.39it/s]
  6%|▌         | 4/71 [00:02<00:50,  1.33it/s]
  7%|▋         | 5/71 [00:03<00:48,  1.36it/s]
  8%|▊         | 6/71 [00:04<00:48,  1.34it/s]
 10%|▉         | 7/71 [00:05<00:48,  1.32it/s]
 11%|█▏        | 8/71 [00:06<00:48,  1.30it/s]
 13%|█▎        | 9/71 [00:06<00:44,  1.40it/s]
 14%|█▍        | 10/71 [00:07<00:50,  1.21it/s]
 15%|█▌        | 11/71 [00:08<00:53,  1.13it/s]
 17%|█▋        | 12/71 [00:09<00:52,  1.12it/s]
 18%|█▊        | 13/71 [00:10<00:55,  1.04it/s]
 20%|█▉        | 14/71 [00:11<00:52,  1.08it/s]
 21%|██        | 15/71 [00:12<00:51,  1.08it/s]
 23%|██▎       | 16/71 [00:13<00:52,  1.05it/s]
 24%|██▍       | 17/71 [00:15<01:00,  1.12s/it]
 25%|██▌       | 18/71 [00:16<01:09,  1.32s/it]
 27%|██▋       | 19/71 [00:17<01:01,  1.18s/it]
 28%|██▊       | 20/71 [00:18<00:58,  1.14s/it]
 30%|██▉       | 21/71 [00:19<00:54,  1.09s/it]
 31%|███       | 22/71 [00:21<00:58,  1.20s/it]
 32%|███▏      | 23/71 [00:22<00:54,  1.13s/it]
 34%|███▍      | 24/71 [00:24<01:07,  1.45s/it]
 35%|███▌      | 25/71 [00:25<01:02,  1.35s/it]
 37%|███▋      | 26/71 [00:26<00:57,  1.29s/it]
 38%|███▊      | 27/71 [00:27<00:48,  1.11s/it]
 39%|███▉      | 28/71 [00:28<00:47,  1.10s/it]
 41%|████      | 29/71 [00:29<00:42,  1.00s/it]
 42%|████▏     | 30/71 [00:30<00:42,  1.03s/it]
 44%|████▎     | 31/71 [00:30<00:36,  1.09it/s]
 45%|████▌     | 32/71 [00:32<00:48,  1.26s/it]
 46%|████▋     | 33/71 [00:33<00:44,  1.18s/it]
 48%|████▊     | 34/71 [00:35<00:44,  1.20s/it]
 49%|████▉     | 35/71 [00:36<00:40,  1.13s/it]
 51%|█████     | 36/71 [00:36<00:34,  1.00it/s]
 52%|█████▏    | 37/71 [00:37<00:33,  1.03it/s]
 54%|█████▎    | 38/71 [00:38<00:28,  1.14it/s]
 55%|█████▍    | 39/71 [00:39<00:30,  1.05it/s]
 56%|█████▋    | 40/71 [00:40<00:34,  1.10s/it]
 58%|█████▊    | 41/71 [00:42<00:34,  1.14s/it]
 59%|█████▉    | 42/71 [00:42<00:30,  1.04s/it]
 61%|██████    | 43/71 [00:43<00:27,  1.02it/s]
 62%|██████▏   | 44/71 [00:44<00:26,  1.02it/s]
 63%|██████▎   | 45/71 [00:45<00:26,  1.02s/it]
 65%|██████▍   | 46/71 [00:46<00:24,  1.01it/s]
 66%|██████▌   | 47/71 [00:47<00:24,  1.02s/it]
 68%|██████▊   | 48/71 [00:48<00:21,  1.09it/s]
 69%|██████▉   | 49/71 [00:49<00:22,  1.04s/it]
 70%|███████   | 50/71 [00:51<00:22,  1.06s/it]
 72%|███████▏  | 51/71 [00:51<00:20,  1.01s/it]
 73%|███████▎  | 52/71 [00:52<00:18,  1.00it/s]
 75%|███████▍  | 53/71 [00:53<00:17,  1.00it/s]
 76%|███████▌  | 54/71 [00:54<00:16,  1.02it/s]
 77%|███████▋  | 55/71 [00:55<00:15,  1.00it/s]
 79%|███████▉  | 56/71 [00:56<00:14,  1.06it/s]
 80%|████████  | 57/71 [00:57<00:13,  1.06it/s]
 82%|████████▏ | 58/71 [00:59<00:15,  1.16s/it]
 83%|████████▎ | 59/71 [01:00<00:13,  1.11s/it]
 85%|████████▍ | 60/71 [01:01<00:10,  1.01it/s]
 86%|████████▌ | 61/71 [01:01<00:09,  1.07it/s]
 87%|████████▋ | 62/71 [01:02<00:07,  1.17it/s]
 89%|████████▊ | 63/71 [01:03<00:07,  1.01it/s]
 90%|█████████ | 64/71 [01:04<00:06,  1.06it/s]
 92%|█████████▏| 65/71 [01:05<00:05,  1.08it/s]
 93%|█████████▎| 66/71 [01:06<00:04,  1.00it/s]
 94%|█████████▍| 67/71 [01:08<00:05,  1.31s/it]
 96%|█████████▌| 68/71 [01:09<00:03,  1.21s/it]
 97%|█████████▋| 69/71 [01:10<00:02,  1.14s/it]
 99%|█████████▊| 70/71 [01:11<00:01,  1.12s/it]
100%|██████████| 71/71 [01:11<00:00,  1.20it/s]
100%|██████████| 71/71 [01:11<00:00,  1.01s/it]
Evaluation for task 6 has started.
['violin', 'ice_bear', 'tractor', 'mailbox', 'beagle', 'gazelle', 'goldfish', 'hammerhead', 'lipstick', 'mantis']

  0%|          | 0/12 [00:00<?, ?it/s]
  8%|▊         | 1/12 [00:01<00:19,  1.80s/it]
 17%|█▋        | 2/12 [00:02<00:12,  1.25s/it]
 25%|██▌       | 3/12 [00:03<00:10,  1.16s/it]
 33%|███▎      | 4/12 [00:04<00:09,  1.13s/it]
 42%|████▏     | 5/12 [00:05<00:07,  1.10s/it]
 50%|█████     | 6/12 [00:06<00:06,  1.09s/it]
 58%|█████▊    | 7/12 [00:07<00:05,  1.08s/it]
 67%|██████▋   | 8/12 [00:09<00:04,  1.07s/it]
 75%|███████▌  | 9/12 [00:10<00:03,  1.07s/it]
 83%|████████▎ | 10/12 [00:11<00:02,  1.06s/it]
 92%|█████████▏| 11/12 [00:11<00:00,  1.03it/s]
100%|██████████| 12/12 [00:14<00:00,  1.38s/it]
100%|██████████| 12/12 [00:14<00:00,  1.18s/it]

  0%|          | 0/76 [00:00<?, ?it/s]
  1%|▏         | 1/76 [00:01<01:28,  1.18s/it]
  3%|▎         | 2/76 [00:02<01:21,  1.11s/it]
  4%|▍         | 3/76 [00:02<01:05,  1.12it/s]
  5%|▌         | 4/76 [00:03<00:59,  1.22it/s]
  7%|▋         | 5/76 [00:04<01:09,  1.02it/s]
  8%|▊         | 6/76 [00:05<01:10,  1.00s/it]
  9%|▉         | 7/76 [00:07<01:23,  1.22s/it]
 11%|█         | 8/76 [00:08<01:12,  1.06s/it]
 12%|█▏        | 9/76 [00:09<01:10,  1.06s/it]
 13%|█▎        | 10/76 [00:10<01:05,  1.01it/s]
 14%|█▍        | 11/76 [00:10<00:57,  1.12it/s]
 16%|█▌        | 12/76 [00:11<00:56,  1.14it/s]
 17%|█▋        | 13/76 [00:12<00:58,  1.07it/s]
 18%|█▊        | 14/76 [00:13<00:57,  1.07it/s]
 20%|█▉        | 15/76 [00:14<00:57,  1.06it/s]
 21%|██        | 16/76 [00:16<01:08,  1.14s/it]
 22%|██▏       | 17/76 [00:17<01:04,  1.10s/it]
 24%|██▎       | 18/76 [00:18<01:01,  1.07s/it]
 25%|██▌       | 19/76 [00:19<01:03,  1.11s/it]
 26%|██▋       | 20/76 [00:20<01:03,  1.13s/it]
 28%|██▊       | 21/76 [00:21<00:57,  1.04s/it]
 29%|██▉       | 22/76 [00:22<00:53,  1.01it/s]
 30%|███       | 23/76 [00:23<00:51,  1.03it/s]
 32%|███▏      | 24/76 [00:23<00:45,  1.15it/s]
 33%|███▎      | 25/76 [00:25<00:49,  1.03it/s]
 34%|███▍      | 26/76 [00:25<00:46,  1.09it/s]
 36%|███▌      | 27/76 [00:26<00:43,  1.13it/s]
 37%|███▋      | 28/76 [00:27<00:40,  1.18it/s]
 38%|███▊      | 29/76 [00:28<00:38,  1.24it/s]
 39%|███▉      | 30/76 [00:28<00:34,  1.32it/s]
 41%|████      | 31/76 [00:29<00:34,  1.31it/s]
 42%|████▏     | 32/76 [00:30<00:35,  1.23it/s]
 43%|████▎     | 33/76 [00:31<00:35,  1.22it/s]
 45%|████▍     | 34/76 [00:31<00:32,  1.30it/s]
 46%|████▌     | 35/76 [00:32<00:31,  1.31it/s]
 47%|████▋     | 36/76 [00:33<00:32,  1.23it/s]
 49%|████▊     | 37/76 [00:34<00:30,  1.26it/s]
 50%|█████     | 38/76 [00:35<00:29,  1.27it/s]
 51%|█████▏    | 39/76 [00:35<00:28,  1.30it/s]
 53%|█████▎    | 40/76 [00:36<00:29,  1.23it/s]
 54%|█████▍    | 41/76 [00:37<00:27,  1.27it/s]
 55%|█████▌    | 42/76 [00:38<00:26,  1.28it/s]
 57%|█████▋    | 43/76 [00:39<00:25,  1.30it/s]
 58%|█████▊    | 44/76 [00:39<00:23,  1.35it/s]
 59%|█████▉    | 45/76 [00:40<00:23,  1.33it/s]
 61%|██████    | 46/76 [00:41<00:21,  1.37it/s]
 62%|██████▏   | 47/76 [00:41<00:21,  1.35it/s]
 63%|██████▎   | 48/76 [00:42<00:20,  1.33it/s]
 64%|██████▍   | 49/76 [00:43<00:20,  1.31it/s]
 66%|██████▌   | 50/76 [00:44<00:21,  1.23it/s]
 67%|██████▋   | 51/76 [00:45<00:19,  1.27it/s]
 68%|██████▊   | 52/76 [00:45<00:18,  1.32it/s]
 70%|██████▉   | 53/76 [00:46<00:16,  1.36it/s]
 71%|███████   | 54/76 [00:47<00:15,  1.39it/s]
 72%|███████▏  | 55/76 [00:47<00:14,  1.42it/s]
 74%|███████▎  | 56/76 [00:48<00:15,  1.27it/s]
 75%|███████▌  | 57/76 [00:49<00:14,  1.27it/s]
 76%|███████▋  | 58/76 [00:50<00:16,  1.09it/s]
 78%|███████▊  | 59/76 [00:51<00:15,  1.11it/s]
 79%|███████▉  | 60/76 [00:52<00:13,  1.20it/s]
 80%|████████  | 61/76 [00:53<00:12,  1.24it/s]
 82%|████████▏ | 62/76 [00:53<00:10,  1.28it/s]
 83%|████████▎ | 63/76 [00:54<00:09,  1.35it/s]
 84%|████████▍ | 64/76 [00:55<00:08,  1.34it/s]
 86%|████████▌ | 65/76 [00:56<00:08,  1.33it/s]
 87%|████████▋ | 66/76 [00:56<00:07,  1.30it/s]
 88%|████████▊ | 67/76 [00:57<00:06,  1.30it/s]
 89%|████████▉ | 68/76 [00:58<00:06,  1.30it/s]
 91%|█████████ | 69/76 [00:59<00:06,  1.12it/s]
 92%|█████████▏| 70/76 [01:00<00:05,  1.17it/s]
 93%|█████████▎| 71/76 [01:01<00:04,  1.21it/s]
 95%|█████████▍| 72/76 [01:01<00:03,  1.23it/s]
 96%|█████████▌| 73/76 [01:02<00:02,  1.22it/s]
 97%|█████████▋| 74/76 [01:03<00:01,  1.21it/s]
 99%|█████████▊| 75/76 [01:04<00:00,  1.23it/s]
100%|██████████| 76/76 [01:04<00:00,  1.46it/s]
100%|██████████| 76/76 [01:04<00:00,  1.17it/s]
Evaluation for task 7 has started.
['tabby', 'soccer_ball', 'steam_locomotive', 'barrow', 'barn', 'snow_leopard', 'broom', 'Border_collie', 'wood_rabbit', 'beacon']

  0%|          | 0/10 [00:00<?, ?it/s]
 10%|█         | 1/10 [00:01<00:15,  1.77s/it]
 20%|██        | 2/10 [00:02<00:09,  1.23s/it]
 30%|███       | 3/10 [00:03<00:08,  1.16s/it]
 40%|████      | 4/10 [00:04<00:06,  1.12s/it]
 50%|█████     | 5/10 [00:05<00:05,  1.10s/it]
 60%|██████    | 6/10 [00:06<00:04,  1.08s/it]
 70%|███████   | 7/10 [00:07<00:03,  1.08s/it]
 80%|████████  | 8/10 [00:08<00:02,  1.07s/it]
 90%|█████████ | 9/10 [00:10<00:01,  1.06s/it]
100%|██████████| 10/10 [00:11<00:00,  1.31s/it]
100%|██████████| 10/10 [00:11<00:00,  1.19s/it]

  0%|          | 0/81 [00:00<?, ?it/s]
  1%|          | 1/81 [00:00<01:14,  1.08it/s]
  2%|▏         | 2/81 [00:01<01:08,  1.15it/s]
  4%|▎         | 3/81 [00:02<01:01,  1.27it/s]
  5%|▍         | 4/81 [00:03<01:02,  1.24it/s]
  6%|▌         | 5/81 [00:04<01:04,  1.18it/s]
  7%|▋         | 6/81 [00:05<01:02,  1.19it/s]
  9%|▊         | 7/81 [00:05<01:02,  1.18it/s]
 10%|▉         | 8/81 [00:06<01:00,  1.21it/s]
 11%|█         | 9/81 [00:07<00:59,  1.22it/s]
 12%|█▏        | 10/81 [00:08<01:04,  1.09it/s]
 14%|█▎        | 11/81 [00:09<00:58,  1.20it/s]
 15%|█▍        | 12/81 [00:10<00:56,  1.22it/s]
 16%|█▌        | 13/81 [00:10<00:54,  1.26it/s]
 17%|█▋        | 14/81 [00:11<00:52,  1.26it/s]
 19%|█▊        | 15/81 [00:12<00:51,  1.29it/s]
 20%|█▉        | 16/81 [00:13<00:51,  1.27it/s]
 21%|██        | 17/81 [00:13<00:51,  1.24it/s]
 22%|██▏       | 18/81 [00:15<00:59,  1.07it/s]
 23%|██▎       | 19/81 [00:16<00:56,  1.09it/s]
 25%|██▍       | 20/81 [00:17<00:56,  1.08it/s]
 26%|██▌       | 21/81 [00:17<00:53,  1.12it/s]
 27%|██▋       | 22/81 [00:18<00:52,  1.11it/s]
 28%|██▊       | 23/81 [00:19<00:50,  1.16it/s]
 30%|██▉       | 24/81 [00:20<00:47,  1.20it/s]
 31%|███       | 25/81 [00:21<00:46,  1.20it/s]
 32%|███▏      | 26/81 [00:21<00:45,  1.20it/s]
 33%|███▎      | 27/81 [00:22<00:42,  1.27it/s]
 35%|███▍      | 28/81 [00:23<00:42,  1.24it/s]
 36%|███▌      | 29/81 [00:24<00:44,  1.18it/s]
 37%|███▋      | 30/81 [00:25<00:42,  1.19it/s]
 38%|███▊      | 31/81 [00:26<00:41,  1.20it/s]
 40%|███▉      | 32/81 [00:26<00:40,  1.20it/s]
 41%|████      | 33/81 [00:27<00:41,  1.17it/s]
 42%|████▏     | 34/81 [00:28<00:38,  1.22it/s]
 43%|████▎     | 35/81 [00:29<00:42,  1.09it/s]
 44%|████▍     | 36/81 [00:30<00:40,  1.12it/s]
 46%|████▌     | 37/81 [00:31<00:43,  1.01it/s]
 47%|████▋     | 38/81 [00:32<00:45,  1.05s/it]
 48%|████▊     | 39/81 [00:34<00:44,  1.06s/it]
 49%|████▉     | 40/81 [00:35<00:44,  1.08s/it]
 51%|█████     | 41/81 [00:36<00:47,  1.18s/it]
 52%|█████▏    | 42/81 [00:37<00:44,  1.14s/it]
 53%|█████▎    | 43/81 [00:38<00:37,  1.01it/s]
 54%|█████▍    | 44/81 [00:39<00:37,  1.02s/it]
 56%|█████▌    | 45/81 [00:40<00:34,  1.03it/s]
 57%|█████▋    | 46/81 [00:41<00:33,  1.03it/s]
 58%|█████▊    | 47/81 [00:42<00:31,  1.07it/s]
 59%|█████▉    | 48/81 [00:44<00:42,  1.29s/it]
 60%|██████    | 49/81 [00:45<00:38,  1.21s/it]
 62%|██████▏   | 50/81 [00:46<00:36,  1.16s/it]
 63%|██████▎   | 51/81 [00:47<00:32,  1.08s/it]
 64%|██████▍   | 52/81 [00:48<00:30,  1.04s/it]
 65%|██████▌   | 53/81 [00:49<00:31,  1.13s/it]
 67%|██████▋   | 54/81 [00:50<00:34,  1.27s/it]
 68%|██████▊   | 55/81 [00:52<00:36,  1.40s/it]
 69%|██████▉   | 56/81 [00:53<00:32,  1.29s/it]
 70%|███████   | 57/81 [00:54<00:28,  1.17s/it]
 72%|███████▏  | 58/81 [00:55<00:24,  1.07s/it]
 73%|███████▎  | 59/81 [00:56<00:20,  1.05it/s]
 74%|███████▍  | 60/81 [00:57<00:20,  1.02it/s]
 75%|███████▌  | 61/81 [00:58<00:20,  1.02s/it]
 77%|███████▋  | 62/81 [00:59<00:20,  1.07s/it]
 78%|███████▊  | 63/81 [01:00<00:21,  1.18s/it]
 79%|███████▉  | 64/81 [01:01<00:18,  1.12s/it]
 80%|████████  | 65/81 [01:02<00:17,  1.08s/it]
 81%|████████▏ | 66/81 [01:03<00:15,  1.04s/it]
 83%|████████▎ | 67/81 [01:04<00:14,  1.04s/it]
 84%|████████▍ | 68/81 [01:05<00:12,  1.02it/s]
 85%|████████▌ | 69/81 [01:06<00:11,  1.07it/s]
 86%|████████▋ | 70/81 [01:07<00:09,  1.11it/s]
 88%|████████▊ | 71/81 [01:08<00:08,  1.12it/s]
 89%|████████▉ | 72/81 [01:08<00:07,  1.20it/s]
 90%|█████████ | 73/81 [01:09<00:06,  1.16it/s]
 91%|█████████▏| 74/81 [01:11<00:08,  1.18s/it]
 93%|█████████▎| 75/81 [01:12<00:07,  1.18s/it]
 94%|█████████▍| 76/81 [01:13<00:05,  1.11s/it]
 95%|█████████▌| 77/81 [01:14<00:04,  1.01s/it]
 96%|█████████▋| 78/81 [01:15<00:02,  1.02it/s]
 98%|█████████▊| 79/81 [01:16<00:02,  1.00s/it]
 99%|█████████▉| 80/81 [01:17<00:01,  1.06s/it]
100%|██████████| 81/81 [01:18<00:00,  1.21it/s]
100%|██████████| 81/81 [01:18<00:00,  1.04it/s]
Evaluation for task 8 has started.
['assault_rifle', 'lorikeet', 'head_cabbage', 'standard_poodle', 'timber_wolf', 'hotdog', 'rugby_ball', 'Chihuahua', 'French_bulldog', 'pretzel']

  0%|          | 0/9 [00:00<?, ?it/s]
 11%|█         | 1/9 [00:01<00:14,  1.86s/it]
 22%|██▏       | 2/9 [00:02<00:08,  1.27s/it]
 33%|███▎      | 3/9 [00:03<00:07,  1.17s/it]
 44%|████▍     | 4/9 [00:04<00:05,  1.13s/it]
 56%|█████▌    | 5/9 [00:05<00:04,  1.10s/it]
 67%|██████▋   | 6/9 [00:06<00:03,  1.09s/it]
 78%|███████▊  | 7/9 [00:08<00:02,  1.08s/it]
 89%|████████▉ | 8/9 [00:08<00:00,  1.04it/s]
100%|██████████| 9/9 [00:10<00:00,  1.27s/it]
100%|██████████| 9/9 [00:10<00:00,  1.19s/it]

  0%|          | 0/84 [00:00<?, ?it/s]
  1%|          | 1/84 [00:00<01:20,  1.03it/s]
  2%|▏         | 2/84 [00:01<01:18,  1.04it/s]
  4%|▎         | 3/84 [00:02<01:18,  1.04it/s]
  5%|▍         | 4/84 [00:03<01:10,  1.13it/s]
  6%|▌         | 5/84 [00:04<01:12,  1.08it/s]
  7%|▋         | 6/84 [00:05<01:08,  1.14it/s]
  8%|▊         | 7/84 [00:06<01:10,  1.09it/s]
 10%|▉         | 8/84 [00:08<01:28,  1.16s/it]
 11%|█         | 9/84 [00:09<01:22,  1.10s/it]
 12%|█▏        | 10/84 [00:09<01:13,  1.01it/s]
 13%|█▎        | 11/84 [00:10<01:09,  1.06it/s]
 14%|█▍        | 12/84 [00:11<01:08,  1.06it/s]
 15%|█▌        | 13/84 [00:12<01:07,  1.05it/s]
 17%|█▋        | 14/84 [00:13<01:09,  1.01it/s]
 18%|█▊        | 15/84 [00:14<01:08,  1.01it/s]
 19%|█▉        | 16/84 [00:15<01:04,  1.05it/s]
 20%|██        | 17/84 [00:17<01:16,  1.15s/it]
 21%|██▏       | 18/84 [00:18<01:16,  1.16s/it]
 23%|██▎       | 19/84 [00:19<01:10,  1.08s/it]
 24%|██▍       | 20/84 [00:20<01:06,  1.03s/it]
 25%|██▌       | 21/84 [00:21<01:06,  1.05s/it]
 26%|██▌       | 22/84 [00:22<01:00,  1.02it/s]
 27%|██▋       | 23/84 [00:23<01:00,  1.01it/s]
 29%|██▊       | 24/84 [00:23<00:58,  1.02it/s]
 30%|██▉       | 25/84 [00:25<01:13,  1.24s/it]
 31%|███       | 26/84 [00:26<01:04,  1.11s/it]
 32%|███▏      | 27/84 [00:27<01:01,  1.07s/it]
 33%|███▎      | 28/84 [00:28<01:02,  1.11s/it]
 35%|███▍      | 29/84 [00:29<00:59,  1.07s/it]
 36%|███▌      | 30/84 [00:30<00:55,  1.03s/it]
 37%|███▋      | 31/84 [00:31<00:53,  1.01s/it]
 38%|███▊      | 32/84 [00:32<00:52,  1.01s/it]
 39%|███▉      | 33/84 [00:34<00:59,  1.17s/it]
 40%|████      | 34/84 [00:35<00:58,  1.17s/it]
 42%|████▏     | 35/84 [00:36<00:55,  1.13s/it]
 43%|████▎     | 36/84 [00:37<00:53,  1.11s/it]
 44%|████▍     | 37/84 [00:38<00:50,  1.07s/it]
 45%|████▌     | 38/84 [00:39<00:48,  1.05s/it]
 46%|████▋     | 39/84 [00:40<00:47,  1.06s/it]
 48%|████▊     | 40/84 [00:41<00:43,  1.01it/s]
 49%|████▉     | 41/84 [00:42<00:44,  1.03s/it]
 50%|█████     | 42/84 [00:43<00:46,  1.11s/it]
 51%|█████     | 43/84 [00:44<00:45,  1.10s/it]
 52%|█████▏    | 44/84 [00:45<00:41,  1.04s/it]
 54%|█████▎    | 45/84 [00:46<00:41,  1.05s/it]
 55%|█████▍    | 46/84 [00:47<00:39,  1.04s/it]
 56%|█████▌    | 47/84 [00:48<00:37,  1.02s/it]
 57%|█████▋    | 48/84 [00:49<00:36,  1.01s/it]
 58%|█████▊    | 49/84 [00:50<00:32,  1.09it/s]
 60%|█████▉    | 50/84 [00:51<00:29,  1.14it/s]
 61%|██████    | 51/84 [00:52<00:27,  1.21it/s]
 62%|██████▏   | 52/84 [00:52<00:25,  1.27it/s]
 63%|██████▎   | 53/84 [00:53<00:23,  1.31it/s]
 64%|██████▍   | 54/84 [00:54<00:22,  1.36it/s]
 65%|██████▌   | 55/84 [00:54<00:21,  1.36it/s]
 67%|██████▋   | 56/84 [00:55<00:21,  1.32it/s]
 68%|██████▊   | 57/84 [00:56<00:19,  1.38it/s]
 69%|██████▉   | 58/84 [00:57<00:18,  1.37it/s]
 70%|███████   | 59/84 [00:58<00:20,  1.24it/s]
 71%|███████▏  | 60/84 [00:58<00:18,  1.27it/s]
 73%|███████▎  | 61/84 [00:59<00:17,  1.31it/s]
 74%|███████▍  | 62/84 [01:00<00:19,  1.13it/s]
 75%|███████▌  | 63/84 [01:01<00:17,  1.18it/s]
 76%|███████▌  | 64/84 [01:02<00:16,  1.18it/s]
 77%|███████▋  | 65/84 [01:03<00:17,  1.11it/s]
 79%|███████▊  | 66/84 [01:03<00:14,  1.21it/s]
 80%|███████▉  | 67/84 [01:04<00:13,  1.29it/s]
 81%|████████  | 68/84 [01:05<00:11,  1.34it/s]
 82%|████████▏ | 69/84 [01:06<00:10,  1.38it/s]
 83%|████████▎ | 70/84 [01:06<00:09,  1.42it/s]
 85%|████████▍ | 71/84 [01:07<00:09,  1.43it/s]
 86%|████████▌ | 72/84 [01:08<00:08,  1.46it/s]
 87%|████████▋ | 73/84 [01:08<00:07,  1.39it/s]
 88%|████████▊ | 74/84 [01:09<00:07,  1.35it/s]
 89%|████████▉ | 75/84 [01:10<00:06,  1.40it/s]
 90%|█████████ | 76/84 [01:10<00:05,  1.40it/s]
 92%|█████████▏| 77/84 [01:11<00:04,  1.43it/s]
 93%|█████████▎| 78/84 [01:12<00:04,  1.42it/s]
 94%|█████████▍| 79/84 [01:13<00:03,  1.43it/s]
 95%|█████████▌| 80/84 [01:13<00:02,  1.39it/s]
 96%|█████████▋| 81/84 [01:14<00:02,  1.42it/s]
 98%|█████████▊| 82/84 [01:15<00:01,  1.41it/s]
 99%|█████████▉| 83/84 [01:15<00:00,  1.44it/s]
100%|██████████| 84/84 [01:16<00:00,  1.46it/s]
100%|██████████| 84/84 [01:16<00:00,  1.10it/s]
Evaluation for task 9 has started.
['scorpion', 'ice_cream', 'Pomeranian', 'German_shepherd', 'ostrich', 'boxer', 'cannon', 'common_iguana', 'basketball', 'bow_tie']

  0%|          | 0/10 [00:00<?, ?it/s]
 10%|█         | 1/10 [00:01<00:16,  1.81s/it]
 20%|██        | 2/10 [00:02<00:10,  1.26s/it]
 30%|███       | 3/10 [00:03<00:08,  1.17s/it]
 40%|████      | 4/10 [00:04<00:06,  1.13s/it]
 50%|█████     | 5/10 [00:05<00:05,  1.10s/it]
 60%|██████    | 6/10 [00:06<00:04,  1.09s/it]
 70%|███████   | 7/10 [00:07<00:03,  1.08s/it]
 80%|████████  | 8/10 [00:09<00:02,  1.08s/it]
 90%|█████████ | 9/10 [00:09<00:01,  1.02s/it]
100%|██████████| 10/10 [00:11<00:00,  1.30s/it]
100%|██████████| 10/10 [00:11<00:00,  1.19s/it]

  0%|          | 0/89 [00:00<?, ?it/s]
  1%|          | 1/89 [00:00<01:00,  1.45it/s]
  2%|▏         | 2/89 [00:01<01:00,  1.45it/s]
  3%|▎         | 3/89 [00:01<00:56,  1.52it/s]
  4%|▍         | 4/89 [00:02<00:56,  1.50it/s]
  6%|▌         | 5/89 [00:03<00:55,  1.51it/s]
  7%|▋         | 6/89 [00:04<00:57,  1.44it/s]
  8%|▊         | 7/89 [00:04<00:56,  1.45it/s]
  9%|▉         | 8/89 [00:05<01:00,  1.35it/s]
 10%|█         | 9/89 [00:06<01:02,  1.27it/s]
 11%|█         | 10/89 [00:07<00:58,  1.34it/s]
 12%|█▏        | 11/89 [00:07<00:56,  1.39it/s]
 13%|█▎        | 12/89 [00:08<00:55,  1.40it/s]
 15%|█▍        | 13/89 [00:09<00:52,  1.45it/s]
 16%|█▌        | 14/89 [00:09<00:51,  1.46it/s]
 17%|█▋        | 15/89 [00:10<00:51,  1.44it/s]
 18%|█▊        | 16/89 [00:11<00:52,  1.38it/s]
 19%|█▉        | 17/89 [00:12<00:52,  1.38it/s]
 20%|██        | 18/89 [00:12<00:51,  1.37it/s]
 21%|██▏       | 19/89 [00:13<00:52,  1.33it/s]
 22%|██▏       | 20/89 [00:14<00:56,  1.22it/s]
 24%|██▎       | 21/89 [00:15<00:54,  1.25it/s]
 25%|██▍       | 22/89 [00:16<00:53,  1.26it/s]
 26%|██▌       | 23/89 [00:16<00:51,  1.28it/s]
 27%|██▋       | 24/89 [00:17<00:50,  1.28it/s]
 28%|██▊       | 25/89 [00:18<00:50,  1.27it/s]
 29%|██▉       | 26/89 [00:19<00:51,  1.23it/s]
 30%|███       | 27/89 [00:20<00:49,  1.26it/s]
 31%|███▏      | 28/89 [00:20<00:47,  1.28it/s]
 33%|███▎      | 29/89 [00:21<00:47,  1.28it/s]
 34%|███▎      | 30/89 [00:22<00:49,  1.18it/s]
 35%|███▍      | 31/89 [00:23<00:49,  1.17it/s]
 36%|███▌      | 32/89 [00:24<00:51,  1.11it/s]
 37%|███▋      | 33/89 [00:25<00:48,  1.15it/s]
 38%|███▊      | 34/89 [00:26<00:47,  1.17it/s]
 39%|███▉      | 35/89 [00:26<00:43,  1.25it/s]
 40%|████      | 36/89 [00:27<00:41,  1.29it/s]
 42%|████▏     | 37/89 [00:28<00:44,  1.17it/s]
 43%|████▎     | 38/89 [00:29<00:41,  1.23it/s]
 44%|████▍     | 39/89 [00:29<00:38,  1.30it/s]
 45%|████▍     | 40/89 [00:30<00:36,  1.34it/s]
 46%|████▌     | 41/89 [00:31<00:36,  1.32it/s]
 47%|████▋     | 42/89 [00:32<00:36,  1.28it/s]
 48%|████▊     | 43/89 [00:32<00:34,  1.33it/s]
 49%|████▉     | 44/89 [00:33<00:33,  1.33it/s]
 51%|█████     | 45/89 [00:34<00:32,  1.35it/s]
 52%|█████▏    | 46/89 [00:35<00:33,  1.27it/s]
 53%|█████▎    | 47/89 [00:35<00:31,  1.33it/s]
 54%|█████▍    | 48/89 [00:36<00:32,  1.26it/s]
 55%|█████▌    | 49/89 [00:37<00:31,  1.26it/s]
 56%|█████▌    | 50/89 [00:38<00:31,  1.24it/s]
 57%|█████▋    | 51/89 [00:39<00:29,  1.28it/s]
 58%|█████▊    | 52/89 [00:39<00:28,  1.31it/s]
 60%|█████▉    | 53/89 [00:40<00:27,  1.32it/s]
 61%|██████    | 54/89 [00:41<00:25,  1.35it/s]
 62%|██████▏   | 55/89 [00:42<00:25,  1.34it/s]
 63%|██████▎   | 56/89 [00:42<00:25,  1.31it/s]
 64%|██████▍   | 57/89 [00:43<00:24,  1.33it/s]
 65%|██████▌   | 58/89 [00:44<00:22,  1.36it/s]
 66%|██████▋   | 59/89 [00:45<00:21,  1.38it/s]
 67%|██████▋   | 60/89 [00:46<00:23,  1.24it/s]
 69%|██████▊   | 61/89 [00:46<00:22,  1.24it/s]
 70%|██████▉   | 62/89 [00:47<00:21,  1.25it/s]
 71%|███████   | 63/89 [00:48<00:20,  1.27it/s]
 72%|███████▏  | 64/89 [00:49<00:20,  1.24it/s]
 73%|███████▎  | 65/89 [00:50<00:19,  1.25it/s]
 74%|███████▍  | 66/89 [00:50<00:18,  1.22it/s]
 75%|███████▌  | 67/89 [00:51<00:17,  1.24it/s]
 76%|███████▋  | 68/89 [00:52<00:17,  1.21it/s]
 78%|███████▊  | 69/89 [00:53<00:16,  1.20it/s]
 79%|███████▊  | 70/89 [00:54<00:15,  1.26it/s]
 80%|███████▉  | 71/89 [00:54<00:13,  1.30it/s]
 81%|████████  | 72/89 [00:55<00:12,  1.31it/s]
 82%|████████▏ | 73/89 [00:56<00:11,  1.34it/s]
 83%|████████▎ | 74/89 [00:56<00:10,  1.37it/s]
 84%|████████▍ | 75/89 [00:57<00:11,  1.26it/s]
 85%|████████▌ | 76/89 [00:58<00:11,  1.15it/s]
 87%|████████▋ | 77/89 [00:59<00:09,  1.21it/s]
 88%|████████▊ | 78/89 [01:00<00:10,  1.10it/s]
 89%|████████▉ | 79/89 [01:01<00:09,  1.01it/s]
 90%|████████▉ | 80/89 [01:02<00:08,  1.11it/s]
 91%|█████████ | 81/89 [01:03<00:07,  1.10it/s]
 92%|█████████▏| 82/89 [01:04<00:06,  1.10it/s]
 93%|█████████▎| 83/89 [01:05<00:06,  1.00s/it]
 94%|█████████▍| 84/89 [01:06<00:05,  1.02s/it]
 96%|█████████▌| 85/89 [01:07<00:04,  1.05s/it]
 97%|█████████▋| 86/89 [01:09<00:03,  1.14s/it]
 98%|█████████▊| 87/89 [01:10<00:02,  1.12s/it]
 99%|█████████▉| 88/89 [01:11<00:01,  1.00s/it]
100%|██████████| 89/89 [01:11<00:00,  1.11it/s]
100%|██████████| 89/89 [01:11<00:00,  1.24it/s]
Evaluation for task 10 has started.
['llama', 'tank', 'harmonica', 'pirate', 'skunk', 'cocker_spaniel', 'bee', 'Saint_Bernard', 'missile', 'ballplayer']

  0%|          | 0/11 [00:00<?, ?it/s]
  9%|▉         | 1/11 [00:01<00:16,  1.60s/it]
 18%|█▊        | 2/11 [00:02<00:10,  1.17s/it]
 27%|██▋       | 3/11 [00:03<00:08,  1.12s/it]
 36%|███▋      | 4/11 [00:04<00:07,  1.10s/it]
 45%|████▌     | 5/11 [00:05<00:06,  1.09s/it]
 55%|█████▍    | 6/11 [00:06<00:05,  1.08s/it]
 64%|██████▎   | 7/11 [00:07<00:04,  1.07s/it]
 73%|███████▎  | 8/11 [00:08<00:03,  1.07s/it]
 82%|████████▏ | 9/11 [00:09<00:02,  1.06s/it]
 91%|█████████ | 10/11 [00:10<00:01,  1.02s/it]
100%|██████████| 11/11 [00:12<00:00,  1.29s/it]
100%|██████████| 11/11 [00:12<00:00,  1.16s/it]

  0%|          | 0/94 [00:00<?, ?it/s]
  1%|          | 1/94 [00:00<01:18,  1.18it/s]
  2%|▏         | 2/94 [00:01<01:31,  1.00it/s]
  3%|▎         | 3/94 [00:02<01:21,  1.11it/s]
  4%|▍         | 4/94 [00:03<01:25,  1.06it/s]
  5%|▌         | 5/94 [00:05<01:39,  1.12s/it]
  6%|▋         | 6/94 [00:06<01:40,  1.14s/it]
  7%|▋         | 7/94 [00:07<01:32,  1.06s/it]
  9%|▊         | 8/94 [00:08<01:33,  1.09s/it]
 10%|▉         | 9/94 [00:09<01:31,  1.08s/it]
 11%|█         | 10/94 [00:10<01:21,  1.04it/s]
 12%|█▏        | 11/94 [00:11<01:22,  1.00it/s]
 13%|█▎        | 12/94 [00:12<01:19,  1.03it/s]
 14%|█▍        | 13/94 [00:13<01:18,  1.03it/s]
 15%|█▍        | 14/94 [00:14<01:20,  1.01s/it]
 16%|█▌        | 15/94 [00:15<01:19,  1.01s/it]
 17%|█▋        | 16/94 [00:16<01:15,  1.03it/s]
 18%|█▊        | 17/94 [00:17<01:27,  1.13s/it]
 19%|█▉        | 18/94 [00:18<01:19,  1.04s/it]
 20%|██        | 19/94 [00:19<01:20,  1.07s/it]
 21%|██▏       | 20/94 [00:20<01:18,  1.06s/it]
 22%|██▏       | 21/94 [00:21<01:12,  1.00it/s]
 23%|██▎       | 22/94 [00:22<01:19,  1.11s/it]
 24%|██▍       | 23/94 [00:23<01:13,  1.04s/it]
 26%|██▌       | 24/94 [00:24<01:10,  1.01s/it]
 27%|██▋       | 25/94 [00:25<01:10,  1.03s/it]
 28%|██▊       | 26/94 [00:26<01:10,  1.04s/it]
 29%|██▊       | 27/94 [00:28<01:15,  1.12s/it]
 30%|██▉       | 28/94 [00:29<01:09,  1.06s/it]
 31%|███       | 29/94 [00:29<01:05,  1.01s/it]
 32%|███▏      | 30/94 [00:31<01:10,  1.10s/it]
 33%|███▎      | 31/94 [00:32<01:10,  1.12s/it]
 34%|███▍      | 32/94 [00:33<01:07,  1.09s/it]
 35%|███▌      | 33/94 [00:34<01:02,  1.02s/it]
 36%|███▌      | 34/94 [00:35<00:59,  1.01it/s]
 37%|███▋      | 35/94 [00:36<00:58,  1.00it/s]
 38%|███▊      | 36/94 [00:37<00:56,  1.02it/s]
 39%|███▉      | 37/94 [00:38<00:57,  1.00s/it]
 40%|████      | 38/94 [00:39<00:56,  1.00s/it]
 41%|████▏     | 39/94 [00:40<00:58,  1.06s/it]
 43%|████▎     | 40/94 [00:41<00:58,  1.07s/it]
 44%|████▎     | 41/94 [00:43<01:13,  1.38s/it]
 45%|████▍     | 42/94 [00:44<01:09,  1.33s/it]
 46%|████▌     | 43/94 [00:45<01:04,  1.26s/it]
 47%|████▋     | 44/94 [00:47<01:08,  1.37s/it]
 48%|████▊     | 45/94 [00:48<01:04,  1.31s/it]
 49%|████▉     | 46/94 [00:49<00:58,  1.22s/it]
 50%|█████     | 47/94 [00:51<00:59,  1.27s/it]
 51%|█████     | 48/94 [00:52<00:55,  1.20s/it]
 52%|█████▏    | 49/94 [00:52<00:49,  1.10s/it]
 53%|█████▎    | 50/94 [00:54<00:48,  1.10s/it]
 54%|█████▍    | 51/94 [00:55<00:47,  1.10s/it]
 55%|█████▌    | 52/94 [00:56<00:50,  1.20s/it]
 56%|█████▋    | 53/94 [00:58<00:53,  1.31s/it]
 57%|█████▋    | 54/94 [00:59<00:49,  1.25s/it]
 59%|█████▊    | 55/94 [01:00<00:46,  1.18s/it]
 60%|█████▉    | 56/94 [01:01<00:44,  1.18s/it]
 61%|██████    | 57/94 [01:02<00:43,  1.17s/it]
 62%|██████▏   | 58/94 [01:03<00:39,  1.11s/it]
 63%|██████▎   | 59/94 [01:04<00:40,  1.16s/it]
 64%|██████▍   | 60/94 [01:06<00:40,  1.18s/it]
 65%|██████▍   | 61/94 [01:07<00:36,  1.12s/it]
 66%|██████▌   | 62/94 [01:08<00:43,  1.35s/it]
 67%|██████▋   | 63/94 [01:10<00:42,  1.38s/it]
 68%|██████▊   | 64/94 [01:11<00:40,  1.34s/it]
 69%|██████▉   | 65/94 [01:12<00:37,  1.29s/it]
 70%|███████   | 66/94 [01:14<00:37,  1.35s/it]
 71%|███████▏  | 67/94 [01:15<00:36,  1.34s/it]
 72%|███████▏  | 68/94 [01:16<00:30,  1.17s/it]
 73%|███████▎  | 69/94 [01:17<00:29,  1.16s/it]
 74%|███████▍  | 70/94 [01:18<00:25,  1.06s/it]
 76%|███████▌  | 71/94 [01:19<00:24,  1.05s/it]
 77%|███████▋  | 72/94 [01:20<00:26,  1.18s/it]
 78%|███████▊  | 73/94 [01:22<00:24,  1.15s/it]
 79%|███████▊  | 74/94 [01:22<00:20,  1.03s/it]
 80%|███████▉  | 75/94 [01:23<00:19,  1.04s/it]
 81%|████████  | 76/94 [01:24<00:17,  1.01it/s]
 82%|████████▏ | 77/94 [01:25<00:17,  1.04s/it]
 83%|████████▎ | 78/94 [01:26<00:16,  1.02s/it]
 84%|████████▍ | 79/94 [01:27<00:15,  1.00s/it]
 85%|████████▌ | 80/94 [01:28<00:14,  1.00s/it]
 86%|████████▌ | 81/94 [01:29<00:12,  1.02it/s]
 87%|████████▋ | 82/94 [01:30<00:12,  1.00s/it]
 88%|████████▊ | 83/94 [01:31<00:10,  1.07it/s]
 89%|████████▉ | 84/94 [01:32<00:10,  1.02s/it]
 90%|█████████ | 85/94 [01:33<00:09,  1.04s/it]
 91%|█████████▏| 86/94 [01:34<00:07,  1.01it/s]
 93%|█████████▎| 87/94 [01:35<00:06,  1.09it/s]
 94%|█████████▎| 88/94 [01:36<00:05,  1.14it/s]
 95%|█████████▍| 89/94 [01:37<00:04,  1.17it/s]
 96%|█████████▌| 90/94 [01:37<00:03,  1.21it/s]
 97%|█████████▋| 91/94 [01:38<00:02,  1.20it/s]
 98%|█████████▊| 92/94 [01:39<00:01,  1.20it/s]
 99%|█████████▉| 93/94 [01:40<00:00,  1.27it/s]
100%|██████████| 94/94 [01:40<00:00,  1.29it/s]
100%|██████████| 94/94 [01:40<00:00,  1.07s/it]

========================================
Finished imagenet_R_init100_inc10
Backbone: OpenAI CLIP
Base Accuracy: 89.06
Last Accuracy: 82.02
Average Accuracy (Top1): 84.96
========================================

<continuum.scenarios.class_incremental.ClassIncremental object at 0x7fba858dfeb0> <continuum.scenarios.class_incremental.ClassIncremental object at 0x7fba858dfeb0>
Evaluation for task 0 has started.
['American_lobster', 'lion', 'centipede', 'vulture', 'dalmatian', 'Weimaraner', 'cellular_telephone', 'collie', 'starfish', 'goose', 'electric_guitar', 'sandal', 'bathtub', 'scuba_diver', 'Scotch_terrier', 'hog', 'American_egret', 'hummingbird', 'meerkat', 'stingray', 'chow', 'carousel', 'banana', 'hermit_crab', 'guillotine', 'ambulance', 'grasshopper', 'zebra', 'strawberry', 'stole', 'caldron', 'space_shuttle', 'bell_pepper', 'tennis_ball', 'submarine', 'fire_engine', 'bison', 'tree_frog', 'beer_glass', 'mushroom', 'pizza', 'trombone', 'golden_retriever', 'peacock', 'gorilla', 'giant_panda', 'schooner', 'bagel', 'leopard', 'mitten', 'junco', 'Siberian_husky', 'Shih-Tzu', 'toy_poodle', 'African_chameleon', 'porcupine', 'puffer', 'basset', 'Rottweiler', 'burrito', 'drake', 'jeep', 'cucumber', 'spider_web', 'lemon', 'binoculars', 'candle', 'Boston_bull', 'Pembroke', 'Yorkshire_terrier', 'lawn_mower', 'fox_squirrel', 'acorn', 'eel', 'school_bus', 'anemone_fish', 'castle', 'badger', 'pickup', 'baboon', 'pelican', 'hyena', 'ladybug', 'vase', 'Granny_Smith', 'hippopotamus', 'bloodhound', 'fly', 'parachute', 'lab_coat', 'accordion', 'tarantula', 'Labrador_retriever', 'espresso', 'hatchet', 'West_Highland_white_terrier', 'joystick', 'Afghan_hound', 'hammer', 'harp']

  0%|          | 0/88 [00:00<?, ?it/s]
  1%|          | 1/88 [00:02<03:39,  2.52s/it]
  2%|▏         | 2/88 [00:03<02:06,  1.48s/it]
  3%|▎         | 3/88 [00:04<01:53,  1.33s/it]
  5%|▍         | 4/88 [00:05<01:46,  1.26s/it]
  6%|▌         | 5/88 [00:06<01:41,  1.23s/it]
  7%|▋         | 6/88 [00:07<01:38,  1.21s/it]
  8%|▊         | 7/88 [00:09<01:36,  1.19s/it]
  9%|▉         | 8/88 [00:10<01:34,  1.18s/it]
 10%|█         | 9/88 [00:11<01:32,  1.18s/it]
 11%|█▏        | 10/88 [00:12<01:31,  1.17s/it]
 12%|█▎        | 11/88 [00:13<01:30,  1.17s/it]
 14%|█▎        | 12/88 [00:14<01:29,  1.17s/it]
 15%|█▍        | 13/88 [00:16<01:27,  1.17s/it]
 16%|█▌        | 14/88 [00:17<01:26,  1.17s/it]
 17%|█▋        | 15/88 [00:18<01:25,  1.17s/it]
 18%|█▊        | 16/88 [00:19<01:24,  1.17s/it]
 19%|█▉        | 17/88 [00:20<01:22,  1.17s/it]
 20%|██        | 18/88 [00:21<01:21,  1.17s/it]
 22%|██▏       | 19/88 [00:23<01:20,  1.17s/it]
 23%|██▎       | 20/88 [00:24<01:19,  1.17s/it]
 24%|██▍       | 21/88 [00:25<01:18,  1.17s/it]
 25%|██▌       | 22/88 [00:26<01:17,  1.17s/it]
 26%|██▌       | 23/88 [00:27<01:15,  1.17s/it]
 27%|██▋       | 24/88 [00:28<01:14,  1.17s/it]
 28%|██▊       | 25/88 [00:30<01:13,  1.17s/it]
 30%|██▉       | 26/88 [00:31<01:12,  1.17s/it]
 31%|███       | 27/88 [00:32<01:11,  1.17s/it]
 32%|███▏      | 28/88 [00:33<01:10,  1.17s/it]
 33%|███▎      | 29/88 [00:34<01:08,  1.17s/it]
 34%|███▍      | 30/88 [00:35<01:08,  1.17s/it]
 35%|███▌      | 31/88 [00:37<01:06,  1.17s/it]
 36%|███▋      | 32/88 [00:38<01:05,  1.17s/it]
 38%|███▊      | 33/88 [00:39<01:04,  1.17s/it]
 39%|███▊      | 34/88 [00:40<01:03,  1.17s/it]
 40%|███▉      | 35/88 [00:41<01:02,  1.17s/it]
 41%|████      | 36/88 [00:42<01:01,  1.17s/it]
 42%|████▏     | 37/88 [00:44<00:59,  1.17s/it]
 43%|████▎     | 38/88 [00:45<00:58,  1.17s/it]
 44%|████▍     | 39/88 [00:46<00:57,  1.17s/it]
 45%|████▌     | 40/88 [00:47<00:56,  1.17s/it]
 47%|████▋     | 41/88 [00:48<00:54,  1.17s/it]
 48%|████▊     | 42/88 [00:50<00:53,  1.17s/it]
 49%|████▉     | 43/88 [00:51<00:52,  1.17s/it]
 50%|█████     | 44/88 [00:52<00:51,  1.17s/it]
 51%|█████     | 45/88 [00:53<00:50,  1.17s/it]
 52%|█████▏    | 46/88 [00:54<00:48,  1.17s/it]
 53%|█████▎    | 47/88 [00:55<00:47,  1.17s/it]
 55%|█████▍    | 48/88 [00:57<00:46,  1.17s/it]
 56%|█████▌    | 49/88 [00:58<00:45,  1.17s/it]
 57%|█████▋    | 50/88 [00:59<00:44,  1.17s/it]
 58%|█████▊    | 51/88 [01:00<00:43,  1.17s/it]
 59%|█████▉    | 52/88 [01:01<00:41,  1.16s/it]
 60%|██████    | 53/88 [01:02<00:40,  1.16s/it]
 61%|██████▏   | 54/88 [01:03<00:39,  1.16s/it]
 62%|██████▎   | 55/88 [01:05<00:38,  1.17s/it]
 64%|██████▎   | 56/88 [01:06<00:37,  1.17s/it]
 65%|██████▍   | 57/88 [01:07<00:36,  1.17s/it]
 66%|██████▌   | 58/88 [01:08<00:35,  1.17s/it]
 67%|██████▋   | 59/88 [01:09<00:33,  1.17s/it]
 68%|██████▊   | 60/88 [01:11<00:32,  1.17s/it]
 69%|██████▉   | 61/88 [01:12<00:31,  1.17s/it]
 70%|███████   | 62/88 [01:13<00:30,  1.17s/it]
 72%|███████▏  | 63/88 [01:14<00:29,  1.17s/it]
 73%|███████▎  | 64/88 [01:15<00:28,  1.17s/it]
 74%|███████▍  | 65/88 [01:16<00:27,  1.18s/it]
 75%|███████▌  | 66/88 [01:18<00:25,  1.18s/it]
 76%|███████▌  | 67/88 [01:19<00:24,  1.18s/it]
 77%|███████▋  | 68/88 [01:20<00:23,  1.18s/it]
 78%|███████▊  | 69/88 [01:21<00:22,  1.17s/it]
 80%|███████▉  | 70/88 [01:22<00:21,  1.17s/it]
 81%|████████  | 71/88 [01:23<00:19,  1.17s/it]
 82%|████████▏ | 72/88 [01:25<00:18,  1.17s/it]
 83%|████████▎ | 73/88 [01:26<00:17,  1.17s/it]
 84%|████████▍ | 74/88 [01:27<00:16,  1.17s/it]
 85%|████████▌ | 75/88 [01:28<00:15,  1.18s/it]
 86%|████████▋ | 76/88 [01:29<00:14,  1.18s/it]
 88%|████████▊ | 77/88 [01:31<00:12,  1.18s/it]
 89%|████████▊ | 78/88 [01:32<00:11,  1.18s/it]
 90%|████████▉ | 79/88 [01:33<00:10,  1.18s/it]
 91%|█████████ | 80/88 [01:34<00:09,  1.18s/it]
 92%|█████████▏| 81/88 [01:35<00:08,  1.18s/it]
 93%|█████████▎| 82/88 [01:36<00:07,  1.17s/it]
 94%|█████████▍| 83/88 [01:38<00:05,  1.18s/it]
 95%|█████████▌| 84/88 [01:39<00:04,  1.18s/it]
 97%|█████████▋| 85/88 [01:40<00:03,  1.18s/it]
 98%|█████████▊| 86/88 [01:41<00:02,  1.18s/it]
 99%|█████████▉| 87/88 [01:42<00:01,  1.15s/it]
100%|██████████| 88/88 [01:44<00:00,  1.41s/it]
100%|██████████| 88/88 [01:44<00:00,  1.19s/it]

  0%|          | 0/44 [00:00<?, ?it/s]
  2%|▏         | 1/44 [00:01<00:47,  1.10s/it]
  5%|▍         | 2/44 [00:02<00:47,  1.14s/it]
  7%|▋         | 3/44 [00:03<00:39,  1.05it/s]
  9%|▉         | 4/44 [00:03<00:38,  1.04it/s]
 11%|█▏        | 5/44 [00:05<00:38,  1.01it/s]
 14%|█▎        | 6/44 [00:05<00:36,  1.05it/s]
 16%|█▌        | 7/44 [00:06<00:34,  1.08it/s]
 18%|█▊        | 8/44 [00:07<00:31,  1.14it/s]
 20%|██        | 9/44 [00:08<00:30,  1.16it/s]
 23%|██▎       | 10/44 [00:09<00:35,  1.04s/it]
 25%|██▌       | 11/44 [00:11<00:41,  1.25s/it]
 27%|██▋       | 12/44 [00:12<00:37,  1.19s/it]
 30%|██▉       | 13/44 [00:13<00:35,  1.13s/it]
 32%|███▏      | 14/44 [00:14<00:33,  1.13s/it]
 34%|███▍      | 15/44 [00:15<00:32,  1.11s/it]
 36%|███▋      | 16/44 [00:16<00:31,  1.14s/it]
 39%|███▊      | 17/44 [00:18<00:30,  1.14s/it]
 41%|████      | 18/44 [00:19<00:29,  1.14s/it]
 43%|████▎     | 19/44 [00:19<00:25,  1.01s/it]
 45%|████▌     | 20/44 [00:21<00:24,  1.04s/it]
 48%|████▊     | 21/44 [00:21<00:22,  1.04it/s]
 50%|█████     | 22/44 [00:22<00:22,  1.02s/it]
 52%|█████▏    | 23/44 [00:24<00:23,  1.13s/it]
 55%|█████▍    | 24/44 [00:25<00:22,  1.11s/it]
 57%|█████▋    | 25/44 [00:26<00:21,  1.12s/it]
 59%|█████▉    | 26/44 [00:27<00:19,  1.11s/it]
 61%|██████▏   | 27/44 [00:28<00:17,  1.00s/it]
 64%|██████▎   | 28/44 [00:29<00:16,  1.04s/it]
 66%|██████▌   | 29/44 [00:30<00:15,  1.06s/it]
 68%|██████▊   | 30/44 [00:31<00:14,  1.04s/it]
 70%|███████   | 31/44 [00:32<00:12,  1.02it/s]
 73%|███████▎  | 32/44 [00:33<00:11,  1.06it/s]
 75%|███████▌  | 33/44 [00:34<00:10,  1.05it/s]
 77%|███████▋  | 34/44 [00:35<00:09,  1.11it/s]
 80%|███████▉  | 35/44 [00:35<00:07,  1.20it/s]
 82%|████████▏ | 36/44 [00:36<00:06,  1.22it/s]
 84%|████████▍ | 37/44 [00:37<00:06,  1.13it/s]
 86%|████████▋ | 38/44 [00:39<00:06,  1.09s/it]
 89%|████████▊ | 39/44 [00:40<00:05,  1.05s/it]
 91%|█████████ | 40/44 [00:41<00:04,  1.09s/it]
 93%|█████████▎| 41/44 [00:42<00:03,  1.07s/it]
 95%|█████████▌| 42/44 [00:43<00:02,  1.01s/it]
 98%|█████████▊| 43/44 [00:44<00:00,  1.00it/s]
100%|██████████| 44/44 [00:44<00:00,  1.18it/s]
100%|██████████| 44/44 [00:44<00:00,  1.02s/it]
Evaluation for task 1 has started.
['gibbon', 'common_newt', 'toucan', 'backpack', 'shield', 'Italian_greyhound', 'great_white_shark', 'king_penguin', 'cowboy_hat', 'koala', 'broccoli', 'hen', 'dragonfly', 'grand_piano', 'whippet', 'guinea_pig', 'jellyfish', 'ant', 'canoe', 'orangutan']

  0%|          | 0/22 [00:00<?, ?it/s]
  5%|▍         | 1/22 [00:01<00:36,  1.75s/it]
  9%|▉         | 2/22 [00:02<00:24,  1.23s/it]
 14%|█▎        | 3/22 [00:03<00:21,  1.15s/it]
 18%|█▊        | 4/22 [00:04<00:20,  1.12s/it]
 23%|██▎       | 5/22 [00:05<00:18,  1.10s/it]
 27%|██▋       | 6/22 [00:06<00:17,  1.09s/it]
 32%|███▏      | 7/22 [00:07<00:16,  1.08s/it]
 36%|███▋      | 8/22 [00:08<00:15,  1.07s/it]
 41%|████      | 9/22 [00:10<00:13,  1.07s/it]
 45%|████▌     | 10/22 [00:11<00:12,  1.07s/it]
 50%|█████     | 11/22 [00:12<00:11,  1.07s/it]
 55%|█████▍    | 12/22 [00:13<00:10,  1.06s/it]
 59%|█████▉    | 13/22 [00:14<00:09,  1.06s/it]
 64%|██████▎   | 14/22 [00:15<00:08,  1.06s/it]
 68%|██████▊   | 15/22 [00:16<00:07,  1.06s/it]
 73%|███████▎  | 16/22 [00:17<00:06,  1.06s/it]
 77%|███████▋  | 17/22 [00:18<00:05,  1.06s/it]
 82%|████████▏ | 18/22 [00:19<00:04,  1.06s/it]
 86%|████████▋ | 19/22 [00:20<00:03,  1.05s/it]
 91%|█████████ | 20/22 [00:21<00:02,  1.06s/it]
 95%|█████████▌| 21/22 [00:22<00:01,  1.02s/it]
100%|██████████| 22/22 [00:24<00:00,  1.33s/it]
100%|██████████| 22/22 [00:24<00:00,  1.12s/it]

  0%|          | 0/54 [00:00<?, ?it/s]
  2%|▏         | 1/54 [00:01<00:54,  1.02s/it]
  4%|▎         | 2/54 [00:02<00:53,  1.03s/it]
  6%|▌         | 3/54 [00:03<00:52,  1.02s/it]
  7%|▋         | 4/54 [00:04<00:50,  1.01s/it]
  9%|▉         | 5/54 [00:04<00:45,  1.09it/s]
 11%|█         | 6/54 [00:05<00:40,  1.20it/s]
 13%|█▎        | 7/54 [00:06<00:41,  1.14it/s]
 15%|█▍        | 8/54 [00:07<00:41,  1.10it/s]
 17%|█▋        | 9/54 [00:08<00:42,  1.06it/s]
 19%|█▊        | 10/54 [00:09<00:39,  1.12it/s]
 20%|██        | 11/54 [00:10<00:37,  1.16it/s]
 22%|██▏       | 12/54 [00:10<00:35,  1.17it/s]
 24%|██▍       | 13/54 [00:11<00:32,  1.26it/s]
 26%|██▌       | 14/54 [00:12<00:29,  1.34it/s]
 28%|██▊       | 15/54 [00:12<00:28,  1.37it/s]
 30%|██▉       | 16/54 [00:13<00:30,  1.26it/s]
 31%|███▏      | 17/54 [00:14<00:27,  1.36it/s]
 33%|███▎      | 18/54 [00:15<00:26,  1.36it/s]
 35%|███▌      | 19/54 [00:15<00:25,  1.36it/s]
 37%|███▋      | 20/54 [00:16<00:23,  1.43it/s]
 39%|███▉      | 21/54 [00:17<00:23,  1.43it/s]
 41%|████      | 22/54 [00:17<00:23,  1.37it/s]
 43%|████▎     | 23/54 [00:18<00:21,  1.43it/s]
 44%|████▍     | 24/54 [00:19<00:20,  1.43it/s]
 46%|████▋     | 25/54 [00:19<00:20,  1.44it/s]
 48%|████▊     | 26/54 [00:20<00:18,  1.49it/s]
 50%|█████     | 27/54 [00:21<00:17,  1.51it/s]
 52%|█████▏    | 28/54 [00:22<00:18,  1.40it/s]
 54%|█████▎    | 29/54 [00:22<00:17,  1.41it/s]
 56%|█████▌    | 30/54 [00:23<00:16,  1.45it/s]
 57%|█████▋    | 31/54 [00:24<00:16,  1.42it/s]
 59%|█████▉    | 32/54 [00:24<00:15,  1.45it/s]
 61%|██████    | 33/54 [00:25<00:14,  1.49it/s]
 63%|██████▎   | 34/54 [00:26<00:13,  1.51it/s]
 65%|██████▍   | 35/54 [00:26<00:12,  1.50it/s]
 67%|██████▋   | 36/54 [00:27<00:12,  1.44it/s]
 69%|██████▊   | 37/54 [00:28<00:11,  1.42it/s]
 70%|███████   | 38/54 [00:29<00:11,  1.34it/s]
 72%|███████▏  | 39/54 [00:29<00:11,  1.36it/s]
 74%|███████▍  | 40/54 [00:30<00:09,  1.40it/s]
 76%|███████▌  | 41/54 [00:31<00:10,  1.30it/s]
 78%|███████▊  | 42/54 [00:32<00:09,  1.30it/s]
 80%|███████▉  | 43/54 [00:32<00:08,  1.34it/s]
 81%|████████▏ | 44/54 [00:33<00:07,  1.38it/s]
 83%|████████▎ | 45/54 [00:34<00:06,  1.44it/s]
 85%|████████▌ | 46/54 [00:34<00:05,  1.47it/s]
 87%|████████▋ | 47/54 [00:35<00:04,  1.44it/s]
 89%|████████▉ | 48/54 [00:36<00:04,  1.41it/s]
 91%|█████████ | 49/54 [00:36<00:03,  1.39it/s]
 93%|█████████▎| 50/54 [00:37<00:02,  1.41it/s]
 94%|█████████▍| 51/54 [00:38<00:02,  1.44it/s]
 96%|█████████▋| 52/54 [00:39<00:01,  1.43it/s]
 98%|█████████▊| 53/54 [00:39<00:00,  1.44it/s]
100%|██████████| 54/54 [00:40<00:00,  1.55it/s]
100%|██████████| 54/54 [00:40<00:00,  1.34it/s]
Evaluation for task 2 has started.
['bucket', 'gasmask', 'grey_whale', 'birdhouse', 'pineapple', 'chimpanzee', 'red_fox', 'monarch', 'tiger', 'revolver', 'cheeseburger', 'wine_bottle', 'black_swan', 'sea_lion', 'flute', 'goldfinch', 'Indian_cobra', 'warplane', 'pomegranate', 'pug']

  0%|          | 0/23 [00:00<?, ?it/s]
  4%|▍         | 1/23 [00:01<00:38,  1.74s/it]
  9%|▊         | 2/23 [00:02<00:25,  1.22s/it]
 13%|█▎        | 3/23 [00:03<00:23,  1.15s/it]
 17%|█▋        | 4/23 [00:04<00:21,  1.12s/it]
 22%|██▏       | 5/23 [00:05<00:19,  1.10s/it]
 26%|██▌       | 6/23 [00:06<00:18,  1.09s/it]
 30%|███       | 7/23 [00:07<00:17,  1.08s/it]
 35%|███▍      | 8/23 [00:08<00:16,  1.07s/it]
 39%|███▉      | 9/23 [00:10<00:14,  1.06s/it]
 43%|████▎     | 10/23 [00:11<00:13,  1.06s/it]
 48%|████▊     | 11/23 [00:12<00:12,  1.06s/it]
 52%|█████▏    | 12/23 [00:13<00:11,  1.06s/it]
 57%|█████▋    | 13/23 [00:14<00:10,  1.06s/it]
 61%|██████    | 14/23 [00:15<00:09,  1.06s/it]
 65%|██████▌   | 15/23 [00:16<00:08,  1.06s/it]
 70%|██████▉   | 16/23 [00:17<00:07,  1.06s/it]
 74%|███████▍  | 17/23 [00:18<00:06,  1.06s/it]
 78%|███████▊  | 18/23 [00:19<00:05,  1.06s/it]
 83%|████████▎ | 19/23 [00:20<00:04,  1.06s/it]
 87%|████████▋ | 20/23 [00:21<00:03,  1.06s/it]
 91%|█████████▏| 21/23 [00:22<00:02,  1.06s/it]
 96%|█████████▌| 22/23 [00:23<00:00,  1.10it/s]
100%|██████████| 23/23 [00:25<00:00,  1.21s/it]
100%|██████████| 23/23 [00:25<00:00,  1.10s/it]

  0%|          | 0/64 [00:00<?, ?it/s]
  2%|▏         | 1/64 [00:00<00:41,  1.51it/s]
  3%|▎         | 2/64 [00:01<00:43,  1.41it/s]
  5%|▍         | 3/64 [00:02<00:45,  1.33it/s]
  6%|▋         | 4/64 [00:02<00:45,  1.31it/s]
  8%|▊         | 5/64 [00:03<00:42,  1.38it/s]
  9%|▉         | 6/64 [00:04<00:40,  1.44it/s]
 11%|█         | 7/64 [00:04<00:39,  1.44it/s]
 12%|█▎        | 8/64 [00:05<00:40,  1.40it/s]
 14%|█▍        | 9/64 [00:06<00:37,  1.45it/s]
 16%|█▌        | 10/64 [00:07<00:36,  1.48it/s]
 17%|█▋        | 11/64 [00:07<00:36,  1.46it/s]
 19%|█▉        | 12/64 [00:08<00:34,  1.49it/s]
 20%|██        | 13/64 [00:09<00:37,  1.37it/s]
 22%|██▏       | 14/64 [00:10<00:40,  1.23it/s]
 23%|██▎       | 15/64 [00:10<00:38,  1.26it/s]
 25%|██▌       | 16/64 [00:11<00:37,  1.26it/s]
 27%|██▋       | 17/64 [00:12<00:36,  1.27it/s]
 28%|██▊       | 18/64 [00:13<00:37,  1.23it/s]
 30%|██▉       | 19/64 [00:14<00:35,  1.28it/s]
 31%|███▏      | 20/64 [00:14<00:32,  1.35it/s]
 33%|███▎      | 21/64 [00:15<00:31,  1.38it/s]
 34%|███▍      | 22/64 [00:16<00:31,  1.34it/s]
 36%|███▌      | 23/64 [00:16<00:30,  1.36it/s]
 38%|███▊      | 24/64 [00:17<00:30,  1.32it/s]
 39%|███▉      | 25/64 [00:18<00:33,  1.17it/s]
 41%|████      | 26/64 [00:19<00:33,  1.13it/s]
 42%|████▏     | 27/64 [00:21<00:38,  1.05s/it]
 44%|████▍     | 28/64 [00:21<00:34,  1.04it/s]
 45%|████▌     | 29/64 [00:23<00:35,  1.00s/it]
 47%|████▋     | 30/64 [00:24<00:34,  1.01s/it]
 48%|████▊     | 31/64 [00:24<00:32,  1.03it/s]
 50%|█████     | 32/64 [00:26<00:37,  1.16s/it]
 52%|█████▏    | 33/64 [00:27<00:37,  1.20s/it]
 53%|█████▎    | 34/64 [00:29<00:35,  1.18s/it]
 55%|█████▍    | 35/64 [00:30<00:32,  1.13s/it]
 56%|█████▋    | 36/64 [00:31<00:31,  1.11s/it]
 58%|█████▊    | 37/64 [00:32<00:28,  1.07s/it]
 59%|█████▉    | 38/64 [00:33<00:27,  1.08s/it]
 61%|██████    | 39/64 [00:34<00:26,  1.05s/it]
 62%|██████▎   | 40/64 [00:34<00:23,  1.01it/s]
 64%|██████▍   | 41/64 [00:36<00:26,  1.15s/it]
 66%|██████▌   | 42/64 [00:37<00:25,  1.15s/it]
 67%|██████▋   | 43/64 [00:38<00:23,  1.11s/it]
 69%|██████▉   | 44/64 [00:39<00:20,  1.03s/it]
 70%|███████   | 45/64 [00:40<00:19,  1.01s/it]
 72%|███████▏  | 46/64 [00:41<00:18,  1.04s/it]
 73%|███████▎  | 47/64 [00:42<00:16,  1.06it/s]
 75%|███████▌  | 48/64 [00:43<00:15,  1.01it/s]
 77%|███████▋  | 49/64 [00:44<00:14,  1.01it/s]
 78%|███████▊  | 50/64 [00:45<00:13,  1.03it/s]
 80%|███████▉  | 51/64 [00:46<00:12,  1.01it/s]
 81%|████████▏ | 52/64 [00:48<00:14,  1.22s/it]
 83%|████████▎ | 53/64 [00:49<00:12,  1.17s/it]
 84%|████████▍ | 54/64 [00:50<00:11,  1.16s/it]
 86%|████████▌ | 55/64 [00:51<00:09,  1.09s/it]
 88%|████████▊ | 56/64 [00:53<00:10,  1.36s/it]
 89%|████████▉ | 57/64 [00:54<00:09,  1.34s/it]
 91%|█████████ | 58/64 [00:55<00:07,  1.33s/it]
 92%|█████████▏| 59/64 [00:57<00:06,  1.28s/it]
 94%|█████████▍| 60/64 [00:58<00:05,  1.25s/it]
 95%|█████████▌| 61/64 [00:59<00:03,  1.32s/it]
 97%|█████████▋| 62/64 [01:00<00:02,  1.30s/it]
 98%|█████████▊| 63/64 [01:01<00:01,  1.22s/it]
100%|██████████| 64/64 [01:03<00:00,  1.20s/it]
100%|██████████| 64/64 [01:03<00:00,  1.01it/s]
Evaluation for task 3 has started.
['axolotl', 'flamingo', 'bald_eagle', 'volcano', 'killer_whale', 'sax', 'cockroach', 'snail', 'cheetah', 'beaver', 'violin', 'ice_bear', 'tractor', 'mailbox', 'beagle', 'gazelle', 'goldfish', 'hammerhead', 'lipstick', 'mantis']

  0%|          | 0/26 [00:00<?, ?it/s]
  4%|▍         | 1/26 [00:01<00:45,  1.80s/it]
  8%|▊         | 2/26 [00:02<00:29,  1.24s/it]
 12%|█▏        | 3/26 [00:03<00:26,  1.15s/it]
 15%|█▌        | 4/26 [00:04<00:24,  1.11s/it]
 19%|█▉        | 5/26 [00:05<00:23,  1.10s/it]
 23%|██▎       | 6/26 [00:06<00:21,  1.08s/it]
 27%|██▋       | 7/26 [00:07<00:20,  1.07s/it]
 31%|███       | 8/26 [00:09<00:19,  1.07s/it]
 35%|███▍      | 9/26 [00:10<00:18,  1.07s/it]
 38%|███▊      | 10/26 [00:11<00:17,  1.07s/it]
 42%|████▏     | 11/26 [00:12<00:16,  1.07s/it]
 46%|████▌     | 12/26 [00:13<00:14,  1.07s/it]
 50%|█████     | 13/26 [00:14<00:13,  1.06s/it]
 54%|█████▍    | 14/26 [00:15<00:12,  1.06s/it]
 58%|█████▊    | 15/26 [00:16<00:11,  1.06s/it]
 62%|██████▏   | 16/26 [00:17<00:10,  1.06s/it]
 65%|██████▌   | 17/26 [00:18<00:09,  1.06s/it]
 69%|██████▉   | 18/26 [00:19<00:08,  1.06s/it]
 73%|███████▎  | 19/26 [00:20<00:07,  1.06s/it]
 77%|███████▋  | 20/26 [00:21<00:06,  1.06s/it]
 81%|████████  | 21/26 [00:22<00:05,  1.06s/it]
 85%|████████▍ | 22/26 [00:23<00:04,  1.06s/it]
 88%|████████▊ | 23/26 [00:24<00:03,  1.06s/it]
 92%|█████████▏| 24/26 [00:25<00:02,  1.06s/it]
 96%|█████████▌| 25/26 [00:26<00:00,  1.09it/s]
100%|██████████| 26/26 [00:28<00:00,  1.24s/it]
100%|██████████| 26/26 [00:28<00:00,  1.10s/it]

  0%|          | 0/76 [00:00<?, ?it/s]
  1%|▏         | 1/76 [00:01<01:22,  1.10s/it]
  3%|▎         | 2/76 [00:02<01:44,  1.41s/it]
  4%|▍         | 3/76 [00:03<01:37,  1.34s/it]
  5%|▌         | 4/76 [00:05<01:28,  1.23s/it]
  7%|▋         | 5/76 [00:06<01:29,  1.26s/it]
  8%|▊         | 6/76 [00:08<01:42,  1.46s/it]
  9%|▉         | 7/76 [00:09<01:30,  1.31s/it]
 11%|█         | 8/76 [00:10<01:28,  1.30s/it]
 12%|█▏        | 9/76 [00:11<01:29,  1.33s/it]
 13%|█▎        | 10/76 [00:12<01:22,  1.24s/it]
 14%|█▍        | 11/76 [00:13<01:12,  1.11s/it]
 16%|█▌        | 12/76 [00:14<01:04,  1.01s/it]
 17%|█▋        | 13/76 [00:15<01:03,  1.01s/it]
 18%|█▊        | 14/76 [00:16<01:03,  1.02s/it]
 20%|█▉        | 15/76 [00:17<01:01,  1.01s/it]
 21%|██        | 16/76 [00:19<01:09,  1.16s/it]
 22%|██▏       | 17/76 [00:20<01:04,  1.09s/it]
 24%|██▎       | 18/76 [00:21<01:06,  1.15s/it]
 25%|██▌       | 19/76 [00:22<01:00,  1.06s/it]
 26%|██▋       | 20/76 [00:22<00:54,  1.02it/s]
 28%|██▊       | 21/76 [00:24<01:01,  1.12s/it]
 29%|██▉       | 22/76 [00:25<00:56,  1.04s/it]
 30%|███       | 23/76 [00:26<00:57,  1.08s/it]
 32%|███▏      | 24/76 [00:27<00:56,  1.10s/it]
 33%|███▎      | 25/76 [00:28<00:52,  1.04s/it]
 34%|███▍      | 26/76 [00:29<00:50,  1.02s/it]
 36%|███▌      | 27/76 [00:30<00:51,  1.04s/it]
 37%|███▋      | 28/76 [00:31<00:45,  1.06it/s]
 38%|███▊      | 29/76 [00:32<00:43,  1.09it/s]
 39%|███▉      | 30/76 [00:33<00:42,  1.08it/s]
 41%|████      | 31/76 [00:34<00:44,  1.01it/s]
 42%|████▏     | 32/76 [00:35<00:44,  1.00s/it]
 43%|████▎     | 33/76 [00:35<00:38,  1.11it/s]
 45%|████▍     | 34/76 [00:36<00:39,  1.07it/s]
 46%|████▌     | 35/76 [00:38<00:40,  1.00it/s]
 47%|████▋     | 36/76 [00:39<00:41,  1.03s/it]
 49%|████▊     | 37/76 [00:40<00:40,  1.04s/it]
 50%|█████     | 38/76 [00:41<00:39,  1.03s/it]
 51%|█████▏    | 39/76 [00:42<00:38,  1.03s/it]
 53%|█████▎    | 40/76 [00:43<00:43,  1.20s/it]
 54%|█████▍    | 41/76 [00:45<00:45,  1.30s/it]
 55%|█████▌    | 42/76 [00:46<00:44,  1.31s/it]
 57%|█████▋    | 43/76 [00:47<00:39,  1.20s/it]
 58%|█████▊    | 44/76 [00:48<00:36,  1.15s/it]
 59%|█████▉    | 45/76 [00:49<00:34,  1.11s/it]
 61%|██████    | 46/76 [00:50<00:30,  1.02s/it]
 62%|██████▏   | 47/76 [00:51<00:29,  1.03s/it]
 63%|██████▎   | 48/76 [00:52<00:27,  1.01it/s]
 64%|██████▍   | 49/76 [00:53<00:24,  1.08it/s]
 66%|██████▌   | 50/76 [00:54<00:25,  1.01it/s]
 67%|██████▋   | 51/76 [00:56<00:31,  1.26s/it]
 68%|██████▊   | 52/76 [00:57<00:27,  1.16s/it]
 70%|██████▉   | 53/76 [00:57<00:23,  1.03s/it]
 71%|███████   | 54/76 [00:58<00:22,  1.02s/it]
 72%|███████▏  | 55/76 [00:59<00:21,  1.00s/it]
 74%|███████▎  | 56/76 [01:01<00:21,  1.06s/it]
 75%|███████▌  | 57/76 [01:02<00:21,  1.12s/it]
 76%|███████▋  | 58/76 [01:03<00:19,  1.10s/it]
 78%|███████▊  | 59/76 [01:04<00:17,  1.02s/it]
 79%|███████▉  | 60/76 [01:04<00:14,  1.07it/s]
 80%|████████  | 61/76 [01:05<00:12,  1.18it/s]
 82%|████████▏ | 62/76 [01:06<00:11,  1.25it/s]
 83%|████████▎ | 63/76 [01:06<00:09,  1.35it/s]
 84%|████████▍ | 64/76 [01:07<00:08,  1.36it/s]
 86%|████████▌ | 65/76 [01:08<00:07,  1.41it/s]
 87%|████████▋ | 66/76 [01:08<00:06,  1.43it/s]
 88%|████████▊ | 67/76 [01:09<00:06,  1.43it/s]
 89%|████████▉ | 68/76 [01:10<00:05,  1.43it/s]
 91%|█████████ | 69/76 [01:11<00:05,  1.25it/s]
 92%|█████████▏| 70/76 [01:12<00:04,  1.28it/s]
 93%|█████████▎| 71/76 [01:12<00:03,  1.29it/s]
 95%|█████████▍| 72/76 [01:13<00:03,  1.32it/s]
 96%|█████████▌| 73/76 [01:14<00:02,  1.34it/s]
 97%|█████████▋| 74/76 [01:14<00:01,  1.37it/s]
 99%|█████████▊| 75/76 [01:15<00:00,  1.43it/s]
100%|██████████| 76/76 [01:15<00:00,  1.67it/s]
100%|██████████| 76/76 [01:15<00:00,  1.00it/s]
Evaluation for task 4 has started.
['tabby', 'soccer_ball', 'steam_locomotive', 'barrow', 'barn', 'snow_leopard', 'broom', 'Border_collie', 'wood_rabbit', 'beacon', 'assault_rifle', 'lorikeet', 'head_cabbage', 'standard_poodle', 'timber_wolf', 'hotdog', 'rugby_ball', 'Chihuahua', 'French_bulldog', 'pretzel']

  0%|          | 0/18 [00:00<?, ?it/s]
  6%|▌         | 1/18 [00:01<00:28,  1.70s/it]
 11%|█         | 2/18 [00:02<00:19,  1.20s/it]
 17%|█▋        | 3/18 [00:03<00:17,  1.13s/it]
 22%|██▏       | 4/18 [00:04<00:15,  1.11s/it]
 28%|██▊       | 5/18 [00:05<00:14,  1.09s/it]
 33%|███▎      | 6/18 [00:06<00:12,  1.08s/it]
 39%|███▉      | 7/18 [00:07<00:11,  1.07s/it]
 44%|████▍     | 8/18 [00:08<00:10,  1.07s/it]
 50%|█████     | 9/18 [00:09<00:09,  1.07s/it]
 56%|█████▌    | 10/18 [00:11<00:08,  1.07s/it]
 61%|██████    | 11/18 [00:12<00:07,  1.06s/it]
 67%|██████▋   | 12/18 [00:13<00:06,  1.06s/it]
 72%|███████▏  | 13/18 [00:14<00:05,  1.06s/it]
 78%|███████▊  | 14/18 [00:15<00:04,  1.06s/it]
 83%|████████▎ | 15/18 [00:16<00:03,  1.06s/it]
 89%|████████▉ | 16/18 [00:17<00:02,  1.05s/it]
 94%|█████████▍| 17/18 [00:18<00:00,  1.07it/s]
100%|██████████| 18/18 [00:19<00:00,  1.24s/it]
100%|██████████| 18/18 [00:19<00:00,  1.11s/it]

  0%|          | 0/84 [00:00<?, ?it/s]
  1%|          | 1/84 [00:00<00:56,  1.46it/s]
  2%|▏         | 2/84 [00:01<00:57,  1.43it/s]
  4%|▎         | 3/84 [00:02<00:53,  1.51it/s]
  5%|▍         | 4/84 [00:02<00:57,  1.38it/s]
  6%|▌         | 5/84 [00:03<01:00,  1.30it/s]
  7%|▋         | 6/84 [00:04<00:59,  1.30it/s]
  8%|▊         | 7/84 [00:05<01:05,  1.18it/s]
 10%|▉         | 8/84 [00:06<01:02,  1.22it/s]
 11%|█         | 9/84 [00:06<00:59,  1.26it/s]
 12%|█▏        | 10/84 [00:07<00:57,  1.29it/s]
 13%|█▎        | 11/84 [00:08<00:53,  1.36it/s]
 14%|█▍        | 12/84 [00:08<00:51,  1.39it/s]
 15%|█▌        | 13/84 [00:09<00:49,  1.44it/s]
 17%|█▋        | 14/84 [00:10<00:49,  1.43it/s]
 18%|█▊        | 15/84 [00:10<00:46,  1.48it/s]
 19%|█▉        | 16/84 [00:11<00:45,  1.48it/s]
 20%|██        | 17/84 [00:12<00:46,  1.46it/s]
 21%|██▏       | 18/84 [00:13<00:48,  1.36it/s]
 23%|██▎       | 19/84 [00:13<00:46,  1.41it/s]
 24%|██▍       | 20/84 [00:14<00:45,  1.42it/s]
 25%|██▌       | 21/84 [00:15<00:43,  1.44it/s]
 26%|██▌       | 22/84 [00:15<00:42,  1.45it/s]
 27%|██▋       | 23/84 [00:16<00:42,  1.43it/s]
 29%|██▊       | 24/84 [00:17<00:42,  1.42it/s]
 30%|██▉       | 25/84 [00:18<00:42,  1.40it/s]
 31%|███       | 26/84 [00:18<00:40,  1.43it/s]
 32%|███▏      | 27/84 [00:19<00:40,  1.42it/s]
 33%|███▎      | 28/84 [00:20<00:40,  1.37it/s]
 35%|███▍      | 29/84 [00:21<00:40,  1.34it/s]
 36%|███▌      | 30/84 [00:21<00:40,  1.33it/s]
 37%|███▋      | 31/84 [00:22<00:40,  1.31it/s]
 38%|███▊      | 32/84 [00:23<00:39,  1.32it/s]
 39%|███▉      | 33/84 [00:24<00:38,  1.32it/s]
 40%|████      | 34/84 [00:24<00:38,  1.29it/s]
 42%|████▏     | 35/84 [00:25<00:42,  1.15it/s]
 43%|████▎     | 36/84 [00:26<00:39,  1.21it/s]
 44%|████▍     | 37/84 [00:27<00:37,  1.24it/s]
 45%|████▌     | 38/84 [00:28<00:37,  1.24it/s]
 46%|████▋     | 39/84 [00:29<00:36,  1.24it/s]
 48%|████▊     | 40/84 [00:29<00:35,  1.25it/s]
 49%|████▉     | 41/84 [00:30<00:34,  1.25it/s]
 50%|█████     | 42/84 [00:31<00:33,  1.25it/s]
 51%|█████     | 43/84 [00:32<00:34,  1.18it/s]
 52%|█████▏    | 44/84 [00:33<00:32,  1.23it/s]
 54%|█████▎    | 45/84 [00:33<00:30,  1.26it/s]
 55%|█████▍    | 46/84 [00:34<00:30,  1.23it/s]
 56%|█████▌    | 47/84 [00:35<00:30,  1.22it/s]
 57%|█████▋    | 48/84 [00:36<00:30,  1.18it/s]
 58%|█████▊    | 49/84 [00:37<00:28,  1.22it/s]
 60%|█████▉    | 50/84 [00:38<00:27,  1.23it/s]
 61%|██████    | 51/84 [00:38<00:26,  1.27it/s]
 62%|██████▏   | 52/84 [00:39<00:24,  1.28it/s]
 63%|██████▎   | 53/84 [00:40<00:24,  1.28it/s]
 64%|██████▍   | 54/84 [00:41<00:22,  1.31it/s]
 65%|██████▌   | 55/84 [00:41<00:22,  1.27it/s]
 67%|██████▋   | 56/84 [00:42<00:22,  1.27it/s]
 68%|██████▊   | 57/84 [00:43<00:20,  1.34it/s]
 69%|██████▉   | 58/84 [00:44<00:19,  1.35it/s]
 70%|███████   | 59/84 [00:44<00:18,  1.33it/s]
 71%|███████▏  | 60/84 [00:45<00:18,  1.33it/s]
 73%|███████▎  | 61/84 [00:46<00:16,  1.36it/s]
 74%|███████▍  | 62/84 [00:47<00:16,  1.30it/s]
 75%|███████▌  | 63/84 [00:47<00:16,  1.29it/s]
 76%|███████▌  | 64/84 [00:48<00:15,  1.32it/s]
 77%|███████▋  | 65/84 [00:49<00:14,  1.31it/s]
 79%|███████▊  | 66/84 [00:50<00:12,  1.39it/s]
 80%|███████▉  | 67/84 [00:50<00:12,  1.39it/s]
 81%|████████  | 68/84 [00:51<00:11,  1.34it/s]
 82%|████████▏ | 69/84 [00:52<00:11,  1.35it/s]
 83%|████████▎ | 70/84 [00:53<00:10,  1.36it/s]
 85%|████████▍ | 71/84 [00:53<00:09,  1.36it/s]
 86%|████████▌ | 72/84 [00:54<00:09,  1.32it/s]
 87%|████████▋ | 73/84 [00:55<00:07,  1.38it/s]
 88%|████████▊ | 74/84 [00:55<00:07,  1.35it/s]
 89%|████████▉ | 75/84 [00:56<00:06,  1.39it/s]
 90%|█████████ | 76/84 [00:57<00:05,  1.36it/s]
 92%|█████████▏| 77/84 [00:58<00:05,  1.37it/s]
 93%|█████████▎| 78/84 [00:58<00:04,  1.38it/s]
 94%|█████████▍| 79/84 [00:59<00:03,  1.35it/s]
 95%|█████████▌| 80/84 [01:00<00:03,  1.31it/s]
 96%|█████████▋| 81/84 [01:01<00:02,  1.30it/s]
 98%|█████████▊| 82/84 [01:02<00:01,  1.30it/s]
 99%|█████████▉| 83/84 [01:02<00:00,  1.33it/s]
100%|██████████| 84/84 [01:03<00:00,  1.37it/s]
100%|██████████| 84/84 [01:03<00:00,  1.32it/s]
Evaluation for task 5 has started.
['scorpion', 'ice_cream', 'Pomeranian', 'German_shepherd', 'ostrich', 'boxer', 'cannon', 'common_iguana', 'basketball', 'bow_tie', 'llama', 'tank', 'harmonica', 'pirate', 'skunk', 'cocker_spaniel', 'bee', 'Saint_Bernard', 'missile', 'ballplayer']

  0%|          | 0/20 [00:00<?, ?it/s]
  5%|▌         | 1/20 [00:01<00:33,  1.74s/it]
 10%|█         | 2/20 [00:02<00:22,  1.22s/it]
 15%|█▌        | 3/20 [00:03<00:19,  1.15s/it]
 20%|██        | 4/20 [00:04<00:17,  1.11s/it]
 25%|██▌       | 5/20 [00:05<00:16,  1.10s/it]
 30%|███       | 6/20 [00:06<00:15,  1.09s/it]
 35%|███▌      | 7/20 [00:07<00:14,  1.08s/it]
 40%|████      | 8/20 [00:08<00:12,  1.07s/it]
 45%|████▌     | 9/20 [00:10<00:11,  1.07s/it]
 50%|█████     | 10/20 [00:11<00:10,  1.06s/it]
 55%|█████▌    | 11/20 [00:12<00:09,  1.06s/it]
 60%|██████    | 12/20 [00:13<00:08,  1.06s/it]
 65%|██████▌   | 13/20 [00:14<00:07,  1.06s/it]
 70%|███████   | 14/20 [00:15<00:06,  1.06s/it]
 75%|███████▌  | 15/20 [00:16<00:05,  1.06s/it]
 80%|████████  | 16/20 [00:17<00:04,  1.06s/it]
 85%|████████▌ | 17/20 [00:18<00:03,  1.06s/it]
 90%|█████████ | 18/20 [00:19<00:02,  1.06s/it]
 95%|█████████▌| 19/20 [00:20<00:00,  1.03it/s]
100%|██████████| 20/20 [00:22<00:00,  1.27s/it]
100%|██████████| 20/20 [00:22<00:00,  1.11s/it]

  0%|          | 0/94 [00:00<?, ?it/s]
  1%|          | 1/94 [00:00<01:12,  1.29it/s]
  2%|▏         | 2/94 [00:01<01:15,  1.22it/s]
  3%|▎         | 3/94 [00:02<01:12,  1.26it/s]
  4%|▍         | 4/94 [00:03<01:10,  1.27it/s]
  5%|▌         | 5/94 [00:03<01:10,  1.26it/s]
  6%|▋         | 6/94 [00:04<01:13,  1.20it/s]
  7%|▋         | 7/94 [00:05<01:12,  1.21it/s]
  9%|▊         | 8/94 [00:06<01:12,  1.19it/s]
 10%|▉         | 9/94 [00:07<01:12,  1.18it/s]
 11%|█         | 10/94 [00:08<01:10,  1.19it/s]
 12%|█▏        | 11/94 [00:08<01:07,  1.24it/s]
 13%|█▎        | 12/94 [00:09<01:03,  1.30it/s]
 14%|█▍        | 13/94 [00:10<01:07,  1.20it/s]
 15%|█▍        | 14/94 [00:11<01:07,  1.18it/s]
 16%|█▌        | 15/94 [00:12<01:05,  1.21it/s]
 17%|█▋        | 16/94 [00:13<01:05,  1.20it/s]
 18%|█▊        | 17/94 [00:13<01:03,  1.20it/s]
 19%|█▉        | 18/94 [00:14<01:02,  1.22it/s]
 20%|██        | 19/94 [00:15<01:02,  1.19it/s]
 21%|██▏       | 20/94 [00:16<01:04,  1.15it/s]
 22%|██▏       | 21/94 [00:17<01:00,  1.21it/s]
 23%|██▎       | 22/94 [00:18<01:00,  1.19it/s]
 24%|██▍       | 23/94 [00:18<00:58,  1.22it/s]
 26%|██▌       | 24/94 [00:19<00:58,  1.20it/s]
 27%|██▋       | 25/94 [00:20<00:56,  1.22it/s]
 28%|██▊       | 26/94 [00:21<00:54,  1.24it/s]
 29%|██▊       | 27/94 [00:22<00:57,  1.16it/s]
 30%|██▉       | 28/94 [00:23<00:57,  1.14it/s]
 31%|███       | 29/94 [00:24<00:58,  1.11it/s]
 32%|███▏      | 30/94 [00:25<00:55,  1.15it/s]
 33%|███▎      | 31/94 [00:25<00:55,  1.14it/s]
 34%|███▍      | 32/94 [00:26<00:53,  1.15it/s]
 35%|███▌      | 33/94 [00:27<00:50,  1.20it/s]
 36%|███▌      | 34/94 [00:28<00:47,  1.25it/s]
 37%|███▋      | 35/94 [00:28<00:45,  1.28it/s]
 38%|███▊      | 36/94 [00:29<00:46,  1.25it/s]
 39%|███▉      | 37/94 [00:30<00:46,  1.23it/s]
 40%|████      | 38/94 [00:31<00:46,  1.20it/s]
 41%|████▏     | 39/94 [00:32<00:45,  1.22it/s]
 43%|████▎     | 40/94 [00:33<00:44,  1.21it/s]
 44%|████▎     | 41/94 [00:33<00:42,  1.24it/s]
 45%|████▍     | 42/94 [00:34<00:41,  1.24it/s]
 46%|████▌     | 43/94 [00:35<00:42,  1.19it/s]
 47%|████▋     | 44/94 [00:36<00:41,  1.20it/s]
 48%|████▊     | 45/94 [00:37<00:40,  1.21it/s]
 49%|████▉     | 46/94 [00:38<00:38,  1.25it/s]
 50%|█████     | 47/94 [00:39<00:42,  1.12it/s]
 51%|█████     | 48/94 [00:42<01:13,  1.59s/it]
 52%|█████▏    | 49/94 [00:44<01:12,  1.62s/it]
 53%|█████▎    | 50/94 [00:45<01:02,  1.41s/it]
 54%|█████▍    | 51/94 [00:45<00:51,  1.21s/it]
 55%|█████▌    | 52/94 [00:46<00:45,  1.08s/it]
 56%|█████▋    | 53/94 [00:47<00:40,  1.00it/s]
 57%|█████▋    | 54/94 [00:48<00:42,  1.06s/it]
 59%|█████▊    | 55/94 [00:49<00:40,  1.03s/it]
 60%|█████▉    | 56/94 [00:50<00:36,  1.03it/s]
 61%|██████    | 57/94 [00:51<00:32,  1.12it/s]
 62%|██████▏   | 58/94 [00:51<00:31,  1.16it/s]
 63%|██████▎   | 59/94 [00:52<00:29,  1.18it/s]
 64%|██████▍   | 60/94 [00:53<00:28,  1.21it/s]
 65%|██████▍   | 61/94 [00:54<00:26,  1.24it/s]
 66%|██████▌   | 62/94 [00:54<00:25,  1.25it/s]
 67%|██████▋   | 63/94 [00:55<00:26,  1.18it/s]
 68%|██████▊   | 64/94 [00:56<00:24,  1.21it/s]
 69%|██████▉   | 65/94 [00:57<00:23,  1.25it/s]
 70%|███████   | 66/94 [00:58<00:22,  1.26it/s]
 71%|███████▏  | 67/94 [00:58<00:20,  1.31it/s]
 72%|███████▏  | 68/94 [00:59<00:19,  1.36it/s]
 73%|███████▎  | 69/94 [01:00<00:18,  1.34it/s]
 74%|███████▍  | 70/94 [01:01<00:17,  1.37it/s]
 76%|███████▌  | 71/94 [01:01<00:17,  1.31it/s]
 77%|███████▋  | 72/94 [01:02<00:16,  1.30it/s]
 78%|███████▊  | 73/94 [01:03<00:16,  1.25it/s]
 79%|███████▊  | 74/94 [01:04<00:15,  1.29it/s]
 80%|███████▉  | 75/94 [01:04<00:14,  1.31it/s]
 81%|████████  | 76/94 [01:05<00:13,  1.33it/s]
 82%|████████▏ | 77/94 [01:06<00:12,  1.36it/s]
 83%|████████▎ | 78/94 [01:07<00:11,  1.41it/s]
 84%|████████▍ | 79/94 [01:07<00:10,  1.40it/s]
 85%|████████▌ | 80/94 [01:08<00:10,  1.36it/s]
 86%|████████▌ | 81/94 [01:09<00:09,  1.36it/s]
 87%|████████▋ | 82/94 [01:10<00:08,  1.35it/s]
 88%|████████▊ | 83/94 [01:10<00:07,  1.41it/s]
 89%|████████▉ | 84/94 [01:11<00:07,  1.38it/s]
 90%|█████████ | 85/94 [01:12<00:06,  1.42it/s]
 91%|█████████▏| 86/94 [01:12<00:05,  1.37it/s]
 93%|█████████▎| 87/94 [01:13<00:05,  1.34it/s]
 94%|█████████▎| 88/94 [01:14<00:04,  1.37it/s]
 95%|█████████▍| 89/94 [01:15<00:03,  1.38it/s]
 96%|█████████▌| 90/94 [01:15<00:02,  1.39it/s]
 97%|█████████▋| 91/94 [01:16<00:02,  1.38it/s]
 98%|█████████▊| 92/94 [01:17<00:01,  1.35it/s]
 99%|█████████▉| 93/94 [01:18<00:00,  1.36it/s]
100%|██████████| 94/94 [01:18<00:00,  1.38it/s]
100%|██████████| 94/94 [01:18<00:00,  1.19it/s]

========================================
Finished imagenet_R_init100_inc20
Backbone: OpenAI CLIP
Base Accuracy: 87.93
Last Accuracy: 81.95
Average Accuracy (Top1): 84.42
========================================

<continuum.scenarios.class_incremental.ClassIncremental object at 0x7f7594b2bfd0> <continuum.scenarios.class_incremental.ClassIncremental object at 0x7f7594b2bfd0>
Evaluation for task 0 has started.
['Loggerhead_Shrike', 'Evening_Grosbeak', 'Brewer_Blackbird', 'Henslow_Sparrow', 'Magnolia_Warbler', 'Cliff_Swallow', 'Yellow_bellied_Flycatcher', 'Summer_Tanager', 'Cactus_Wren', 'American_Goldfinch']

  0%|          | 0/4 [00:00<?, ?it/s]
 25%|██▌       | 1/4 [00:02<00:06,  2.28s/it]
 50%|█████     | 2/4 [00:02<00:02,  1.32s/it]
 75%|███████▌  | 3/4 [00:03<00:01,  1.03s/it]
100%|██████████| 4/4 [00:05<00:00,  1.31s/it]
100%|██████████| 4/4 [00:05<00:00,  1.34s/it]

  0%|          | 0/5 [00:00<?, ?it/s]
 20%|██        | 1/5 [00:00<00:02,  1.49it/s]
 40%|████      | 2/5 [00:01<00:01,  1.51it/s]
 60%|██████    | 3/5 [00:01<00:01,  1.56it/s]
 80%|████████  | 4/5 [00:02<00:00,  1.54it/s]
100%|██████████| 5/5 [00:03<00:00,  1.75it/s]
100%|██████████| 5/5 [00:03<00:00,  1.65it/s]
Evaluation for task 1 has started.
['Gray_Kingbird', 'Purple_Finch', 'Indigo_Bunting', 'Brown_Pelican', 'Frigatebird', 'Green_tailed_Towhee', 'Pied_Kingfisher', 'Northern_Waterthrush', 'Gray_Catbird', 'Seaside_Sparrow']

  0%|          | 0/4 [00:00<?, ?it/s]
 25%|██▌       | 1/4 [00:01<00:04,  1.61s/it]
 50%|█████     | 2/4 [00:02<00:02,  1.17s/it]
 75%|███████▌  | 3/4 [00:03<00:00,  1.05it/s]
100%|██████████| 4/4 [00:04<00:00,  1.27s/it]
100%|██████████| 4/4 [00:04<00:00,  1.23s/it]

  0%|          | 0/10 [00:00<?, ?it/s]
 10%|█         | 1/10 [00:00<00:05,  1.50it/s]
 20%|██        | 2/10 [00:01<00:05,  1.54it/s]
 30%|███       | 3/10 [00:01<00:04,  1.52it/s]
 40%|████      | 4/10 [00:02<00:03,  1.53it/s]
 50%|█████     | 5/10 [00:03<00:03,  1.61it/s]
 60%|██████    | 6/10 [00:03<00:02,  1.63it/s]
 70%|███████   | 7/10 [00:04<00:01,  1.62it/s]
 80%|████████  | 8/10 [00:04<00:01,  1.67it/s]
 90%|█████████ | 9/10 [00:05<00:00,  1.67it/s]
100%|██████████| 10/10 [00:05<00:00,  2.08it/s]
100%|██████████| 10/10 [00:05<00:00,  1.73it/s]
Evaluation for task 2 has started.
['Acadian_Flycatcher', 'Hooded_Warbler', 'Artic_Tern', 'Geococcyx', 'Lincoln_Sparrow', 'Savannah_Sparrow', 'Sayornis', 'Tennessee_Warbler', 'Le_Conte_Sparrow', 'Bewick_Wren']

  0%|          | 0/4 [00:00<?, ?it/s]
 25%|██▌       | 1/4 [00:01<00:04,  1.66s/it]
 50%|█████     | 2/4 [00:02<00:02,  1.19s/it]
 75%|███████▌  | 3/4 [00:03<00:00,  1.04it/s]
100%|██████████| 4/4 [00:05<00:00,  1.30s/it]
100%|██████████| 4/4 [00:05<00:00,  1.26s/it]

  0%|          | 0/14 [00:00<?, ?it/s]
  7%|▋         | 1/14 [00:00<00:08,  1.52it/s]
 14%|█▍        | 2/14 [00:01<00:07,  1.64it/s]
 21%|██▏       | 3/14 [00:01<00:06,  1.67it/s]
 29%|██▊       | 4/14 [00:02<00:05,  1.68it/s]
 36%|███▌      | 5/14 [00:02<00:05,  1.70it/s]
 43%|████▎     | 6/14 [00:03<00:04,  1.72it/s]
 50%|█████     | 7/14 [00:04<00:04,  1.69it/s]
 57%|█████▋    | 8/14 [00:04<00:03,  1.54it/s]
 64%|██████▍   | 9/14 [00:05<00:03,  1.34it/s]
 71%|███████▏  | 10/14 [00:06<00:02,  1.33it/s]
 79%|███████▊  | 11/14 [00:07<00:02,  1.29it/s]
 86%|████████▌ | 12/14 [00:08<00:01,  1.22it/s]
 93%|█████████▎| 13/14 [00:09<00:00,  1.22it/s]
100%|██████████| 14/14 [00:10<00:00,  1.18it/s]
100%|██████████| 14/14 [00:10<00:00,  1.38it/s]
Evaluation for task 3 has started.
['Yellow_Warbler', 'European_Goldfinch', 'Common_Tern', 'California_Gull', 'Slaty_backed_Gull', 'Prairie_Warbler', 'Hooded_Oriole', 'Bohemian_Waxwing', 'Caspian_Tern', 'Eastern_Towhee']

  0%|          | 0/4 [00:00<?, ?it/s]
 25%|██▌       | 1/4 [00:01<00:04,  1.61s/it]
 50%|█████     | 2/4 [00:02<00:02,  1.16s/it]
 75%|███████▌  | 3/4 [00:03<00:00,  1.05it/s]
100%|██████████| 4/4 [00:04<00:00,  1.30s/it]
100%|██████████| 4/4 [00:04<00:00,  1.25s/it]

  0%|          | 0/19 [00:00<?, ?it/s]
  5%|▌         | 1/19 [00:00<00:16,  1.08it/s]
 11%|█         | 2/19 [00:01<00:16,  1.01it/s]
 16%|█▌        | 3/19 [00:02<00:14,  1.08it/s]
 21%|██        | 4/19 [00:03<00:14,  1.03it/s]
 26%|██▋       | 5/19 [00:04<00:14,  1.01s/it]
 32%|███▏      | 6/19 [00:06<00:13,  1.04s/it]
 37%|███▋      | 7/19 [00:06<00:11,  1.03it/s]
 42%|████▏     | 8/19 [00:07<00:10,  1.09it/s]
 47%|████▋     | 9/19 [00:08<00:08,  1.17it/s]
 53%|█████▎    | 10/19 [00:08<00:07,  1.28it/s]
 58%|█████▊    | 11/19 [00:09<00:06,  1.32it/s]
 63%|██████▎   | 12/19 [00:10<00:05,  1.36it/s]
 68%|██████▊   | 13/19 [00:10<00:04,  1.43it/s]
 74%|███████▎  | 14/19 [00:11<00:03,  1.51it/s]
 79%|███████▉  | 15/19 [00:12<00:02,  1.58it/s]
 84%|████████▍ | 16/19 [00:12<00:01,  1.62it/s]
 89%|████████▉ | 17/19 [00:13<00:01,  1.65it/s]
 95%|█████████▍| 18/19 [00:13<00:00,  1.68it/s]
100%|██████████| 19/19 [00:14<00:00,  1.93it/s]
100%|██████████| 19/19 [00:14<00:00,  1.34it/s]
Evaluation for task 4 has started.
['Least_Flycatcher', 'Nelson_Sharp_tailed_Sparrow', 'Scott_Oriole', 'Red_legged_Kittiwake', 'Bay_breasted_Warbler', 'Mockingbird', 'Mangrove_Cuckoo', 'Black_throated_Blue_Warbler', 'Scissor_tailed_Flycatcher', 'Vermilion_Flycatcher']

  0%|          | 0/4 [00:00<?, ?it/s]
 25%|██▌       | 1/4 [00:01<00:04,  1.65s/it]
 50%|█████     | 2/4 [00:02<00:02,  1.17s/it]
 75%|███████▌  | 3/4 [00:03<00:00,  1.05it/s]
100%|██████████| 4/4 [00:05<00:00,  1.31s/it]
100%|██████████| 4/4 [00:05<00:00,  1.26s/it]

  0%|          | 0/23 [00:00<?, ?it/s]
  4%|▍         | 1/23 [00:00<00:13,  1.66it/s]
  9%|▊         | 2/23 [00:01<00:12,  1.69it/s]
 13%|█▎        | 3/23 [00:01<00:11,  1.75it/s]
 17%|█▋        | 4/23 [00:02<00:11,  1.71it/s]
 22%|██▏       | 5/23 [00:02<00:10,  1.70it/s]
 26%|██▌       | 6/23 [00:03<00:09,  1.73it/s]
 30%|███       | 7/23 [00:04<00:09,  1.74it/s]
 35%|███▍      | 8/23 [00:04<00:08,  1.76it/s]
 39%|███▉      | 9/23 [00:05<00:07,  1.78it/s]
 43%|████▎     | 10/23 [00:05<00:07,  1.77it/s]
 48%|████▊     | 11/23 [00:06<00:06,  1.77it/s]
 52%|█████▏    | 12/23 [00:06<00:06,  1.75it/s]
 57%|█████▋    | 13/23 [00:07<00:06,  1.66it/s]
 61%|██████    | 14/23 [00:08<00:05,  1.69it/s]
 65%|██████▌   | 15/23 [00:08<00:04,  1.71it/s]
 70%|██████▉   | 16/23 [00:09<00:04,  1.71it/s]
 74%|███████▍  | 17/23 [00:09<00:03,  1.73it/s]
 78%|███████▊  | 18/23 [00:10<00:02,  1.75it/s]
 83%|████████▎ | 19/23 [00:10<00:02,  1.78it/s]
 87%|████████▋ | 20/23 [00:11<00:01,  1.76it/s]
 91%|█████████▏| 21/23 [00:12<00:01,  1.74it/s]
 96%|█████████▌| 22/23 [00:12<00:00,  1.74it/s]
100%|██████████| 23/23 [00:13<00:00,  1.75it/s]
100%|██████████| 23/23 [00:13<00:00,  1.74it/s]
Evaluation for task 5 has started.
['Pomarine_Jaeger', 'Red_cockaded_Woodpecker', 'Mourning_Warbler', 'Cedar_Waxwing', 'Nashville_Warbler', 'Horned_Lark', 'Horned_Grebe', 'Philadelphia_Vireo', 'White_throated_Sparrow', 'Black_and_white_Warbler']

  0%|          | 0/4 [00:00<?, ?it/s]
 25%|██▌       | 1/4 [00:01<00:04,  1.60s/it]
 50%|█████     | 2/4 [00:02<00:02,  1.16s/it]
 75%|███████▌  | 3/4 [00:03<00:00,  1.05it/s]
100%|██████████| 4/4 [00:04<00:00,  1.28s/it]
100%|██████████| 4/4 [00:04<00:00,  1.23s/it]

  0%|          | 0/28 [00:00<?, ?it/s]
  4%|▎         | 1/28 [00:00<00:16,  1.62it/s]
  7%|▋         | 2/28 [00:01<00:15,  1.66it/s]
 11%|█         | 3/28 [00:01<00:16,  1.52it/s]
 14%|█▍        | 4/28 [00:02<00:15,  1.57it/s]
 18%|█▊        | 5/28 [00:03<00:14,  1.63it/s]
 21%|██▏       | 6/28 [00:03<00:13,  1.67it/s]
 25%|██▌       | 7/28 [00:04<00:12,  1.63it/s]
 29%|██▊       | 8/28 [00:04<00:11,  1.67it/s]
 32%|███▏      | 9/28 [00:05<00:11,  1.71it/s]
 36%|███▌      | 10/28 [00:06<00:10,  1.73it/s]
 39%|███▉      | 11/28 [00:06<00:09,  1.71it/s]
 43%|████▎     | 12/28 [00:07<00:09,  1.73it/s]
 46%|████▋     | 13/28 [00:07<00:08,  1.72it/s]
 50%|█████     | 14/28 [00:08<00:08,  1.73it/s]
 54%|█████▎    | 15/28 [00:08<00:07,  1.74it/s]
 57%|█████▋    | 16/28 [00:09<00:06,  1.74it/s]
 61%|██████    | 17/28 [00:10<00:06,  1.68it/s]
 64%|██████▍   | 18/28 [00:10<00:05,  1.68it/s]
 68%|██████▊   | 19/28 [00:11<00:05,  1.70it/s]
 71%|███████▏  | 20/28 [00:12<00:05,  1.55it/s]
 75%|███████▌  | 21/28 [00:12<00:04,  1.54it/s]
 79%|███████▊  | 22/28 [00:13<00:03,  1.58it/s]
 82%|████████▏ | 23/28 [00:13<00:03,  1.57it/s]
 86%|████████▌ | 24/28 [00:14<00:02,  1.61it/s]
 89%|████████▉ | 25/28 [00:15<00:01,  1.63it/s]
 93%|█████████▎| 26/28 [00:15<00:01,  1.66it/s]
 96%|█████████▋| 27/28 [00:16<00:00,  1.69it/s]
100%|██████████| 28/28 [00:16<00:00,  1.92it/s]
100%|██████████| 28/28 [00:16<00:00,  1.68it/s]
Evaluation for task 6 has started.
['Marsh_Wren', 'Eared_Grebe', 'Sage_Thrasher', 'White_eyed_Vireo', 'Ring_billed_Gull', 'Chuck_will_Widow', 'Groove_billed_Ani', 'Ruby_throated_Hummingbird', 'Anna_Hummingbird', 'Gray_crowned_Rosy_Finch']

  0%|          | 0/4 [00:00<?, ?it/s]
 25%|██▌       | 1/4 [00:01<00:04,  1.62s/it]
 50%|█████     | 2/4 [00:02<00:02,  1.17s/it]
 75%|███████▌  | 3/4 [00:03<00:00,  1.05it/s]
100%|██████████| 4/4 [00:05<00:00,  1.30s/it]
100%|██████████| 4/4 [00:05<00:00,  1.25s/it]

  0%|          | 0/33 [00:00<?, ?it/s]
  3%|▎         | 1/33 [00:00<00:20,  1.56it/s]
  6%|▌         | 2/33 [00:01<00:21,  1.46it/s]
  9%|▉         | 3/33 [00:01<00:19,  1.57it/s]
 12%|█▏        | 4/33 [00:02<00:17,  1.63it/s]
 15%|█▌        | 5/33 [00:03<00:16,  1.65it/s]
 18%|█▊        | 6/33 [00:03<00:16,  1.68it/s]
 21%|██        | 7/33 [00:04<00:15,  1.69it/s]
 24%|██▍       | 8/33 [00:04<00:14,  1.69it/s]
 27%|██▋       | 9/33 [00:05<00:14,  1.69it/s]
 30%|███       | 10/33 [00:06<00:13,  1.69it/s]
 33%|███▎      | 11/33 [00:06<00:13,  1.65it/s]
 36%|███▋      | 12/33 [00:07<00:13,  1.57it/s]
 39%|███▉      | 13/33 [00:08<00:13,  1.48it/s]
 42%|████▏     | 14/33 [00:09<00:14,  1.31it/s]
 45%|████▌     | 15/33 [00:09<00:14,  1.28it/s]
 48%|████▊     | 16/33 [00:10<00:14,  1.20it/s]
 52%|█████▏    | 17/33 [00:11<00:14,  1.13it/s]
 55%|█████▍    | 18/33 [00:12<00:12,  1.18it/s]
 58%|█████▊    | 19/33 [00:13<00:12,  1.14it/s]
 61%|██████    | 20/33 [00:14<00:11,  1.12it/s]
 64%|██████▎   | 21/33 [00:15<00:11,  1.06it/s]
 67%|██████▋   | 22/33 [00:16<00:10,  1.09it/s]
 70%|██████▉   | 23/33 [00:17<00:09,  1.07it/s]
 73%|███████▎  | 24/33 [00:18<00:08,  1.05it/s]
 76%|███████▌  | 25/33 [00:19<00:06,  1.16it/s]
 79%|███████▉  | 26/33 [00:19<00:06,  1.15it/s]
 82%|████████▏ | 27/33 [00:20<00:05,  1.14it/s]
 85%|████████▍ | 28/33 [00:21<00:04,  1.13it/s]
 88%|████████▊ | 29/33 [00:22<00:03,  1.06it/s]
 91%|█████████ | 30/33 [00:23<00:02,  1.11it/s]
 94%|█████████▍| 31/33 [00:24<00:01,  1.19it/s]
 97%|█████████▋| 32/33 [00:25<00:00,  1.18it/s]
100%|██████████| 33/33 [00:25<00:00,  1.51it/s]
100%|██████████| 33/33 [00:25<00:00,  1.30it/s]
Evaluation for task 7 has started.
['Pigeon_Guillemot', 'Black_footed_Albatross', 'American_Redstart', 'Orange_crowned_Warbler', 'Cape_May_Warbler', 'Green_Violetear', 'White_necked_Raven', 'Spotted_Catbird', 'Cerulean_Warbler', 'Louisiana_Waterthrush']

  0%|          | 0/4 [00:00<?, ?it/s]
 25%|██▌       | 1/4 [00:01<00:04,  1.62s/it]
 50%|█████     | 2/4 [00:02<00:02,  1.17s/it]
 75%|███████▌  | 3/4 [00:03<00:00,  1.05it/s]
100%|██████████| 4/4 [00:04<00:00,  1.26s/it]
100%|██████████| 4/4 [00:04<00:00,  1.23s/it]

  0%|          | 0/37 [00:00<?, ?it/s]
  3%|▎         | 1/37 [00:00<00:32,  1.10it/s]
  5%|▌         | 2/37 [00:01<00:28,  1.24it/s]
  8%|▊         | 3/37 [00:02<00:24,  1.40it/s]
 11%|█         | 4/37 [00:02<00:21,  1.52it/s]
 14%|█▎        | 5/37 [00:03<00:20,  1.56it/s]
 16%|█▌        | 6/37 [00:04<00:19,  1.59it/s]
 19%|█▉        | 7/37 [00:04<00:18,  1.63it/s]
 22%|██▏       | 8/37 [00:05<00:17,  1.64it/s]
 24%|██▍       | 9/37 [00:05<00:17,  1.64it/s]
 27%|██▋       | 10/37 [00:06<00:17,  1.58it/s]
 30%|██▉       | 11/37 [00:07<00:18,  1.43it/s]
 32%|███▏      | 12/37 [00:08<00:17,  1.47it/s]
 35%|███▌      | 13/37 [00:08<00:16,  1.48it/s]
 38%|███▊      | 14/37 [00:09<00:15,  1.50it/s]
 41%|████      | 15/37 [00:09<00:14,  1.50it/s]
 43%|████▎     | 16/37 [00:10<00:14,  1.50it/s]
 46%|████▌     | 17/37 [00:11<00:13,  1.52it/s]
 49%|████▊     | 18/37 [00:11<00:12,  1.53it/s]
 51%|█████▏    | 19/37 [00:12<00:12,  1.50it/s]
 54%|█████▍    | 20/37 [00:13<00:10,  1.57it/s]
 57%|█████▋    | 21/37 [00:13<00:09,  1.61it/s]
 59%|█████▉    | 22/37 [00:14<00:09,  1.65it/s]
 62%|██████▏   | 23/37 [00:14<00:08,  1.66it/s]
 65%|██████▍   | 24/37 [00:15<00:07,  1.65it/s]
 68%|██████▊   | 25/37 [00:16<00:07,  1.67it/s]
 70%|███████   | 26/37 [00:16<00:06,  1.69it/s]
 73%|███████▎  | 27/37 [00:17<00:05,  1.69it/s]
 76%|███████▌  | 28/37 [00:17<00:05,  1.69it/s]
 78%|███████▊  | 29/37 [00:18<00:04,  1.71it/s]
 81%|████████  | 30/37 [00:19<00:04,  1.69it/s]
 84%|████████▍ | 31/37 [00:19<00:03,  1.70it/s]
 86%|████████▋ | 32/37 [00:20<00:03,  1.58it/s]
 89%|████████▉ | 33/37 [00:21<00:02,  1.56it/s]
 92%|█████████▏| 34/37 [00:21<00:01,  1.60it/s]
 95%|█████████▍| 35/37 [00:22<00:01,  1.63it/s]
 97%|█████████▋| 36/37 [00:22<00:00,  1.62it/s]
100%|██████████| 37/37 [00:23<00:00,  1.83it/s]
100%|██████████| 37/37 [00:23<00:00,  1.59it/s]
Evaluation for task 8 has started.
['Western_Grebe', 'Laysan_Albatross', 'Lazuli_Bunting', 'Northern_Flicker', 'Red_winged_Blackbird', 'Brandt_Cormorant', 'Wilson_Warbler', 'Clay_colored_Sparrow', 'Tree_Sparrow', 'Vesper_Sparrow']

  0%|          | 0/4 [00:00<?, ?it/s]
 25%|██▌       | 1/4 [00:01<00:05,  1.67s/it]
 50%|█████     | 2/4 [00:02<00:02,  1.19s/it]
 75%|███████▌  | 3/4 [00:03<00:00,  1.03it/s]
100%|██████████| 4/4 [00:05<00:00,  1.31s/it]
100%|██████████| 4/4 [00:05<00:00,  1.26s/it]

  0%|          | 0/42 [00:00<?, ?it/s]
  2%|▏         | 1/42 [00:00<00:25,  1.61it/s]
  5%|▍         | 2/42 [00:01<00:24,  1.60it/s]
  7%|▋         | 3/42 [00:01<00:25,  1.53it/s]
 10%|▉         | 4/42 [00:02<00:25,  1.50it/s]
 12%|█▏        | 5/42 [00:03<00:24,  1.50it/s]
 14%|█▍        | 6/42 [00:03<00:23,  1.51it/s]
 17%|█▋        | 7/42 [00:04<00:23,  1.49it/s]
 19%|█▉        | 8/42 [00:05<00:23,  1.48it/s]
 21%|██▏       | 9/42 [00:05<00:22,  1.48it/s]
 24%|██▍       | 10/42 [00:06<00:21,  1.48it/s]
 26%|██▌       | 11/42 [00:07<00:20,  1.49it/s]
 29%|██▊       | 12/42 [00:08<00:21,  1.41it/s]
 31%|███       | 13/42 [00:08<00:20,  1.42it/s]
 33%|███▎      | 14/42 [00:09<00:19,  1.44it/s]
 36%|███▌      | 15/42 [00:10<00:18,  1.45it/s]
 38%|███▊      | 16/42 [00:10<00:17,  1.46it/s]
 40%|████      | 17/42 [00:11<00:16,  1.53it/s]
 43%|████▎     | 18/42 [00:12<00:15,  1.57it/s]
 45%|████▌     | 19/42 [00:12<00:14,  1.60it/s]
 48%|████▊     | 20/42 [00:13<00:13,  1.62it/s]
 50%|█████     | 21/42 [00:13<00:12,  1.65it/s]
 52%|█████▏    | 22/42 [00:14<00:12,  1.65it/s]
 55%|█████▍    | 23/42 [00:14<00:11,  1.67it/s]
 57%|█████▋    | 24/42 [00:15<00:11,  1.55it/s]
 60%|█████▉    | 25/42 [00:16<00:10,  1.58it/s]
 62%|██████▏   | 26/42 [00:16<00:10,  1.60it/s]
 64%|██████▍   | 27/42 [00:17<00:09,  1.60it/s]
 67%|██████▋   | 28/42 [00:18<00:08,  1.61it/s]
 69%|██████▉   | 29/42 [00:18<00:07,  1.63it/s]
 71%|███████▏  | 30/42 [00:19<00:07,  1.65it/s]
 74%|███████▍  | 31/42 [00:19<00:06,  1.66it/s]
 76%|███████▌  | 32/42 [00:20<00:06,  1.64it/s]
 79%|███████▊  | 33/42 [00:21<00:05,  1.62it/s]
 81%|████████  | 34/42 [00:21<00:05,  1.56it/s]
 83%|████████▎ | 35/42 [00:22<00:04,  1.54it/s]
 86%|████████▌ | 36/42 [00:23<00:04,  1.49it/s]
 88%|████████▊ | 37/42 [00:23<00:03,  1.54it/s]
 90%|█████████ | 38/42 [00:24<00:02,  1.56it/s]
 93%|█████████▎| 39/42 [00:25<00:01,  1.60it/s]
 95%|█████████▌| 40/42 [00:25<00:01,  1.63it/s]
 98%|█████████▊| 41/42 [00:26<00:00,  1.63it/s]
100%|██████████| 42/42 [00:26<00:00,  2.07it/s]
100%|██████████| 42/42 [00:26<00:00,  1.58it/s]
Evaluation for task 9 has started.
['Rufous_Hummingbird', 'Long_tailed_Jaeger', 'House_Wren', 'Parakeet_Auklet', 'Pine_Warbler', 'Kentucky_Warbler', 'Clark_Nutcracker', 'Rock_Wren', 'Bank_Swallow', 'Yellow_billed_Cuckoo']

  0%|          | 0/4 [00:00<?, ?it/s]
 25%|██▌       | 1/4 [00:01<00:04,  1.61s/it]
 50%|█████     | 2/4 [00:02<00:02,  1.16s/it]
 75%|███████▌  | 3/4 [00:03<00:00,  1.05it/s]
100%|██████████| 4/4 [00:04<00:00,  1.27s/it]
100%|██████████| 4/4 [00:04<00:00,  1.23s/it]

  0%|          | 0/46 [00:00<?, ?it/s]
  2%|▏         | 1/46 [00:00<00:28,  1.58it/s]
  4%|▍         | 2/46 [00:01<00:27,  1.59it/s]
  7%|▋         | 3/46 [00:01<00:28,  1.48it/s]
  9%|▊         | 4/46 [00:02<00:32,  1.29it/s]
 11%|█         | 5/46 [00:03<00:33,  1.23it/s]
 13%|█▎        | 6/46 [00:04<00:33,  1.19it/s]
 15%|█▌        | 7/46 [00:05<00:31,  1.24it/s]
 17%|█▋        | 8/46 [00:06<00:32,  1.18it/s]
 20%|█▉        | 9/46 [00:07<00:34,  1.08it/s]
 22%|██▏       | 10/46 [00:08<00:34,  1.03it/s]
 24%|██▍       | 11/46 [00:09<00:34,  1.01it/s]
 26%|██▌       | 12/46 [00:10<00:32,  1.06it/s]
 28%|██▊       | 13/46 [00:11<00:31,  1.06it/s]
 30%|███       | 14/46 [00:12<00:29,  1.10it/s]
 33%|███▎      | 15/46 [00:13<00:28,  1.11it/s]
 35%|███▍      | 16/46 [00:13<00:27,  1.11it/s]
 37%|███▋      | 17/46 [00:15<00:28,  1.00it/s]
 39%|███▉      | 18/46 [00:16<00:26,  1.05it/s]
 41%|████▏     | 19/46 [00:16<00:24,  1.11it/s]
 43%|████▎     | 20/46 [00:17<00:25,  1.02it/s]
 46%|████▌     | 21/46 [00:19<00:26,  1.05s/it]
 48%|████▊     | 22/46 [00:20<00:24,  1.01s/it]
 50%|█████     | 23/46 [00:21<00:22,  1.02it/s]
 52%|█████▏    | 24/46 [00:21<00:20,  1.07it/s]
 54%|█████▍    | 25/46 [00:22<00:19,  1.06it/s]
 57%|█████▋    | 26/46 [00:23<00:17,  1.16it/s]
 59%|█████▊    | 27/46 [00:24<00:19,  1.03s/it]
 61%|██████    | 28/46 [00:25<00:18,  1.03s/it]
 63%|██████▎   | 29/46 [00:26<00:16,  1.01it/s]
 65%|██████▌   | 30/46 [00:27<00:15,  1.03it/s]
 67%|██████▋   | 31/46 [00:28<00:14,  1.04it/s]
 70%|██████▉   | 32/46 [00:29<00:13,  1.06it/s]
 72%|███████▏  | 33/46 [00:30<00:11,  1.10it/s]
 74%|███████▍  | 34/46 [00:31<00:10,  1.13it/s]
 76%|███████▌  | 35/46 [00:32<00:09,  1.13it/s]
 78%|███████▊  | 36/46 [00:32<00:08,  1.14it/s]
 80%|████████  | 37/46 [00:33<00:07,  1.19it/s]
 83%|████████▎ | 38/46 [00:34<00:06,  1.25it/s]
 85%|████████▍ | 39/46 [00:35<00:05,  1.32it/s]
 87%|████████▋ | 40/46 [00:35<00:04,  1.36it/s]
 89%|████████▉ | 41/46 [00:36<00:03,  1.38it/s]
 91%|█████████▏| 42/46 [00:37<00:02,  1.40it/s]
 93%|█████████▎| 43/46 [00:37<00:02,  1.42it/s]
 96%|█████████▌| 44/46 [00:38<00:01,  1.37it/s]
 98%|█████████▊| 45/46 [00:39<00:00,  1.41it/s]
100%|██████████| 46/46 [00:39<00:00,  1.46it/s]
100%|██████████| 46/46 [00:39<00:00,  1.15it/s]
Evaluation for task 10 has started.
['Chipping_Sparrow', 'Barn_Swallow', 'Western_Wood_Pewee', 'Red_faced_Cormorant', 'Red_breasted_Merganser', 'Brown_Thrasher', 'Song_Sparrow', 'Common_Raven', 'Tropical_Kingbird', 'Fish_Crow']

  0%|          | 0/4 [00:00<?, ?it/s]
 25%|██▌       | 1/4 [00:01<00:04,  1.63s/it]
 50%|█████     | 2/4 [00:02<00:02,  1.17s/it]
 75%|███████▌  | 3/4 [00:03<00:00,  1.05it/s]
100%|██████████| 4/4 [00:04<00:00,  1.27s/it]
100%|██████████| 4/4 [00:04<00:00,  1.23s/it]

  0%|          | 0/51 [00:00<?, ?it/s]
  2%|▏         | 1/51 [00:00<00:31,  1.58it/s]
  4%|▍         | 2/51 [00:01<00:31,  1.57it/s]
  6%|▌         | 3/51 [00:01<00:30,  1.59it/s]
  8%|▊         | 4/51 [00:02<00:29,  1.61it/s]
 10%|▉         | 5/51 [00:03<00:28,  1.61it/s]
 12%|█▏        | 6/51 [00:03<00:27,  1.64it/s]
 14%|█▎        | 7/51 [00:04<00:26,  1.65it/s]
 16%|█▌        | 8/51 [00:04<00:26,  1.64it/s]
 18%|█▊        | 9/51 [00:05<00:25,  1.64it/s]
 20%|█▉        | 10/51 [00:06<00:25,  1.64it/s]
 22%|██▏       | 11/51 [00:06<00:24,  1.65it/s]
 24%|██▎       | 12/51 [00:07<00:23,  1.65it/s]
 25%|██▌       | 13/51 [00:08<00:24,  1.56it/s]
 27%|██▋       | 14/51 [00:08<00:23,  1.56it/s]
 29%|██▉       | 15/51 [00:09<00:22,  1.57it/s]
 31%|███▏      | 16/51 [00:10<00:22,  1.54it/s]
 33%|███▎      | 17/51 [00:10<00:22,  1.50it/s]
 35%|███▌      | 18/51 [00:11<00:22,  1.49it/s]
 37%|███▋      | 19/51 [00:12<00:21,  1.50it/s]
 39%|███▉      | 20/51 [00:12<00:20,  1.54it/s]
 41%|████      | 21/51 [00:13<00:19,  1.55it/s]
 43%|████▎     | 22/51 [00:13<00:18,  1.56it/s]
 45%|████▌     | 23/51 [00:14<00:17,  1.58it/s]
 47%|████▋     | 24/51 [00:15<00:16,  1.59it/s]
 49%|████▉     | 25/51 [00:15<00:16,  1.61it/s]
 51%|█████     | 26/51 [00:16<00:15,  1.63it/s]
 53%|█████▎    | 27/51 [00:16<00:14,  1.63it/s]
 55%|█████▍    | 28/51 [00:17<00:14,  1.63it/s]
 57%|█████▋    | 29/51 [00:18<00:13,  1.60it/s]
 59%|█████▉    | 30/51 [00:18<00:13,  1.60it/s]
 61%|██████    | 31/51 [00:19<00:12,  1.61it/s]
 63%|██████▎   | 32/51 [00:20<00:12,  1.55it/s]
 65%|██████▍   | 33/51 [00:20<00:11,  1.54it/s]
 67%|██████▋   | 34/51 [00:21<00:10,  1.56it/s]
 69%|██████▊   | 35/51 [00:22<00:10,  1.57it/s]
 71%|███████   | 36/51 [00:22<00:09,  1.59it/s]
 73%|███████▎  | 37/51 [00:23<00:08,  1.60it/s]
 75%|███████▍  | 38/51 [00:23<00:08,  1.61it/s]
 76%|███████▋  | 39/51 [00:24<00:08,  1.48it/s]
 78%|███████▊  | 40/51 [00:25<00:07,  1.46it/s]
 80%|████████  | 41/51 [00:26<00:06,  1.48it/s]
 82%|████████▏ | 42/51 [00:26<00:05,  1.52it/s]
 84%|████████▍ | 43/51 [00:27<00:05,  1.51it/s]
 86%|████████▋ | 44/51 [00:28<00:04,  1.48it/s]
 88%|████████▊ | 45/51 [00:28<00:04,  1.48it/s]
 90%|█████████ | 46/51 [00:29<00:03,  1.51it/s]
 92%|█████████▏| 47/51 [00:29<00:02,  1.56it/s]
 94%|█████████▍| 48/51 [00:30<00:01,  1.59it/s]
 96%|█████████▌| 49/51 [00:31<00:01,  1.37it/s]
 98%|█████████▊| 50/51 [00:32<00:00,  1.43it/s]
100%|██████████| 51/51 [00:32<00:00,  1.76it/s]
100%|██████████| 51/51 [00:32<00:00,  1.57it/s]
Evaluation for task 11 has started.
['Sooty_Albatross', 'White_breasted_Kingfisher', 'Pine_Grosbeak', 'Ivory_Gull', 'Heermann_Gull', 'Baltimore_Oriole', 'Scarlet_Tanager', 'Baird_Sparrow', 'Pacific_Loon', 'White_crowned_Sparrow']

  0%|          | 0/4 [00:00<?, ?it/s]
 25%|██▌       | 1/4 [00:01<00:04,  1.66s/it]
 50%|█████     | 2/4 [00:02<00:02,  1.19s/it]
 75%|███████▌  | 3/4 [00:03<00:00,  1.04it/s]
100%|██████████| 4/4 [00:04<00:00,  1.28s/it]
100%|██████████| 4/4 [00:04<00:00,  1.25s/it]

  0%|          | 0/55 [00:00<?, ?it/s]
  2%|▏         | 1/55 [00:00<00:36,  1.48it/s]
  4%|▎         | 2/55 [00:01<00:36,  1.45it/s]
  5%|▌         | 3/55 [00:02<00:35,  1.45it/s]
  7%|▋         | 4/55 [00:02<00:34,  1.49it/s]
  9%|▉         | 5/55 [00:03<00:32,  1.53it/s]
 11%|█         | 6/55 [00:03<00:31,  1.56it/s]
 13%|█▎        | 7/55 [00:04<00:30,  1.56it/s]
 15%|█▍        | 8/55 [00:05<00:32,  1.46it/s]
 16%|█▋        | 9/55 [00:06<00:31,  1.47it/s]
 18%|█▊        | 10/55 [00:06<00:29,  1.50it/s]
 20%|██        | 11/55 [00:07<00:28,  1.52it/s]
 22%|██▏       | 12/55 [00:07<00:27,  1.55it/s]
 24%|██▎       | 13/55 [00:08<00:26,  1.58it/s]
 25%|██▌       | 14/55 [00:09<00:25,  1.58it/s]
 27%|██▋       | 15/55 [00:09<00:26,  1.52it/s]
 29%|██▉       | 16/55 [00:10<00:26,  1.48it/s]
 31%|███       | 17/55 [00:11<00:27,  1.38it/s]
 33%|███▎      | 18/55 [00:12<00:28,  1.32it/s]
 35%|███▍      | 19/55 [00:13<00:29,  1.24it/s]
 36%|███▋      | 20/55 [00:14<00:29,  1.20it/s]
 38%|███▊      | 21/55 [00:14<00:28,  1.19it/s]
 40%|████      | 22/55 [00:15<00:29,  1.13it/s]
 42%|████▏     | 23/55 [00:16<00:29,  1.09it/s]
 44%|████▎     | 24/55 [00:17<00:28,  1.09it/s]
 45%|████▌     | 25/55 [00:18<00:28,  1.04it/s]
 47%|████▋     | 26/55 [00:20<00:29,  1.03s/it]
 49%|████▉     | 27/55 [00:20<00:25,  1.10it/s]
 51%|█████     | 28/55 [00:21<00:23,  1.17it/s]
 53%|█████▎    | 29/55 [00:22<00:22,  1.15it/s]
 55%|█████▍    | 30/55 [00:23<00:22,  1.14it/s]
 56%|█████▋    | 31/55 [00:23<00:20,  1.20it/s]
 58%|█████▊    | 32/55 [00:24<00:19,  1.16it/s]
 60%|██████    | 33/55 [00:26<00:22,  1.01s/it]
 62%|██████▏   | 34/55 [00:27<00:19,  1.07it/s]
 64%|██████▎   | 35/55 [00:27<00:16,  1.18it/s]
 65%|██████▌   | 36/55 [00:28<00:15,  1.20it/s]
 67%|██████▋   | 37/55 [00:29<00:15,  1.16it/s]
 69%|██████▉   | 38/55 [00:30<00:14,  1.14it/s]
 71%|███████   | 39/55 [00:31<00:14,  1.11it/s]
 73%|███████▎  | 40/55 [00:31<00:12,  1.22it/s]
 75%|███████▍  | 41/55 [00:32<00:11,  1.22it/s]
 76%|███████▋  | 42/55 [00:33<00:11,  1.14it/s]
 78%|███████▊  | 43/55 [00:34<00:10,  1.20it/s]
 80%|████████  | 44/55 [00:35<00:09,  1.13it/s]
 82%|████████▏ | 45/55 [00:36<00:08,  1.13it/s]
 84%|████████▎ | 46/55 [00:37<00:07,  1.16it/s]
 85%|████████▌ | 47/55 [00:38<00:07,  1.12it/s]
 87%|████████▋ | 48/55 [00:38<00:06,  1.16it/s]
 89%|████████▉ | 49/55 [00:39<00:05,  1.15it/s]
 91%|█████████ | 50/55 [00:40<00:04,  1.12it/s]
 93%|█████████▎| 51/55 [00:41<00:03,  1.09it/s]
 95%|█████████▍| 52/55 [00:42<00:02,  1.09it/s]
 96%|█████████▋| 53/55 [00:43<00:01,  1.13it/s]
 98%|█████████▊| 54/55 [00:44<00:00,  1.12it/s]
100%|██████████| 55/55 [00:44<00:00,  1.24it/s]
100%|██████████| 55/55 [00:44<00:00,  1.22it/s]
Evaluation for task 12 has started.
['Western_Gull', 'Yellow_breasted_Chat', 'Yellow_headed_Blackbird', 'Grasshopper_Sparrow', 'Downy_Woodpecker', 'Bronzed_Cowbird', 'Black_billed_Cuckoo', 'White_Pelican', 'House_Sparrow', 'American_Three_toed_Woodpecker']

  0%|          | 0/4 [00:00<?, ?it/s]
 25%|██▌       | 1/4 [00:01<00:05,  1.68s/it]
 50%|█████     | 2/4 [00:02<00:02,  1.19s/it]
 75%|███████▌  | 3/4 [00:03<00:00,  1.04it/s]
100%|██████████| 4/4 [00:05<00:00,  1.29s/it]
100%|██████████| 4/4 [00:05<00:00,  1.25s/it]

  0%|          | 0/60 [00:00<?, ?it/s]
  2%|▏         | 1/60 [00:00<00:42,  1.40it/s]
  3%|▎         | 2/60 [00:01<00:40,  1.43it/s]
  5%|▌         | 3/60 [00:02<00:38,  1.49it/s]
  7%|▋         | 4/60 [00:02<00:36,  1.53it/s]
  8%|▊         | 5/60 [00:03<00:35,  1.55it/s]
 10%|█         | 6/60 [00:03<00:34,  1.55it/s]
 12%|█▏        | 7/60 [00:04<00:33,  1.58it/s]
 13%|█▎        | 8/60 [00:05<00:32,  1.60it/s]
 15%|█▌        | 9/60 [00:05<00:32,  1.59it/s]
 17%|█▋        | 10/60 [00:06<00:32,  1.54it/s]
 18%|█▊        | 11/60 [00:07<00:32,  1.53it/s]
 20%|██        | 12/60 [00:07<00:31,  1.51it/s]
 22%|██▏       | 13/60 [00:08<00:30,  1.52it/s]
 23%|██▎       | 14/60 [00:09<00:31,  1.46it/s]
 25%|██▌       | 15/60 [00:09<00:31,  1.44it/s]
 27%|██▋       | 16/60 [00:10<00:32,  1.36it/s]
 28%|██▊       | 17/60 [00:11<00:32,  1.34it/s]
 30%|███       | 18/60 [00:12<00:30,  1.40it/s]
 32%|███▏      | 19/60 [00:12<00:29,  1.40it/s]
 33%|███▎      | 20/60 [00:13<00:28,  1.40it/s]
 35%|███▌      | 21/60 [00:14<00:29,  1.32it/s]
 37%|███▋      | 22/60 [00:15<00:28,  1.33it/s]
 38%|███▊      | 23/60 [00:15<00:26,  1.39it/s]
 40%|████      | 24/60 [00:16<00:26,  1.38it/s]
 42%|████▏     | 25/60 [00:17<00:24,  1.40it/s]
 43%|████▎     | 26/60 [00:18<00:25,  1.36it/s]
 45%|████▌     | 27/60 [00:18<00:25,  1.31it/s]
 47%|████▋     | 28/60 [00:19<00:23,  1.34it/s]
 48%|████▊     | 29/60 [00:20<00:22,  1.36it/s]
 50%|█████     | 30/60 [00:21<00:22,  1.36it/s]
 52%|█████▏    | 31/60 [00:21<00:22,  1.32it/s]
 53%|█████▎    | 32/60 [00:22<00:20,  1.34it/s]
 55%|█████▌    | 33/60 [00:23<00:19,  1.36it/s]
 57%|█████▋    | 34/60 [00:23<00:18,  1.39it/s]
 58%|█████▊    | 35/60 [00:24<00:18,  1.39it/s]
 60%|██████    | 36/60 [00:25<00:17,  1.35it/s]
 62%|██████▏   | 37/60 [00:26<00:16,  1.36it/s]
 63%|██████▎   | 38/60 [00:26<00:15,  1.41it/s]
 65%|██████▌   | 39/60 [00:27<00:15,  1.38it/s]
 67%|██████▋   | 40/60 [00:28<00:14,  1.34it/s]
 68%|██████▊   | 41/60 [00:29<00:14,  1.32it/s]
 70%|███████   | 42/60 [00:29<00:13,  1.36it/s]
 72%|███████▏  | 43/60 [00:30<00:12,  1.37it/s]
 73%|███████▎  | 44/60 [00:31<00:11,  1.36it/s]
 75%|███████▌  | 45/60 [00:32<00:11,  1.35it/s]
 77%|███████▋  | 46/60 [00:32<00:10,  1.37it/s]
 78%|███████▊  | 47/60 [00:33<00:09,  1.35it/s]
 80%|████████  | 48/60 [00:34<00:08,  1.35it/s]
 82%|████████▏ | 49/60 [00:34<00:07,  1.42it/s]
 83%|████████▎ | 50/60 [00:35<00:07,  1.39it/s]
 85%|████████▌ | 51/60 [00:36<00:06,  1.39it/s]
 87%|████████▋ | 52/60 [00:37<00:05,  1.35it/s]
 88%|████████▊ | 53/60 [00:37<00:05,  1.35it/s]
 90%|█████████ | 54/60 [00:38<00:04,  1.35it/s]
 92%|█████████▏| 55/60 [00:39<00:03,  1.38it/s]
 93%|█████████▎| 56/60 [00:40<00:02,  1.35it/s]
 95%|█████████▌| 57/60 [00:40<00:02,  1.36it/s]
 97%|█████████▋| 58/60 [00:41<00:01,  1.38it/s]
 98%|█████████▊| 59/60 [00:42<00:00,  1.42it/s]
100%|██████████| 60/60 [00:42<00:00,  1.83it/s]
100%|██████████| 60/60 [00:42<00:00,  1.41it/s]
Evaluation for task 13 has started.
['Pelagic_Cormorant', 'Herring_Gull', 'Whip_poor_Will', 'Black_throated_Sparrow', 'Carolina_Wren', 'Fox_Sparrow', 'Palm_Warbler', 'Hooded_Merganser', 'Great_Grey_Shrike', 'Shiny_Cowbird']

  0%|          | 0/4 [00:00<?, ?it/s]
 25%|██▌       | 1/4 [00:01<00:04,  1.60s/it]
 50%|█████     | 2/4 [00:02<00:02,  1.16s/it]
 75%|███████▌  | 3/4 [00:03<00:00,  1.05it/s]
100%|██████████| 4/4 [00:04<00:00,  1.27s/it]
100%|██████████| 4/4 [00:04<00:00,  1.23s/it]

  0%|          | 0/64 [00:00<?, ?it/s]
  2%|▏         | 1/64 [00:00<00:46,  1.36it/s]
  3%|▎         | 2/64 [00:01<00:44,  1.39it/s]
  5%|▍         | 3/64 [00:02<00:44,  1.36it/s]
  6%|▋         | 4/64 [00:03<00:54,  1.10it/s]
  8%|▊         | 5/64 [00:04<00:58,  1.01it/s]
  9%|▉         | 6/64 [00:05<01:03,  1.10s/it]
 11%|█         | 7/64 [00:06<01:02,  1.09s/it]
 12%|█▎        | 8/64 [00:07<00:59,  1.07s/it]
 14%|█▍        | 9/64 [00:09<01:00,  1.11s/it]
 16%|█▌        | 10/64 [00:10<00:57,  1.06s/it]
 17%|█▋        | 11/64 [00:11<00:55,  1.04s/it]
 19%|█▉        | 12/64 [00:11<00:50,  1.04it/s]
 20%|██        | 13/64 [00:12<00:48,  1.06it/s]
 22%|██▏       | 14/64 [00:13<00:48,  1.03it/s]
 23%|██▎       | 15/64 [00:15<00:52,  1.07s/it]
 25%|██▌       | 16/64 [00:15<00:48,  1.01s/it]
 27%|██▋       | 17/64 [00:16<00:44,  1.06it/s]
 28%|██▊       | 18/64 [00:17<00:43,  1.06it/s]
 30%|██▉       | 19/64 [00:18<00:45,  1.02s/it]
 31%|███▏      | 20/64 [00:19<00:44,  1.01s/it]
 33%|███▎      | 21/64 [00:21<00:46,  1.07s/it]
 34%|███▍      | 22/64 [00:22<00:45,  1.09s/it]
 36%|███▌      | 23/64 [00:23<00:42,  1.05s/it]
 38%|███▊      | 24/64 [00:23<00:38,  1.04it/s]
 39%|███▉      | 25/64 [00:24<00:37,  1.04it/s]
 41%|████      | 26/64 [00:25<00:37,  1.02it/s]
 42%|████▏     | 27/64 [00:26<00:36,  1.01it/s]
 44%|████▍     | 28/64 [00:27<00:35,  1.02it/s]
 45%|████▌     | 29/64 [00:29<00:36,  1.04s/it]
 47%|████▋     | 30/64 [00:30<00:36,  1.08s/it]
 48%|████▊     | 31/64 [00:31<00:34,  1.03s/it]
 50%|█████     | 32/64 [00:32<00:34,  1.08s/it]
 52%|█████▏    | 33/64 [00:33<00:32,  1.04s/it]
 53%|█████▎    | 34/64 [00:34<00:31,  1.04s/it]
 55%|█████▍    | 35/64 [00:35<00:30,  1.06s/it]
 56%|█████▋    | 36/64 [00:36<00:26,  1.06it/s]
 58%|█████▊    | 37/64 [00:37<00:25,  1.05it/s]
 59%|█████▉    | 38/64 [00:37<00:24,  1.07it/s]
 61%|██████    | 39/64 [00:39<00:28,  1.15s/it]
 62%|██████▎   | 40/64 [00:40<00:26,  1.11s/it]
 64%|██████▍   | 41/64 [00:41<00:26,  1.16s/it]
 66%|██████▌   | 42/64 [00:42<00:24,  1.10s/it]
 67%|██████▋   | 43/64 [00:43<00:23,  1.10s/it]
 69%|██████▉   | 44/64 [00:44<00:21,  1.06s/it]
 70%|███████   | 45/64 [00:46<00:20,  1.08s/it]
 72%|███████▏  | 46/64 [00:47<00:21,  1.17s/it]
 73%|███████▎  | 47/64 [00:48<00:18,  1.07s/it]
 75%|███████▌  | 48/64 [00:49<00:18,  1.16s/it]
 77%|███████▋  | 49/64 [00:50<00:17,  1.18s/it]
 78%|███████▊  | 50/64 [00:52<00:16,  1.16s/it]
 80%|███████▉  | 51/64 [00:52<00:13,  1.05s/it]
 81%|████████▏ | 52/64 [00:53<00:11,  1.00it/s]
 83%|████████▎ | 53/64 [00:54<00:09,  1.10it/s]
 84%|████████▍ | 54/64 [00:55<00:08,  1.18it/s]
 86%|████████▌ | 55/64 [00:55<00:07,  1.24it/s]
 88%|████████▊ | 56/64 [00:56<00:06,  1.28it/s]
 89%|████████▉ | 57/64 [00:57<00:05,  1.31it/s]
 91%|█████████ | 58/64 [00:58<00:04,  1.29it/s]
 92%|█████████▏| 59/64 [00:58<00:04,  1.25it/s]
 94%|█████████▍| 60/64 [00:59<00:03,  1.32it/s]
 95%|█████████▌| 61/64 [01:00<00:02,  1.35it/s]
 97%|█████████▋| 62/64 [01:00<00:01,  1.37it/s]
 98%|█████████▊| 63/64 [01:01<00:00,  1.41it/s]
100%|██████████| 64/64 [01:02<00:00,  1.41it/s]
100%|██████████| 64/64 [01:02<00:00,  1.03it/s]
Evaluation for task 14 has started.
['Olive_sided_Flycatcher', 'Glaucous_winged_Gull', 'Canada_Warbler', 'Winter_Wren', 'Green_Jay', 'Swainson_Warbler', 'Least_Auklet', 'Cape_Glossy_Starling', 'Rusty_Blackbird', 'Rhinoceros_Auklet']

  0%|          | 0/4 [00:00<?, ?it/s]
 25%|██▌       | 1/4 [00:01<00:04,  1.60s/it]
 50%|█████     | 2/4 [00:02<00:02,  1.16s/it]
 75%|███████▌  | 3/4 [00:03<00:00,  1.06it/s]
100%|██████████| 4/4 [00:04<00:00,  1.27s/it]
100%|██████████| 4/4 [00:04<00:00,  1.22s/it]

  0%|          | 0/68 [00:00<?, ?it/s]
  1%|▏         | 1/68 [00:00<00:47,  1.41it/s]
  3%|▎         | 2/68 [00:01<00:47,  1.39it/s]
  4%|▍         | 3/68 [00:02<00:46,  1.41it/s]
  6%|▌         | 4/68 [00:02<00:45,  1.39it/s]
  7%|▋         | 5/68 [00:03<00:45,  1.39it/s]
  9%|▉         | 6/68 [00:04<00:44,  1.40it/s]
 10%|█         | 7/68 [00:04<00:42,  1.44it/s]
 12%|█▏        | 8/68 [00:05<00:40,  1.50it/s]
 13%|█▎        | 9/68 [00:06<00:38,  1.53it/s]
 15%|█▍        | 10/68 [00:06<00:37,  1.54it/s]
 16%|█▌        | 11/68 [00:07<00:36,  1.56it/s]
 18%|█▊        | 12/68 [00:08<00:35,  1.56it/s]
 19%|█▉        | 13/68 [00:08<00:35,  1.57it/s]
 21%|██        | 14/68 [00:09<00:34,  1.55it/s]
 22%|██▏       | 15/68 [00:10<00:34,  1.56it/s]
 24%|██▎       | 16/68 [00:10<00:34,  1.53it/s]
 25%|██▌       | 17/68 [00:11<00:34,  1.49it/s]
 26%|██▋       | 18/68 [00:12<00:34,  1.46it/s]
 28%|██▊       | 19/68 [00:12<00:34,  1.44it/s]
 29%|██▉       | 20/68 [00:13<00:35,  1.33it/s]
 31%|███       | 21/68 [00:14<00:35,  1.33it/s]
 32%|███▏      | 22/68 [00:15<00:34,  1.35it/s]
 34%|███▍      | 23/68 [00:15<00:32,  1.37it/s]
 35%|███▌      | 24/68 [00:16<00:32,  1.37it/s]
 37%|███▋      | 25/68 [00:17<00:31,  1.38it/s]
 38%|███▊      | 26/68 [00:17<00:29,  1.41it/s]
 40%|███▉      | 27/68 [00:18<00:29,  1.41it/s]
 41%|████      | 28/68 [00:19<00:27,  1.47it/s]
 43%|████▎     | 29/68 [00:19<00:25,  1.50it/s]
 44%|████▍     | 30/68 [00:20<00:26,  1.46it/s]
 46%|████▌     | 31/68 [00:21<00:25,  1.44it/s]
 47%|████▋     | 32/68 [00:22<00:24,  1.45it/s]
 49%|████▊     | 33/68 [00:22<00:24,  1.45it/s]
 50%|█████     | 34/68 [00:23<00:24,  1.40it/s]
 51%|█████▏    | 35/68 [00:24<00:24,  1.35it/s]
 53%|█████▎    | 36/68 [00:25<00:23,  1.37it/s]
 54%|█████▍    | 37/68 [00:25<00:22,  1.37it/s]
 56%|█████▌    | 38/68 [00:26<00:21,  1.39it/s]
 57%|█████▋    | 39/68 [00:27<00:21,  1.38it/s]
 59%|█████▉    | 40/68 [00:27<00:20,  1.38it/s]
 60%|██████    | 41/68 [00:28<00:19,  1.39it/s]
 62%|██████▏   | 42/68 [00:29<00:18,  1.40it/s]
 63%|██████▎   | 43/68 [00:30<00:17,  1.40it/s]
 65%|██████▍   | 44/68 [00:30<00:17,  1.41it/s]
 66%|██████▌   | 45/68 [00:31<00:16,  1.40it/s]
 68%|██████▊   | 46/68 [00:32<00:15,  1.41it/s]
 69%|██████▉   | 47/68 [00:32<00:14,  1.45it/s]
 71%|███████   | 48/68 [00:33<00:13,  1.48it/s]
 72%|███████▏  | 49/68 [00:34<00:12,  1.50it/s]
 74%|███████▎  | 50/68 [00:34<00:11,  1.53it/s]
 75%|███████▌  | 51/68 [00:35<00:11,  1.48it/s]
 76%|███████▋  | 52/68 [00:36<00:10,  1.51it/s]
 78%|███████▊  | 53/68 [00:36<00:09,  1.54it/s]
 79%|███████▉  | 54/68 [00:37<00:09,  1.54it/s]
 81%|████████  | 55/68 [00:37<00:08,  1.55it/s]
 82%|████████▏ | 56/68 [00:38<00:07,  1.54it/s]
 84%|████████▍ | 57/68 [00:39<00:07,  1.55it/s]
 85%|████████▌ | 58/68 [00:39<00:06,  1.56it/s]
 87%|████████▋ | 59/68 [00:40<00:05,  1.56it/s]
 88%|████████▊ | 60/68 [00:41<00:05,  1.57it/s]
 90%|████████▉ | 61/68 [00:41<00:04,  1.56it/s]
 91%|█████████ | 62/68 [00:42<00:03,  1.56it/s]
 93%|█████████▎| 63/68 [00:43<00:03,  1.56it/s]
 94%|█████████▍| 64/68 [00:43<00:02,  1.57it/s]
 96%|█████████▌| 65/68 [00:44<00:01,  1.55it/s]
 97%|█████████▋| 66/68 [00:45<00:01,  1.55it/s]
 99%|█████████▊| 67/68 [00:45<00:00,  1.55it/s]
100%|██████████| 68/68 [00:46<00:00,  1.66it/s]
100%|██████████| 68/68 [00:46<00:00,  1.47it/s]
Evaluation for task 15 has started.
['Ringed_Kingfisher', 'Blue_Grosbeak', 'White_breasted_Nuthatch', 'Red_bellied_Woodpecker', 'Warbling_Vireo', 'American_Pipit', 'Northern_Fulmar', 'Nighthawk', 'Blue_headed_Vireo', 'Black_capped_Vireo']

  0%|          | 0/4 [00:00<?, ?it/s]
 25%|██▌       | 1/4 [00:01<00:04,  1.64s/it]
 50%|█████     | 2/4 [00:02<00:02,  1.18s/it]
 75%|███████▌  | 3/4 [00:03<00:00,  1.05it/s]
100%|██████████| 4/4 [00:04<00:00,  1.28s/it]
100%|██████████| 4/4 [00:04<00:00,  1.24s/it]

  0%|          | 0/73 [00:00<?, ?it/s]
  1%|▏         | 1/73 [00:00<00:48,  1.50it/s]
  3%|▎         | 2/73 [00:01<00:47,  1.48it/s]
  4%|▍         | 3/73 [00:02<00:52,  1.33it/s]
  5%|▌         | 4/73 [00:02<00:51,  1.33it/s]
  7%|▋         | 5/73 [00:03<00:50,  1.35it/s]
  8%|▊         | 6/73 [00:04<00:47,  1.42it/s]
 10%|▉         | 7/73 [00:04<00:45,  1.45it/s]
 11%|█         | 8/73 [00:06<00:52,  1.24it/s]
 12%|█▏        | 9/73 [00:06<00:50,  1.27it/s]
 14%|█▎        | 10/73 [00:07<00:50,  1.24it/s]
 15%|█▌        | 11/73 [00:08<00:56,  1.09it/s]
 16%|█▋        | 12/73 [00:09<00:58,  1.05it/s]
 18%|█▊        | 13/73 [00:10<00:56,  1.05it/s]
 19%|█▉        | 14/73 [00:11<00:53,  1.10it/s]
 21%|██        | 15/73 [00:12<00:53,  1.08it/s]
 22%|██▏       | 16/73 [00:13<00:54,  1.05it/s]
 23%|██▎       | 17/73 [00:14<00:54,  1.03it/s]
 25%|██▍       | 18/73 [00:15<00:51,  1.07it/s]
 26%|██▌       | 19/73 [00:16<00:52,  1.02it/s]
 27%|██▋       | 20/73 [00:18<01:08,  1.29s/it]
 29%|██▉       | 21/73 [00:19<01:02,  1.20s/it]
 30%|███       | 22/73 [00:20<01:01,  1.21s/it]
 32%|███▏      | 23/73 [00:21<00:53,  1.06s/it]
 33%|███▎      | 24/73 [00:22<00:48,  1.00it/s]
 34%|███▍      | 25/73 [00:23<00:46,  1.03it/s]
 36%|███▌      | 26/73 [00:24<00:45,  1.03it/s]
 37%|███▋      | 27/73 [00:25<00:44,  1.03it/s]
 38%|███▊      | 28/73 [00:26<00:45,  1.00s/it]
 40%|███▉      | 29/73 [00:27<00:42,  1.04it/s]
 41%|████      | 30/73 [00:28<00:43,  1.02s/it]
 42%|████▏     | 31/73 [00:29<00:46,  1.10s/it]
 44%|████▍     | 32/73 [00:30<00:42,  1.04s/it]
 45%|████▌     | 33/73 [00:31<00:41,  1.03s/it]
 47%|████▋     | 34/73 [00:32<00:40,  1.04s/it]
 48%|████▊     | 35/73 [00:33<00:40,  1.06s/it]
 49%|████▉     | 36/73 [00:34<00:36,  1.02it/s]
 51%|█████     | 37/73 [00:35<00:36,  1.03s/it]
 52%|█████▏    | 38/73 [00:36<00:37,  1.06s/it]
 53%|█████▎    | 39/73 [00:37<00:33,  1.01it/s]
 55%|█████▍    | 40/73 [00:38<00:33,  1.02s/it]
 56%|█████▌    | 41/73 [00:39<00:31,  1.03it/s]
 58%|█████▊    | 42/73 [00:40<00:30,  1.02it/s]
 59%|█████▉    | 43/73 [00:41<00:29,  1.00it/s]
 60%|██████    | 44/73 [00:42<00:27,  1.07it/s]
 62%|██████▏   | 45/73 [00:43<00:25,  1.09it/s]
 63%|██████▎   | 46/73 [00:44<00:25,  1.04it/s]
 64%|██████▍   | 47/73 [00:45<00:25,  1.04it/s]
 66%|██████▌   | 48/73 [00:46<00:23,  1.07it/s]
 67%|██████▋   | 49/73 [00:47<00:27,  1.15s/it]
 68%|██████▊   | 50/73 [00:48<00:26,  1.13s/it]
 70%|██████▉   | 51/73 [00:49<00:25,  1.14s/it]
 71%|███████   | 52/73 [00:51<00:25,  1.20s/it]
 73%|███████▎  | 53/73 [00:52<00:22,  1.12s/it]
 74%|███████▍  | 54/73 [00:53<00:21,  1.11s/it]
 75%|███████▌  | 55/73 [00:54<00:18,  1.04s/it]
 77%|███████▋  | 56/73 [00:55<00:17,  1.03s/it]
 78%|███████▊  | 57/73 [00:56<00:15,  1.02it/s]
 79%|███████▉  | 58/73 [00:57<00:15,  1.00s/it]
 81%|████████  | 59/73 [00:58<00:13,  1.00it/s]
 82%|████████▏ | 60/73 [00:58<00:12,  1.06it/s]
 84%|████████▎ | 61/73 [00:59<00:10,  1.10it/s]
 85%|████████▍ | 62/73 [01:00<00:09,  1.15it/s]
 86%|████████▋ | 63/73 [01:01<00:08,  1.21it/s]
 88%|████████▊ | 64/73 [01:02<00:07,  1.22it/s]
 89%|████████▉ | 65/73 [01:02<00:06,  1.25it/s]
 90%|█████████ | 66/73 [01:03<00:05,  1.29it/s]
 92%|█████████▏| 67/73 [01:04<00:04,  1.32it/s]
 93%|█████████▎| 68/73 [01:04<00:03,  1.33it/s]
 95%|█████████▍| 69/73 [01:05<00:02,  1.35it/s]
 96%|█████████▌| 70/73 [01:06<00:02,  1.31it/s]
 97%|█████████▋| 71/73 [01:07<00:01,  1.32it/s]
 99%|█████████▊| 72/73 [01:07<00:00,  1.37it/s]
100%|██████████| 73/73 [01:08<00:00,  1.71it/s]
100%|██████████| 73/73 [01:08<00:00,  1.07it/s]
Evaluation for task 16 has started.
['Worm_eating_Warbler', 'Western_Meadowlark', 'Yellow_throated_Vireo', 'American_Crow', 'Black_Tern', 'Common_Yellowthroat', 'Elegant_Tern', 'Gadwall', 'Bobolink', 'Chestnut_sided_Warbler']

  0%|          | 0/4 [00:00<?, ?it/s]
 25%|██▌       | 1/4 [00:01<00:04,  1.60s/it]
 50%|█████     | 2/4 [00:02<00:02,  1.16s/it]
 75%|███████▌  | 3/4 [00:03<00:00,  1.06it/s]
100%|██████████| 4/4 [00:04<00:00,  1.27s/it]
100%|██████████| 4/4 [00:04<00:00,  1.23s/it]

  0%|          | 0/77 [00:00<?, ?it/s]
  1%|▏         | 1/77 [00:00<00:50,  1.50it/s]
  3%|▎         | 2/77 [00:01<00:49,  1.52it/s]
  4%|▍         | 3/77 [00:01<00:48,  1.54it/s]
  5%|▌         | 4/77 [00:02<00:48,  1.52it/s]
  6%|▋         | 5/77 [00:03<00:47,  1.51it/s]
  8%|▊         | 6/77 [00:03<00:46,  1.52it/s]
  9%|▉         | 7/77 [00:04<00:46,  1.52it/s]
 10%|█         | 8/77 [00:05<00:45,  1.52it/s]
 12%|█▏        | 9/77 [00:05<00:44,  1.51it/s]
 13%|█▎        | 10/77 [00:06<00:45,  1.48it/s]
 14%|█▍        | 11/77 [00:07<00:45,  1.44it/s]
 16%|█▌        | 12/77 [00:08<00:46,  1.38it/s]
 17%|█▋        | 13/77 [00:08<00:46,  1.37it/s]
 18%|█▊        | 14/77 [00:09<00:45,  1.37it/s]
 19%|█▉        | 15/77 [00:10<00:45,  1.36it/s]
 21%|██        | 16/77 [00:11<00:44,  1.37it/s]
 22%|██▏       | 17/77 [00:11<00:42,  1.42it/s]
 23%|██▎       | 18/77 [00:12<00:42,  1.40it/s]
 25%|██▍       | 19/77 [00:13<00:41,  1.40it/s]
 26%|██▌       | 20/77 [00:13<00:40,  1.39it/s]
 27%|██▋       | 21/77 [00:14<00:40,  1.38it/s]
 29%|██▊       | 22/77 [00:15<00:40,  1.36it/s]
 30%|██▉       | 23/77 [00:16<00:39,  1.37it/s]
 31%|███       | 24/77 [00:16<00:37,  1.42it/s]
 32%|███▏      | 25/77 [00:17<00:35,  1.46it/s]
 34%|███▍      | 26/77 [00:18<00:34,  1.49it/s]
 35%|███▌      | 27/77 [00:18<00:33,  1.49it/s]
 36%|███▋      | 28/77 [00:19<00:32,  1.53it/s]
 38%|███▊      | 29/77 [00:19<00:31,  1.55it/s]
 39%|███▉      | 30/77 [00:20<00:30,  1.55it/s]
 40%|████      | 31/77 [00:21<00:29,  1.54it/s]
 42%|████▏     | 32/77 [00:21<00:29,  1.55it/s]
 43%|████▎     | 33/77 [00:22<00:28,  1.53it/s]
 44%|████▍     | 34/77 [00:23<00:28,  1.53it/s]
 45%|████▌     | 35/77 [00:23<00:28,  1.48it/s]
 47%|████▋     | 36/77 [00:24<00:27,  1.49it/s]
 48%|████▊     | 37/77 [00:25<00:26,  1.51it/s]
 49%|████▉     | 38/77 [00:25<00:25,  1.51it/s]
 51%|█████     | 39/77 [00:26<00:24,  1.52it/s]
 52%|█████▏    | 40/77 [00:27<00:24,  1.53it/s]
 53%|█████▎    | 41/77 [00:27<00:23,  1.54it/s]
 55%|█████▍    | 42/77 [00:28<00:22,  1.53it/s]
 56%|█████▌    | 43/77 [00:29<00:22,  1.48it/s]
 57%|█████▋    | 44/77 [00:29<00:22,  1.44it/s]
 58%|█████▊    | 45/77 [00:30<00:22,  1.41it/s]
 60%|█████▉    | 46/77 [00:31<00:22,  1.40it/s]
 61%|██████    | 47/77 [00:32<00:21,  1.40it/s]
 62%|██████▏   | 48/77 [00:32<00:21,  1.37it/s]
 64%|██████▎   | 49/77 [00:33<00:20,  1.40it/s]
 65%|██████▍   | 50/77 [00:34<00:20,  1.32it/s]
 66%|██████▌   | 51/77 [00:35<00:20,  1.30it/s]
 68%|██████▊   | 52/77 [00:36<00:19,  1.31it/s]
 69%|██████▉   | 53/77 [00:36<00:18,  1.32it/s]
 70%|███████   | 54/77 [00:37<00:17,  1.32it/s]
 71%|███████▏  | 55/77 [00:38<00:16,  1.34it/s]
 73%|███████▎  | 56/77 [00:38<00:15,  1.36it/s]
 74%|███████▍  | 57/77 [00:39<00:14,  1.36it/s]
 75%|███████▌  | 58/77 [00:40<00:13,  1.36it/s]
 77%|███████▋  | 59/77 [00:41<00:13,  1.36it/s]
 78%|███████▊  | 60/77 [00:41<00:12,  1.37it/s]
 79%|███████▉  | 61/77 [00:42<00:12,  1.30it/s]
 81%|████████  | 62/77 [00:43<00:11,  1.30it/s]
 82%|████████▏ | 63/77 [00:44<00:10,  1.33it/s]
 83%|████████▎ | 64/77 [00:44<00:09,  1.35it/s]
 84%|████████▍ | 65/77 [00:45<00:08,  1.36it/s]
 86%|████████▌ | 66/77 [00:46<00:08,  1.35it/s]
 87%|████████▋ | 67/77 [00:47<00:07,  1.37it/s]
 88%|████████▊ | 68/77 [00:47<00:06,  1.40it/s]
 90%|████████▉ | 69/77 [00:48<00:05,  1.39it/s]
 91%|█████████ | 70/77 [00:49<00:05,  1.34it/s]
 92%|█████████▏| 71/77 [00:50<00:04,  1.36it/s]
 94%|█████████▎| 72/77 [00:50<00:03,  1.35it/s]
 95%|█████████▍| 73/77 [00:51<00:02,  1.36it/s]
 96%|█████████▌| 74/77 [00:52<00:02,  1.40it/s]
 97%|█████████▋| 75/77 [00:52<00:01,  1.43it/s]
 99%|█████████▊| 76/77 [00:53<00:00,  1.45it/s]
100%|██████████| 77/77 [00:54<00:00,  1.51it/s]
100%|██████████| 77/77 [00:54<00:00,  1.42it/s]
Evaluation for task 17 has started.
['Florida_Jay', 'Boat_tailed_Grackle', 'Myrtle_Warbler', 'Great_Crested_Flycatcher', 'Least_Tern', 'Dark_eyed_Junco', 'Cardinal', 'Painted_Bunting', 'Brown_Creeper', 'Red_eyed_Vireo']

  0%|          | 0/4 [00:00<?, ?it/s]
 25%|██▌       | 1/4 [00:01<00:04,  1.66s/it]
 50%|█████     | 2/4 [00:02<00:02,  1.19s/it]
 75%|███████▌  | 3/4 [00:03<00:00,  1.04it/s]
100%|██████████| 4/4 [00:04<00:00,  1.29s/it]
100%|██████████| 4/4 [00:04<00:00,  1.25s/it]

  0%|          | 0/82 [00:00<?, ?it/s]
  1%|          | 1/82 [00:01<01:22,  1.02s/it]
  2%|▏         | 2/82 [00:01<01:14,  1.07it/s]
  4%|▎         | 3/82 [00:03<01:25,  1.08s/it]
  5%|▍         | 4/82 [00:04<01:36,  1.24s/it]
  6%|▌         | 5/82 [00:05<01:37,  1.27s/it]
  7%|▋         | 6/82 [00:07<01:38,  1.29s/it]
  9%|▊         | 7/82 [00:08<01:33,  1.25s/it]
 10%|▉         | 8/82 [00:09<01:29,  1.21s/it]
 11%|█         | 9/82 [00:10<01:25,  1.17s/it]
 12%|█▏        | 10/82 [00:11<01:20,  1.12s/it]
 13%|█▎        | 11/82 [00:12<01:16,  1.08s/it]
 15%|█▍        | 12/82 [00:13<01:16,  1.10s/it]
 16%|█▌        | 13/82 [00:14<01:10,  1.02s/it]
 17%|█▋        | 14/82 [00:15<01:08,  1.01s/it]
 18%|█▊        | 15/82 [00:16<01:08,  1.03s/it]
 20%|█▉        | 16/82 [00:17<01:05,  1.01it/s]
 21%|██        | 17/82 [00:18<01:02,  1.04it/s]
 22%|██▏       | 18/82 [00:19<01:09,  1.08s/it]
 23%|██▎       | 19/82 [00:20<01:08,  1.09s/it]
 24%|██▍       | 20/82 [00:21<01:06,  1.07s/it]
 26%|██▌       | 21/82 [00:22<01:00,  1.00it/s]
 27%|██▋       | 22/82 [00:23<00:58,  1.03it/s]
 28%|██▊       | 23/82 [00:24<00:55,  1.06it/s]
 29%|██▉       | 24/82 [00:25<00:54,  1.07it/s]
 30%|███       | 25/82 [00:26<00:53,  1.07it/s]
 32%|███▏      | 26/82 [00:27<00:50,  1.12it/s]
 33%|███▎      | 27/82 [00:28<00:53,  1.03it/s]
 34%|███▍      | 28/82 [00:29<00:50,  1.07it/s]
 35%|███▌      | 29/82 [00:30<00:56,  1.07s/it]
 37%|███▋      | 30/82 [00:31<00:53,  1.04s/it]
 38%|███▊      | 31/82 [00:32<00:49,  1.04it/s]
 39%|███▉      | 32/82 [00:33<00:51,  1.03s/it]
 40%|████      | 33/82 [00:34<00:52,  1.06s/it]
 41%|████▏     | 34/82 [00:35<00:45,  1.06it/s]
 43%|████▎     | 35/82 [00:36<00:47,  1.02s/it]
 44%|████▍     | 36/82 [00:38<00:52,  1.15s/it]
 45%|████▌     | 37/82 [00:39<00:52,  1.17s/it]
 46%|████▋     | 38/82 [00:40<00:52,  1.19s/it]
 48%|████▊     | 39/82 [00:41<00:51,  1.20s/it]
 49%|████▉     | 40/82 [00:42<00:48,  1.16s/it]
 50%|█████     | 41/82 [00:43<00:46,  1.13s/it]
 51%|█████     | 42/82 [00:44<00:43,  1.08s/it]
 52%|█████▏    | 43/82 [00:45<00:43,  1.11s/it]
 54%|█████▎    | 44/82 [00:46<00:38,  1.01s/it]
 55%|█████▍    | 45/82 [00:47<00:36,  1.01it/s]
 56%|█████▌    | 46/82 [00:48<00:33,  1.07it/s]
 57%|█████▋    | 47/82 [00:49<00:37,  1.07s/it]
 59%|█████▊    | 48/82 [00:50<00:36,  1.07s/it]
 60%|█████▉    | 49/82 [00:51<00:33,  1.03s/it]
 61%|██████    | 50/82 [00:52<00:31,  1.00it/s]
 62%|██████▏   | 51/82 [00:53<00:30,  1.01it/s]
 63%|██████▎   | 52/82 [00:54<00:29,  1.02it/s]
 65%|██████▍   | 53/82 [00:55<00:27,  1.04it/s]
 66%|██████▌   | 54/82 [00:56<00:26,  1.07it/s]
 67%|██████▋   | 55/82 [00:57<00:23,  1.14it/s]
 68%|██████▊   | 56/82 [00:57<00:21,  1.19it/s]
 70%|██████▉   | 57/82 [00:58<00:20,  1.23it/s]
 71%|███████   | 58/82 [00:59<00:18,  1.30it/s]
 72%|███████▏  | 59/82 [01:00<00:16,  1.37it/s]
 73%|███████▎  | 60/82 [01:00<00:15,  1.41it/s]
 74%|███████▍  | 61/82 [01:01<00:14,  1.44it/s]
 76%|███████▌  | 62/82 [01:02<00:13,  1.47it/s]
 77%|███████▋  | 63/82 [01:02<00:12,  1.47it/s]
 78%|███████▊  | 64/82 [01:03<00:12,  1.45it/s]
 79%|███████▉  | 65/82 [01:04<00:12,  1.32it/s]
 80%|████████  | 66/82 [01:05<00:12,  1.33it/s]
 82%|████████▏ | 67/82 [01:05<00:11,  1.35it/s]
 83%|████████▎ | 68/82 [01:06<00:10,  1.37it/s]
 84%|████████▍ | 69/82 [01:07<00:09,  1.37it/s]
 85%|████████▌ | 70/82 [01:07<00:08,  1.37it/s]
 87%|████████▋ | 71/82 [01:08<00:08,  1.36it/s]
 88%|████████▊ | 72/82 [01:09<00:07,  1.36it/s]
 89%|████████▉ | 73/82 [01:10<00:06,  1.36it/s]
 90%|█████████ | 74/82 [01:10<00:05,  1.35it/s]
 91%|█████████▏| 75/82 [01:11<00:05,  1.36it/s]
 93%|█████████▎| 76/82 [01:12<00:04,  1.34it/s]
 94%|█████████▍| 77/82 [01:13<00:03,  1.33it/s]
 95%|█████████▌| 78/82 [01:13<00:02,  1.34it/s]
 96%|█████████▋| 79/82 [01:14<00:02,  1.33it/s]
 98%|█████████▊| 80/82 [01:15<00:01,  1.34it/s]
 99%|█████████▉| 81/82 [01:16<00:00,  1.34it/s]
100%|██████████| 82/82 [01:16<00:00,  1.54it/s]
100%|██████████| 82/82 [01:16<00:00,  1.07it/s]
Evaluation for task 18 has started.
['Prothonotary_Warbler', 'Red_headed_Woodpecker', 'Green_Kingfisher', 'Tree_Swallow', 'Brewer_Sparrow', 'Crested_Auklet', 'Rose_breasted_Grosbeak', 'Field_Sparrow', 'Pied_billed_Grebe', 'Forsters_Tern']

  0%|          | 0/4 [00:00<?, ?it/s]
 25%|██▌       | 1/4 [00:01<00:04,  1.60s/it]
 50%|█████     | 2/4 [00:02<00:02,  1.16s/it]
 75%|███████▌  | 3/4 [00:03<00:00,  1.05it/s]
100%|██████████| 4/4 [00:04<00:00,  1.26s/it]
100%|██████████| 4/4 [00:04<00:00,  1.22s/it]

  0%|          | 0/86 [00:00<?, ?it/s]
  1%|          | 1/86 [00:00<01:01,  1.38it/s]
  2%|▏         | 2/86 [00:01<01:01,  1.37it/s]
  3%|▎         | 3/86 [00:02<00:59,  1.38it/s]
  5%|▍         | 4/86 [00:02<00:59,  1.37it/s]
  6%|▌         | 5/86 [00:03<00:59,  1.36it/s]
  7%|▋         | 6/86 [00:04<00:59,  1.35it/s]
  8%|▊         | 7/86 [00:05<00:58,  1.34it/s]
  9%|▉         | 8/86 [00:05<00:57,  1.35it/s]
 10%|█         | 9/86 [00:06<00:56,  1.36it/s]
 12%|█▏        | 10/86 [00:07<00:54,  1.40it/s]
 13%|█▎        | 11/86 [00:07<00:52,  1.44it/s]
 14%|█▍        | 12/86 [00:08<00:50,  1.45it/s]
 15%|█▌        | 13/86 [00:09<00:49,  1.47it/s]
 16%|█▋        | 14/86 [00:09<00:48,  1.48it/s]
 17%|█▋        | 15/86 [00:10<00:47,  1.49it/s]
 19%|█▊        | 16/86 [00:11<00:48,  1.44it/s]
 20%|█▉        | 17/86 [00:12<00:49,  1.39it/s]
 21%|██        | 18/86 [00:12<00:49,  1.38it/s]
 22%|██▏       | 19/86 [00:13<00:48,  1.39it/s]
 23%|██▎       | 20/86 [00:14<00:47,  1.38it/s]
 24%|██▍       | 21/86 [00:15<00:49,  1.32it/s]
 26%|██▌       | 22/86 [00:15<00:47,  1.34it/s]
 27%|██▋       | 23/86 [00:16<00:46,  1.34it/s]
 28%|██▊       | 24/86 [00:17<00:46,  1.34it/s]
 29%|██▉       | 25/86 [00:18<00:45,  1.35it/s]
 30%|███       | 26/86 [00:18<00:43,  1.39it/s]
 31%|███▏      | 27/86 [00:19<00:41,  1.43it/s]
 33%|███▎      | 28/86 [00:20<00:39,  1.46it/s]
 34%|███▎      | 29/86 [00:20<00:38,  1.49it/s]
 35%|███▍      | 30/86 [00:21<00:37,  1.49it/s]
 36%|███▌      | 31/86 [00:22<00:37,  1.47it/s]
 37%|███▋      | 32/86 [00:22<00:36,  1.49it/s]
 38%|███▊      | 33/86 [00:23<00:35,  1.47it/s]
 40%|███▉      | 34/86 [00:24<00:35,  1.48it/s]
 41%|████      | 35/86 [00:24<00:34,  1.48it/s]
 42%|████▏     | 36/86 [00:25<00:33,  1.49it/s]
 43%|████▎     | 37/86 [00:26<00:32,  1.50it/s]
 44%|████▍     | 38/86 [00:26<00:32,  1.50it/s]
 45%|████▌     | 39/86 [00:27<00:31,  1.47it/s]
 47%|████▋     | 40/86 [00:28<00:31,  1.46it/s]
 48%|████▊     | 41/86 [00:28<00:32,  1.38it/s]
 49%|████▉     | 42/86 [00:29<00:31,  1.38it/s]
 50%|█████     | 43/86 [00:30<00:31,  1.37it/s]
 51%|█████     | 44/86 [00:31<00:30,  1.37it/s]
 52%|█████▏    | 45/86 [00:31<00:29,  1.37it/s]
 53%|█████▎    | 46/86 [00:32<00:29,  1.37it/s]
 55%|█████▍    | 47/86 [00:33<00:28,  1.35it/s]
 56%|█████▌    | 48/86 [00:34<00:27,  1.39it/s]
 57%|█████▋    | 49/86 [00:34<00:26,  1.42it/s]
 58%|█████▊    | 50/86 [00:35<00:24,  1.45it/s]
 59%|█████▉    | 51/86 [00:36<00:23,  1.46it/s]
 60%|██████    | 52/86 [00:36<00:22,  1.49it/s]
 62%|██████▏   | 53/86 [00:37<00:22,  1.47it/s]
 63%|██████▎   | 54/86 [00:38<00:22,  1.45it/s]
 64%|██████▍   | 55/86 [00:38<00:21,  1.42it/s]
 65%|██████▌   | 56/86 [00:39<00:20,  1.43it/s]
 66%|██████▋   | 57/86 [00:40<00:19,  1.45it/s]
 67%|██████▋   | 58/86 [00:40<00:19,  1.46it/s]
 69%|██████▊   | 59/86 [00:41<00:18,  1.47it/s]
 70%|██████▉   | 60/86 [00:42<00:17,  1.47it/s]
 71%|███████   | 61/86 [00:43<00:19,  1.30it/s]
 72%|███████▏  | 62/86 [00:44<00:18,  1.27it/s]
 73%|███████▎  | 63/86 [00:45<00:20,  1.12it/s]
 74%|███████▍  | 64/86 [00:46<00:19,  1.11it/s]
 76%|███████▌  | 65/86 [00:47<00:19,  1.08it/s]
 77%|███████▋  | 66/86 [00:47<00:17,  1.12it/s]
 78%|███████▊  | 67/86 [00:49<00:19,  1.03s/it]
 79%|███████▉  | 68/86 [00:50<00:18,  1.04s/it]
 80%|████████  | 69/86 [00:51<00:17,  1.02s/it]
 81%|████████▏ | 70/86 [00:52<00:15,  1.03it/s]
 83%|████████▎ | 71/86 [00:53<00:14,  1.02it/s]
 84%|████████▎ | 72/86 [00:54<00:13,  1.04it/s]
 85%|████████▍ | 73/86 [00:55<00:12,  1.03it/s]
 86%|████████▌ | 74/86 [00:55<00:10,  1.10it/s]
 87%|████████▋ | 75/86 [00:56<00:09,  1.17it/s]
 88%|████████▊ | 76/86 [00:57<00:09,  1.07it/s]
 90%|████████▉ | 77/86 [00:58<00:09,  1.02s/it]
 91%|█████████ | 78/86 [00:59<00:08,  1.02s/it]
 92%|█████████▏| 79/86 [01:01<00:07,  1.09s/it]
 93%|█████████▎| 80/86 [01:02<00:06,  1.11s/it]
 94%|█████████▍| 81/86 [01:03<00:05,  1.16s/it]
 95%|█████████▌| 82/86 [01:04<00:04,  1.16s/it]
 97%|█████████▋| 83/86 [01:05<00:03,  1.17s/it]
 98%|█████████▊| 84/86 [01:07<00:02,  1.18s/it]
 99%|█████████▉| 85/86 [01:08<00:01,  1.26s/it]
100%|██████████| 86/86 [01:09<00:00,  1.24s/it]
100%|██████████| 86/86 [01:09<00:00,  1.23it/s]
Evaluation for task 19 has started.
['Belted_Kingfisher', 'Blue_Jay', 'Pileated_Woodpecker', 'Blue_winged_Warbler', 'Harris_Sparrow', 'Ovenbird', 'Orchard_Oriole', 'Horned_Puffin', 'Mallard', 'Golden_winged_Warbler']

  0%|          | 0/4 [00:00<?, ?it/s]
 25%|██▌       | 1/4 [00:01<00:05,  1.68s/it]
 50%|█████     | 2/4 [00:02<00:02,  1.20s/it]
 75%|███████▌  | 3/4 [00:03<00:00,  1.03it/s]
100%|██████████| 4/4 [00:05<00:00,  1.31s/it]
100%|██████████| 4/4 [00:05<00:00,  1.27s/it]

  0%|          | 0/91 [00:00<?, ?it/s]
  1%|          | 1/91 [00:00<01:29,  1.00it/s]
  2%|▏         | 2/91 [00:02<01:37,  1.10s/it]
  3%|▎         | 3/91 [00:03<01:38,  1.12s/it]
  4%|▍         | 4/91 [00:04<01:35,  1.10s/it]
  5%|▌         | 5/91 [00:05<01:38,  1.15s/it]
  7%|▋         | 6/91 [00:06<01:36,  1.13s/it]
  8%|▊         | 7/91 [00:07<01:32,  1.11s/it]
  9%|▉         | 8/91 [00:09<01:35,  1.15s/it]
 10%|▉         | 9/91 [00:10<01:37,  1.19s/it]
 11%|█         | 10/91 [00:11<01:39,  1.23s/it]
 12%|█▏        | 11/91 [00:12<01:35,  1.19s/it]
 13%|█▎        | 12/91 [00:13<01:36,  1.22s/it]
 14%|█▍        | 13/91 [00:15<01:34,  1.21s/it]
 15%|█▌        | 14/91 [00:16<01:28,  1.15s/it]
 16%|█▋        | 15/91 [00:17<01:29,  1.18s/it]
 18%|█▊        | 16/91 [00:18<01:23,  1.11s/it]
 19%|█▊        | 17/91 [00:19<01:28,  1.20s/it]
 20%|█▉        | 18/91 [00:21<01:28,  1.21s/it]
 21%|██        | 19/91 [00:22<01:22,  1.14s/it]
 22%|██▏       | 20/91 [00:23<01:27,  1.23s/it]
 23%|██▎       | 21/91 [00:24<01:23,  1.20s/it]
 24%|██▍       | 22/91 [00:25<01:21,  1.18s/it]
 25%|██▌       | 23/91 [00:26<01:18,  1.16s/it]
 26%|██▋       | 24/91 [00:27<01:17,  1.16s/it]
 27%|██▋       | 25/91 [00:29<01:21,  1.23s/it]
 29%|██▊       | 26/91 [00:30<01:23,  1.28s/it]
 30%|██▉       | 27/91 [00:31<01:17,  1.21s/it]
 31%|███       | 28/91 [00:32<01:12,  1.15s/it]
 32%|███▏      | 29/91 [00:34<01:13,  1.18s/it]
 33%|███▎      | 30/91 [00:34<01:06,  1.09s/it]
 34%|███▍      | 31/91 [00:36<01:06,  1.11s/it]
 35%|███▌      | 32/91 [00:37<01:03,  1.08s/it]
 36%|███▋      | 33/91 [00:38<01:01,  1.06s/it]
 37%|███▋      | 34/91 [00:38<00:56,  1.01it/s]
 38%|███▊      | 35/91 [00:39<00:53,  1.05it/s]
 40%|███▉      | 36/91 [00:40<00:49,  1.11it/s]
 41%|████      | 37/91 [00:41<00:47,  1.14it/s]
 42%|████▏     | 38/91 [00:42<00:45,  1.16it/s]
 43%|████▎     | 39/91 [00:43<00:44,  1.16it/s]
 44%|████▍     | 40/91 [00:43<00:42,  1.20it/s]
 45%|████▌     | 41/91 [00:44<00:40,  1.23it/s]
 46%|████▌     | 42/91 [00:45<00:39,  1.23it/s]
 47%|████▋     | 43/91 [00:46<00:39,  1.21it/s]
 48%|████▊     | 44/91 [00:47<00:38,  1.22it/s]
 49%|████▉     | 45/91 [00:47<00:37,  1.22it/s]
 51%|█████     | 46/91 [00:48<00:36,  1.24it/s]
 52%|█████▏    | 47/91 [00:49<00:34,  1.28it/s]
 53%|█████▎    | 48/91 [00:50<00:32,  1.31it/s]
 54%|█████▍    | 49/91 [00:50<00:31,  1.34it/s]
 55%|█████▍    | 50/91 [00:51<00:30,  1.33it/s]
 56%|█████▌    | 51/91 [00:52<00:30,  1.31it/s]
 57%|█████▋    | 52/91 [00:53<00:30,  1.28it/s]
 58%|█████▊    | 53/91 [00:54<00:30,  1.26it/s]
 59%|█████▉    | 54/91 [00:54<00:29,  1.24it/s]
 60%|██████    | 55/91 [00:55<00:28,  1.27it/s]
 62%|██████▏   | 56/91 [00:56<00:27,  1.27it/s]
 63%|██████▎   | 57/91 [00:57<00:26,  1.26it/s]
 64%|██████▎   | 58/91 [00:58<00:26,  1.25it/s]
 65%|██████▍   | 59/91 [00:58<00:25,  1.25it/s]
 66%|██████▌   | 60/91 [00:59<00:24,  1.26it/s]
 67%|██████▋   | 61/91 [01:00<00:24,  1.23it/s]
 68%|██████▊   | 62/91 [01:01<00:22,  1.26it/s]
 69%|██████▉   | 63/91 [01:02<00:22,  1.25it/s]
 70%|███████   | 64/91 [01:02<00:20,  1.32it/s]
 71%|███████▏  | 65/91 [01:03<00:19,  1.37it/s]
 73%|███████▎  | 66/91 [01:04<00:17,  1.40it/s]
 74%|███████▎  | 67/91 [01:04<00:16,  1.42it/s]
 75%|███████▍  | 68/91 [01:05<00:16,  1.44it/s]
 76%|███████▌  | 69/91 [01:06<00:15,  1.46it/s]
 77%|███████▋  | 70/91 [01:06<00:15,  1.39it/s]
 78%|███████▊  | 71/91 [01:07<00:14,  1.39it/s]
 79%|███████▉  | 72/91 [01:08<00:13,  1.38it/s]
 80%|████████  | 73/91 [01:09<00:13,  1.36it/s]
 81%|████████▏ | 74/91 [01:09<00:12,  1.37it/s]
 82%|████████▏ | 75/91 [01:10<00:11,  1.37it/s]
 84%|████████▎ | 76/91 [01:11<00:10,  1.36it/s]
 85%|████████▍ | 77/91 [01:11<00:10,  1.39it/s]
 86%|████████▌ | 78/91 [01:12<00:09,  1.41it/s]
 87%|████████▋ | 79/91 [01:13<00:08,  1.43it/s]
 88%|████████▊ | 80/91 [01:14<00:07,  1.45it/s]
 89%|████████▉ | 81/91 [01:14<00:07,  1.39it/s]
 90%|█████████ | 82/91 [01:15<00:06,  1.38it/s]
 91%|█████████ | 83/91 [01:16<00:05,  1.37it/s]
 92%|█████████▏| 84/91 [01:17<00:05,  1.37it/s]
 93%|█████████▎| 85/91 [01:17<00:04,  1.34it/s]
 95%|█████████▍| 86/91 [01:18<00:03,  1.34it/s]
 96%|█████████▌| 87/91 [01:19<00:03,  1.32it/s]
 97%|█████████▋| 88/91 [01:20<00:02,  1.36it/s]
 98%|█████████▊| 89/91 [01:20<00:01,  1.39it/s]
 99%|█████████▉| 90/91 [01:21<00:00,  1.42it/s]
100%|██████████| 91/91 [01:21<00:00,  1.59it/s]
100%|██████████| 91/91 [01:21<00:00,  1.11it/s]

========================================
Finished cub200_init10_inc10
Backbone: OpenAI CLIP
Base Accuracy: 96.63
Last Accuracy: 51.92
Average Accuracy (Top1): 61.75
========================================

<continuum.scenarios.class_incremental.ClassIncremental object at 0x7f32dbdffdc0> <continuum.scenarios.class_incremental.ClassIncremental object at 0x7f32dbdffdc0>
Evaluation for task 0 has started.
['Loggerhead_Shrike', 'Evening_Grosbeak', 'Brewer_Blackbird', 'Henslow_Sparrow', 'Magnolia_Warbler', 'Cliff_Swallow', 'Yellow_bellied_Flycatcher', 'Summer_Tanager', 'Cactus_Wren', 'American_Goldfinch', 'Gray_Kingbird', 'Purple_Finch', 'Indigo_Bunting', 'Brown_Pelican', 'Frigatebird', 'Green_tailed_Towhee', 'Pied_Kingfisher', 'Northern_Waterthrush', 'Gray_Catbird', 'Seaside_Sparrow']

  0%|          | 0/6 [00:00<?, ?it/s]
 17%|█▋        | 1/6 [00:02<00:11,  2.32s/it]
 33%|███▎      | 2/6 [00:02<00:05,  1.33s/it]
 50%|█████     | 3/6 [00:04<00:03,  1.20s/it]
 67%|██████▋   | 4/6 [00:05<00:02,  1.15s/it]
 83%|████████▎ | 5/6 [00:05<00:01,  1.05s/it]
100%|██████████| 6/6 [00:07<00:00,  1.27s/it]
100%|██████████| 6/6 [00:07<00:00,  1.27s/it]

  0%|          | 0/10 [00:00<?, ?it/s]
 10%|█         | 1/10 [00:00<00:06,  1.47it/s]
 20%|██        | 2/10 [00:01<00:05,  1.48it/s]
 30%|███       | 3/10 [00:01<00:04,  1.51it/s]
 40%|████      | 4/10 [00:02<00:03,  1.56it/s]
 50%|█████     | 5/10 [00:03<00:03,  1.64it/s]
 60%|██████    | 6/10 [00:03<00:02,  1.69it/s]
 70%|███████   | 7/10 [00:04<00:01,  1.72it/s]
 80%|████████  | 8/10 [00:04<00:01,  1.72it/s]
 90%|█████████ | 9/10 [00:05<00:00,  1.72it/s]
100%|██████████| 10/10 [00:05<00:00,  2.07it/s]
100%|██████████| 10/10 [00:05<00:00,  1.75it/s]
Evaluation for task 1 has started.
['Acadian_Flycatcher', 'Hooded_Warbler', 'Artic_Tern', 'Geococcyx', 'Lincoln_Sparrow', 'Savannah_Sparrow', 'Sayornis', 'Tennessee_Warbler', 'Le_Conte_Sparrow', 'Bewick_Wren', 'Yellow_Warbler', 'European_Goldfinch', 'Common_Tern', 'California_Gull', 'Slaty_backed_Gull', 'Prairie_Warbler', 'Hooded_Oriole', 'Bohemian_Waxwing', 'Caspian_Tern', 'Eastern_Towhee']

  0%|          | 0/6 [00:00<?, ?it/s]
 17%|█▋        | 1/6 [00:01<00:07,  1.59s/it]
 33%|███▎      | 2/6 [00:02<00:04,  1.15s/it]
 50%|█████     | 3/6 [00:03<00:03,  1.11s/it]
 67%|██████▋   | 4/6 [00:04<00:02,  1.08s/it]
 83%|████████▎ | 5/6 [00:05<00:01,  1.01s/it]
100%|██████████| 6/6 [00:07<00:00,  1.27s/it]
100%|██████████| 6/6 [00:07<00:00,  1.20s/it]

  0%|          | 0/19 [00:00<?, ?it/s]
  5%|▌         | 1/19 [00:00<00:17,  1.06it/s]
 11%|█         | 2/19 [00:01<00:15,  1.13it/s]
 16%|█▌        | 3/19 [00:02<00:13,  1.22it/s]
 21%|██        | 4/19 [00:03<00:12,  1.21it/s]
 26%|██▋       | 5/19 [00:04<00:13,  1.08it/s]
 32%|███▏      | 6/19 [00:05<00:13,  1.08s/it]
 37%|███▋      | 7/19 [00:06<00:12,  1.01s/it]
 42%|████▏     | 8/19 [00:07<00:10,  1.10it/s]
 47%|████▋     | 9/19 [00:08<00:08,  1.12it/s]
 53%|█████▎    | 10/19 [00:09<00:07,  1.15it/s]
 58%|█████▊    | 11/19 [00:10<00:07,  1.07it/s]
 63%|██████▎   | 12/19 [00:11<00:06,  1.07it/s]
 68%|██████▊   | 13/19 [00:11<00:05,  1.08it/s]
 74%|███████▎  | 14/19 [00:12<00:04,  1.16it/s]
 79%|███████▉  | 15/19 [00:13<00:03,  1.13it/s]
 84%|████████▍ | 16/19 [00:14<00:02,  1.12it/s]
 89%|████████▉ | 17/19 [00:15<00:01,  1.10it/s]
 95%|█████████▍| 18/19 [00:16<00:00,  1.07it/s]
100%|██████████| 19/19 [00:16<00:00,  1.27it/s]
100%|██████████| 19/19 [00:16<00:00,  1.12it/s]
Evaluation for task 2 has started.
['Least_Flycatcher', 'Nelson_Sharp_tailed_Sparrow', 'Scott_Oriole', 'Red_legged_Kittiwake', 'Bay_breasted_Warbler', 'Mockingbird', 'Mangrove_Cuckoo', 'Black_throated_Blue_Warbler', 'Scissor_tailed_Flycatcher', 'Vermilion_Flycatcher', 'Pomarine_Jaeger', 'Red_cockaded_Woodpecker', 'Mourning_Warbler', 'Cedar_Waxwing', 'Nashville_Warbler', 'Horned_Lark', 'Horned_Grebe', 'Philadelphia_Vireo', 'White_throated_Sparrow', 'Black_and_white_Warbler']

  0%|          | 0/6 [00:00<?, ?it/s]
 17%|█▋        | 1/6 [00:01<00:08,  1.61s/it]
 33%|███▎      | 2/6 [00:02<00:04,  1.17s/it]
 50%|█████     | 3/6 [00:03<00:03,  1.12s/it]
 67%|██████▋   | 4/6 [00:04<00:02,  1.10s/it]
 83%|████████▎ | 5/6 [00:05<00:01,  1.02s/it]
100%|██████████| 6/6 [00:07<00:00,  1.28s/it]
100%|██████████| 6/6 [00:07<00:00,  1.21s/it]

  0%|          | 0/28 [00:00<?, ?it/s]
  4%|▎         | 1/28 [00:00<00:24,  1.10it/s]
  7%|▋         | 2/28 [00:01<00:24,  1.07it/s]
 11%|█         | 3/28 [00:02<00:25,  1.01s/it]
 14%|█▍        | 4/28 [00:04<00:25,  1.06s/it]
 18%|█▊        | 5/28 [00:04<00:22,  1.04it/s]
 21%|██▏       | 6/28 [00:05<00:20,  1.06it/s]
 25%|██▌       | 7/28 [00:06<00:18,  1.14it/s]
 29%|██▊       | 8/28 [00:08<00:22,  1.12s/it]
 32%|███▏      | 9/28 [00:09<00:20,  1.09s/it]
 36%|███▌      | 10/28 [00:10<00:18,  1.03s/it]
 39%|███▉      | 11/28 [00:11<00:16,  1.00it/s]
 43%|████▎     | 12/28 [00:11<00:15,  1.02it/s]
 46%|████▋     | 13/28 [00:12<00:14,  1.06it/s]
 50%|█████     | 14/28 [00:13<00:12,  1.13it/s]
 54%|█████▎    | 15/28 [00:14<00:12,  1.07it/s]
 57%|█████▋    | 16/28 [00:16<00:13,  1.10s/it]
 61%|██████    | 17/28 [00:17<00:11,  1.05s/it]
 64%|██████▍   | 18/28 [00:18<00:10,  1.04s/it]
 68%|██████▊   | 19/28 [00:18<00:08,  1.07it/s]
 71%|███████▏  | 20/28 [00:19<00:07,  1.12it/s]
 75%|███████▌  | 21/28 [00:20<00:06,  1.11it/s]
 79%|███████▊  | 22/28 [00:21<00:05,  1.12it/s]
 82%|████████▏ | 23/28 [00:22<00:04,  1.13it/s]
 86%|████████▌ | 24/28 [00:23<00:03,  1.08it/s]
 89%|████████▉ | 25/28 [00:24<00:02,  1.06it/s]
 93%|█████████▎| 26/28 [00:25<00:01,  1.10it/s]
 96%|█████████▋| 27/28 [00:26<00:00,  1.03it/s]
100%|██████████| 28/28 [00:26<00:00,  1.11it/s]
100%|██████████| 28/28 [00:26<00:00,  1.04it/s]
Evaluation for task 3 has started.
['Marsh_Wren', 'Eared_Grebe', 'Sage_Thrasher', 'White_eyed_Vireo', 'Ring_billed_Gull', 'Chuck_will_Widow', 'Groove_billed_Ani', 'Ruby_throated_Hummingbird', 'Anna_Hummingbird', 'Gray_crowned_Rosy_Finch', 'Pigeon_Guillemot', 'Black_footed_Albatross', 'American_Redstart', 'Orange_crowned_Warbler', 'Cape_May_Warbler', 'Green_Violetear', 'White_necked_Raven', 'Spotted_Catbird', 'Cerulean_Warbler', 'Louisiana_Waterthrush']

  0%|          | 0/6 [00:00<?, ?it/s]
 17%|█▋        | 1/6 [00:01<00:08,  1.64s/it]
 33%|███▎      | 2/6 [00:02<00:04,  1.17s/it]
 50%|█████     | 3/6 [00:03<00:03,  1.11s/it]
 67%|██████▋   | 4/6 [00:04<00:02,  1.08s/it]
 83%|████████▎ | 5/6 [00:05<00:01,  1.01s/it]
100%|██████████| 6/6 [00:07<00:00,  1.25s/it]
100%|██████████| 6/6 [00:07<00:00,  1.19s/it]

  0%|          | 0/37 [00:00<?, ?it/s]
  3%|▎         | 1/37 [00:00<00:31,  1.13it/s]
  5%|▌         | 2/37 [00:01<00:28,  1.24it/s]
  8%|▊         | 3/37 [00:02<00:29,  1.14it/s]
 11%|█         | 4/37 [00:03<00:27,  1.21it/s]
 14%|█▎        | 5/37 [00:04<00:26,  1.22it/s]
 16%|█▌        | 6/37 [00:05<00:26,  1.16it/s]
 19%|█▉        | 7/37 [00:05<00:24,  1.20it/s]
 22%|██▏       | 8/37 [00:06<00:24,  1.16it/s]
 24%|██▍       | 9/37 [00:07<00:24,  1.15it/s]
 27%|██▋       | 10/37 [00:08<00:23,  1.16it/s]
 30%|██▉       | 11/37 [00:09<00:25,  1.03it/s]
 32%|███▏      | 12/37 [00:10<00:24,  1.02it/s]
 35%|███▌      | 13/37 [00:11<00:23,  1.03it/s]
 38%|███▊      | 14/37 [00:12<00:22,  1.02it/s]
 41%|████      | 15/37 [00:13<00:20,  1.10it/s]
 43%|████▎     | 16/37 [00:14<00:19,  1.06it/s]
 46%|████▌     | 17/37 [00:15<00:17,  1.12it/s]
 49%|████▊     | 18/37 [00:15<00:15,  1.22it/s]
 51%|█████▏    | 19/37 [00:16<00:15,  1.19it/s]
 54%|█████▍    | 20/37 [00:17<00:13,  1.28it/s]
 57%|█████▋    | 21/37 [00:18<00:12,  1.33it/s]
 59%|█████▉    | 22/37 [00:18<00:10,  1.36it/s]
 62%|██████▏   | 23/37 [00:19<00:10,  1.40it/s]
 65%|██████▍   | 24/37 [00:20<00:09,  1.42it/s]
 68%|██████▊   | 25/37 [00:20<00:08,  1.50it/s]
 70%|███████   | 26/37 [00:21<00:07,  1.43it/s]
 73%|███████▎  | 27/37 [00:22<00:06,  1.45it/s]
 76%|███████▌  | 28/37 [00:22<00:06,  1.46it/s]
 78%|███████▊  | 29/37 [00:23<00:05,  1.48it/s]
 81%|████████  | 30/37 [00:24<00:04,  1.48it/s]
 84%|████████▍ | 31/37 [00:24<00:04,  1.49it/s]
 86%|████████▋ | 32/37 [00:25<00:03,  1.48it/s]
 89%|████████▉ | 33/37 [00:26<00:02,  1.50it/s]
 92%|█████████▏| 34/37 [00:26<00:01,  1.55it/s]
 95%|█████████▍| 35/37 [00:27<00:01,  1.59it/s]
 97%|█████████▋| 36/37 [00:27<00:00,  1.61it/s]
100%|██████████| 37/37 [00:28<00:00,  1.83it/s]
100%|██████████| 37/37 [00:28<00:00,  1.31it/s]
Evaluation for task 4 has started.
['Western_Grebe', 'Laysan_Albatross', 'Lazuli_Bunting', 'Northern_Flicker', 'Red_winged_Blackbird', 'Brandt_Cormorant', 'Wilson_Warbler', 'Clay_colored_Sparrow', 'Tree_Sparrow', 'Vesper_Sparrow', 'Rufous_Hummingbird', 'Long_tailed_Jaeger', 'House_Wren', 'Parakeet_Auklet', 'Pine_Warbler', 'Kentucky_Warbler', 'Clark_Nutcracker', 'Rock_Wren', 'Bank_Swallow', 'Yellow_billed_Cuckoo']

  0%|          | 0/6 [00:00<?, ?it/s]
 17%|█▋        | 1/6 [00:01<00:08,  1.62s/it]
 33%|███▎      | 2/6 [00:02<00:04,  1.17s/it]
 50%|█████     | 3/6 [00:03<00:03,  1.12s/it]
 67%|██████▋   | 4/6 [00:04<00:02,  1.10s/it]
 83%|████████▎ | 5/6 [00:05<00:01,  1.02s/it]
100%|██████████| 6/6 [00:07<00:00,  1.27s/it]
100%|██████████| 6/6 [00:07<00:00,  1.20s/it]

  0%|          | 0/46 [00:00<?, ?it/s]
  2%|▏         | 1/46 [00:00<00:30,  1.47it/s]
  4%|▍         | 2/46 [00:01<00:29,  1.48it/s]
  7%|▋         | 3/46 [00:01<00:27,  1.54it/s]
  9%|▊         | 4/46 [00:02<00:26,  1.58it/s]
 11%|█         | 5/46 [00:03<00:25,  1.60it/s]
 13%|█▎        | 6/46 [00:03<00:24,  1.63it/s]
 15%|█▌        | 7/46 [00:04<00:23,  1.63it/s]
 17%|█▋        | 8/46 [00:04<00:23,  1.64it/s]
 20%|█▉        | 9/46 [00:05<00:22,  1.63it/s]
 22%|██▏       | 10/46 [00:06<00:21,  1.65it/s]
 24%|██▍       | 11/46 [00:06<00:21,  1.65it/s]
 26%|██▌       | 12/46 [00:07<00:20,  1.66it/s]
 28%|██▊       | 13/46 [00:08<00:20,  1.57it/s]
 30%|███       | 14/46 [00:08<00:20,  1.59it/s]
 33%|███▎      | 15/46 [00:09<00:19,  1.61it/s]
 35%|███▍      | 16/46 [00:09<00:18,  1.59it/s]
 37%|███▋      | 17/46 [00:10<00:18,  1.61it/s]
 39%|███▉      | 18/46 [00:11<00:16,  1.65it/s]
 41%|████▏     | 19/46 [00:11<00:16,  1.66it/s]
 43%|████▎     | 20/46 [00:12<00:15,  1.64it/s]
 46%|████▌     | 21/46 [00:13<00:15,  1.63it/s]
 48%|████▊     | 22/46 [00:13<00:14,  1.65it/s]
 50%|█████     | 23/46 [00:14<00:13,  1.66it/s]
 52%|█████▏    | 24/46 [00:14<00:13,  1.64it/s]
 54%|█████▍    | 25/46 [00:15<00:12,  1.65it/s]
 57%|█████▋    | 26/46 [00:16<00:12,  1.60it/s]
 59%|█████▊    | 27/46 [00:16<00:12,  1.55it/s]
 61%|██████    | 28/46 [00:17<00:11,  1.53it/s]
 63%|██████▎   | 29/46 [00:18<00:11,  1.53it/s]
 65%|██████▌   | 30/46 [00:18<00:10,  1.48it/s]
 67%|██████▋   | 31/46 [00:19<00:10,  1.46it/s]
 70%|██████▉   | 32/46 [00:20<00:09,  1.51it/s]
 72%|███████▏  | 33/46 [00:20<00:08,  1.55it/s]
 74%|███████▍  | 34/46 [00:21<00:07,  1.59it/s]
 76%|███████▌  | 35/46 [00:21<00:06,  1.59it/s]
 78%|███████▊  | 36/46 [00:22<00:06,  1.62it/s]
 80%|████████  | 37/46 [00:23<00:05,  1.63it/s]
 83%|████████▎ | 38/46 [00:23<00:04,  1.64it/s]
 85%|████████▍ | 39/46 [00:24<00:04,  1.63it/s]
 87%|████████▋ | 40/46 [00:25<00:03,  1.63it/s]
 89%|████████▉ | 41/46 [00:25<00:03,  1.62it/s]
 91%|█████████▏| 42/46 [00:26<00:02,  1.63it/s]
 93%|█████████▎| 43/46 [00:26<00:01,  1.62it/s]
 96%|█████████▌| 44/46 [00:27<00:01,  1.64it/s]
 98%|█████████▊| 45/46 [00:28<00:00,  1.62it/s]
100%|██████████| 46/46 [00:28<00:00,  1.73it/s]
100%|██████████| 46/46 [00:28<00:00,  1.61it/s]
Evaluation for task 5 has started.
['Chipping_Sparrow', 'Barn_Swallow', 'Western_Wood_Pewee', 'Red_faced_Cormorant', 'Red_breasted_Merganser', 'Brown_Thrasher', 'Song_Sparrow', 'Common_Raven', 'Tropical_Kingbird', 'Fish_Crow', 'Sooty_Albatross', 'White_breasted_Kingfisher', 'Pine_Grosbeak', 'Ivory_Gull', 'Heermann_Gull', 'Baltimore_Oriole', 'Scarlet_Tanager', 'Baird_Sparrow', 'Pacific_Loon', 'White_crowned_Sparrow']

  0%|          | 0/6 [00:00<?, ?it/s]
 17%|█▋        | 1/6 [00:01<00:08,  1.61s/it]
 33%|███▎      | 2/6 [00:02<00:04,  1.17s/it]
 50%|█████     | 3/6 [00:03<00:03,  1.12s/it]
 67%|██████▋   | 4/6 [00:04<00:02,  1.09s/it]
 83%|████████▎ | 5/6 [00:05<00:01,  1.02s/it]
100%|██████████| 6/6 [00:07<00:00,  1.26s/it]
100%|██████████| 6/6 [00:07<00:00,  1.20s/it]

  0%|          | 0/55 [00:00<?, ?it/s]
  2%|▏         | 1/55 [00:00<00:36,  1.47it/s]
  4%|▎         | 2/55 [00:01<00:34,  1.55it/s]
  5%|▌         | 3/55 [00:01<00:34,  1.50it/s]
  7%|▋         | 4/55 [00:02<00:33,  1.54it/s]
  9%|▉         | 5/55 [00:03<00:32,  1.55it/s]
 11%|█         | 6/55 [00:03<00:31,  1.58it/s]
 13%|█▎        | 7/55 [00:04<00:29,  1.60it/s]
 15%|█▍        | 8/55 [00:05<00:29,  1.61it/s]
 16%|█▋        | 9/55 [00:05<00:28,  1.60it/s]
 18%|█▊        | 10/55 [00:06<00:28,  1.61it/s]
 20%|██        | 11/55 [00:06<00:27,  1.59it/s]
 22%|██▏       | 12/55 [00:07<00:26,  1.60it/s]
 24%|██▎       | 13/55 [00:08<00:25,  1.62it/s]
 25%|██▌       | 14/55 [00:08<00:25,  1.62it/s]
 27%|██▋       | 15/55 [00:09<00:27,  1.47it/s]
 29%|██▉       | 16/55 [00:10<00:25,  1.50it/s]
 31%|███       | 17/55 [00:10<00:25,  1.49it/s]
 33%|███▎      | 18/55 [00:11<00:24,  1.53it/s]
 35%|███▍      | 19/55 [00:12<00:23,  1.53it/s]
 36%|███▋      | 20/55 [00:12<00:22,  1.57it/s]
 38%|███▊      | 21/55 [00:13<00:21,  1.59it/s]
 40%|████      | 22/55 [00:14<00:20,  1.60it/s]
 42%|████▏     | 23/55 [00:14<00:20,  1.60it/s]
 44%|████▎     | 24/55 [00:15<00:19,  1.58it/s]
 45%|████▌     | 25/55 [00:15<00:19,  1.57it/s]
 47%|████▋     | 26/55 [00:16<00:18,  1.56it/s]
 49%|████▉     | 27/55 [00:17<00:21,  1.33it/s]
 51%|█████     | 28/55 [00:18<00:21,  1.24it/s]
 53%|█████▎    | 29/55 [00:19<00:19,  1.32it/s]
 55%|█████▍    | 30/55 [00:20<00:20,  1.24it/s]
 56%|█████▋    | 31/55 [00:21<00:21,  1.13it/s]
 58%|█████▊    | 32/55 [00:22<00:20,  1.10it/s]
 60%|██████    | 33/55 [00:22<00:18,  1.17it/s]
 62%|██████▏   | 34/55 [00:23<00:17,  1.20it/s]
 64%|██████▎   | 35/55 [00:24<00:17,  1.14it/s]
 65%|██████▌   | 36/55 [00:25<00:17,  1.09it/s]
 67%|██████▋   | 37/55 [00:26<00:15,  1.14it/s]
 69%|██████▉   | 38/55 [00:27<00:15,  1.10it/s]
 71%|███████   | 39/55 [00:28<00:14,  1.07it/s]
 73%|███████▎  | 40/55 [00:29<00:13,  1.07it/s]
 75%|███████▍  | 41/55 [00:30<00:12,  1.09it/s]
 76%|███████▋  | 42/55 [00:31<00:11,  1.09it/s]
 78%|███████▊  | 43/55 [00:31<00:10,  1.17it/s]
 80%|████████  | 44/55 [00:32<00:09,  1.14it/s]
 82%|████████▏ | 45/55 [00:33<00:08,  1.11it/s]
 84%|████████▎ | 46/55 [00:34<00:07,  1.18it/s]
 85%|████████▌ | 47/55 [00:35<00:06,  1.28it/s]
 87%|████████▋ | 48/55 [00:35<00:05,  1.24it/s]
 89%|████████▉ | 49/55 [00:36<00:05,  1.17it/s]
 91%|█████████ | 50/55 [00:38<00:04,  1.08it/s]
 93%|█████████▎| 51/55 [00:38<00:03,  1.13it/s]
 95%|█████████▍| 52/55 [00:39<00:02,  1.11it/s]
 96%|█████████▋| 53/55 [00:40<00:01,  1.11it/s]
 98%|█████████▊| 54/55 [00:41<00:00,  1.11it/s]
100%|██████████| 55/55 [00:42<00:00,  1.13it/s]
100%|██████████| 55/55 [00:42<00:00,  1.30it/s]
Evaluation for task 6 has started.
['Western_Gull', 'Yellow_breasted_Chat', 'Yellow_headed_Blackbird', 'Grasshopper_Sparrow', 'Downy_Woodpecker', 'Bronzed_Cowbird', 'Black_billed_Cuckoo', 'White_Pelican', 'House_Sparrow', 'American_Three_toed_Woodpecker', 'Pelagic_Cormorant', 'Herring_Gull', 'Whip_poor_Will', 'Black_throated_Sparrow', 'Carolina_Wren', 'Fox_Sparrow', 'Palm_Warbler', 'Hooded_Merganser', 'Great_Grey_Shrike', 'Shiny_Cowbird']

  0%|          | 0/6 [00:00<?, ?it/s]
 17%|█▋        | 1/6 [00:01<00:08,  1.69s/it]
 33%|███▎      | 2/6 [00:02<00:04,  1.20s/it]
 50%|█████     | 3/6 [00:03<00:03,  1.13s/it]
 67%|██████▋   | 4/6 [00:04<00:02,  1.10s/it]
 83%|████████▎ | 5/6 [00:05<00:01,  1.02s/it]
100%|██████████| 6/6 [00:07<00:00,  1.27s/it]
100%|██████████| 6/6 [00:07<00:00,  1.22s/it]

  0%|          | 0/64 [00:00<?, ?it/s]
  2%|▏         | 1/64 [00:01<01:24,  1.34s/it]
  3%|▎         | 2/64 [00:02<01:04,  1.04s/it]
  5%|▍         | 3/64 [00:03<01:01,  1.02s/it]
  6%|▋         | 4/64 [00:03<00:55,  1.09it/s]
  8%|▊         | 5/64 [00:04<00:50,  1.17it/s]
  9%|▉         | 6/64 [00:05<00:48,  1.20it/s]
 11%|█         | 7/64 [00:06<00:50,  1.12it/s]
 12%|█▎        | 8/64 [00:07<00:50,  1.11it/s]
 14%|█▍        | 9/64 [00:08<00:50,  1.09it/s]
 16%|█▌        | 10/64 [00:09<00:51,  1.05it/s]
 17%|█▋        | 11/64 [00:10<00:48,  1.10it/s]
 19%|█▉        | 12/64 [00:11<00:46,  1.11it/s]
 20%|██        | 13/64 [00:12<00:47,  1.07it/s]
 22%|██▏       | 14/64 [00:12<00:45,  1.09it/s]
 23%|██▎       | 15/64 [00:13<00:45,  1.07it/s]
 25%|██▌       | 16/64 [00:14<00:44,  1.07it/s]
 27%|██▋       | 17/64 [00:15<00:45,  1.03it/s]
 28%|██▊       | 18/64 [00:17<00:46,  1.01s/it]
 30%|██▉       | 19/64 [00:17<00:44,  1.02it/s]
 31%|███▏      | 20/64 [00:18<00:43,  1.00it/s]
 33%|███▎      | 21/64 [00:19<00:41,  1.03it/s]
 34%|███▍      | 22/64 [00:20<00:40,  1.04it/s]
 36%|███▌      | 23/64 [00:21<00:37,  1.08it/s]
 38%|███▊      | 24/64 [00:22<00:34,  1.16it/s]
 39%|███▉      | 25/64 [00:23<00:33,  1.18it/s]
 41%|████      | 26/64 [00:24<00:33,  1.13it/s]
 42%|████▏     | 27/64 [00:24<00:31,  1.17it/s]
 44%|████▍     | 28/64 [00:25<00:31,  1.13it/s]
 45%|████▌     | 29/64 [00:26<00:31,  1.12it/s]
 47%|████▋     | 30/64 [00:27<00:30,  1.10it/s]
 48%|████▊     | 31/64 [00:28<00:31,  1.06it/s]
 50%|█████     | 32/64 [00:30<00:32,  1.03s/it]
 52%|█████▏    | 33/64 [00:30<00:30,  1.02it/s]
 53%|█████▎    | 34/64 [00:31<00:28,  1.06it/s]
 55%|█████▍    | 35/64 [00:32<00:27,  1.05it/s]
 56%|█████▋    | 36/64 [00:33<00:24,  1.13it/s]
 58%|█████▊    | 37/64 [00:34<00:22,  1.21it/s]
 59%|█████▉    | 38/64 [00:34<00:20,  1.28it/s]
 61%|██████    | 39/64 [00:35<00:20,  1.23it/s]
 62%|██████▎   | 40/64 [00:36<00:20,  1.16it/s]
 64%|██████▍   | 41/64 [00:37<00:20,  1.11it/s]
 66%|██████▌   | 42/64 [00:38<00:21,  1.02it/s]
 67%|██████▋   | 43/64 [00:39<00:20,  1.03it/s]
 69%|██████▉   | 44/64 [00:40<00:18,  1.05it/s]
 70%|███████   | 45/64 [00:41<00:18,  1.04it/s]
 72%|███████▏  | 46/64 [00:42<00:17,  1.02it/s]
 73%|███████▎  | 47/64 [00:43<00:16,  1.01it/s]
 75%|███████▌  | 48/64 [00:44<00:14,  1.11it/s]
 77%|███████▋  | 49/64 [00:45<00:12,  1.18it/s]
 78%|███████▊  | 50/64 [00:45<00:10,  1.28it/s]
 80%|███████▉  | 51/64 [00:46<00:09,  1.36it/s]
 81%|████████▏ | 52/64 [00:47<00:08,  1.43it/s]
 83%|████████▎ | 53/64 [00:47<00:07,  1.48it/s]
 84%|████████▍ | 54/64 [00:48<00:06,  1.51it/s]
 86%|████████▌ | 55/64 [00:48<00:05,  1.52it/s]
 88%|████████▊ | 56/64 [00:49<00:05,  1.53it/s]
 89%|████████▉ | 57/64 [00:50<00:04,  1.53it/s]
 91%|█████████ | 58/64 [00:50<00:03,  1.53it/s]
 92%|█████████▏| 59/64 [00:51<00:03,  1.49it/s]
 94%|█████████▍| 60/64 [00:52<00:02,  1.45it/s]
 95%|█████████▌| 61/64 [00:53<00:02,  1.45it/s]
 97%|█████████▋| 62/64 [00:53<00:01,  1.47it/s]
 98%|█████████▊| 63/64 [00:54<00:00,  1.49it/s]
100%|██████████| 64/64 [00:54<00:00,  1.67it/s]
100%|██████████| 64/64 [00:54<00:00,  1.17it/s]
Evaluation for task 7 has started.
['Olive_sided_Flycatcher', 'Glaucous_winged_Gull', 'Canada_Warbler', 'Winter_Wren', 'Green_Jay', 'Swainson_Warbler', 'Least_Auklet', 'Cape_Glossy_Starling', 'Rusty_Blackbird', 'Rhinoceros_Auklet', 'Ringed_Kingfisher', 'Blue_Grosbeak', 'White_breasted_Nuthatch', 'Red_bellied_Woodpecker', 'Warbling_Vireo', 'American_Pipit', 'Northern_Fulmar', 'Nighthawk', 'Blue_headed_Vireo', 'Black_capped_Vireo']

  0%|          | 0/6 [00:00<?, ?it/s]
 17%|█▋        | 1/6 [00:01<00:08,  1.64s/it]
 33%|███▎      | 2/6 [00:02<00:04,  1.18s/it]
 50%|█████     | 3/6 [00:03<00:03,  1.13s/it]
 67%|██████▋   | 4/6 [00:04<00:02,  1.10s/it]
 83%|████████▎ | 5/6 [00:05<00:01,  1.02s/it]
100%|██████████| 6/6 [00:07<00:00,  1.28s/it]
100%|██████████| 6/6 [00:07<00:00,  1.22s/it]

  0%|          | 0/73 [00:00<?, ?it/s]
  1%|▏         | 1/73 [00:00<00:47,  1.51it/s]
  3%|▎         | 2/73 [00:01<00:50,  1.40it/s]
  4%|▍         | 3/73 [00:02<00:50,  1.39it/s]
  5%|▌         | 4/73 [00:02<00:49,  1.39it/s]
  7%|▋         | 5/73 [00:03<00:47,  1.43it/s]
  8%|▊         | 6/73 [00:04<00:45,  1.46it/s]
 10%|▉         | 7/73 [00:04<00:46,  1.42it/s]
 11%|█         | 8/73 [00:05<00:44,  1.46it/s]
 12%|█▏        | 9/73 [00:06<00:44,  1.44it/s]
 14%|█▎        | 10/73 [00:06<00:42,  1.47it/s]
 15%|█▌        | 11/73 [00:07<00:41,  1.49it/s]
 16%|█▋        | 12/73 [00:08<00:40,  1.50it/s]
 18%|█▊        | 13/73 [00:08<00:39,  1.51it/s]
 19%|█▉        | 14/73 [00:09<00:42,  1.40it/s]
 21%|██        | 15/73 [00:10<00:40,  1.43it/s]
 22%|██▏       | 16/73 [00:11<00:40,  1.42it/s]
 23%|██▎       | 17/73 [00:11<00:39,  1.41it/s]
 25%|██▍       | 18/73 [00:12<00:37,  1.46it/s]
 26%|██▌       | 19/73 [00:13<00:36,  1.48it/s]
 27%|██▋       | 20/73 [00:13<00:35,  1.48it/s]
 29%|██▉       | 21/73 [00:14<00:34,  1.49it/s]
 30%|███       | 22/73 [00:15<00:33,  1.50it/s]
 32%|███▏      | 23/73 [00:15<00:33,  1.51it/s]
 33%|███▎      | 24/73 [00:16<00:32,  1.53it/s]
 34%|███▍      | 25/73 [00:17<00:33,  1.44it/s]
 36%|███▌      | 26/73 [00:17<00:33,  1.42it/s]
 37%|███▋      | 27/73 [00:18<00:31,  1.44it/s]
 38%|███▊      | 28/73 [00:19<00:31,  1.42it/s]
 40%|███▉      | 29/73 [00:20<00:31,  1.41it/s]
 41%|████      | 30/73 [00:20<00:30,  1.41it/s]
 42%|████▏     | 31/73 [00:21<00:30,  1.39it/s]
 44%|████▍     | 32/73 [00:22<00:29,  1.39it/s]
 45%|████▌     | 33/73 [00:22<00:28,  1.38it/s]
 47%|████▋     | 34/73 [00:23<00:27,  1.40it/s]
 48%|████▊     | 35/73 [00:24<00:26,  1.44it/s]
 49%|████▉     | 36/73 [00:24<00:25,  1.48it/s]
 51%|█████     | 37/73 [00:25<00:24,  1.49it/s]
 52%|█████▏    | 38/73 [00:26<00:23,  1.51it/s]
 53%|█████▎    | 39/73 [00:26<00:22,  1.53it/s]
 55%|█████▍    | 40/73 [00:27<00:21,  1.53it/s]
 56%|█████▌    | 41/73 [00:28<00:20,  1.54it/s]
 58%|█████▊    | 42/73 [00:28<00:20,  1.52it/s]
 59%|█████▉    | 43/73 [00:29<00:19,  1.52it/s]
 60%|██████    | 44/73 [00:30<00:19,  1.52it/s]
 62%|██████▏   | 45/73 [00:30<00:19,  1.44it/s]
 63%|██████▎   | 46/73 [00:31<00:19,  1.42it/s]
 64%|██████▍   | 47/73 [00:32<00:18,  1.40it/s]
 66%|██████▌   | 48/73 [00:33<00:18,  1.37it/s]
 67%|██████▋   | 49/73 [00:33<00:16,  1.41it/s]
 68%|██████▊   | 50/73 [00:34<00:15,  1.44it/s]
 70%|██████▉   | 51/73 [00:35<00:15,  1.45it/s]
 71%|███████   | 52/73 [00:35<00:14,  1.42it/s]
 73%|███████▎  | 53/73 [00:36<00:14,  1.41it/s]
 74%|███████▍  | 54/73 [00:37<00:14,  1.31it/s]
 75%|███████▌  | 55/73 [00:38<00:13,  1.32it/s]
 77%|███████▋  | 56/73 [00:38<00:12,  1.38it/s]
 78%|███████▊  | 57/73 [00:39<00:11,  1.44it/s]
 79%|███████▉  | 58/73 [00:40<00:11,  1.36it/s]
 81%|████████  | 59/73 [00:41<00:10,  1.37it/s]
 82%|████████▏ | 60/73 [00:41<00:09,  1.39it/s]
 84%|████████▎ | 61/73 [00:42<00:08,  1.38it/s]
 85%|████████▍ | 62/73 [00:43<00:07,  1.39it/s]
 86%|████████▋ | 63/73 [00:43<00:07,  1.38it/s]
 88%|████████▊ | 64/73 [00:44<00:06,  1.38it/s]
 89%|████████▉ | 65/73 [00:45<00:05,  1.36it/s]
 90%|█████████ | 66/73 [00:46<00:05,  1.39it/s]
 92%|█████████▏| 67/73 [00:46<00:04,  1.38it/s]
 93%|█████████▎| 68/73 [00:47<00:03,  1.37it/s]
 95%|█████████▍| 69/73 [00:48<00:02,  1.35it/s]
 96%|█████████▌| 70/73 [00:49<00:02,  1.34it/s]
 97%|█████████▋| 71/73 [00:49<00:01,  1.35it/s]
 99%|█████████▊| 72/73 [00:50<00:00,  1.37it/s]
100%|██████████| 73/73 [00:50<00:00,  1.70it/s]
100%|██████████| 73/73 [00:50<00:00,  1.44it/s]
Evaluation for task 8 has started.
['Worm_eating_Warbler', 'Western_Meadowlark', 'Yellow_throated_Vireo', 'American_Crow', 'Black_Tern', 'Common_Yellowthroat', 'Elegant_Tern', 'Gadwall', 'Bobolink', 'Chestnut_sided_Warbler', 'Florida_Jay', 'Boat_tailed_Grackle', 'Myrtle_Warbler', 'Great_Crested_Flycatcher', 'Least_Tern', 'Dark_eyed_Junco', 'Cardinal', 'Painted_Bunting', 'Brown_Creeper', 'Red_eyed_Vireo']

  0%|          | 0/6 [00:00<?, ?it/s]
 17%|█▋        | 1/6 [00:01<00:08,  1.64s/it]
 33%|███▎      | 2/6 [00:02<00:04,  1.18s/it]
 50%|█████     | 3/6 [00:03<00:03,  1.12s/it]
 67%|██████▋   | 4/6 [00:04<00:02,  1.09s/it]
 83%|████████▎ | 5/6 [00:05<00:01,  1.01s/it]
100%|██████████| 6/6 [00:07<00:00,  1.31s/it]
100%|██████████| 6/6 [00:07<00:00,  1.22s/it]

  0%|          | 0/82 [00:00<?, ?it/s]
  1%|          | 1/82 [00:00<01:02,  1.29it/s]
  2%|▏         | 2/82 [00:01<01:00,  1.33it/s]
  4%|▎         | 3/82 [00:02<01:16,  1.03it/s]
  5%|▍         | 4/82 [00:03<01:24,  1.08s/it]
  6%|▌         | 5/82 [00:04<01:14,  1.04it/s]
  7%|▋         | 6/82 [00:05<01:17,  1.02s/it]
  9%|▊         | 7/82 [00:06<01:16,  1.02s/it]
 10%|▉         | 8/82 [00:07<01:17,  1.04s/it]
 11%|█         | 9/82 [00:09<01:16,  1.05s/it]
 12%|█▏        | 10/82 [00:09<01:10,  1.02it/s]
 13%|█▎        | 11/82 [00:10<01:08,  1.03it/s]
 15%|█▍        | 12/82 [00:11<01:08,  1.02it/s]
 16%|█▌        | 13/82 [00:12<01:04,  1.06it/s]
 17%|█▋        | 14/82 [00:13<01:05,  1.04it/s]
 18%|█▊        | 15/82 [00:14<01:10,  1.05s/it]
 20%|█▉        | 16/82 [00:15<01:08,  1.04s/it]
 21%|██        | 17/82 [00:16<01:02,  1.05it/s]
 22%|██▏       | 18/82 [00:17<00:59,  1.07it/s]
 23%|██▎       | 19/82 [00:18<00:59,  1.06it/s]
 24%|██▍       | 20/82 [00:19<01:04,  1.04s/it]
 26%|██▌       | 21/82 [00:20<00:57,  1.06it/s]
 27%|██▋       | 22/82 [00:21<00:54,  1.10it/s]
 28%|██▊       | 23/82 [00:22<01:01,  1.03s/it]
 29%|██▉       | 24/82 [00:23<01:01,  1.06s/it]
 30%|███       | 25/82 [00:25<01:03,  1.11s/it]
 32%|███▏      | 26/82 [00:26<01:00,  1.07s/it]
 33%|███▎      | 27/82 [00:27<01:00,  1.10s/it]
 34%|███▍      | 28/82 [00:28<01:01,  1.13s/it]
 35%|███▌      | 29/82 [00:29<00:55,  1.05s/it]
 37%|███▋      | 30/82 [00:30<00:54,  1.05s/it]
 38%|███▊      | 31/82 [00:31<00:55,  1.10s/it]
 39%|███▉      | 32/82 [00:32<00:56,  1.14s/it]
 40%|████      | 33/82 [00:34<01:03,  1.29s/it]
 41%|████▏     | 34/82 [00:35<01:00,  1.26s/it]
 43%|████▎     | 35/82 [00:36<01:00,  1.28s/it]
 44%|████▍     | 36/82 [00:37<00:53,  1.15s/it]
 45%|████▌     | 37/82 [00:38<00:51,  1.15s/it]
 46%|████▋     | 38/82 [00:40<00:52,  1.20s/it]
 48%|████▊     | 39/82 [00:41<00:50,  1.18s/it]
 49%|████▉     | 40/82 [00:42<00:50,  1.21s/it]
 50%|█████     | 41/82 [00:43<00:47,  1.15s/it]
 51%|█████     | 42/82 [00:44<00:44,  1.10s/it]
 52%|█████▏    | 43/82 [00:45<00:42,  1.08s/it]
 54%|█████▎    | 44/82 [00:46<00:42,  1.13s/it]
 55%|█████▍    | 45/82 [00:48<00:42,  1.15s/it]
 56%|█████▌    | 46/82 [00:49<00:40,  1.12s/it]
 57%|█████▋    | 47/82 [00:50<00:43,  1.26s/it]
 59%|█████▊    | 48/82 [00:51<00:42,  1.24s/it]
 60%|█████▉    | 49/82 [00:53<00:40,  1.24s/it]
 61%|██████    | 50/82 [00:54<00:37,  1.18s/it]
 62%|██████▏   | 51/82 [00:55<00:35,  1.15s/it]
 63%|██████▎   | 52/82 [00:56<00:34,  1.15s/it]
 65%|██████▍   | 53/82 [00:57<00:34,  1.17s/it]
 66%|██████▌   | 54/82 [00:58<00:30,  1.09s/it]
 67%|██████▋   | 55/82 [00:59<00:29,  1.09s/it]
 68%|██████▊   | 56/82 [01:00<00:29,  1.15s/it]
 70%|██████▉   | 57/82 [01:02<00:28,  1.15s/it]
 71%|███████   | 58/82 [01:03<00:26,  1.12s/it]
 72%|███████▏  | 59/82 [01:04<00:26,  1.13s/it]
 73%|███████▎  | 60/82 [01:05<00:26,  1.19s/it]
 74%|███████▍  | 61/82 [01:06<00:25,  1.20s/it]
 76%|███████▌  | 62/82 [01:08<00:23,  1.19s/it]
 77%|███████▋  | 63/82 [01:09<00:22,  1.18s/it]
 78%|███████▊  | 64/82 [01:10<00:21,  1.20s/it]
 79%|███████▉  | 65/82 [01:11<00:19,  1.17s/it]
 80%|████████  | 66/82 [01:12<00:18,  1.16s/it]
 82%|████████▏ | 67/82 [01:14<00:18,  1.22s/it]
 83%|████████▎ | 68/82 [01:15<00:16,  1.19s/it]
 84%|████████▍ | 69/82 [01:16<00:15,  1.21s/it]
 85%|████████▌ | 70/82 [01:17<00:14,  1.18s/it]
 87%|████████▋ | 71/82 [01:18<00:13,  1.19s/it]
 88%|████████▊ | 72/82 [01:20<00:12,  1.25s/it]
 89%|████████▉ | 73/82 [01:21<00:10,  1.20s/it]
 90%|█████████ | 74/82 [01:22<00:08,  1.09s/it]
 91%|█████████▏| 75/82 [01:23<00:07,  1.09s/it]
 93%|█████████▎| 76/82 [01:23<00:06,  1.02s/it]
 94%|█████████▍| 77/82 [01:25<00:05,  1.05s/it]
 95%|█████████▌| 78/82 [01:26<00:04,  1.03s/it]
 96%|█████████▋| 79/82 [01:27<00:03,  1.06s/it]
 98%|█████████▊| 80/82 [01:28<00:02,  1.05s/it]
 99%|█████████▉| 81/82 [01:29<00:01,  1.12s/it]
100%|██████████| 82/82 [01:29<00:00,  1.09it/s]
100%|██████████| 82/82 [01:29<00:00,  1.10s/it]
Evaluation for task 9 has started.
['Prothonotary_Warbler', 'Red_headed_Woodpecker', 'Green_Kingfisher', 'Tree_Swallow', 'Brewer_Sparrow', 'Crested_Auklet', 'Rose_breasted_Grosbeak', 'Field_Sparrow', 'Pied_billed_Grebe', 'Forsters_Tern', 'Belted_Kingfisher', 'Blue_Jay', 'Pileated_Woodpecker', 'Blue_winged_Warbler', 'Harris_Sparrow', 'Ovenbird', 'Orchard_Oriole', 'Horned_Puffin', 'Mallard', 'Golden_winged_Warbler']

  0%|          | 0/6 [00:00<?, ?it/s]
 17%|█▋        | 1/6 [00:01<00:08,  1.68s/it]
 33%|███▎      | 2/6 [00:02<00:04,  1.20s/it]
 50%|█████     | 3/6 [00:03<00:03,  1.14s/it]
 67%|██████▋   | 4/6 [00:04<00:02,  1.10s/it]
 83%|████████▎ | 5/6 [00:05<00:01,  1.03s/it]
100%|██████████| 6/6 [00:07<00:00,  1.29s/it]
100%|██████████| 6/6 [00:07<00:00,  1.22s/it]

  0%|          | 0/91 [00:00<?, ?it/s]
  1%|          | 1/91 [00:00<01:00,  1.48it/s]
  2%|▏         | 2/91 [00:01<01:03,  1.40it/s]
  3%|▎         | 3/91 [00:02<01:03,  1.39it/s]
  4%|▍         | 4/91 [00:02<01:04,  1.35it/s]
  5%|▌         | 5/91 [00:03<01:05,  1.32it/s]
  7%|▋         | 6/91 [00:04<01:05,  1.29it/s]
  8%|▊         | 7/91 [00:05<01:03,  1.32it/s]
  9%|▉         | 8/91 [00:06<01:04,  1.28it/s]
 10%|▉         | 9/91 [00:06<01:03,  1.30it/s]
 11%|█         | 10/91 [00:07<01:01,  1.31it/s]
 12%|█▏        | 11/91 [00:08<01:00,  1.33it/s]
 13%|█▎        | 12/91 [00:08<00:57,  1.36it/s]
 14%|█▍        | 13/91 [00:09<00:55,  1.40it/s]
 15%|█▌        | 14/91 [00:10<00:53,  1.43it/s]
 16%|█▋        | 15/91 [00:10<00:52,  1.45it/s]
 18%|█▊        | 16/91 [00:11<00:51,  1.46it/s]
 19%|█▊        | 17/91 [00:12<00:51,  1.43it/s]
 20%|█▉        | 18/91 [00:13<00:53,  1.36it/s]
 21%|██        | 19/91 [00:13<00:53,  1.36it/s]
 22%|██▏       | 20/91 [00:14<00:52,  1.36it/s]
 23%|██▎       | 21/91 [00:15<00:49,  1.40it/s]
 24%|██▍       | 22/91 [00:16<00:48,  1.42it/s]
 25%|██▌       | 23/91 [00:16<00:47,  1.44it/s]
 26%|██▋       | 24/91 [00:17<00:46,  1.45it/s]
 27%|██▋       | 25/91 [00:18<00:45,  1.44it/s]
 29%|██▊       | 26/91 [00:18<00:44,  1.46it/s]
 30%|██▉       | 27/91 [00:19<00:43,  1.47it/s]
 31%|███       | 28/91 [00:20<00:42,  1.47it/s]
 32%|███▏      | 29/91 [00:20<00:44,  1.39it/s]
 33%|███▎      | 30/91 [00:21<00:44,  1.37it/s]
 34%|███▍      | 31/91 [00:22<00:43,  1.38it/s]
 35%|███▌      | 32/91 [00:23<00:41,  1.44it/s]
 36%|███▋      | 33/91 [00:23<00:44,  1.30it/s]
 37%|███▋      | 34/91 [00:24<00:43,  1.30it/s]
 38%|███▊      | 35/91 [00:25<00:42,  1.31it/s]
 40%|███▉      | 36/91 [00:26<00:42,  1.30it/s]
 41%|████      | 37/91 [00:26<00:39,  1.35it/s]
 42%|████▏     | 38/91 [00:27<00:38,  1.39it/s]
 43%|████▎     | 39/91 [00:28<00:37,  1.39it/s]
 44%|████▍     | 40/91 [00:28<00:35,  1.42it/s]
 45%|████▌     | 41/91 [00:29<00:34,  1.44it/s]
 46%|████▌     | 42/91 [00:30<00:37,  1.32it/s]
 47%|████▋     | 43/91 [00:31<00:36,  1.33it/s]
 48%|████▊     | 44/91 [00:31<00:34,  1.37it/s]
 49%|████▉     | 45/91 [00:32<00:32,  1.41it/s]
 51%|█████     | 46/91 [00:33<00:32,  1.39it/s]
 52%|█████▏    | 47/91 [00:34<00:30,  1.42it/s]
 53%|█████▎    | 48/91 [00:34<00:29,  1.44it/s]
 54%|█████▍    | 49/91 [00:35<00:28,  1.46it/s]
 55%|█████▍    | 50/91 [00:36<00:27,  1.47it/s]
 56%|█████▌    | 51/91 [00:36<00:26,  1.48it/s]
 57%|█████▋    | 52/91 [00:37<00:26,  1.48it/s]
 58%|█████▊    | 53/91 [00:38<00:25,  1.48it/s]
 59%|█████▉    | 54/91 [00:38<00:25,  1.48it/s]
 60%|██████    | 55/91 [00:39<00:24,  1.48it/s]
 62%|██████▏   | 56/91 [00:40<00:23,  1.49it/s]
 63%|██████▎   | 57/91 [00:40<00:22,  1.49it/s]
 64%|██████▎   | 58/91 [00:41<00:22,  1.49it/s]
 65%|██████▍   | 59/91 [00:42<00:21,  1.48it/s]
 66%|██████▌   | 60/91 [00:42<00:20,  1.48it/s]
 67%|██████▋   | 61/91 [00:43<00:20,  1.48it/s]
 68%|██████▊   | 62/91 [00:44<00:20,  1.39it/s]
 69%|██████▉   | 63/91 [00:44<00:19,  1.40it/s]
 70%|███████   | 64/91 [00:45<00:18,  1.43it/s]
 71%|███████▏  | 65/91 [00:46<00:18,  1.40it/s]
 73%|███████▎  | 66/91 [00:47<00:18,  1.39it/s]
 74%|███████▎  | 67/91 [00:47<00:17,  1.38it/s]
 75%|███████▍  | 68/91 [00:48<00:16,  1.41it/s]
 76%|███████▌  | 69/91 [00:49<00:15,  1.43it/s]
 77%|███████▋  | 70/91 [00:49<00:14,  1.44it/s]
 78%|███████▊  | 71/91 [00:50<00:14,  1.41it/s]
 79%|███████▉  | 72/91 [00:51<00:13,  1.43it/s]
 80%|████████  | 73/91 [00:51<00:12,  1.45it/s]
 81%|████████▏ | 74/91 [00:52<00:11,  1.48it/s]
 82%|████████▏ | 75/91 [00:53<00:10,  1.48it/s]
 84%|████████▎ | 76/91 [00:53<00:10,  1.49it/s]
 85%|████████▍ | 77/91 [00:54<00:09,  1.50it/s]
 86%|████████▌ | 78/91 [00:55<00:08,  1.48it/s]
 87%|████████▋ | 79/91 [00:56<00:08,  1.44it/s]
 88%|████████▊ | 80/91 [00:56<00:07,  1.45it/s]
 89%|████████▉ | 81/91 [00:57<00:06,  1.46it/s]
 90%|█████████ | 82/91 [00:58<00:06,  1.48it/s]
 91%|█████████ | 83/91 [00:58<00:05,  1.48it/s]
 92%|█████████▏| 84/91 [00:59<00:05,  1.30it/s]
 93%|█████████▎| 85/91 [01:00<00:04,  1.29it/s]
 95%|█████████▍| 86/91 [01:01<00:03,  1.29it/s]
 96%|█████████▌| 87/91 [01:02<00:03,  1.28it/s]
 97%|█████████▋| 88/91 [01:02<00:02,  1.28it/s]
 98%|█████████▊| 89/91 [01:03<00:01,  1.33it/s]
 99%|█████████▉| 90/91 [01:04<00:00,  1.35it/s]
100%|██████████| 91/91 [01:04<00:00,  1.52it/s]
100%|██████████| 91/91 [01:04<00:00,  1.41it/s]

========================================
Finished cub200_init20_inc20
Backbone: OpenAI CLIP
Base Accuracy: 91.6
Last Accuracy: 52.14
Average Accuracy (Top1): 61.83
========================================

<continuum.scenarios.class_incremental.ClassIncremental object at 0x7fe58027fdc0> <continuum.scenarios.class_incremental.ClassIncremental object at 0x7fe58027fdc0>
Evaluation for task 0 has started.
['Loggerhead_Shrike', 'Evening_Grosbeak', 'Brewer_Blackbird', 'Henslow_Sparrow', 'Magnolia_Warbler', 'Cliff_Swallow', 'Yellow_bellied_Flycatcher', 'Summer_Tanager', 'Cactus_Wren', 'American_Goldfinch', 'Gray_Kingbird', 'Purple_Finch', 'Indigo_Bunting', 'Brown_Pelican', 'Frigatebird', 'Green_tailed_Towhee', 'Pied_Kingfisher', 'Northern_Waterthrush', 'Gray_Catbird', 'Seaside_Sparrow', 'Acadian_Flycatcher', 'Hooded_Warbler', 'Artic_Tern', 'Geococcyx', 'Lincoln_Sparrow', 'Savannah_Sparrow', 'Sayornis', 'Tennessee_Warbler', 'Le_Conte_Sparrow', 'Bewick_Wren', 'Yellow_Warbler', 'European_Goldfinch', 'Common_Tern', 'California_Gull', 'Slaty_backed_Gull', 'Prairie_Warbler', 'Hooded_Oriole', 'Bohemian_Waxwing', 'Caspian_Tern', 'Eastern_Towhee']

  0%|          | 0/11 [00:00<?, ?it/s]
  9%|▉         | 1/11 [00:02<00:23,  2.33s/it]
 18%|█▊        | 2/11 [00:02<00:12,  1.34s/it]
 27%|██▋       | 3/11 [00:04<00:09,  1.22s/it]
 36%|███▋      | 4/11 [00:05<00:08,  1.16s/it]
 45%|████▌     | 5/11 [00:06<00:06,  1.13s/it]
 55%|█████▍    | 6/11 [00:07<00:05,  1.11s/it]
 64%|██████▎   | 7/11 [00:08<00:04,  1.10s/it]
 73%|███████▎  | 8/11 [00:09<00:03,  1.10s/it]
 82%|████████▏ | 9/11 [00:10<00:02,  1.09s/it]
 91%|█████████ | 10/11 [00:11<00:00,  1.02it/s]
100%|██████████| 11/11 [00:13<00:00,  1.23s/it]
100%|██████████| 11/11 [00:13<00:00,  1.19s/it]

  0%|          | 0/19 [00:00<?, ?it/s]
  5%|▌         | 1/19 [00:00<00:16,  1.07it/s]
 11%|█         | 2/19 [00:01<00:17,  1.01s/it]
 16%|█▌        | 3/19 [00:03<00:16,  1.01s/it]
 21%|██        | 4/19 [00:03<00:15,  1.00s/it]
 26%|██▋       | 5/19 [00:04<00:13,  1.07it/s]
 32%|███▏      | 6/19 [00:05<00:12,  1.01it/s]
 37%|███▋      | 7/19 [00:06<00:10,  1.12it/s]
 42%|████▏     | 8/19 [00:07<00:10,  1.07it/s]
 47%|████▋     | 9/19 [00:09<00:11,  1.12s/it]
 53%|█████▎    | 10/19 [00:10<00:10,  1.14s/it]
 58%|█████▊    | 11/19 [00:11<00:10,  1.27s/it]
 63%|██████▎   | 12/19 [00:13<00:08,  1.23s/it]
 68%|██████▊   | 13/19 [00:13<00:06,  1.10s/it]
 74%|███████▎  | 14/19 [00:14<00:05,  1.08s/it]
 79%|███████▉  | 15/19 [00:16<00:04,  1.17s/it]
 84%|████████▍ | 16/19 [00:16<00:03,  1.01s/it]
 89%|████████▉ | 17/19 [00:17<00:01,  1.04it/s]
 95%|█████████▍| 18/19 [00:18<00:01,  1.02s/it]
100%|██████████| 19/19 [00:19<00:00,  1.16it/s]
100%|██████████| 19/19 [00:19<00:00,  1.02s/it]
Evaluation for task 1 has started.
['Least_Flycatcher', 'Nelson_Sharp_tailed_Sparrow', 'Scott_Oriole', 'Red_legged_Kittiwake', 'Bay_breasted_Warbler', 'Mockingbird', 'Mangrove_Cuckoo', 'Black_throated_Blue_Warbler', 'Scissor_tailed_Flycatcher', 'Vermilion_Flycatcher', 'Pomarine_Jaeger', 'Red_cockaded_Woodpecker', 'Mourning_Warbler', 'Cedar_Waxwing', 'Nashville_Warbler', 'Horned_Lark', 'Horned_Grebe', 'Philadelphia_Vireo', 'White_throated_Sparrow', 'Black_and_white_Warbler', 'Marsh_Wren', 'Eared_Grebe', 'Sage_Thrasher', 'White_eyed_Vireo', 'Ring_billed_Gull', 'Chuck_will_Widow', 'Groove_billed_Ani', 'Ruby_throated_Hummingbird', 'Anna_Hummingbird', 'Gray_crowned_Rosy_Finch', 'Pigeon_Guillemot', 'Black_footed_Albatross', 'American_Redstart', 'Orange_crowned_Warbler', 'Cape_May_Warbler', 'Green_Violetear', 'White_necked_Raven', 'Spotted_Catbird', 'Cerulean_Warbler', 'Louisiana_Waterthrush']

  0%|          | 0/11 [00:00<?, ?it/s]
  9%|▉         | 1/11 [00:01<00:16,  1.63s/it]
 18%|█▊        | 2/11 [00:02<00:10,  1.19s/it]
 27%|██▋       | 3/11 [00:03<00:09,  1.14s/it]
 36%|███▋      | 4/11 [00:04<00:07,  1.11s/it]
 45%|████▌     | 5/11 [00:05<00:06,  1.10s/it]
 55%|█████▍    | 6/11 [00:06<00:05,  1.09s/it]
 64%|██████▎   | 7/11 [00:07<00:04,  1.09s/it]
 73%|███████▎  | 8/11 [00:08<00:03,  1.08s/it]
 82%|████████▏ | 9/11 [00:10<00:02,  1.08s/it]
 91%|█████████ | 10/11 [00:10<00:00,  1.03it/s]
100%|██████████| 11/11 [00:12<00:00,  1.25s/it]
100%|██████████| 11/11 [00:12<00:00,  1.15s/it]

  0%|          | 0/37 [00:00<?, ?it/s]
  3%|▎         | 1/37 [00:00<00:27,  1.32it/s]
  5%|▌         | 2/37 [00:01<00:31,  1.11it/s]
  8%|▊         | 3/37 [00:02<00:33,  1.00it/s]
 11%|█         | 4/37 [00:03<00:30,  1.10it/s]
 14%|█▎        | 5/37 [00:04<00:27,  1.16it/s]
 16%|█▌        | 6/37 [00:05<00:28,  1.08it/s]
 19%|█▉        | 7/37 [00:06<00:29,  1.03it/s]
 22%|██▏       | 8/37 [00:07<00:27,  1.05it/s]
 24%|██▍       | 9/37 [00:08<00:24,  1.13it/s]
 27%|██▋       | 10/37 [00:09<00:24,  1.12it/s]
 30%|██▉       | 11/37 [00:10<00:24,  1.06it/s]
 32%|███▏      | 12/37 [00:10<00:22,  1.10it/s]
 35%|███▌      | 13/37 [00:11<00:20,  1.18it/s]
 38%|███▊      | 14/37 [00:12<00:18,  1.25it/s]
 41%|████      | 15/37 [00:13<00:23,  1.05s/it]
 43%|████▎     | 16/37 [00:15<00:22,  1.07s/it]
 46%|████▌     | 17/37 [00:16<00:20,  1.03s/it]
 49%|████▊     | 18/37 [00:16<00:18,  1.03it/s]
 51%|█████▏    | 19/37 [00:17<00:17,  1.05it/s]
 54%|█████▍    | 20/37 [00:18<00:15,  1.07it/s]
 57%|█████▋    | 21/37 [00:19<00:13,  1.18it/s]
 59%|█████▉    | 22/37 [00:20<00:12,  1.21it/s]
 62%|██████▏   | 23/37 [00:21<00:13,  1.03it/s]
 65%|██████▍   | 24/37 [00:22<00:12,  1.05it/s]
 68%|██████▊   | 25/37 [00:23<00:10,  1.12it/s]
 70%|███████   | 26/37 [00:24<00:10,  1.07it/s]
 73%|███████▎  | 27/37 [00:25<00:10,  1.03s/it]
 76%|███████▌  | 28/37 [00:26<00:08,  1.02it/s]
 78%|███████▊  | 29/37 [00:27<00:07,  1.05it/s]
 81%|████████  | 30/37 [00:27<00:06,  1.10it/s]
 84%|████████▍ | 31/37 [00:28<00:05,  1.12it/s]
 86%|████████▋ | 32/37 [00:29<00:04,  1.04it/s]
 89%|████████▉ | 33/37 [00:30<00:03,  1.04it/s]
 92%|█████████▏| 34/37 [00:31<00:02,  1.08it/s]
 95%|█████████▍| 35/37 [00:32<00:01,  1.06it/s]
 97%|█████████▋| 36/37 [00:33<00:00,  1.11it/s]
100%|██████████| 37/37 [00:33<00:00,  1.31it/s]
100%|██████████| 37/37 [00:33<00:00,  1.09it/s]
Evaluation for task 2 has started.
['Western_Grebe', 'Laysan_Albatross', 'Lazuli_Bunting', 'Northern_Flicker', 'Red_winged_Blackbird', 'Brandt_Cormorant', 'Wilson_Warbler', 'Clay_colored_Sparrow', 'Tree_Sparrow', 'Vesper_Sparrow', 'Rufous_Hummingbird', 'Long_tailed_Jaeger', 'House_Wren', 'Parakeet_Auklet', 'Pine_Warbler', 'Kentucky_Warbler', 'Clark_Nutcracker', 'Rock_Wren', 'Bank_Swallow', 'Yellow_billed_Cuckoo', 'Chipping_Sparrow', 'Barn_Swallow', 'Western_Wood_Pewee', 'Red_faced_Cormorant', 'Red_breasted_Merganser', 'Brown_Thrasher', 'Song_Sparrow', 'Common_Raven', 'Tropical_Kingbird', 'Fish_Crow', 'Sooty_Albatross', 'White_breasted_Kingfisher', 'Pine_Grosbeak', 'Ivory_Gull', 'Heermann_Gull', 'Baltimore_Oriole', 'Scarlet_Tanager', 'Baird_Sparrow', 'Pacific_Loon', 'White_crowned_Sparrow']

  0%|          | 0/11 [00:00<?, ?it/s]
  9%|▉         | 1/11 [00:01<00:17,  1.70s/it]
 18%|█▊        | 2/11 [00:02<00:10,  1.22s/it]
 27%|██▋       | 3/11 [00:03<00:09,  1.15s/it]
 36%|███▋      | 4/11 [00:04<00:07,  1.12s/it]
 45%|████▌     | 5/11 [00:05<00:06,  1.11s/it]
 55%|█████▍    | 6/11 [00:06<00:05,  1.10s/it]
 64%|██████▎   | 7/11 [00:07<00:04,  1.09s/it]
 73%|███████▎  | 8/11 [00:09<00:03,  1.09s/it]
 82%|████████▏ | 9/11 [00:10<00:02,  1.08s/it]
 91%|█████████ | 10/11 [00:10<00:00,  1.03it/s]
100%|██████████| 11/11 [00:12<00:00,  1.20s/it]
100%|██████████| 11/11 [00:12<00:00,  1.14s/it]

  0%|          | 0/55 [00:00<?, ?it/s]
  2%|▏         | 1/55 [00:00<00:50,  1.08it/s]
  4%|▎         | 2/55 [00:01<00:51,  1.03it/s]
  5%|▌         | 3/55 [00:02<00:45,  1.15it/s]
  7%|▋         | 4/55 [00:03<00:47,  1.06it/s]
  9%|▉         | 5/55 [00:04<00:50,  1.00s/it]
 11%|█         | 6/55 [00:05<00:46,  1.05it/s]
 13%|█▎        | 7/55 [00:06<00:46,  1.03it/s]
 15%|█▍        | 8/55 [00:07<00:42,  1.10it/s]
 16%|█▋        | 9/55 [00:08<00:39,  1.16it/s]
 18%|█▊        | 10/55 [00:09<00:39,  1.13it/s]
 20%|██        | 11/55 [00:10<00:39,  1.10it/s]
 22%|██▏       | 12/55 [00:11<00:39,  1.10it/s]
 24%|██▎       | 13/55 [00:11<00:37,  1.12it/s]
 25%|██▌       | 14/55 [00:12<00:36,  1.14it/s]
 27%|██▋       | 15/55 [00:13<00:33,  1.20it/s]
 29%|██▉       | 16/55 [00:14<00:31,  1.26it/s]
 31%|███       | 17/55 [00:14<00:29,  1.30it/s]
 33%|███▎      | 18/55 [00:15<00:27,  1.35it/s]
 35%|███▍      | 19/55 [00:16<00:26,  1.36it/s]
 36%|███▋      | 20/55 [00:16<00:24,  1.41it/s]
 38%|███▊      | 21/55 [00:17<00:24,  1.38it/s]
 40%|████      | 22/55 [00:18<00:23,  1.40it/s]
 42%|████▏     | 23/55 [00:19<00:22,  1.39it/s]
 44%|████▎     | 24/55 [00:19<00:21,  1.44it/s]
 45%|████▌     | 25/55 [00:20<00:20,  1.48it/s]
 47%|████▋     | 26/55 [00:21<00:19,  1.51it/s]
 49%|████▉     | 27/55 [00:21<00:18,  1.55it/s]
 51%|█████     | 28/55 [00:22<00:17,  1.57it/s]
 53%|█████▎    | 29/55 [00:22<00:16,  1.59it/s]
 55%|█████▍    | 30/55 [00:23<00:15,  1.58it/s]
 56%|█████▋    | 31/55 [00:24<00:15,  1.59it/s]
 58%|█████▊    | 32/55 [00:24<00:14,  1.61it/s]
 60%|██████    | 33/55 [00:25<00:13,  1.62it/s]
 62%|██████▏   | 34/55 [00:26<00:13,  1.55it/s]
 64%|██████▎   | 35/55 [00:26<00:13,  1.50it/s]
 65%|██████▌   | 36/55 [00:27<00:12,  1.52it/s]
 67%|██████▋   | 37/55 [00:28<00:11,  1.54it/s]
 69%|██████▉   | 38/55 [00:28<00:10,  1.55it/s]
 71%|███████   | 39/55 [00:29<00:10,  1.56it/s]
 73%|███████▎  | 40/55 [00:29<00:09,  1.51it/s]
 75%|███████▍  | 41/55 [00:30<00:09,  1.49it/s]
 76%|███████▋  | 42/55 [00:31<00:08,  1.47it/s]
 78%|███████▊  | 43/55 [00:32<00:08,  1.48it/s]
 80%|████████  | 44/55 [00:32<00:07,  1.47it/s]
 82%|████████▏ | 45/55 [00:33<00:06,  1.47it/s]
 84%|████████▎ | 46/55 [00:34<00:06,  1.46it/s]
 85%|████████▌ | 47/55 [00:34<00:05,  1.47it/s]
 87%|████████▋ | 48/55 [00:35<00:04,  1.51it/s]
 89%|████████▉ | 49/55 [00:36<00:03,  1.54it/s]
 91%|█████████ | 50/55 [00:36<00:03,  1.55it/s]
 93%|█████████▎| 51/55 [00:37<00:02,  1.58it/s]
 95%|█████████▍| 52/55 [00:37<00:01,  1.59it/s]
 96%|█████████▋| 53/55 [00:38<00:01,  1.57it/s]
 98%|█████████▊| 54/55 [00:39<00:00,  1.55it/s]
100%|██████████| 55/55 [00:39<00:00,  1.65it/s]
100%|██████████| 55/55 [00:39<00:00,  1.38it/s]
Evaluation for task 3 has started.
['Western_Gull', 'Yellow_breasted_Chat', 'Yellow_headed_Blackbird', 'Grasshopper_Sparrow', 'Downy_Woodpecker', 'Bronzed_Cowbird', 'Black_billed_Cuckoo', 'White_Pelican', 'House_Sparrow', 'American_Three_toed_Woodpecker', 'Pelagic_Cormorant', 'Herring_Gull', 'Whip_poor_Will', 'Black_throated_Sparrow', 'Carolina_Wren', 'Fox_Sparrow', 'Palm_Warbler', 'Hooded_Merganser', 'Great_Grey_Shrike', 'Shiny_Cowbird', 'Olive_sided_Flycatcher', 'Glaucous_winged_Gull', 'Canada_Warbler', 'Winter_Wren', 'Green_Jay', 'Swainson_Warbler', 'Least_Auklet', 'Cape_Glossy_Starling', 'Rusty_Blackbird', 'Rhinoceros_Auklet', 'Ringed_Kingfisher', 'Blue_Grosbeak', 'White_breasted_Nuthatch', 'Red_bellied_Woodpecker', 'Warbling_Vireo', 'American_Pipit', 'Northern_Fulmar', 'Nighthawk', 'Blue_headed_Vireo', 'Black_capped_Vireo']

  0%|          | 0/11 [00:00<?, ?it/s]
  9%|▉         | 1/11 [00:01<00:16,  1.64s/it]
 18%|█▊        | 2/11 [00:02<00:10,  1.20s/it]
 27%|██▋       | 3/11 [00:03<00:09,  1.14s/it]
 36%|███▋      | 4/11 [00:04<00:07,  1.12s/it]
 45%|████▌     | 5/11 [00:05<00:06,  1.10s/it]
 55%|█████▍    | 6/11 [00:06<00:05,  1.10s/it]
 64%|██████▎   | 7/11 [00:07<00:04,  1.09s/it]
 73%|███████▎  | 8/11 [00:09<00:03,  1.09s/it]
 82%|████████▏ | 9/11 [00:10<00:02,  1.09s/it]
 91%|█████████ | 10/11 [00:10<00:00,  1.02it/s]
100%|██████████| 11/11 [00:12<00:00,  1.24s/it]
100%|██████████| 11/11 [00:12<00:00,  1.15s/it]

  0%|          | 0/73 [00:00<?, ?it/s]
  1%|▏         | 1/73 [00:00<00:49,  1.45it/s]
  3%|▎         | 2/73 [00:01<00:47,  1.50it/s]
  4%|▍         | 3/73 [00:01<00:45,  1.54it/s]
  5%|▌         | 4/73 [00:02<00:44,  1.54it/s]
  7%|▋         | 5/73 [00:03<00:43,  1.55it/s]
  8%|▊         | 6/73 [00:03<00:43,  1.55it/s]
 10%|▉         | 7/73 [00:04<00:43,  1.52it/s]
 11%|█         | 8/73 [00:05<00:42,  1.52it/s]
 12%|█▏        | 9/73 [00:05<00:41,  1.53it/s]
 14%|█▎        | 10/73 [00:06<00:40,  1.54it/s]
 15%|█▌        | 11/73 [00:07<00:39,  1.55it/s]
 16%|█▋        | 12/73 [00:07<00:39,  1.55it/s]
 18%|█▊        | 13/73 [00:08<00:38,  1.56it/s]
 19%|█▉        | 14/73 [00:09<00:38,  1.55it/s]
 21%|██        | 15/73 [00:09<00:37,  1.55it/s]
 22%|██▏       | 16/73 [00:10<00:36,  1.56it/s]
 23%|██▎       | 17/73 [00:11<00:37,  1.50it/s]
 25%|██▍       | 18/73 [00:11<00:36,  1.50it/s]
 26%|██▌       | 19/73 [00:12<00:36,  1.48it/s]
 27%|██▋       | 20/73 [00:13<00:36,  1.44it/s]
 29%|██▉       | 21/73 [00:13<00:36,  1.43it/s]
 30%|███       | 22/73 [00:14<00:34,  1.47it/s]
 32%|███▏      | 23/73 [00:15<00:33,  1.50it/s]
 33%|███▎      | 24/73 [00:15<00:32,  1.53it/s]
 34%|███▍      | 25/73 [00:16<00:31,  1.54it/s]
 36%|███▌      | 26/73 [00:17<00:34,  1.36it/s]
 37%|███▋      | 27/73 [00:18<00:35,  1.31it/s]
 38%|███▊      | 28/73 [00:19<00:37,  1.20it/s]
 40%|███▉      | 29/73 [00:20<00:36,  1.20it/s]
 41%|████      | 30/73 [00:20<00:35,  1.22it/s]
 42%|████▏     | 31/73 [00:21<00:37,  1.13it/s]
 44%|████▍     | 32/73 [00:22<00:34,  1.17it/s]
 45%|████▌     | 33/73 [00:23<00:31,  1.26it/s]
 47%|████▋     | 34/73 [00:24<00:32,  1.19it/s]
 48%|████▊     | 35/73 [00:25<00:32,  1.17it/s]
 49%|████▉     | 36/73 [00:25<00:31,  1.18it/s]
 51%|█████     | 37/73 [00:26<00:29,  1.22it/s]
 52%|█████▏    | 38/73 [00:28<00:38,  1.11s/it]
 53%|█████▎    | 39/73 [00:29<00:35,  1.03s/it]
 55%|█████▍    | 40/73 [00:30<00:33,  1.02s/it]
 56%|█████▌    | 41/73 [00:31<00:36,  1.13s/it]
 58%|█████▊    | 42/73 [00:32<00:32,  1.03s/it]
 59%|█████▉    | 43/73 [00:33<00:30,  1.00s/it]
 60%|██████    | 44/73 [00:34<00:28,  1.02it/s]
 62%|██████▏   | 45/73 [00:35<00:28,  1.02s/it]
 63%|██████▎   | 46/73 [00:36<00:30,  1.13s/it]
 64%|██████▍   | 47/73 [00:37<00:27,  1.06s/it]
 66%|██████▌   | 48/73 [00:38<00:25,  1.02s/it]
 67%|██████▋   | 49/73 [00:39<00:25,  1.05s/it]
 68%|██████▊   | 50/73 [00:40<00:24,  1.06s/it]
 70%|██████▉   | 51/73 [00:42<00:24,  1.10s/it]
 71%|███████   | 52/73 [00:43<00:23,  1.11s/it]
 73%|███████▎  | 53/73 [00:44<00:21,  1.08s/it]
 74%|███████▍  | 54/73 [00:45<00:20,  1.07s/it]
 75%|███████▌  | 55/73 [00:46<00:17,  1.04it/s]
 77%|███████▋  | 56/73 [00:46<00:14,  1.15it/s]
 78%|███████▊  | 57/73 [00:47<00:15,  1.06it/s]
 79%|███████▉  | 58/73 [00:48<00:14,  1.04it/s]
 81%|████████  | 59/73 [00:49<00:13,  1.03it/s]
 82%|████████▏ | 60/73 [00:50<00:12,  1.07it/s]
 84%|████████▎ | 61/73 [00:51<00:11,  1.03it/s]
 85%|████████▍ | 62/73 [00:52<00:10,  1.01it/s]
 86%|████████▋ | 63/73 [00:53<00:10,  1.01s/it]
 88%|████████▊ | 64/73 [00:54<00:09,  1.06s/it]
 89%|████████▉ | 65/73 [00:55<00:08,  1.02s/it]
 90%|█████████ | 66/73 [00:56<00:06,  1.02it/s]
 92%|█████████▏| 67/73 [00:57<00:05,  1.03it/s]
 93%|█████████▎| 68/73 [00:58<00:04,  1.04it/s]
 95%|█████████▍| 69/73 [00:59<00:03,  1.02it/s]
 96%|█████████▌| 70/73 [01:00<00:02,  1.04it/s]
 97%|█████████▋| 71/73 [01:01<00:01,  1.01it/s]
 99%|█████████▊| 72/73 [01:02<00:00,  1.01it/s]
100%|██████████| 73/73 [01:03<00:00,  1.22it/s]
100%|██████████| 73/73 [01:03<00:00,  1.16it/s]
Evaluation for task 4 has started.
['Worm_eating_Warbler', 'Western_Meadowlark', 'Yellow_throated_Vireo', 'American_Crow', 'Black_Tern', 'Common_Yellowthroat', 'Elegant_Tern', 'Gadwall', 'Bobolink', 'Chestnut_sided_Warbler', 'Florida_Jay', 'Boat_tailed_Grackle', 'Myrtle_Warbler', 'Great_Crested_Flycatcher', 'Least_Tern', 'Dark_eyed_Junco', 'Cardinal', 'Painted_Bunting', 'Brown_Creeper', 'Red_eyed_Vireo', 'Prothonotary_Warbler', 'Red_headed_Woodpecker', 'Green_Kingfisher', 'Tree_Swallow', 'Brewer_Sparrow', 'Crested_Auklet', 'Rose_breasted_Grosbeak', 'Field_Sparrow', 'Pied_billed_Grebe', 'Forsters_Tern', 'Belted_Kingfisher', 'Blue_Jay', 'Pileated_Woodpecker', 'Blue_winged_Warbler', 'Harris_Sparrow', 'Ovenbird', 'Orchard_Oriole', 'Horned_Puffin', 'Mallard', 'Golden_winged_Warbler']

  0%|          | 0/11 [00:00<?, ?it/s]
  9%|▉         | 1/11 [00:01<00:16,  1.63s/it]
 18%|█▊        | 2/11 [00:02<00:10,  1.19s/it]
 27%|██▋       | 3/11 [00:03<00:09,  1.13s/it]
 36%|███▋      | 4/11 [00:04<00:07,  1.11s/it]
 45%|████▌     | 5/11 [00:05<00:06,  1.10s/it]
 55%|█████▍    | 6/11 [00:06<00:05,  1.09s/it]
 64%|██████▎   | 7/11 [00:07<00:04,  1.09s/it]
 73%|███████▎  | 8/11 [00:08<00:03,  1.09s/it]
 82%|████████▏ | 9/11 [00:10<00:02,  1.08s/it]
 91%|█████████ | 10/11 [00:10<00:00,  1.03it/s]
100%|██████████| 11/11 [00:12<00:00,  1.22s/it]
100%|██████████| 11/11 [00:12<00:00,  1.14s/it]

  0%|          | 0/91 [00:00<?, ?it/s]
  1%|          | 1/91 [00:00<01:28,  1.01it/s]
  2%|▏         | 2/91 [00:01<01:24,  1.05it/s]
  3%|▎         | 3/91 [00:02<01:23,  1.06it/s]
  4%|▍         | 4/91 [00:03<01:24,  1.03it/s]
  5%|▌         | 5/91 [00:04<01:15,  1.13it/s]
  7%|▋         | 6/91 [00:05<01:14,  1.14it/s]
  8%|▊         | 7/91 [00:06<01:15,  1.11it/s]
  9%|▉         | 8/91 [00:07<01:10,  1.18it/s]
 10%|▉         | 9/91 [00:07<01:09,  1.17it/s]
 11%|█         | 10/91 [00:09<01:14,  1.09it/s]
 12%|█▏        | 11/91 [00:10<01:16,  1.05it/s]
 13%|█▎        | 12/91 [00:11<01:19,  1.01s/it]
 14%|█▍        | 13/91 [00:12<01:15,  1.03it/s]
 15%|█▌        | 14/91 [00:13<01:16,  1.01it/s]
 16%|█▋        | 15/91 [00:13<01:11,  1.06it/s]
 18%|█▊        | 16/91 [00:14<01:10,  1.07it/s]
 19%|█▊        | 17/91 [00:15<01:11,  1.03it/s]
 20%|█▉        | 18/91 [00:16<01:09,  1.05it/s]
 21%|██        | 19/91 [00:17<01:11,  1.01it/s]
 22%|██▏       | 20/91 [00:18<01:04,  1.09it/s]
 23%|██▎       | 21/91 [00:19<01:05,  1.07it/s]
 24%|██▍       | 22/91 [00:20<01:05,  1.05it/s]
 25%|██▌       | 23/91 [00:21<01:07,  1.00it/s]
 26%|██▋       | 24/91 [00:22<01:06,  1.01it/s]
 27%|██▋       | 25/91 [00:23<01:04,  1.03it/s]
 29%|██▊       | 26/91 [00:24<01:03,  1.02it/s]
 30%|██▉       | 27/91 [00:25<01:01,  1.05it/s]
 31%|███       | 28/91 [00:26<01:01,  1.03it/s]
 32%|███▏      | 29/91 [00:27<01:06,  1.07s/it]
 33%|███▎      | 30/91 [00:28<01:06,  1.09s/it]
 34%|███▍      | 31/91 [00:29<01:00,  1.01s/it]
 35%|███▌      | 32/91 [00:31<01:03,  1.07s/it]
 36%|███▋      | 33/91 [00:32<01:02,  1.07s/it]
 37%|███▋      | 34/91 [00:32<00:57,  1.01s/it]
 38%|███▊      | 35/91 [00:33<00:55,  1.01it/s]
 40%|███▉      | 36/91 [00:34<00:52,  1.05it/s]
 41%|████      | 37/91 [00:36<01:01,  1.14s/it]
 42%|████▏     | 38/91 [00:37<00:57,  1.09s/it]
 43%|████▎     | 39/91 [00:38<00:56,  1.09s/it]
 44%|████▍     | 40/91 [00:39<00:49,  1.03it/s]
 45%|████▌     | 41/91 [00:39<00:44,  1.13it/s]
 46%|████▌     | 42/91 [00:40<00:40,  1.22it/s]
 47%|████▋     | 43/91 [00:41<00:37,  1.28it/s]
 48%|████▊     | 44/91 [00:41<00:35,  1.33it/s]
 49%|████▉     | 45/91 [00:42<00:33,  1.37it/s]
 51%|█████     | 46/91 [00:43<00:32,  1.40it/s]
 52%|█████▏    | 47/91 [00:43<00:30,  1.43it/s]
 53%|█████▎    | 48/91 [00:44<00:29,  1.45it/s]
 54%|█████▍    | 49/91 [00:45<00:28,  1.46it/s]
 55%|█████▍    | 50/91 [00:45<00:28,  1.42it/s]
 56%|█████▌    | 51/91 [00:46<00:28,  1.42it/s]
 57%|█████▋    | 52/91 [00:47<00:27,  1.42it/s]
 58%|█████▊    | 53/91 [00:48<00:26,  1.44it/s]
 59%|█████▉    | 54/91 [00:48<00:25,  1.44it/s]
 60%|██████    | 55/91 [00:49<00:25,  1.42it/s]
 62%|██████▏   | 56/91 [00:50<00:24,  1.44it/s]
 63%|██████▎   | 57/91 [00:50<00:23,  1.46it/s]
 64%|██████▎   | 58/91 [00:51<00:22,  1.46it/s]
 65%|██████▍   | 59/91 [00:52<00:21,  1.46it/s]
 66%|██████▌   | 60/91 [00:52<00:21,  1.46it/s]
 67%|██████▋   | 61/91 [00:53<00:20,  1.46it/s]
 68%|██████▊   | 62/91 [00:54<00:20,  1.45it/s]
 69%|██████▉   | 63/91 [00:54<00:19,  1.41it/s]
 70%|███████   | 64/91 [00:55<00:18,  1.43it/s]
 71%|███████▏  | 65/91 [00:56<00:17,  1.45it/s]
 73%|███████▎  | 66/91 [00:56<00:17,  1.46it/s]
 74%|███████▎  | 67/91 [00:57<00:16,  1.47it/s]
 75%|███████▍  | 68/91 [00:58<00:15,  1.48it/s]
 76%|███████▌  | 69/91 [00:59<00:14,  1.48it/s]
 77%|███████▋  | 70/91 [00:59<00:14,  1.48it/s]
 78%|███████▊  | 71/91 [01:00<00:13,  1.50it/s]
 79%|███████▉  | 72/91 [01:01<00:12,  1.49it/s]
 80%|████████  | 73/91 [01:01<00:12,  1.49it/s]
 81%|████████▏ | 74/91 [01:02<00:11,  1.50it/s]
 82%|████████▏ | 75/91 [01:03<00:10,  1.50it/s]
 84%|████████▎ | 76/91 [01:03<00:11,  1.35it/s]
 85%|████████▍ | 77/91 [01:04<00:10,  1.35it/s]
 86%|████████▌ | 78/91 [01:05<00:09,  1.36it/s]
 87%|████████▋ | 79/91 [01:06<00:08,  1.38it/s]
 88%|████████▊ | 80/91 [01:06<00:07,  1.41it/s]
 89%|████████▉ | 81/91 [01:07<00:06,  1.44it/s]
 90%|█████████ | 82/91 [01:08<00:06,  1.46it/s]
 91%|█████████ | 83/91 [01:08<00:05,  1.44it/s]
 92%|█████████▏| 84/91 [01:09<00:04,  1.45it/s]
 93%|█████████▎| 85/91 [01:10<00:04,  1.45it/s]
 95%|█████████▍| 86/91 [01:10<00:03,  1.47it/s]
 96%|█████████▌| 87/91 [01:11<00:02,  1.46it/s]
 97%|█████████▋| 88/91 [01:12<00:02,  1.45it/s]
 98%|█████████▊| 89/91 [01:12<00:01,  1.45it/s]
 99%|█████████▉| 90/91 [01:13<00:00,  1.43it/s]
100%|██████████| 91/91 [01:14<00:00,  1.58it/s]
100%|██████████| 91/91 [01:14<00:00,  1.23it/s]

========================================
Finished cub200_init40_inc40
Backbone: OpenAI CLIP
Base Accuracy: 71.86
Last Accuracy: 52.8
Average Accuracy (Top1): 60.38
========================================

<continuum.scenarios.class_incremental.ClassIncremental object at 0x7f8ce97fbd60> <continuum.scenarios.class_incremental.ClassIncremental object at 0x7f8ce97fbd60>
Evaluation for task 0 has started.
['Loggerhead_Shrike', 'Evening_Grosbeak', 'Brewer_Blackbird', 'Henslow_Sparrow', 'Magnolia_Warbler', 'Cliff_Swallow', 'Yellow_bellied_Flycatcher', 'Summer_Tanager', 'Cactus_Wren', 'American_Goldfinch', 'Gray_Kingbird', 'Purple_Finch', 'Indigo_Bunting', 'Brown_Pelican', 'Frigatebird', 'Green_tailed_Towhee', 'Pied_Kingfisher', 'Northern_Waterthrush', 'Gray_Catbird', 'Seaside_Sparrow', 'Acadian_Flycatcher', 'Hooded_Warbler', 'Artic_Tern', 'Geococcyx', 'Lincoln_Sparrow', 'Savannah_Sparrow', 'Sayornis', 'Tennessee_Warbler', 'Le_Conte_Sparrow', 'Bewick_Wren', 'Yellow_Warbler', 'European_Goldfinch', 'Common_Tern', 'California_Gull', 'Slaty_backed_Gull', 'Prairie_Warbler', 'Hooded_Oriole', 'Bohemian_Waxwing', 'Caspian_Tern', 'Eastern_Towhee', 'Least_Flycatcher', 'Nelson_Sharp_tailed_Sparrow', 'Scott_Oriole', 'Red_legged_Kittiwake', 'Bay_breasted_Warbler', 'Mockingbird', 'Mangrove_Cuckoo', 'Black_throated_Blue_Warbler', 'Scissor_tailed_Flycatcher', 'Vermilion_Flycatcher', 'Pomarine_Jaeger', 'Red_cockaded_Woodpecker', 'Mourning_Warbler', 'Cedar_Waxwing', 'Nashville_Warbler', 'Horned_Lark', 'Horned_Grebe', 'Philadelphia_Vireo', 'White_throated_Sparrow', 'Black_and_white_Warbler', 'Marsh_Wren', 'Eared_Grebe', 'Sage_Thrasher', 'White_eyed_Vireo', 'Ring_billed_Gull', 'Chuck_will_Widow', 'Groove_billed_Ani', 'Ruby_throated_Hummingbird', 'Anna_Hummingbird', 'Gray_crowned_Rosy_Finch', 'Pigeon_Guillemot', 'Black_footed_Albatross', 'American_Redstart', 'Orange_crowned_Warbler', 'Cape_May_Warbler', 'Green_Violetear', 'White_necked_Raven', 'Spotted_Catbird', 'Cerulean_Warbler', 'Louisiana_Waterthrush', 'Western_Grebe', 'Laysan_Albatross', 'Lazuli_Bunting', 'Northern_Flicker', 'Red_winged_Blackbird', 'Brandt_Cormorant', 'Wilson_Warbler', 'Clay_colored_Sparrow', 'Tree_Sparrow', 'Vesper_Sparrow', 'Rufous_Hummingbird', 'Long_tailed_Jaeger', 'House_Wren', 'Parakeet_Auklet', 'Pine_Warbler', 'Kentucky_Warbler', 'Clark_Nutcracker', 'Rock_Wren', 'Bank_Swallow', 'Yellow_billed_Cuckoo']

  0%|          | 0/25 [00:00<?, ?it/s]
  4%|▍         | 1/25 [00:02<00:58,  2.43s/it]
  8%|▊         | 2/25 [00:03<00:33,  1.44s/it]
 12%|█▏        | 3/25 [00:04<00:28,  1.31s/it]
 16%|█▌        | 4/25 [00:05<00:26,  1.25s/it]
 20%|██        | 5/25 [00:06<00:24,  1.22s/it]
 24%|██▍       | 6/25 [00:07<00:22,  1.20s/it]
 28%|██▊       | 7/25 [00:08<00:21,  1.19s/it]
 32%|███▏      | 8/25 [00:10<00:20,  1.18s/it]
 36%|███▌      | 9/25 [00:11<00:18,  1.17s/it]
 40%|████      | 10/25 [00:12<00:17,  1.17s/it]
 44%|████▍     | 11/25 [00:13<00:16,  1.17s/it]
 48%|████▊     | 12/25 [00:14<00:15,  1.17s/it]
 52%|█████▏    | 13/25 [00:15<00:13,  1.17s/it]
 56%|█████▌    | 14/25 [00:17<00:12,  1.17s/it]
 60%|██████    | 15/25 [00:18<00:11,  1.17s/it]
 64%|██████▍   | 16/25 [00:19<00:10,  1.16s/it]
 68%|██████▊   | 17/25 [00:20<00:09,  1.16s/it]
 72%|███████▏  | 18/25 [00:21<00:08,  1.16s/it]
 76%|███████▌  | 19/25 [00:22<00:06,  1.16s/it]
 80%|████████  | 20/25 [00:24<00:05,  1.16s/it]
 84%|████████▍ | 21/25 [00:25<00:04,  1.16s/it]
 88%|████████▊ | 22/25 [00:26<00:03,  1.16s/it]
 92%|█████████▏| 23/25 [00:27<00:02,  1.16s/it]
 96%|█████████▌| 24/25 [00:28<00:01,  1.06s/it]
100%|██████████| 25/25 [00:30<00:00,  1.31s/it]
100%|██████████| 25/25 [00:30<00:00,  1.21s/it]

  0%|          | 0/46 [00:00<?, ?it/s]
  2%|▏         | 1/46 [00:00<00:35,  1.26it/s]
  4%|▍         | 2/46 [00:01<00:32,  1.36it/s]
  7%|▋         | 3/46 [00:02<00:29,  1.45it/s]
  9%|▊         | 4/46 [00:02<00:28,  1.46it/s]
 11%|█         | 5/46 [00:03<00:27,  1.47it/s]
 13%|█▎        | 6/46 [00:04<00:27,  1.46it/s]
 15%|█▌        | 7/46 [00:05<00:32,  1.19it/s]
 17%|█▋        | 8/46 [00:06<00:32,  1.18it/s]
 20%|█▉        | 9/46 [00:07<00:34,  1.07it/s]
 22%|██▏       | 10/46 [00:08<00:34,  1.03it/s]
 24%|██▍       | 11/46 [00:09<00:33,  1.05it/s]
 26%|██▌       | 12/46 [00:10<00:34,  1.02s/it]
 28%|██▊       | 13/46 [00:11<00:32,  1.01it/s]
 30%|███       | 14/46 [00:12<00:31,  1.01it/s]
 33%|███▎      | 15/46 [00:13<00:30,  1.01it/s]
 35%|███▍      | 16/46 [00:14<00:30,  1.01s/it]
 37%|███▋      | 17/46 [00:15<00:30,  1.06s/it]
 39%|███▉      | 18/46 [00:16<00:28,  1.03s/it]
 41%|████▏     | 19/46 [00:17<00:29,  1.08s/it]
 43%|████▎     | 20/46 [00:19<00:30,  1.16s/it]
 46%|████▌     | 21/46 [00:20<00:29,  1.18s/it]
 48%|████▊     | 22/46 [00:21<00:28,  1.17s/it]
 50%|█████     | 23/46 [00:22<00:25,  1.10s/it]
 52%|█████▏    | 24/46 [00:23<00:24,  1.10s/it]
 54%|█████▍    | 25/46 [00:24<00:22,  1.08s/it]
 57%|█████▋    | 26/46 [00:25<00:22,  1.11s/it]
 59%|█████▊    | 27/46 [00:26<00:22,  1.16s/it]
 61%|██████    | 28/46 [00:28<00:20,  1.12s/it]
 63%|██████▎   | 29/46 [00:29<00:18,  1.12s/it]
 65%|██████▌   | 30/46 [00:29<00:16,  1.03s/it]
 67%|██████▋   | 31/46 [00:31<00:16,  1.07s/it]
 70%|██████▉   | 32/46 [00:32<00:14,  1.07s/it]
 72%|███████▏  | 33/46 [00:33<00:13,  1.08s/it]
 74%|███████▍  | 34/46 [00:34<00:12,  1.03s/it]
 76%|███████▌  | 35/46 [00:35<00:11,  1.00s/it]
 78%|███████▊  | 36/46 [00:36<00:10,  1.02s/it]
 80%|████████  | 37/46 [00:37<00:09,  1.03s/it]
 83%|████████▎ | 38/46 [00:38<00:08,  1.02s/it]
 85%|████████▍ | 39/46 [00:39<00:07,  1.13s/it]
 87%|████████▋ | 40/46 [00:40<00:07,  1.19s/it]
 89%|████████▉ | 41/46 [00:41<00:05,  1.12s/it]
 91%|█████████▏| 42/46 [00:42<00:04,  1.10s/it]
 93%|█████████▎| 43/46 [00:43<00:03,  1.04s/it]
 96%|█████████▌| 44/46 [00:44<00:02,  1.05s/it]
 98%|█████████▊| 45/46 [00:46<00:01,  1.13s/it]
100%|██████████| 46/46 [00:47<00:00,  1.02s/it]
100%|██████████| 46/46 [00:47<00:00,  1.02s/it]
Evaluation for task 1 has started.
['Chipping_Sparrow', 'Barn_Swallow', 'Western_Wood_Pewee', 'Red_faced_Cormorant', 'Red_breasted_Merganser', 'Brown_Thrasher', 'Song_Sparrow', 'Common_Raven', 'Tropical_Kingbird', 'Fish_Crow']

  0%|          | 0/4 [00:00<?, ?it/s]
 25%|██▌       | 1/4 [00:01<00:05,  1.77s/it]
 50%|█████     | 2/4 [00:02<00:02,  1.23s/it]
 75%|███████▌  | 3/4 [00:03<00:00,  1.02it/s]
100%|██████████| 4/4 [00:05<00:00,  1.30s/it]
100%|██████████| 4/4 [00:05<00:00,  1.27s/it]

  0%|          | 0/51 [00:00<?, ?it/s]
  2%|▏         | 1/51 [00:01<01:01,  1.24s/it]
  4%|▍         | 2/51 [00:02<00:58,  1.19s/it]
  6%|▌         | 3/51 [00:03<00:48,  1.01s/it]
  8%|▊         | 4/51 [00:04<00:51,  1.10s/it]
 10%|▉         | 5/51 [00:05<00:52,  1.14s/it]
 12%|█▏        | 6/51 [00:06<00:47,  1.05s/it]
 14%|█▎        | 7/51 [00:07<00:45,  1.03s/it]
 16%|█▌        | 8/51 [00:08<00:47,  1.10s/it]
 18%|█▊        | 9/51 [00:10<00:48,  1.15s/it]
 20%|█▉        | 10/51 [00:11<00:46,  1.14s/it]
 22%|██▏       | 11/51 [00:12<00:43,  1.09s/it]
 24%|██▎       | 12/51 [00:12<00:38,  1.00it/s]
 25%|██▌       | 13/51 [00:13<00:38,  1.01s/it]
 27%|██▋       | 14/51 [00:15<00:40,  1.10s/it]
 29%|██▉       | 15/51 [00:16<00:41,  1.14s/it]
 31%|███▏      | 16/51 [00:17<00:38,  1.10s/it]
 33%|███▎      | 17/51 [00:18<00:36,  1.08s/it]
 35%|███▌      | 18/51 [00:19<00:36,  1.10s/it]
 37%|███▋      | 19/51 [00:20<00:34,  1.09s/it]
 39%|███▉      | 20/51 [00:21<00:35,  1.14s/it]
 41%|████      | 21/51 [00:23<00:33,  1.11s/it]
 43%|████▎     | 22/51 [00:24<00:32,  1.14s/it]
 45%|████▌     | 23/51 [00:25<00:31,  1.13s/it]
 47%|████▋     | 24/51 [00:26<00:32,  1.20s/it]
 49%|████▉     | 25/51 [00:27<00:28,  1.09s/it]
 51%|█████     | 26/51 [00:28<00:25,  1.01s/it]
 53%|█████▎    | 27/51 [00:29<00:24,  1.04s/it]
 55%|█████▍    | 28/51 [00:30<00:24,  1.06s/it]
 57%|█████▋    | 29/51 [00:31<00:21,  1.03it/s]
 59%|█████▉    | 30/51 [00:32<00:22,  1.08s/it]
 61%|██████    | 31/51 [00:33<00:22,  1.14s/it]
 63%|██████▎   | 32/51 [00:34<00:20,  1.10s/it]
 65%|██████▍   | 33/51 [00:36<00:21,  1.19s/it]
 67%|██████▋   | 34/51 [00:37<00:18,  1.08s/it]
 69%|██████▊   | 35/51 [00:38<00:16,  1.04s/it]
 71%|███████   | 36/51 [00:39<00:15,  1.03s/it]
 73%|███████▎  | 37/51 [00:40<00:15,  1.13s/it]
 75%|███████▍  | 38/51 [00:41<00:14,  1.11s/it]
 76%|███████▋  | 39/51 [00:42<00:12,  1.06s/it]
 78%|███████▊  | 40/51 [00:43<00:12,  1.10s/it]
 80%|████████  | 41/51 [00:44<00:10,  1.03s/it]
 82%|████████▏ | 42/51 [00:45<00:08,  1.05it/s]
 84%|████████▍ | 43/51 [00:46<00:07,  1.10it/s]
 86%|████████▋ | 44/51 [00:47<00:06,  1.09it/s]
 88%|████████▊ | 45/51 [00:48<00:05,  1.05it/s]
 90%|█████████ | 46/51 [00:49<00:04,  1.02it/s]
 92%|█████████▏| 47/51 [00:50<00:03,  1.05it/s]
 94%|█████████▍| 48/51 [00:50<00:02,  1.05it/s]
 96%|█████████▌| 49/51 [00:51<00:01,  1.07it/s]
 98%|█████████▊| 50/51 [00:52<00:00,  1.16it/s]
100%|██████████| 51/51 [00:52<00:00,  1.45it/s]
100%|██████████| 51/51 [00:52<00:00,  1.04s/it]
Evaluation for task 2 has started.
['Sooty_Albatross', 'White_breasted_Kingfisher', 'Pine_Grosbeak', 'Ivory_Gull', 'Heermann_Gull', 'Baltimore_Oriole', 'Scarlet_Tanager', 'Baird_Sparrow', 'Pacific_Loon', 'White_crowned_Sparrow']

  0%|          | 0/4 [00:00<?, ?it/s]
 25%|██▌       | 1/4 [00:01<00:05,  1.69s/it]
 50%|█████     | 2/4 [00:02<00:02,  1.20s/it]
 75%|███████▌  | 3/4 [00:03<00:00,  1.03it/s]
100%|██████████| 4/4 [00:04<00:00,  1.27s/it]
100%|██████████| 4/4 [00:04<00:00,  1.24s/it]

  0%|          | 0/55 [00:00<?, ?it/s]
  2%|▏         | 1/55 [00:00<00:50,  1.06it/s]
  4%|▎         | 2/55 [00:01<00:50,  1.05it/s]
  5%|▌         | 3/55 [00:02<00:45,  1.15it/s]
  7%|▋         | 4/55 [00:03<00:44,  1.14it/s]
  9%|▉         | 5/55 [00:05<00:55,  1.11s/it]
 11%|█         | 6/55 [00:06<00:51,  1.05s/it]
 13%|█▎        | 7/55 [00:06<00:47,  1.00it/s]
 15%|█▍        | 8/55 [00:07<00:46,  1.01it/s]
 16%|█▋        | 9/55 [00:08<00:46,  1.02s/it]
 18%|█▊        | 10/55 [00:10<00:46,  1.04s/it]
 20%|██        | 11/55 [00:10<00:42,  1.04it/s]
 22%|██▏       | 12/55 [00:12<00:45,  1.07s/it]
 24%|██▎       | 13/55 [00:13<00:44,  1.07s/it]
 25%|██▌       | 14/55 [00:14<00:42,  1.04s/it]
 27%|██▋       | 15/55 [00:15<00:39,  1.01it/s]
 29%|██▉       | 16/55 [00:15<00:36,  1.06it/s]
 31%|███       | 17/55 [00:17<00:38,  1.01s/it]
 33%|███▎      | 18/55 [00:18<00:42,  1.14s/it]
 35%|███▍      | 19/55 [00:19<00:37,  1.04s/it]
 36%|███▋      | 20/55 [00:20<00:33,  1.04it/s]
 38%|███▊      | 21/55 [00:20<00:29,  1.14it/s]
 40%|████      | 22/55 [00:21<00:27,  1.21it/s]
 42%|████▏     | 23/55 [00:22<00:25,  1.26it/s]
 44%|████▎     | 24/55 [00:22<00:23,  1.30it/s]
 45%|████▌     | 25/55 [00:23<00:22,  1.32it/s]
 47%|████▋     | 26/55 [00:24<00:21,  1.35it/s]
 49%|████▉     | 27/55 [00:25<00:20,  1.38it/s]
 51%|█████     | 28/55 [00:25<00:19,  1.40it/s]
 53%|█████▎    | 29/55 [00:26<00:18,  1.42it/s]
 55%|█████▍    | 30/55 [00:27<00:17,  1.41it/s]
 56%|█████▋    | 31/55 [00:27<00:16,  1.42it/s]
 58%|█████▊    | 32/55 [00:28<00:17,  1.34it/s]
 60%|██████    | 33/55 [00:29<00:16,  1.32it/s]
 62%|██████▏   | 34/55 [00:30<00:15,  1.33it/s]
 64%|██████▎   | 35/55 [00:30<00:14,  1.36it/s]
 65%|██████▌   | 36/55 [00:31<00:13,  1.37it/s]
 67%|██████▋   | 37/55 [00:32<00:13,  1.38it/s]
 69%|██████▉   | 38/55 [00:32<00:12,  1.39it/s]
 71%|███████   | 39/55 [00:33<00:11,  1.38it/s]
 73%|███████▎  | 40/55 [00:34<00:10,  1.45it/s]
 75%|███████▍  | 41/55 [00:34<00:09,  1.50it/s]
 76%|███████▋  | 42/55 [00:35<00:08,  1.53it/s]
 78%|███████▊  | 43/55 [00:36<00:08,  1.49it/s]
 80%|████████  | 44/55 [00:36<00:07,  1.47it/s]
 82%|████████▏ | 45/55 [00:37<00:06,  1.48it/s]
 84%|████████▎ | 46/55 [00:38<00:06,  1.48it/s]
 85%|████████▌ | 47/55 [00:39<00:05,  1.47it/s]
 87%|████████▋ | 48/55 [00:39<00:04,  1.46it/s]
 89%|████████▉ | 49/55 [00:40<00:04,  1.45it/s]
 91%|█████████ | 50/55 [00:41<00:03,  1.38it/s]
 93%|█████████▎| 51/55 [00:41<00:02,  1.40it/s]
 95%|█████████▍| 52/55 [00:42<00:02,  1.41it/s]
 96%|█████████▋| 53/55 [00:43<00:01,  1.42it/s]
 98%|█████████▊| 54/55 [00:43<00:00,  1.47it/s]
100%|██████████| 55/55 [00:44<00:00,  1.57it/s]
100%|██████████| 55/55 [00:44<00:00,  1.24it/s]
Evaluation for task 3 has started.
['Western_Gull', 'Yellow_breasted_Chat', 'Yellow_headed_Blackbird', 'Grasshopper_Sparrow', 'Downy_Woodpecker', 'Bronzed_Cowbird', 'Black_billed_Cuckoo', 'White_Pelican', 'House_Sparrow', 'American_Three_toed_Woodpecker']

  0%|          | 0/4 [00:00<?, ?it/s]
 25%|██▌       | 1/4 [00:01<00:04,  1.61s/it]
 50%|█████     | 2/4 [00:02<00:02,  1.17s/it]
 75%|███████▌  | 3/4 [00:03<00:00,  1.05it/s]
100%|██████████| 4/4 [00:04<00:00,  1.26s/it]
100%|██████████| 4/4 [00:04<00:00,  1.22s/it]

  0%|          | 0/60 [00:00<?, ?it/s]
  2%|▏         | 1/60 [00:00<00:41,  1.44it/s]
  3%|▎         | 2/60 [00:01<00:40,  1.42it/s]
  5%|▌         | 3/60 [00:02<00:40,  1.42it/s]
  7%|▋         | 4/60 [00:02<00:39,  1.43it/s]
  8%|▊         | 5/60 [00:03<00:38,  1.41it/s]
 10%|█         | 6/60 [00:04<00:38,  1.41it/s]
 12%|█▏        | 7/60 [00:05<00:38,  1.37it/s]
 13%|█▎        | 8/60 [00:05<00:37,  1.40it/s]
 15%|█▌        | 9/60 [00:06<00:35,  1.42it/s]
 17%|█▋        | 10/60 [00:07<00:35,  1.42it/s]
 18%|█▊        | 11/60 [00:07<00:35,  1.39it/s]
 20%|██        | 12/60 [00:08<00:34,  1.40it/s]
 22%|██▏       | 13/60 [00:09<00:32,  1.46it/s]
 23%|██▎       | 14/60 [00:09<00:30,  1.50it/s]
 25%|██▌       | 15/60 [00:10<00:29,  1.54it/s]
 27%|██▋       | 16/60 [00:10<00:28,  1.57it/s]
 28%|██▊       | 17/60 [00:11<00:28,  1.49it/s]
 30%|███       | 18/60 [00:12<00:28,  1.46it/s]
 32%|███▏      | 19/60 [00:13<00:28,  1.45it/s]
 33%|███▎      | 20/60 [00:13<00:27,  1.46it/s]
 35%|███▌      | 21/60 [00:14<00:27,  1.44it/s]
 37%|███▋      | 22/60 [00:15<00:26,  1.45it/s]
 38%|███▊      | 23/60 [00:15<00:25,  1.48it/s]
 40%|████      | 24/60 [00:16<00:25,  1.41it/s]
 42%|████▏     | 25/60 [00:17<00:24,  1.43it/s]
 43%|████▎     | 26/60 [00:18<00:23,  1.44it/s]
 45%|████▌     | 27/60 [00:18<00:22,  1.47it/s]
 47%|████▋     | 28/60 [00:19<00:21,  1.49it/s]
 48%|████▊     | 29/60 [00:19<00:20,  1.53it/s]
 50%|█████     | 30/60 [00:20<00:20,  1.49it/s]
 52%|█████▏    | 31/60 [00:21<00:19,  1.52it/s]
 53%|█████▎    | 32/60 [00:21<00:17,  1.56it/s]
 55%|█████▌    | 33/60 [00:22<00:17,  1.58it/s]
 57%|█████▋    | 34/60 [00:23<00:16,  1.59it/s]
 58%|█████▊    | 35/60 [00:23<00:15,  1.59it/s]
 60%|██████    | 36/60 [00:24<00:14,  1.62it/s]
 62%|██████▏   | 37/60 [00:24<00:14,  1.59it/s]
 63%|██████▎   | 38/60 [00:25<00:14,  1.52it/s]
 65%|██████▌   | 39/60 [00:26<00:14,  1.45it/s]
 67%|██████▋   | 40/60 [00:27<00:13,  1.46it/s]
 68%|██████▊   | 41/60 [00:27<00:12,  1.49it/s]
 70%|███████   | 42/60 [00:28<00:12,  1.43it/s]
 72%|███████▏  | 43/60 [00:29<00:13,  1.26it/s]
 73%|███████▎  | 44/60 [00:30<00:12,  1.29it/s]
 75%|███████▌  | 45/60 [00:31<00:11,  1.28it/s]
 77%|███████▋  | 46/60 [00:31<00:10,  1.33it/s]
 78%|███████▊  | 47/60 [00:32<00:09,  1.37it/s]
 80%|████████  | 48/60 [00:33<00:08,  1.36it/s]
 82%|████████▏ | 49/60 [00:33<00:07,  1.40it/s]
 83%|████████▎ | 50/60 [00:34<00:07,  1.39it/s]
 85%|████████▌ | 51/60 [00:35<00:06,  1.40it/s]
 87%|████████▋ | 52/60 [00:36<00:05,  1.34it/s]
 88%|████████▊ | 53/60 [00:36<00:05,  1.34it/s]
 90%|█████████ | 54/60 [00:37<00:04,  1.35it/s]
 92%|█████████▏| 55/60 [00:38<00:03,  1.36it/s]
 93%|█████████▎| 56/60 [00:39<00:02,  1.37it/s]
 95%|█████████▌| 57/60 [00:39<00:02,  1.39it/s]
 97%|█████████▋| 58/60 [00:40<00:01,  1.36it/s]
 98%|█████████▊| 59/60 [00:41<00:00,  1.33it/s]
100%|██████████| 60/60 [00:41<00:00,  1.74it/s]
100%|██████████| 60/60 [00:41<00:00,  1.45it/s]
Evaluation for task 4 has started.
['Pelagic_Cormorant', 'Herring_Gull', 'Whip_poor_Will', 'Black_throated_Sparrow', 'Carolina_Wren', 'Fox_Sparrow', 'Palm_Warbler', 'Hooded_Merganser', 'Great_Grey_Shrike', 'Shiny_Cowbird']

  0%|          | 0/4 [00:00<?, ?it/s]
 25%|██▌       | 1/4 [00:01<00:04,  1.62s/it]
 50%|█████     | 2/4 [00:02<00:02,  1.17s/it]
 75%|███████▌  | 3/4 [00:03<00:00,  1.05it/s]
100%|██████████| 4/4 [00:04<00:00,  1.26s/it]
100%|██████████| 4/4 [00:04<00:00,  1.22s/it]

  0%|          | 0/64 [00:00<?, ?it/s]
  2%|▏         | 1/64 [00:01<01:03,  1.01s/it]
  3%|▎         | 2/64 [00:01<00:52,  1.18it/s]
  5%|▍         | 3/64 [00:02<00:48,  1.27it/s]
  6%|▋         | 4/64 [00:03<00:45,  1.33it/s]
  8%|▊         | 5/64 [00:03<00:41,  1.41it/s]
  9%|▉         | 6/64 [00:04<00:39,  1.46it/s]
 11%|█         | 7/64 [00:05<00:39,  1.43it/s]
 12%|█▎        | 8/64 [00:05<00:39,  1.43it/s]
 14%|█▍        | 9/64 [00:06<00:38,  1.43it/s]
 16%|█▌        | 10/64 [00:07<00:37,  1.43it/s]
 17%|█▋        | 11/64 [00:08<00:38,  1.38it/s]
 19%|█▉        | 12/64 [00:08<00:37,  1.39it/s]
 20%|██        | 13/64 [00:09<00:36,  1.39it/s]
 22%|██▏       | 14/64 [00:10<00:35,  1.40it/s]
 23%|██▎       | 15/64 [00:10<00:35,  1.40it/s]
 25%|██▌       | 16/64 [00:11<00:35,  1.35it/s]
 27%|██▋       | 17/64 [00:12<00:33,  1.39it/s]
 28%|██▊       | 18/64 [00:13<00:32,  1.43it/s]
 30%|██▉       | 19/64 [00:13<00:30,  1.47it/s]
 31%|███▏      | 20/64 [00:14<00:29,  1.51it/s]
 33%|███▎      | 21/64 [00:14<00:27,  1.54it/s]
 34%|███▍      | 22/64 [00:15<00:27,  1.54it/s]
 36%|███▌      | 23/64 [00:16<00:26,  1.53it/s]
 38%|███▊      | 24/64 [00:16<00:25,  1.57it/s]
 39%|███▉      | 25/64 [00:17<00:24,  1.58it/s]
 41%|████      | 26/64 [00:18<00:23,  1.59it/s]
 42%|████▏     | 27/64 [00:18<00:23,  1.55it/s]
 44%|████▍     | 28/64 [00:19<00:22,  1.57it/s]
 45%|████▌     | 29/64 [00:20<00:24,  1.42it/s]
 47%|████▋     | 30/64 [00:21<00:32,  1.04it/s]
 48%|████▊     | 31/64 [00:22<00:31,  1.03it/s]
 50%|█████     | 32/64 [00:23<00:29,  1.07it/s]
 52%|█████▏    | 33/64 [00:24<00:29,  1.07it/s]
 53%|█████▎    | 34/64 [00:25<00:28,  1.07it/s]
 55%|█████▍    | 35/64 [00:26<00:26,  1.10it/s]
 56%|█████▋    | 36/64 [00:27<00:25,  1.11it/s]
 58%|█████▊    | 37/64 [00:28<00:27,  1.00s/it]
 59%|█████▉    | 38/64 [00:29<00:24,  1.04it/s]
 61%|██████    | 39/64 [00:30<00:28,  1.14s/it]
 62%|██████▎   | 40/64 [00:31<00:24,  1.02s/it]
 64%|██████▍   | 41/64 [00:32<00:21,  1.08it/s]
 66%|██████▌   | 42/64 [00:33<00:20,  1.10it/s]
 67%|██████▋   | 43/64 [00:34<00:22,  1.06s/it]
 69%|██████▉   | 44/64 [00:35<00:20,  1.03s/it]
 70%|███████   | 45/64 [00:36<00:18,  1.00it/s]
 72%|███████▏  | 46/64 [00:37<00:20,  1.14s/it]
 73%|███████▎  | 47/64 [00:38<00:17,  1.04s/it]
 75%|███████▌  | 48/64 [00:39<00:17,  1.09s/it]
 77%|███████▋  | 49/64 [00:40<00:16,  1.07s/it]
 78%|███████▊  | 50/64 [00:41<00:13,  1.01it/s]
 80%|███████▉  | 51/64 [00:42<00:12,  1.03it/s]
 81%|████████▏ | 52/64 [00:43<00:11,  1.05it/s]
 83%|████████▎ | 53/64 [00:44<00:10,  1.02it/s]
 84%|████████▍ | 54/64 [00:45<00:10,  1.06s/it]
 86%|████████▌ | 55/64 [00:47<00:09,  1.09s/it]
 88%|████████▊ | 56/64 [00:47<00:08,  1.01s/it]
 89%|████████▉ | 57/64 [00:48<00:06,  1.01it/s]
 91%|█████████ | 58/64 [00:49<00:06,  1.04s/it]
 92%|█████████▏| 59/64 [00:51<00:05,  1.07s/it]
 94%|█████████▍| 60/64 [00:51<00:04,  1.00s/it]
 95%|█████████▌| 61/64 [00:52<00:02,  1.01it/s]
 97%|█████████▋| 62/64 [00:53<00:01,  1.01it/s]
 98%|█████████▊| 63/64 [00:54<00:00,  1.02it/s]
100%|██████████| 64/64 [00:55<00:00,  1.08it/s]
100%|██████████| 64/64 [00:55<00:00,  1.15it/s]
Evaluation for task 5 has started.
['Olive_sided_Flycatcher', 'Glaucous_winged_Gull', 'Canada_Warbler', 'Winter_Wren', 'Green_Jay', 'Swainson_Warbler', 'Least_Auklet', 'Cape_Glossy_Starling', 'Rusty_Blackbird', 'Rhinoceros_Auklet']

  0%|          | 0/4 [00:00<?, ?it/s]
 25%|██▌       | 1/4 [00:01<00:04,  1.62s/it]
 50%|█████     | 2/4 [00:02<00:02,  1.17s/it]
 75%|███████▌  | 3/4 [00:03<00:00,  1.05it/s]
100%|██████████| 4/4 [00:04<00:00,  1.28s/it]
100%|██████████| 4/4 [00:04<00:00,  1.23s/it]

  0%|          | 0/68 [00:00<?, ?it/s]
  1%|▏         | 1/68 [00:00<01:03,  1.05it/s]
  3%|▎         | 2/68 [00:01<01:00,  1.08it/s]
  4%|▍         | 3/68 [00:02<00:59,  1.09it/s]
  6%|▌         | 4/68 [00:04<01:11,  1.11s/it]
  7%|▋         | 5/68 [00:05<01:05,  1.04s/it]
  9%|▉         | 6/68 [00:07<01:28,  1.44s/it]
 10%|█         | 7/68 [00:08<01:22,  1.36s/it]
 12%|█▏        | 8/68 [00:09<01:16,  1.27s/it]
 13%|█▎        | 9/68 [00:10<01:12,  1.23s/it]
 15%|█▍        | 10/68 [00:11<01:06,  1.15s/it]
 16%|█▌        | 11/68 [00:12<00:59,  1.05s/it]
 18%|█▊        | 12/68 [00:14<01:08,  1.22s/it]
 19%|█▉        | 13/68 [00:15<01:02,  1.14s/it]
 21%|██        | 14/68 [00:16<01:12,  1.35s/it]
 22%|██▏       | 15/68 [00:17<01:02,  1.18s/it]
 24%|██▎       | 16/68 [00:18<00:58,  1.12s/it]
 25%|██▌       | 17/68 [00:19<00:56,  1.12s/it]
 26%|██▋       | 18/68 [00:20<00:52,  1.05s/it]
 28%|██▊       | 19/68 [00:21<00:50,  1.04s/it]
 29%|██▉       | 20/68 [00:22<00:45,  1.05it/s]
 31%|███       | 21/68 [00:23<00:49,  1.05s/it]
 32%|███▏      | 22/68 [00:25<00:54,  1.19s/it]
 34%|███▍      | 23/68 [00:26<00:48,  1.07s/it]
 35%|███▌      | 24/68 [00:27<00:47,  1.09s/it]
 37%|███▋      | 25/68 [00:28<00:44,  1.02s/it]
 38%|███▊      | 26/68 [00:28<00:41,  1.00it/s]
 40%|███▉      | 27/68 [00:30<00:41,  1.02s/it]
 41%|████      | 28/68 [00:30<00:40,  1.00s/it]
 43%|████▎     | 29/68 [00:31<00:37,  1.05it/s]
 44%|████▍     | 30/68 [00:33<00:42,  1.11s/it]
 46%|████▌     | 31/68 [00:34<00:41,  1.11s/it]
 47%|████▋     | 32/68 [00:35<00:40,  1.13s/it]
 49%|████▊     | 33/68 [00:36<00:36,  1.03s/it]
 50%|█████     | 34/68 [00:37<00:34,  1.00s/it]
 51%|█████▏    | 35/68 [00:38<00:31,  1.05it/s]
 53%|█████▎    | 36/68 [00:39<00:30,  1.05it/s]
 54%|█████▍    | 37/68 [00:40<00:29,  1.05it/s]
 56%|█████▌    | 38/68 [00:40<00:27,  1.11it/s]
 57%|█████▋    | 39/68 [00:42<00:30,  1.06s/it]
 59%|█████▉    | 40/68 [00:43<00:34,  1.23s/it]
 60%|██████    | 41/68 [00:44<00:30,  1.14s/it]
 62%|██████▏   | 42/68 [00:46<00:32,  1.23s/it]
 63%|██████▎   | 43/68 [00:47<00:30,  1.23s/it]
 65%|██████▍   | 44/68 [00:48<00:27,  1.16s/it]
 66%|██████▌   | 45/68 [00:49<00:25,  1.11s/it]
 68%|██████▊   | 46/68 [00:50<00:25,  1.17s/it]
 69%|██████▉   | 47/68 [00:51<00:24,  1.17s/it]
 71%|███████   | 48/68 [00:52<00:22,  1.11s/it]
 72%|███████▏  | 49/68 [00:54<00:20,  1.10s/it]
 74%|███████▎  | 50/68 [00:54<00:18,  1.04s/it]
 75%|███████▌  | 51/68 [00:56<00:18,  1.06s/it]
 76%|███████▋  | 52/68 [00:57<00:20,  1.25s/it]
 78%|███████▊  | 53/68 [00:58<00:17,  1.15s/it]
 79%|███████▉  | 54/68 [00:59<00:16,  1.18s/it]
 81%|████████  | 55/68 [01:00<00:14,  1.12s/it]
 82%|████████▏ | 56/68 [01:01<00:13,  1.12s/it]
 84%|████████▍ | 57/68 [01:02<00:11,  1.04s/it]
 85%|████████▌ | 58/68 [01:04<00:10,  1.08s/it]
 87%|████████▋ | 59/68 [01:05<00:09,  1.06s/it]
 88%|████████▊ | 60/68 [01:05<00:08,  1.03s/it]
 90%|████████▉ | 61/68 [01:07<00:07,  1.07s/it]
 91%|█████████ | 62/68 [01:07<00:05,  1.00it/s]
 93%|█████████▎| 63/68 [01:09<00:05,  1.05s/it]
 94%|█████████▍| 64/68 [01:10<00:04,  1.05s/it]
 96%|█████████▌| 65/68 [01:11<00:03,  1.06s/it]
 97%|█████████▋| 66/68 [01:12<00:02,  1.24s/it]
 99%|█████████▊| 67/68 [01:15<00:01,  1.56s/it]
100%|██████████| 68/68 [01:16<00:00,  1.59s/it]
100%|██████████| 68/68 [01:16<00:00,  1.13s/it]
Evaluation for task 6 has started.
['Ringed_Kingfisher', 'Blue_Grosbeak', 'White_breasted_Nuthatch', 'Red_bellied_Woodpecker', 'Warbling_Vireo', 'American_Pipit', 'Northern_Fulmar', 'Nighthawk', 'Blue_headed_Vireo', 'Black_capped_Vireo']

  0%|          | 0/4 [00:00<?, ?it/s]
 25%|██▌       | 1/4 [00:01<00:04,  1.61s/it]
 50%|█████     | 2/4 [00:02<00:02,  1.17s/it]
 75%|███████▌  | 3/4 [00:03<00:00,  1.05it/s]
100%|██████████| 4/4 [00:04<00:00,  1.27s/it]
100%|██████████| 4/4 [00:04<00:00,  1.23s/it]

  0%|          | 0/73 [00:00<?, ?it/s]
  1%|▏         | 1/73 [00:01<01:37,  1.35s/it]
  3%|▎         | 2/73 [00:02<01:24,  1.18s/it]
  4%|▍         | 3/73 [00:03<01:10,  1.01s/it]
  5%|▌         | 4/73 [00:04<01:28,  1.29s/it]
  7%|▋         | 5/73 [00:05<01:15,  1.10s/it]
  8%|▊         | 6/73 [00:06<01:05,  1.03it/s]
 10%|▉         | 7/73 [00:07<00:59,  1.11it/s]
 11%|█         | 8/73 [00:07<00:55,  1.17it/s]
 12%|█▏        | 9/73 [00:08<00:56,  1.14it/s]
 14%|█▎        | 10/73 [00:09<00:52,  1.20it/s]
 15%|█▌        | 11/73 [00:10<00:49,  1.26it/s]
 16%|█▋        | 12/73 [00:11<00:47,  1.29it/s]
 18%|█▊        | 13/73 [00:11<00:45,  1.32it/s]
 19%|█▉        | 14/73 [00:12<00:44,  1.32it/s]
 21%|██        | 15/73 [00:13<00:43,  1.34it/s]
 22%|██▏       | 16/73 [00:13<00:41,  1.36it/s]
 23%|██▎       | 17/73 [00:14<00:40,  1.37it/s]
 25%|██▍       | 18/73 [00:15<00:39,  1.38it/s]
 26%|██▌       | 19/73 [00:16<00:39,  1.38it/s]
 27%|██▋       | 20/73 [00:16<00:40,  1.32it/s]
 29%|██▉       | 21/73 [00:17<00:38,  1.34it/s]
 30%|███       | 22/73 [00:18<00:37,  1.35it/s]
 32%|███▏      | 23/73 [00:19<00:36,  1.36it/s]
 33%|███▎      | 24/73 [00:19<00:36,  1.35it/s]
 34%|███▍      | 25/73 [00:20<00:35,  1.36it/s]
 36%|███▌      | 26/73 [00:21<00:34,  1.37it/s]
 37%|███▋      | 27/73 [00:21<00:32,  1.41it/s]
 38%|███▊      | 28/73 [00:22<00:32,  1.40it/s]
 40%|███▉      | 29/73 [00:23<00:31,  1.41it/s]
 41%|████      | 30/73 [00:24<00:30,  1.41it/s]
 42%|████▏     | 31/73 [00:24<00:30,  1.39it/s]
 44%|████▍     | 32/73 [00:25<00:30,  1.35it/s]
 45%|████▌     | 33/73 [00:26<00:29,  1.35it/s]
 47%|████▋     | 34/73 [00:27<00:28,  1.35it/s]
 48%|████▊     | 35/73 [00:27<00:27,  1.36it/s]
 49%|████▉     | 36/73 [00:28<00:26,  1.37it/s]
 51%|█████     | 37/73 [00:29<00:27,  1.33it/s]
 52%|█████▏    | 38/73 [00:29<00:25,  1.39it/s]
 53%|█████▎    | 39/73 [00:30<00:23,  1.45it/s]
 55%|█████▍    | 40/73 [00:31<00:22,  1.47it/s]
 56%|█████▌    | 41/73 [00:32<00:22,  1.41it/s]
 58%|█████▊    | 42/73 [00:32<00:23,  1.35it/s]
 59%|█████▉    | 43/73 [00:33<00:22,  1.34it/s]
 60%|██████    | 44/73 [00:34<00:21,  1.36it/s]
 62%|██████▏   | 45/73 [00:35<00:20,  1.36it/s]
 63%|██████▎   | 46/73 [00:35<00:19,  1.41it/s]
 64%|██████▍   | 47/73 [00:36<00:17,  1.45it/s]
 66%|██████▌   | 48/73 [00:37<00:17,  1.45it/s]
 67%|██████▋   | 49/73 [00:37<00:16,  1.47it/s]
 68%|██████▊   | 50/73 [00:38<00:15,  1.49it/s]
 70%|██████▉   | 51/73 [00:39<00:14,  1.50it/s]
 71%|███████   | 52/73 [00:39<00:13,  1.51it/s]
 73%|███████▎  | 53/73 [00:40<00:13,  1.53it/s]
 74%|███████▍  | 54/73 [00:41<00:13,  1.44it/s]
 75%|███████▌  | 55/73 [00:41<00:12,  1.42it/s]
 77%|███████▋  | 56/73 [00:42<00:12,  1.39it/s]
 78%|███████▊  | 57/73 [00:43<00:11,  1.39it/s]
 79%|███████▉  | 58/73 [00:44<00:10,  1.37it/s]
 81%|████████  | 59/73 [00:44<00:10,  1.38it/s]
 82%|████████▏ | 60/73 [00:45<00:09,  1.39it/s]
 84%|████████▎ | 61/73 [00:46<00:08,  1.39it/s]
 85%|████████▍ | 62/73 [00:46<00:07,  1.40it/s]
 86%|████████▋ | 63/73 [00:47<00:07,  1.39it/s]
 88%|████████▊ | 64/73 [00:48<00:06,  1.40it/s]
 89%|████████▉ | 65/73 [00:49<00:05,  1.39it/s]
 90%|█████████ | 66/73 [00:49<00:05,  1.39it/s]
 92%|█████████▏| 67/73 [00:50<00:04,  1.39it/s]
 93%|█████████▎| 68/73 [00:51<00:03,  1.38it/s]
 95%|█████████▍| 69/73 [00:51<00:02,  1.39it/s]
 96%|█████████▌| 70/73 [00:52<00:02,  1.37it/s]
 97%|█████████▋| 71/73 [00:53<00:01,  1.37it/s]
 99%|█████████▊| 72/73 [00:54<00:00,  1.37it/s]
100%|██████████| 73/73 [00:54<00:00,  1.69it/s]
100%|██████████| 73/73 [00:54<00:00,  1.34it/s]
Evaluation for task 7 has started.
['Worm_eating_Warbler', 'Western_Meadowlark', 'Yellow_throated_Vireo', 'American_Crow', 'Black_Tern', 'Common_Yellowthroat', 'Elegant_Tern', 'Gadwall', 'Bobolink', 'Chestnut_sided_Warbler']

  0%|          | 0/4 [00:00<?, ?it/s]
 25%|██▌       | 1/4 [00:01<00:04,  1.63s/it]
 50%|█████     | 2/4 [00:02<00:02,  1.17s/it]
 75%|███████▌  | 3/4 [00:03<00:00,  1.05it/s]
100%|██████████| 4/4 [00:04<00:00,  1.25s/it]
100%|██████████| 4/4 [00:04<00:00,  1.22s/it]

  0%|          | 0/77 [00:00<?, ?it/s]
  1%|▏         | 1/77 [00:00<00:50,  1.49it/s]
  3%|▎         | 2/77 [00:01<00:52,  1.42it/s]
  4%|▍         | 3/77 [00:02<00:52,  1.41it/s]
  5%|▌         | 4/77 [00:02<00:52,  1.38it/s]
  6%|▋         | 5/77 [00:03<00:52,  1.38it/s]
  8%|▊         | 6/77 [00:04<00:51,  1.38it/s]
  9%|▉         | 7/77 [00:05<00:51,  1.37it/s]
 10%|█         | 8/77 [00:05<00:51,  1.35it/s]
 12%|█▏        | 9/77 [00:06<00:50,  1.36it/s]
 13%|█▎        | 10/77 [00:07<00:47,  1.40it/s]
 14%|█▍        | 11/77 [00:07<00:47,  1.40it/s]
 16%|█▌        | 12/77 [00:08<00:46,  1.39it/s]
 17%|█▋        | 13/77 [00:09<00:45,  1.42it/s]
 18%|█▊        | 14/77 [00:09<00:43,  1.45it/s]
 19%|█▉        | 15/77 [00:10<00:43,  1.41it/s]
 21%|██        | 16/77 [00:11<00:43,  1.40it/s]
 22%|██▏       | 17/77 [00:12<00:43,  1.39it/s]
 23%|██▎       | 18/77 [00:12<00:42,  1.38it/s]
 25%|██▍       | 19/77 [00:13<00:41,  1.38it/s]
 26%|██▌       | 20/77 [00:14<00:41,  1.38it/s]
 27%|██▋       | 21/77 [00:15<00:40,  1.37it/s]
 29%|██▊       | 22/77 [00:15<00:40,  1.36it/s]
 30%|██▉       | 23/77 [00:16<00:43,  1.23it/s]
 31%|███       | 24/77 [00:17<00:44,  1.19it/s]
 32%|███▏      | 25/77 [00:18<00:42,  1.23it/s]
 34%|███▍      | 26/77 [00:19<00:40,  1.27it/s]
 35%|███▌      | 27/77 [00:20<00:40,  1.24it/s]
 36%|███▋      | 28/77 [00:20<00:37,  1.30it/s]
 38%|███▊      | 29/77 [00:21<00:35,  1.34it/s]
 39%|███▉      | 30/77 [00:22<00:34,  1.35it/s]
 40%|████      | 31/77 [00:22<00:33,  1.36it/s]
 42%|████▏     | 32/77 [00:23<00:32,  1.37it/s]
 43%|████▎     | 33/77 [00:24<00:32,  1.36it/s]
 44%|████▍     | 34/77 [00:25<00:31,  1.37it/s]
 45%|████▌     | 35/77 [00:25<00:31,  1.35it/s]
 47%|████▋     | 36/77 [00:26<00:29,  1.39it/s]
 48%|████▊     | 37/77 [00:27<00:27,  1.44it/s]
 49%|████▉     | 38/77 [00:27<00:26,  1.47it/s]
 51%|█████     | 39/77 [00:28<00:25,  1.49it/s]
 52%|█████▏    | 40/77 [00:29<00:24,  1.51it/s]
 53%|█████▎    | 41/77 [00:29<00:23,  1.53it/s]
 55%|█████▍    | 42/77 [00:30<00:23,  1.51it/s]
 56%|█████▌    | 43/77 [00:31<00:22,  1.52it/s]
 57%|█████▋    | 44/77 [00:31<00:21,  1.52it/s]
 58%|█████▊    | 45/77 [00:32<00:21,  1.52it/s]
 60%|█████▉    | 46/77 [00:33<00:20,  1.53it/s]
 61%|██████    | 47/77 [00:33<00:19,  1.53it/s]
 62%|██████▏   | 48/77 [00:34<00:19,  1.52it/s]
 64%|██████▎   | 49/77 [00:35<00:18,  1.52it/s]
 65%|██████▍   | 50/77 [00:35<00:19,  1.35it/s]
 66%|██████▌   | 51/77 [00:37<00:22,  1.15it/s]
 68%|██████▊   | 52/77 [00:38<00:23,  1.07it/s]
 69%|██████▉   | 53/77 [00:39<00:22,  1.06it/s]
 70%|███████   | 54/77 [00:40<00:22,  1.01it/s]
 71%|███████▏  | 55/77 [00:41<00:22,  1.04s/it]
 73%|███████▎  | 56/77 [00:42<00:21,  1.04s/it]
 74%|███████▍  | 57/77 [00:43<00:20,  1.04s/it]
 75%|███████▌  | 58/77 [00:44<00:22,  1.17s/it]
 77%|███████▋  | 59/77 [00:45<00:19,  1.11s/it]
 78%|███████▊  | 60/77 [00:47<00:19,  1.12s/it]
 79%|███████▉  | 61/77 [00:48<00:16,  1.06s/it]
 81%|████████  | 62/77 [00:48<00:15,  1.02s/it]
 82%|████████▏ | 63/77 [00:49<00:13,  1.05it/s]
 83%|████████▎ | 64/77 [00:51<00:13,  1.06s/it]
 84%|████████▍ | 65/77 [00:52<00:12,  1.08s/it]
 86%|████████▌ | 66/77 [00:53<00:11,  1.04s/it]
 87%|████████▋ | 67/77 [00:54<00:10,  1.05s/it]
 88%|████████▊ | 68/77 [00:55<00:09,  1.03s/it]
 90%|████████▉ | 69/77 [00:55<00:07,  1.03it/s]
 91%|█████████ | 70/77 [00:57<00:07,  1.03s/it]
 92%|█████████▏| 71/77 [00:57<00:05,  1.10it/s]
 94%|█████████▎| 72/77 [00:58<00:04,  1.08it/s]
 95%|█████████▍| 73/77 [00:59<00:03,  1.07it/s]
 96%|█████████▌| 74/77 [01:00<00:02,  1.05it/s]
 97%|█████████▋| 75/77 [01:01<00:01,  1.09it/s]
 99%|█████████▊| 76/77 [01:02<00:00,  1.08it/s]
100%|██████████| 77/77 [01:03<00:00,  1.13it/s]
100%|██████████| 77/77 [01:03<00:00,  1.22it/s]
Evaluation for task 8 has started.
['Florida_Jay', 'Boat_tailed_Grackle', 'Myrtle_Warbler', 'Great_Crested_Flycatcher', 'Least_Tern', 'Dark_eyed_Junco', 'Cardinal', 'Painted_Bunting', 'Brown_Creeper', 'Red_eyed_Vireo']

  0%|          | 0/4 [00:00<?, ?it/s]
 25%|██▌       | 1/4 [00:01<00:04,  1.64s/it]
 50%|█████     | 2/4 [00:02<00:02,  1.17s/it]
 75%|███████▌  | 3/4 [00:03<00:00,  1.03it/s]
100%|██████████| 4/4 [00:04<00:00,  1.29s/it]
100%|██████████| 4/4 [00:04<00:00,  1.25s/it]

  0%|          | 0/82 [00:00<?, ?it/s]
  1%|          | 1/82 [00:01<01:39,  1.23s/it]
  2%|▏         | 2/82 [00:02<01:41,  1.26s/it]
  4%|▎         | 3/82 [00:04<01:48,  1.37s/it]
  5%|▍         | 4/82 [00:05<01:37,  1.25s/it]
  6%|▌         | 5/82 [00:06<01:38,  1.28s/it]
  7%|▋         | 6/82 [00:07<01:34,  1.24s/it]
  9%|▊         | 7/82 [00:08<01:36,  1.29s/it]
 10%|▉         | 8/82 [00:10<01:31,  1.24s/it]
 11%|█         | 9/82 [00:11<01:26,  1.19s/it]
 12%|█▏        | 10/82 [00:12<01:23,  1.16s/it]
 13%|█▎        | 11/82 [00:13<01:24,  1.18s/it]
 15%|█▍        | 12/82 [00:14<01:18,  1.12s/it]
 16%|█▌        | 13/82 [00:15<01:21,  1.18s/it]
 17%|█▋        | 14/82 [00:16<01:17,  1.14s/it]
 18%|█▊        | 15/82 [00:17<01:12,  1.09s/it]
 20%|█▉        | 16/82 [00:18<01:07,  1.02s/it]
 21%|██        | 17/82 [00:19<01:05,  1.01s/it]
 22%|██▏       | 18/82 [00:20<01:05,  1.02s/it]
 23%|██▎       | 19/82 [00:21<01:05,  1.04s/it]
 24%|██▍       | 20/82 [00:22<01:06,  1.07s/it]
 26%|██▌       | 21/82 [00:24<01:06,  1.09s/it]
 27%|██▋       | 22/82 [00:25<01:04,  1.07s/it]
 28%|██▊       | 23/82 [00:26<01:01,  1.05s/it]
 29%|██▉       | 24/82 [00:27<01:03,  1.09s/it]
 30%|███       | 25/82 [00:28<01:06,  1.16s/it]
 32%|███▏      | 26/82 [00:29<01:04,  1.16s/it]
 33%|███▎      | 27/82 [00:30<01:00,  1.11s/it]
 34%|███▍      | 28/82 [00:31<00:55,  1.02s/it]
 35%|███▌      | 29/82 [00:33<01:05,  1.24s/it]
 37%|███▋      | 30/82 [00:34<00:58,  1.13s/it]
 38%|███▊      | 31/82 [00:35<00:52,  1.04s/it]
 39%|███▉      | 32/82 [00:36<00:51,  1.02s/it]
 40%|████      | 33/82 [00:37<00:51,  1.05s/it]
 41%|████▏     | 34/82 [00:38<00:49,  1.04s/it]
 43%|████▎     | 35/82 [00:39<00:48,  1.04s/it]
 44%|████▍     | 36/82 [00:40<00:49,  1.08s/it]
 45%|████▌     | 37/82 [00:41<00:48,  1.07s/it]
 46%|████▋     | 38/82 [00:42<00:45,  1.03s/it]
 48%|████▊     | 39/82 [00:43<00:45,  1.05s/it]
 49%|████▉     | 40/82 [00:44<00:45,  1.09s/it]
 50%|█████     | 41/82 [00:45<00:46,  1.13s/it]
 51%|█████     | 42/82 [00:46<00:41,  1.03s/it]
 52%|█████▏    | 43/82 [00:47<00:39,  1.01s/it]
 54%|█████▎    | 44/82 [00:48<00:37,  1.01it/s]
 55%|█████▍    | 45/82 [00:49<00:36,  1.02it/s]
 56%|█████▌    | 46/82 [00:50<00:36,  1.00s/it]
 57%|█████▋    | 47/82 [00:51<00:35,  1.01s/it]
 59%|█████▊    | 48/82 [00:52<00:33,  1.01it/s]
 60%|█████▉    | 49/82 [00:53<00:30,  1.08it/s]
 61%|██████    | 50/82 [00:54<00:33,  1.04s/it]
 62%|██████▏   | 51/82 [00:56<00:35,  1.15s/it]
 63%|██████▎   | 52/82 [00:56<00:33,  1.10s/it]
 65%|██████▍   | 53/82 [00:57<00:29,  1.01s/it]
 66%|██████▌   | 54/82 [00:58<00:29,  1.04s/it]
 67%|██████▋   | 55/82 [01:00<00:28,  1.07s/it]
 68%|██████▊   | 56/82 [01:01<00:27,  1.05s/it]
 70%|██████▉   | 57/82 [01:01<00:25,  1.01s/it]
 71%|███████   | 58/82 [01:02<00:22,  1.05it/s]
 72%|███████▏  | 59/82 [01:03<00:21,  1.05it/s]
 73%|███████▎  | 60/82 [01:04<00:21,  1.03it/s]
 74%|███████▍  | 61/82 [01:05<00:20,  1.03it/s]
 76%|███████▌  | 62/82 [01:06<00:20,  1.04s/it]
 77%|███████▋  | 63/82 [01:07<00:19,  1.04s/it]
 78%|███████▊  | 64/82 [01:08<00:17,  1.03it/s]
 79%|███████▉  | 65/82 [01:10<00:19,  1.14s/it]
 80%|████████  | 66/82 [01:11<00:17,  1.11s/it]
 82%|████████▏ | 67/82 [01:12<00:16,  1.08s/it]
 83%|████████▎ | 68/82 [01:13<00:15,  1.10s/it]
 84%|████████▍ | 69/82 [01:14<00:13,  1.04s/it]
 85%|████████▌ | 70/82 [01:15<00:12,  1.08s/it]
 87%|████████▋ | 71/82 [01:16<00:12,  1.12s/it]
 88%|████████▊ | 72/82 [01:17<00:10,  1.08s/it]
 89%|████████▉ | 73/82 [01:18<00:09,  1.02s/it]
 90%|█████████ | 74/82 [01:19<00:08,  1.01s/it]
 91%|█████████▏| 75/82 [01:20<00:06,  1.02it/s]
 93%|█████████▎| 76/82 [01:21<00:06,  1.05s/it]
 94%|█████████▍| 77/82 [01:22<00:05,  1.05s/it]
 95%|█████████▌| 78/82 [01:23<00:03,  1.01it/s]
 96%|█████████▋| 79/82 [01:24<00:02,  1.01it/s]
 98%|█████████▊| 80/82 [01:25<00:02,  1.02s/it]
 99%|█████████▉| 81/82 [01:26<00:01,  1.06s/it]
100%|██████████| 82/82 [01:27<00:00,  1.11it/s]
100%|██████████| 82/82 [01:27<00:00,  1.07s/it]
Evaluation for task 9 has started.
['Prothonotary_Warbler', 'Red_headed_Woodpecker', 'Green_Kingfisher', 'Tree_Swallow', 'Brewer_Sparrow', 'Crested_Auklet', 'Rose_breasted_Grosbeak', 'Field_Sparrow', 'Pied_billed_Grebe', 'Forsters_Tern']

  0%|          | 0/4 [00:00<?, ?it/s]
 25%|██▌       | 1/4 [00:01<00:04,  1.58s/it]
 50%|█████     | 2/4 [00:02<00:02,  1.16s/it]
 75%|███████▌  | 3/4 [00:03<00:00,  1.05it/s]
100%|██████████| 4/4 [00:04<00:00,  1.28s/it]
100%|██████████| 4/4 [00:04<00:00,  1.24s/it]

  0%|          | 0/86 [00:00<?, ?it/s]
  1%|          | 1/86 [00:00<00:59,  1.43it/s]
  2%|▏         | 2/86 [00:01<01:14,  1.13it/s]
  3%|▎         | 3/86 [00:02<01:10,  1.17it/s]
  5%|▍         | 4/86 [00:03<01:10,  1.16it/s]
  6%|▌         | 5/86 [00:04<01:25,  1.05s/it]
  7%|▋         | 6/86 [00:05<01:22,  1.04s/it]
  8%|▊         | 7/86 [00:06<01:15,  1.04it/s]
  9%|▉         | 8/86 [00:07<01:10,  1.11it/s]
 10%|█         | 9/86 [00:08<01:03,  1.21it/s]
 12%|█▏        | 10/86 [00:08<00:59,  1.29it/s]
 13%|█▎        | 11/86 [00:09<00:57,  1.30it/s]
 14%|█▍        | 12/86 [00:10<00:56,  1.31it/s]
 15%|█▌        | 13/86 [00:10<00:55,  1.32it/s]
 16%|█▋        | 14/86 [00:11<00:54,  1.33it/s]
 17%|█▋        | 15/86 [00:12<00:53,  1.33it/s]
 19%|█▊        | 16/86 [00:13<00:51,  1.36it/s]
 20%|█▉        | 17/86 [00:13<00:49,  1.39it/s]
 21%|██        | 18/86 [00:14<00:47,  1.42it/s]
 22%|██▏       | 19/86 [00:15<00:46,  1.45it/s]
 23%|██▎       | 20/86 [00:15<00:45,  1.46it/s]
 24%|██▍       | 21/86 [00:16<00:43,  1.49it/s]
 26%|██▌       | 22/86 [00:17<00:42,  1.49it/s]
 27%|██▋       | 23/86 [00:17<00:42,  1.50it/s]
 28%|██▊       | 24/86 [00:18<00:41,  1.49it/s]
 29%|██▉       | 25/86 [00:19<00:41,  1.48it/s]
 30%|███       | 26/86 [00:19<00:41,  1.45it/s]
 31%|███▏      | 27/86 [00:20<00:40,  1.46it/s]
 33%|███▎      | 28/86 [00:21<00:39,  1.48it/s]
 34%|███▎      | 29/86 [00:21<00:38,  1.49it/s]
 35%|███▍      | 30/86 [00:22<00:37,  1.48it/s]
 36%|███▌      | 31/86 [00:23<00:38,  1.44it/s]
 37%|███▋      | 32/86 [00:23<00:36,  1.47it/s]
 38%|███▊      | 33/86 [00:24<00:35,  1.48it/s]
 40%|███▉      | 34/86 [00:25<00:36,  1.42it/s]
 41%|████      | 35/86 [00:26<00:36,  1.40it/s]
 42%|████▏     | 36/86 [00:26<00:36,  1.37it/s]
 43%|████▎     | 37/86 [00:27<00:34,  1.41it/s]
 44%|████▍     | 38/86 [00:28<00:33,  1.44it/s]
 45%|████▌     | 39/86 [00:28<00:33,  1.40it/s]
 47%|████▋     | 40/86 [00:29<00:33,  1.38it/s]
 48%|████▊     | 41/86 [00:30<00:33,  1.36it/s]
 49%|████▉     | 42/86 [00:31<00:32,  1.37it/s]
 50%|█████     | 43/86 [00:31<00:31,  1.36it/s]
 51%|█████     | 44/86 [00:32<00:31,  1.35it/s]
 52%|█████▏    | 45/86 [00:33<00:30,  1.35it/s]
 53%|█████▎    | 46/86 [00:34<00:29,  1.36it/s]
 55%|█████▍    | 47/86 [00:34<00:29,  1.34it/s]
 56%|█████▌    | 48/86 [00:35<00:28,  1.34it/s]
 57%|█████▋    | 49/86 [00:36<00:27,  1.37it/s]
 58%|█████▊    | 50/86 [00:37<00:25,  1.41it/s]
 59%|█████▉    | 51/86 [00:37<00:24,  1.43it/s]
 60%|██████    | 52/86 [00:38<00:25,  1.36it/s]
 62%|██████▏   | 53/86 [00:39<00:24,  1.36it/s]
 63%|██████▎   | 54/86 [00:39<00:23,  1.36it/s]
 64%|██████▍   | 55/86 [00:40<00:22,  1.35it/s]
 65%|██████▌   | 56/86 [00:41<00:21,  1.38it/s]
 66%|██████▋   | 57/86 [00:42<00:20,  1.41it/s]
 67%|██████▋   | 58/86 [00:42<00:19,  1.42it/s]
 69%|██████▊   | 59/86 [00:43<00:18,  1.44it/s]
 70%|██████▉   | 60/86 [00:44<00:17,  1.45it/s]
 71%|███████   | 61/86 [00:44<00:17,  1.43it/s]
 72%|███████▏  | 62/86 [00:45<00:16,  1.46it/s]
 73%|███████▎  | 63/86 [00:46<00:15,  1.48it/s]
 74%|███████▍  | 64/86 [00:46<00:14,  1.49it/s]
 76%|███████▌  | 65/86 [00:47<00:14,  1.50it/s]
 77%|███████▋  | 66/86 [00:48<00:13,  1.50it/s]
 78%|███████▊  | 67/86 [00:48<00:12,  1.50it/s]
 79%|███████▉  | 68/86 [00:49<00:11,  1.52it/s]
 80%|████████  | 69/86 [00:50<00:11,  1.42it/s]
 81%|████████▏ | 70/86 [00:50<00:11,  1.45it/s]
 83%|████████▎ | 71/86 [00:51<00:10,  1.47it/s]
 84%|████████▎ | 72/86 [00:52<00:09,  1.48it/s]
 85%|████████▍ | 73/86 [00:52<00:08,  1.50it/s]
 86%|████████▌ | 74/86 [00:53<00:08,  1.46it/s]
 87%|████████▋ | 75/86 [00:54<00:07,  1.47it/s]
 88%|████████▊ | 76/86 [00:54<00:06,  1.48it/s]
 90%|████████▉ | 77/86 [00:55<00:06,  1.49it/s]
 91%|█████████ | 78/86 [00:56<00:05,  1.50it/s]
 92%|█████████▏| 79/86 [00:57<00:04,  1.43it/s]
 93%|█████████▎| 80/86 [00:57<00:04,  1.44it/s]
 94%|█████████▍| 81/86 [00:58<00:03,  1.42it/s]
 95%|█████████▌| 82/86 [00:59<00:02,  1.44it/s]
 97%|█████████▋| 83/86 [00:59<00:02,  1.44it/s]
 98%|█████████▊| 84/86 [01:00<00:01,  1.46it/s]
 99%|█████████▉| 85/86 [01:01<00:00,  1.46it/s]
100%|██████████| 86/86 [01:01<00:00,  1.52it/s]
100%|██████████| 86/86 [01:01<00:00,  1.39it/s]
Evaluation for task 10 has started.
['Belted_Kingfisher', 'Blue_Jay', 'Pileated_Woodpecker', 'Blue_winged_Warbler', 'Harris_Sparrow', 'Ovenbird', 'Orchard_Oriole', 'Horned_Puffin', 'Mallard', 'Golden_winged_Warbler']

  0%|          | 0/4 [00:00<?, ?it/s]
 25%|██▌       | 1/4 [00:01<00:05,  1.70s/it]
 50%|█████     | 2/4 [00:02<00:02,  1.20s/it]
 75%|███████▌  | 3/4 [00:03<00:00,  1.03it/s]
100%|██████████| 4/4 [00:04<00:00,  1.27s/it]
100%|██████████| 4/4 [00:04<00:00,  1.25s/it]

  0%|          | 0/91 [00:00<?, ?it/s]
  1%|          | 1/91 [00:00<01:03,  1.43it/s]
  2%|▏         | 2/91 [00:01<01:01,  1.45it/s]
  3%|▎         | 3/91 [00:02<01:04,  1.37it/s]
  4%|▍         | 4/91 [00:02<01:04,  1.35it/s]
  5%|▌         | 5/91 [00:03<01:01,  1.40it/s]
  7%|▋         | 6/91 [00:04<00:59,  1.43it/s]
  8%|▊         | 7/91 [00:04<00:58,  1.43it/s]
  9%|▉         | 8/91 [00:05<00:59,  1.40it/s]
 10%|▉         | 9/91 [00:06<00:58,  1.40it/s]
 11%|█         | 10/91 [00:07<00:58,  1.39it/s]
 12%|█▏        | 11/91 [00:07<00:58,  1.37it/s]
 13%|█▎        | 12/91 [00:08<00:57,  1.38it/s]
 14%|█▍        | 13/91 [00:09<00:55,  1.41it/s]
 15%|█▌        | 14/91 [00:09<00:54,  1.41it/s]
 16%|█▋        | 15/91 [00:10<00:54,  1.40it/s]
 18%|█▊        | 16/91 [00:11<00:54,  1.37it/s]
 19%|█▊        | 17/91 [00:12<00:53,  1.40it/s]
 20%|█▉        | 18/91 [00:12<00:51,  1.43it/s]
 21%|██        | 19/91 [00:13<00:49,  1.45it/s]
 22%|██▏       | 20/91 [00:14<00:52,  1.35it/s]
 23%|██▎       | 21/91 [00:15<00:56,  1.24it/s]
 24%|██▍       | 22/91 [00:16<00:57,  1.20it/s]
 25%|██▌       | 23/91 [00:17<01:03,  1.07it/s]
 26%|██▋       | 24/91 [00:18<01:03,  1.05it/s]
 27%|██▋       | 25/91 [00:19<00:59,  1.11it/s]
 29%|██▊       | 26/91 [00:20<01:01,  1.06it/s]
 30%|██▉       | 27/91 [00:21<01:02,  1.02it/s]
 31%|███       | 28/91 [00:21<00:55,  1.13it/s]
 32%|███▏      | 29/91 [00:22<00:51,  1.21it/s]
 33%|███▎      | 30/91 [00:23<00:53,  1.14it/s]
 34%|███▍      | 31/91 [00:24<00:54,  1.10it/s]
 35%|███▌      | 32/91 [00:25<00:52,  1.12it/s]
 36%|███▋      | 33/91 [00:26<00:51,  1.12it/s]
 37%|███▋      | 34/91 [00:27<00:54,  1.05it/s]
 38%|███▊      | 35/91 [00:28<00:52,  1.07it/s]
 40%|███▉      | 36/91 [00:29<00:56,  1.03s/it]
 41%|████      | 37/91 [00:30<00:53,  1.00it/s]
 42%|████▏     | 38/91 [00:31<00:51,  1.02it/s]
 43%|████▎     | 39/91 [00:32<00:49,  1.06it/s]
 44%|████▍     | 40/91 [00:34<01:01,  1.20s/it]
 45%|████▌     | 41/91 [00:34<00:55,  1.10s/it]
 46%|████▌     | 42/91 [00:35<00:49,  1.00s/it]
 47%|████▋     | 43/91 [00:36<00:50,  1.04s/it]
 48%|████▊     | 44/91 [00:37<00:47,  1.01s/it]
 49%|████▉     | 45/91 [00:38<00:47,  1.02s/it]
 51%|█████     | 46/91 [00:39<00:45,  1.01s/it]
 52%|█████▏    | 47/91 [00:40<00:44,  1.00s/it]
 53%|█████▎    | 48/91 [00:41<00:42,  1.01it/s]
 54%|█████▍    | 49/91 [00:42<00:40,  1.03it/s]
 55%|█████▍    | 50/91 [00:43<00:40,  1.02it/s]
 56%|█████▌    | 51/91 [00:44<00:37,  1.08it/s]
 57%|█████▋    | 52/91 [00:45<00:39,  1.01s/it]
 58%|█████▊    | 53/91 [00:46<00:38,  1.01s/it]
 59%|█████▉    | 54/91 [00:47<00:35,  1.04it/s]
 60%|██████    | 55/91 [00:48<00:33,  1.06it/s]
 62%|██████▏   | 56/91 [00:49<00:36,  1.04s/it]
 63%|██████▎   | 57/91 [00:50<00:35,  1.06s/it]
 64%|██████▎   | 58/91 [00:51<00:35,  1.07s/it]
 65%|██████▍   | 59/91 [00:53<00:36,  1.13s/it]
 66%|██████▌   | 60/91 [00:54<00:33,  1.08s/it]
 67%|██████▋   | 61/91 [00:55<00:35,  1.20s/it]
 68%|██████▊   | 62/91 [00:56<00:35,  1.22s/it]
 69%|██████▉   | 63/91 [00:57<00:32,  1.15s/it]
 70%|███████   | 64/91 [00:58<00:29,  1.10s/it]
 71%|███████▏  | 65/91 [00:59<00:28,  1.10s/it]
 73%|███████▎  | 66/91 [01:01<00:28,  1.13s/it]
 74%|███████▎  | 67/91 [01:02<00:26,  1.12s/it]
 75%|███████▍  | 68/91 [01:03<00:24,  1.07s/it]
 76%|███████▌  | 69/91 [01:04<00:22,  1.03s/it]
 77%|███████▋  | 70/91 [01:05<00:23,  1.12s/it]
 78%|███████▊  | 71/91 [01:06<00:20,  1.02s/it]
 79%|███████▉  | 72/91 [01:07<00:20,  1.08s/it]
 80%|████████  | 73/91 [01:08<00:19,  1.09s/it]
 81%|████████▏ | 74/91 [01:09<00:18,  1.09s/it]
 82%|████████▏ | 75/91 [01:10<00:18,  1.13s/it]
 84%|████████▎ | 76/91 [01:12<00:17,  1.15s/it]
 85%|████████▍ | 77/91 [01:13<00:16,  1.15s/it]
 86%|████████▌ | 78/91 [01:14<00:14,  1.08s/it]
 87%|████████▋ | 79/91 [01:15<00:12,  1.08s/it]
 88%|████████▊ | 80/91 [01:16<00:11,  1.05s/it]
 89%|████████▉ | 81/91 [01:17<00:11,  1.10s/it]
 90%|█████████ | 82/91 [01:18<00:09,  1.09s/it]
 91%|█████████ | 83/91 [01:19<00:08,  1.10s/it]
 92%|█████████▏| 84/91 [01:20<00:07,  1.11s/it]
 93%|█████████▎| 85/91 [01:21<00:06,  1.12s/it]
 95%|█████████▍| 86/91 [01:23<00:05,  1.13s/it]
 96%|█████████▌| 87/91 [01:24<00:04,  1.14s/it]
 97%|█████████▋| 88/91 [01:25<00:03,  1.14s/it]
 98%|█████████▊| 89/91 [01:26<00:02,  1.18s/it]
 99%|█████████▉| 90/91 [01:27<00:01,  1.20s/it]
100%|██████████| 91/91 [01:28<00:00,  1.00s/it]
100%|██████████| 91/91 [01:28<00:00,  1.03it/s]

========================================
Finished cub200_init100_inc10
Backbone: OpenAI CLIP
Base Accuracy: 68.23
Last Accuracy: 55.57
Average Accuracy (Top1): 60.42
========================================

<continuum.scenarios.class_incremental.ClassIncremental object at 0x7f5f38f1fbb0> <continuum.scenarios.class_incremental.ClassIncremental object at 0x7f5f38f1fbb0>
Evaluation for task 0 has started.
['Loggerhead_Shrike', 'Evening_Grosbeak', 'Brewer_Blackbird', 'Henslow_Sparrow', 'Magnolia_Warbler', 'Cliff_Swallow', 'Yellow_bellied_Flycatcher', 'Summer_Tanager', 'Cactus_Wren', 'American_Goldfinch', 'Gray_Kingbird', 'Purple_Finch', 'Indigo_Bunting', 'Brown_Pelican', 'Frigatebird', 'Green_tailed_Towhee', 'Pied_Kingfisher', 'Northern_Waterthrush', 'Gray_Catbird', 'Seaside_Sparrow', 'Acadian_Flycatcher', 'Hooded_Warbler', 'Artic_Tern', 'Geococcyx', 'Lincoln_Sparrow', 'Savannah_Sparrow', 'Sayornis', 'Tennessee_Warbler', 'Le_Conte_Sparrow', 'Bewick_Wren', 'Yellow_Warbler', 'European_Goldfinch', 'Common_Tern', 'California_Gull', 'Slaty_backed_Gull', 'Prairie_Warbler', 'Hooded_Oriole', 'Bohemian_Waxwing', 'Caspian_Tern', 'Eastern_Towhee', 'Least_Flycatcher', 'Nelson_Sharp_tailed_Sparrow', 'Scott_Oriole', 'Red_legged_Kittiwake', 'Bay_breasted_Warbler', 'Mockingbird', 'Mangrove_Cuckoo', 'Black_throated_Blue_Warbler', 'Scissor_tailed_Flycatcher', 'Vermilion_Flycatcher', 'Pomarine_Jaeger', 'Red_cockaded_Woodpecker', 'Mourning_Warbler', 'Cedar_Waxwing', 'Nashville_Warbler', 'Horned_Lark', 'Horned_Grebe', 'Philadelphia_Vireo', 'White_throated_Sparrow', 'Black_and_white_Warbler', 'Marsh_Wren', 'Eared_Grebe', 'Sage_Thrasher', 'White_eyed_Vireo', 'Ring_billed_Gull', 'Chuck_will_Widow', 'Groove_billed_Ani', 'Ruby_throated_Hummingbird', 'Anna_Hummingbird', 'Gray_crowned_Rosy_Finch', 'Pigeon_Guillemot', 'Black_footed_Albatross', 'American_Redstart', 'Orange_crowned_Warbler', 'Cape_May_Warbler', 'Green_Violetear', 'White_necked_Raven', 'Spotted_Catbird', 'Cerulean_Warbler', 'Louisiana_Waterthrush', 'Western_Grebe', 'Laysan_Albatross', 'Lazuli_Bunting', 'Northern_Flicker', 'Red_winged_Blackbird', 'Brandt_Cormorant', 'Wilson_Warbler', 'Clay_colored_Sparrow', 'Tree_Sparrow', 'Vesper_Sparrow', 'Rufous_Hummingbird', 'Long_tailed_Jaeger', 'House_Wren', 'Parakeet_Auklet', 'Pine_Warbler', 'Kentucky_Warbler', 'Clark_Nutcracker', 'Rock_Wren', 'Bank_Swallow', 'Yellow_billed_Cuckoo']

  0%|          | 0/25 [00:00<?, ?it/s]
  4%|▍         | 1/25 [00:02<00:59,  2.50s/it]
  8%|▊         | 2/25 [00:03<00:33,  1.46s/it]
 12%|█▏        | 3/25 [00:04<00:29,  1.33s/it]
 16%|█▌        | 4/25 [00:05<00:26,  1.26s/it]
 20%|██        | 5/25 [00:06<00:24,  1.23s/it]
 24%|██▍       | 6/25 [00:07<00:22,  1.21s/it]
 28%|██▊       | 7/25 [00:09<00:21,  1.20s/it]
 32%|███▏      | 8/25 [00:10<00:20,  1.19s/it]
 36%|███▌      | 9/25 [00:11<00:18,  1.18s/it]
 40%|████      | 10/25 [00:12<00:17,  1.18s/it]
 44%|████▍     | 11/25 [00:13<00:16,  1.17s/it]
 48%|████▊     | 12/25 [00:14<00:15,  1.17s/it]
 52%|█████▏    | 13/25 [00:16<00:14,  1.17s/it]
 56%|█████▌    | 14/25 [00:17<00:12,  1.17s/it]
 60%|██████    | 15/25 [00:18<00:11,  1.17s/it]
 64%|██████▍   | 16/25 [00:19<00:10,  1.17s/it]
 68%|██████▊   | 17/25 [00:20<00:09,  1.17s/it]
 72%|███████▏  | 18/25 [00:21<00:08,  1.17s/it]
 76%|███████▌  | 19/25 [00:23<00:07,  1.17s/it]
 80%|████████  | 20/25 [00:24<00:05,  1.17s/it]
 84%|████████▍ | 21/25 [00:25<00:04,  1.17s/it]
 88%|████████▊ | 22/25 [00:26<00:03,  1.17s/it]
 92%|█████████▏| 23/25 [00:27<00:02,  1.17s/it]
 96%|█████████▌| 24/25 [00:28<00:01,  1.07s/it]
100%|██████████| 25/25 [00:30<00:00,  1.32s/it]
100%|██████████| 25/25 [00:30<00:00,  1.22s/it]

  0%|          | 0/46 [00:00<?, ?it/s]
  2%|▏         | 1/46 [00:00<00:35,  1.25it/s]
  4%|▍         | 2/46 [00:01<00:36,  1.20it/s]
  7%|▋         | 3/46 [00:02<00:38,  1.11it/s]
  9%|▊         | 4/46 [00:03<00:39,  1.07it/s]
 11%|█         | 5/46 [00:04<00:35,  1.15it/s]
 13%|█▎        | 6/46 [00:05<00:36,  1.11it/s]
 15%|█▌        | 7/46 [00:06<00:33,  1.15it/s]
 17%|█▋        | 8/46 [00:06<00:29,  1.27it/s]
 20%|█▉        | 9/46 [00:07<00:27,  1.36it/s]
 22%|██▏       | 10/46 [00:07<00:24,  1.45it/s]
 24%|██▍       | 11/46 [00:08<00:23,  1.50it/s]
 26%|██▌       | 12/46 [00:09<00:21,  1.55it/s]
 28%|██▊       | 13/46 [00:09<00:21,  1.54it/s]
 30%|███       | 14/46 [00:10<00:21,  1.51it/s]
 33%|███▎      | 15/46 [00:11<00:20,  1.54it/s]
 35%|███▍      | 16/46 [00:11<00:20,  1.49it/s]
 37%|███▋      | 17/46 [00:12<00:18,  1.54it/s]
 39%|███▉      | 18/46 [00:13<00:17,  1.60it/s]
 41%|████▏     | 19/46 [00:13<00:17,  1.55it/s]
 43%|████▎     | 20/46 [00:14<00:17,  1.50it/s]
 46%|████▌     | 21/46 [00:15<00:16,  1.53it/s]
 48%|████▊     | 22/46 [00:15<00:15,  1.54it/s]
 50%|█████     | 23/46 [00:16<00:15,  1.45it/s]
 52%|█████▏    | 24/46 [00:17<00:15,  1.45it/s]
 54%|█████▍    | 25/46 [00:17<00:13,  1.51it/s]
 57%|█████▋    | 26/46 [00:18<00:12,  1.56it/s]
 59%|█████▊    | 27/46 [00:18<00:11,  1.59it/s]
 61%|██████    | 28/46 [00:19<00:11,  1.61it/s]
 63%|██████▎   | 29/46 [00:20<00:11,  1.52it/s]
 65%|██████▌   | 30/46 [00:20<00:10,  1.55it/s]
 67%|██████▋   | 31/46 [00:21<00:09,  1.57it/s]
 70%|██████▉   | 32/46 [00:22<00:08,  1.59it/s]
 72%|███████▏  | 33/46 [00:22<00:08,  1.62it/s]
 74%|███████▍  | 34/46 [00:23<00:07,  1.51it/s]
 76%|███████▌  | 35/46 [00:24<00:07,  1.49it/s]
 78%|███████▊  | 36/46 [00:24<00:06,  1.49it/s]
 80%|████████  | 37/46 [00:25<00:06,  1.49it/s]
 83%|████████▎ | 38/46 [00:26<00:05,  1.48it/s]
 85%|████████▍ | 39/46 [00:26<00:04,  1.46it/s]
 87%|████████▋ | 40/46 [00:27<00:04,  1.46it/s]
 89%|████████▉ | 41/46 [00:28<00:03,  1.45it/s]
 91%|█████████▏| 42/46 [00:29<00:02,  1.45it/s]
 93%|█████████▎| 43/46 [00:29<00:02,  1.45it/s]
 96%|█████████▌| 44/46 [00:30<00:01,  1.51it/s]
 98%|█████████▊| 45/46 [00:30<00:00,  1.53it/s]
100%|██████████| 46/46 [00:31<00:00,  1.66it/s]
100%|██████████| 46/46 [00:31<00:00,  1.46it/s]
Evaluation for task 1 has started.
['Chipping_Sparrow', 'Barn_Swallow', 'Western_Wood_Pewee', 'Red_faced_Cormorant', 'Red_breasted_Merganser', 'Brown_Thrasher', 'Song_Sparrow', 'Common_Raven', 'Tropical_Kingbird', 'Fish_Crow', 'Sooty_Albatross', 'White_breasted_Kingfisher', 'Pine_Grosbeak', 'Ivory_Gull', 'Heermann_Gull', 'Baltimore_Oriole', 'Scarlet_Tanager', 'Baird_Sparrow', 'Pacific_Loon', 'White_crowned_Sparrow']

  0%|          | 0/6 [00:00<?, ?it/s]
 17%|█▋        | 1/6 [00:01<00:07,  1.59s/it]
 33%|███▎      | 2/6 [00:02<00:04,  1.16s/it]
 50%|█████     | 3/6 [00:03<00:03,  1.12s/it]
 67%|██████▋   | 4/6 [00:04<00:02,  1.09s/it]
 83%|████████▎ | 5/6 [00:05<00:01,  1.02s/it]
100%|██████████| 6/6 [00:07<00:00,  1.26s/it]
100%|██████████| 6/6 [00:07<00:00,  1.20s/it]

  0%|          | 0/55 [00:00<?, ?it/s]
  2%|▏         | 1/55 [00:00<00:33,  1.61it/s]
  4%|▎         | 2/55 [00:01<00:33,  1.59it/s]
  5%|▌         | 3/55 [00:01<00:32,  1.58it/s]
  7%|▋         | 4/55 [00:02<00:32,  1.58it/s]
  9%|▉         | 5/55 [00:03<00:31,  1.60it/s]
 11%|█         | 6/55 [00:03<00:30,  1.61it/s]
 13%|█▎        | 7/55 [00:04<00:29,  1.63it/s]
 15%|█▍        | 8/55 [00:04<00:28,  1.63it/s]
 16%|█▋        | 9/55 [00:05<00:28,  1.62it/s]
 18%|█▊        | 10/55 [00:06<00:27,  1.62it/s]
 20%|██        | 11/55 [00:06<00:27,  1.62it/s]
 22%|██▏       | 12/55 [00:07<00:26,  1.63it/s]
 24%|██▎       | 13/55 [00:08<00:26,  1.56it/s]
 25%|██▌       | 14/55 [00:08<00:25,  1.58it/s]
 27%|██▋       | 15/55 [00:09<00:25,  1.58it/s]
 29%|██▉       | 16/55 [00:10<00:26,  1.50it/s]
 31%|███       | 17/55 [00:10<00:24,  1.53it/s]
 33%|███▎      | 18/55 [00:11<00:23,  1.56it/s]
 35%|███▍      | 19/55 [00:11<00:22,  1.57it/s]
 36%|███▋      | 20/55 [00:12<00:21,  1.60it/s]
 38%|███▊      | 21/55 [00:13<00:21,  1.61it/s]
 40%|████      | 22/55 [00:13<00:20,  1.62it/s]
 42%|████▏     | 23/55 [00:14<00:20,  1.55it/s]
 44%|████▎     | 24/55 [00:15<00:20,  1.53it/s]
 45%|████▌     | 25/55 [00:15<00:19,  1.55it/s]
 47%|████▋     | 26/55 [00:16<00:18,  1.56it/s]
 49%|████▉     | 27/55 [00:17<00:17,  1.59it/s]
 51%|█████     | 28/55 [00:17<00:16,  1.60it/s]
 53%|█████▎    | 29/55 [00:18<00:16,  1.60it/s]
 55%|█████▍    | 30/55 [00:18<00:15,  1.60it/s]
 56%|█████▋    | 31/55 [00:19<00:14,  1.61it/s]
 58%|█████▊    | 32/55 [00:20<00:14,  1.63it/s]
 60%|██████    | 33/55 [00:20<00:13,  1.64it/s]
 62%|██████▏   | 34/55 [00:21<00:12,  1.64it/s]
 64%|██████▎   | 35/55 [00:21<00:12,  1.62it/s]
 65%|██████▌   | 36/55 [00:22<00:11,  1.61it/s]
 67%|██████▋   | 37/55 [00:23<00:11,  1.61it/s]
 69%|██████▉   | 38/55 [00:23<00:10,  1.61it/s]
 71%|███████   | 39/55 [00:24<00:10,  1.59it/s]
 73%|███████▎  | 40/55 [00:25<00:09,  1.61it/s]
 75%|███████▍  | 41/55 [00:25<00:08,  1.62it/s]
 76%|███████▋  | 42/55 [00:26<00:08,  1.62it/s]
 78%|███████▊  | 43/55 [00:26<00:07,  1.63it/s]
 80%|████████  | 44/55 [00:27<00:06,  1.62it/s]
 82%|████████▏ | 45/55 [00:28<00:06,  1.64it/s]
 84%|████████▎ | 46/55 [00:28<00:05,  1.64it/s]
 85%|████████▌ | 47/55 [00:29<00:04,  1.62it/s]
 87%|████████▋ | 48/55 [00:30<00:04,  1.61it/s]
 89%|████████▉ | 49/55 [00:30<00:03,  1.60it/s]
 91%|█████████ | 50/55 [00:31<00:03,  1.54it/s]
 93%|█████████▎| 51/55 [00:31<00:02,  1.55it/s]
 95%|█████████▍| 52/55 [00:32<00:01,  1.51it/s]
 96%|█████████▋| 53/55 [00:33<00:01,  1.43it/s]
 98%|█████████▊| 54/55 [00:34<00:00,  1.47it/s]
100%|██████████| 55/55 [00:34<00:00,  1.53it/s]
100%|██████████| 55/55 [00:34<00:00,  1.59it/s]
Evaluation for task 2 has started.
['Western_Gull', 'Yellow_breasted_Chat', 'Yellow_headed_Blackbird', 'Grasshopper_Sparrow', 'Downy_Woodpecker', 'Bronzed_Cowbird', 'Black_billed_Cuckoo', 'White_Pelican', 'House_Sparrow', 'American_Three_toed_Woodpecker', 'Pelagic_Cormorant', 'Herring_Gull', 'Whip_poor_Will', 'Black_throated_Sparrow', 'Carolina_Wren', 'Fox_Sparrow', 'Palm_Warbler', 'Hooded_Merganser', 'Great_Grey_Shrike', 'Shiny_Cowbird']

  0%|          | 0/6 [00:00<?, ?it/s]
 17%|█▋        | 1/6 [00:01<00:07,  1.58s/it]
 33%|███▎      | 2/6 [00:02<00:04,  1.16s/it]
 50%|█████     | 3/6 [00:03<00:03,  1.11s/it]
 67%|██████▋   | 4/6 [00:04<00:02,  1.09s/it]
 83%|████████▎ | 5/6 [00:05<00:01,  1.02s/it]
100%|██████████| 6/6 [00:07<00:00,  1.28s/it]
100%|██████████| 6/6 [00:07<00:00,  1.21s/it]

  0%|          | 0/64 [00:00<?, ?it/s]
  2%|▏         | 1/64 [00:00<00:40,  1.56it/s]
  3%|▎         | 2/64 [00:01<00:40,  1.54it/s]
  5%|▍         | 3/64 [00:01<00:39,  1.56it/s]
  6%|▋         | 4/64 [00:02<00:38,  1.57it/s]
  8%|▊         | 5/64 [00:03<00:37,  1.58it/s]
  9%|▉         | 6/64 [00:03<00:37,  1.56it/s]
 11%|█         | 7/64 [00:04<00:36,  1.58it/s]
 12%|█▎        | 8/64 [00:05<00:35,  1.59it/s]
 14%|█▍        | 9/64 [00:05<00:35,  1.56it/s]
 16%|█▌        | 10/64 [00:06<00:34,  1.58it/s]
 17%|█▋        | 11/64 [00:07<00:33,  1.57it/s]
 19%|█▉        | 12/64 [00:07<00:32,  1.58it/s]
 20%|██        | 13/64 [00:08<00:32,  1.57it/s]
 22%|██▏       | 14/64 [00:08<00:31,  1.58it/s]
 23%|██▎       | 15/64 [00:09<00:31,  1.57it/s]
 25%|██▌       | 16/64 [00:10<00:32,  1.50it/s]
 27%|██▋       | 17/64 [00:10<00:30,  1.52it/s]
 28%|██▊       | 18/64 [00:11<00:30,  1.53it/s]
 30%|██▉       | 19/64 [00:12<00:29,  1.52it/s]
 31%|███▏      | 20/64 [00:12<00:30,  1.45it/s]
 33%|███▎      | 21/64 [00:13<00:28,  1.49it/s]
 34%|███▍      | 22/64 [00:14<00:27,  1.51it/s]
 36%|███▌      | 23/64 [00:14<00:27,  1.52it/s]
 38%|███▊      | 24/64 [00:15<00:25,  1.56it/s]
 39%|███▉      | 25/64 [00:16<00:24,  1.58it/s]
 41%|████      | 26/64 [00:16<00:24,  1.58it/s]
 42%|████▏     | 27/64 [00:17<00:23,  1.58it/s]
 44%|████▍     | 28/64 [00:18<00:22,  1.59it/s]
 45%|████▌     | 29/64 [00:18<00:22,  1.56it/s]
 47%|████▋     | 30/64 [00:19<00:22,  1.50it/s]
 48%|████▊     | 31/64 [00:20<00:22,  1.47it/s]
 50%|█████     | 32/64 [00:20<00:22,  1.44it/s]
 52%|█████▏    | 33/64 [00:21<00:21,  1.44it/s]
 53%|█████▎    | 34/64 [00:22<00:20,  1.49it/s]
 55%|█████▍    | 35/64 [00:22<00:19,  1.51it/s]
 56%|█████▋    | 36/64 [00:23<00:18,  1.54it/s]
 58%|█████▊    | 37/64 [00:24<00:17,  1.54it/s]
 59%|█████▉    | 38/64 [00:24<00:17,  1.49it/s]
 61%|██████    | 39/64 [00:25<00:16,  1.52it/s]
 62%|██████▎   | 40/64 [00:26<00:15,  1.54it/s]
 64%|██████▍   | 41/64 [00:26<00:14,  1.55it/s]
 66%|██████▌   | 42/64 [00:27<00:14,  1.56it/s]
 67%|██████▋   | 43/64 [00:27<00:13,  1.55it/s]
 69%|██████▉   | 44/64 [00:28<00:13,  1.45it/s]
 70%|███████   | 45/64 [00:29<00:13,  1.44it/s]
 72%|███████▏  | 46/64 [00:30<00:12,  1.45it/s]
 73%|███████▎  | 47/64 [00:31<00:13,  1.24it/s]
 75%|███████▌  | 48/64 [00:32<00:13,  1.22it/s]
 77%|███████▋  | 49/64 [00:33<00:13,  1.15it/s]
 78%|███████▊  | 50/64 [00:33<00:12,  1.16it/s]
 80%|███████▉  | 51/64 [00:34<00:11,  1.14it/s]
 81%|████████▏ | 52/64 [00:35<00:10,  1.18it/s]
 83%|████████▎ | 53/64 [00:36<00:09,  1.15it/s]
 84%|████████▍ | 54/64 [00:37<00:08,  1.11it/s]
 86%|████████▌ | 55/64 [00:38<00:08,  1.12it/s]
 88%|████████▊ | 56/64 [00:39<00:06,  1.14it/s]
 89%|████████▉ | 57/64 [00:40<00:06,  1.08it/s]
 91%|█████████ | 58/64 [00:41<00:05,  1.12it/s]
 92%|█████████▏| 59/64 [00:41<00:04,  1.14it/s]
 94%|█████████▍| 60/64 [00:42<00:03,  1.20it/s]
 95%|█████████▌| 61/64 [00:43<00:02,  1.28it/s]
 97%|█████████▋| 62/64 [00:44<00:01,  1.26it/s]
 98%|█████████▊| 63/64 [00:44<00:00,  1.34it/s]
100%|██████████| 64/64 [00:45<00:00,  1.53it/s]
100%|██████████| 64/64 [00:45<00:00,  1.42it/s]
Evaluation for task 3 has started.
['Olive_sided_Flycatcher', 'Glaucous_winged_Gull', 'Canada_Warbler', 'Winter_Wren', 'Green_Jay', 'Swainson_Warbler', 'Least_Auklet', 'Cape_Glossy_Starling', 'Rusty_Blackbird', 'Rhinoceros_Auklet', 'Ringed_Kingfisher', 'Blue_Grosbeak', 'White_breasted_Nuthatch', 'Red_bellied_Woodpecker', 'Warbling_Vireo', 'American_Pipit', 'Northern_Fulmar', 'Nighthawk', 'Blue_headed_Vireo', 'Black_capped_Vireo']

  0%|          | 0/6 [00:00<?, ?it/s]
 17%|█▋        | 1/6 [00:01<00:07,  1.59s/it]
 33%|███▎      | 2/6 [00:02<00:04,  1.16s/it]
 50%|█████     | 3/6 [00:03<00:03,  1.11s/it]
 67%|██████▋   | 4/6 [00:04<00:02,  1.09s/it]
 83%|████████▎ | 5/6 [00:05<00:01,  1.02s/it]
100%|██████████| 6/6 [00:07<00:00,  1.30s/it]
100%|██████████| 6/6 [00:07<00:00,  1.22s/it]

  0%|          | 0/73 [00:00<?, ?it/s]
  1%|▏         | 1/73 [00:00<00:50,  1.42it/s]
  3%|▎         | 2/73 [00:01<00:50,  1.39it/s]
  4%|▍         | 3/73 [00:02<00:49,  1.41it/s]
  5%|▌         | 4/73 [00:02<00:47,  1.44it/s]
  7%|▋         | 5/73 [00:03<00:45,  1.48it/s]
  8%|▊         | 6/73 [00:04<00:44,  1.50it/s]
 10%|▉         | 7/73 [00:04<00:43,  1.50it/s]
 11%|█         | 8/73 [00:05<00:42,  1.53it/s]
 12%|█▏        | 9/73 [00:06<00:41,  1.54it/s]
 14%|█▎        | 10/73 [00:06<00:40,  1.56it/s]
 15%|█▌        | 11/73 [00:07<00:41,  1.50it/s]
 16%|█▋        | 12/73 [00:08<00:42,  1.45it/s]
 18%|█▊        | 13/73 [00:08<00:40,  1.49it/s]
 19%|█▉        | 14/73 [00:09<00:39,  1.48it/s]
 21%|██        | 15/73 [00:10<00:41,  1.38it/s]
 22%|██▏       | 16/73 [00:10<00:41,  1.38it/s]
 23%|██▎       | 17/73 [00:11<00:40,  1.38it/s]
 25%|██▍       | 18/73 [00:12<00:38,  1.42it/s]
 26%|██▌       | 19/73 [00:13<00:38,  1.42it/s]
 27%|██▋       | 20/73 [00:13<00:38,  1.39it/s]
 29%|██▉       | 21/73 [00:14<00:38,  1.34it/s]
 30%|███       | 22/73 [00:15<00:36,  1.40it/s]
 32%|███▏      | 23/73 [00:15<00:34,  1.44it/s]
 33%|███▎      | 24/73 [00:16<00:33,  1.48it/s]
 34%|███▍      | 25/73 [00:17<00:32,  1.50it/s]
 36%|███▌      | 26/73 [00:17<00:31,  1.52it/s]
 37%|███▋      | 27/73 [00:18<00:29,  1.56it/s]
 38%|███▊      | 28/73 [00:19<00:28,  1.56it/s]
 40%|███▉      | 29/73 [00:19<00:28,  1.57it/s]
 41%|████      | 30/73 [00:20<00:27,  1.55it/s]
 42%|████▏     | 31/73 [00:21<00:27,  1.55it/s]
 44%|████▍     | 32/73 [00:21<00:26,  1.56it/s]
 45%|████▌     | 33/73 [00:22<00:25,  1.55it/s]
 47%|████▋     | 34/73 [00:22<00:25,  1.54it/s]
 48%|████▊     | 35/73 [00:23<00:24,  1.54it/s]
 49%|████▉     | 36/73 [00:24<00:23,  1.55it/s]
 51%|█████     | 37/73 [00:24<00:23,  1.55it/s]
 52%|█████▏    | 38/73 [00:25<00:22,  1.56it/s]
 53%|█████▎    | 39/73 [00:26<00:21,  1.57it/s]
 55%|█████▍    | 40/73 [00:26<00:21,  1.56it/s]
 56%|█████▌    | 41/73 [00:27<00:20,  1.57it/s]
 58%|█████▊    | 42/73 [00:28<00:19,  1.55it/s]
 59%|█████▉    | 43/73 [00:28<00:19,  1.55it/s]
 60%|██████    | 44/73 [00:29<00:19,  1.48it/s]
 62%|██████▏   | 45/73 [00:30<00:18,  1.51it/s]
 63%|██████▎   | 46/73 [00:30<00:17,  1.50it/s]
 64%|██████▍   | 47/73 [00:31<00:17,  1.51it/s]
 66%|██████▌   | 48/73 [00:32<00:16,  1.52it/s]
 67%|██████▋   | 49/73 [00:32<00:15,  1.52it/s]
 68%|██████▊   | 50/73 [00:33<00:15,  1.49it/s]
 70%|██████▉   | 51/73 [00:34<00:15,  1.40it/s]
 71%|███████   | 52/73 [00:35<00:15,  1.35it/s]
 73%|███████▎  | 53/73 [00:35<00:14,  1.37it/s]
 74%|███████▍  | 54/73 [00:36<00:13,  1.37it/s]
 75%|███████▌  | 55/73 [00:37<00:13,  1.38it/s]
 77%|███████▋  | 56/73 [00:37<00:12,  1.35it/s]
 78%|███████▊  | 57/73 [00:38<00:11,  1.37it/s]
 79%|███████▉  | 58/73 [00:39<00:10,  1.38it/s]
 81%|████████  | 59/73 [00:40<00:10,  1.34it/s]
 82%|████████▏ | 60/73 [00:40<00:09,  1.36it/s]
 84%|████████▎ | 61/73 [00:41<00:08,  1.40it/s]
 85%|████████▍ | 62/73 [00:42<00:07,  1.39it/s]
 86%|████████▋ | 63/73 [00:43<00:07,  1.33it/s]
 88%|████████▊ | 64/73 [00:43<00:06,  1.35it/s]
 89%|████████▉ | 65/73 [00:44<00:06,  1.33it/s]
 90%|█████████ | 66/73 [00:45<00:05,  1.34it/s]
 92%|█████████▏| 67/73 [00:46<00:04,  1.35it/s]
 93%|█████████▎| 68/73 [00:46<00:03,  1.32it/s]
 95%|█████████▍| 69/73 [00:47<00:03,  1.26it/s]
 96%|█████████▌| 70/73 [00:48<00:02,  1.25it/s]
 97%|█████████▋| 71/73 [00:49<00:01,  1.27it/s]
 99%|█████████▊| 72/73 [00:50<00:00,  1.30it/s]
100%|██████████| 73/73 [00:50<00:00,  1.64it/s]
100%|██████████| 73/73 [00:50<00:00,  1.45it/s]
Evaluation for task 4 has started.
['Worm_eating_Warbler', 'Western_Meadowlark', 'Yellow_throated_Vireo', 'American_Crow', 'Black_Tern', 'Common_Yellowthroat', 'Elegant_Tern', 'Gadwall', 'Bobolink', 'Chestnut_sided_Warbler', 'Florida_Jay', 'Boat_tailed_Grackle', 'Myrtle_Warbler', 'Great_Crested_Flycatcher', 'Least_Tern', 'Dark_eyed_Junco', 'Cardinal', 'Painted_Bunting', 'Brown_Creeper', 'Red_eyed_Vireo']

  0%|          | 0/6 [00:00<?, ?it/s]
 17%|█▋        | 1/6 [00:01<00:08,  1.65s/it]
 33%|███▎      | 2/6 [00:02<00:04,  1.19s/it]
 50%|█████     | 3/6 [00:03<00:03,  1.13s/it]
 67%|██████▋   | 4/6 [00:04<00:02,  1.10s/it]
 83%|████████▎ | 5/6 [00:05<00:01,  1.02s/it]
100%|██████████| 6/6 [00:07<00:00,  1.25s/it]
100%|██████████| 6/6 [00:07<00:00,  1.20s/it]

  0%|          | 0/82 [00:00<?, ?it/s]
  1%|          | 1/82 [00:00<01:03,  1.28it/s]
  2%|▏         | 2/82 [00:01<01:02,  1.28it/s]
  4%|▎         | 3/82 [00:02<00:59,  1.33it/s]
  5%|▍         | 4/82 [00:03<00:58,  1.34it/s]
  6%|▌         | 5/82 [00:03<00:57,  1.33it/s]
  7%|▋         | 6/82 [00:04<00:58,  1.30it/s]
  9%|▊         | 7/82 [00:05<00:57,  1.30it/s]
 10%|▉         | 8/82 [00:06<00:57,  1.29it/s]
 11%|█         | 9/82 [00:06<00:54,  1.35it/s]
 12%|█▏        | 10/82 [00:07<00:51,  1.40it/s]
 13%|█▎        | 11/82 [00:08<00:54,  1.31it/s]
 15%|█▍        | 12/82 [00:09<00:56,  1.24it/s]
 16%|█▌        | 13/82 [00:10<00:55,  1.24it/s]
 17%|█▋        | 14/82 [00:10<00:55,  1.23it/s]
 18%|█▊        | 15/82 [00:11<00:54,  1.24it/s]
 20%|█▉        | 16/82 [00:12<00:51,  1.27it/s]
 21%|██        | 17/82 [00:13<00:51,  1.26it/s]
 22%|██▏       | 18/82 [00:14<00:50,  1.26it/s]
 23%|██▎       | 19/82 [00:14<00:50,  1.25it/s]
 24%|██▍       | 20/82 [00:15<00:51,  1.21it/s]
 26%|██▌       | 21/82 [00:16<00:49,  1.23it/s]
 27%|██▋       | 22/82 [00:17<00:48,  1.24it/s]
 28%|██▊       | 23/82 [00:17<00:45,  1.31it/s]
 29%|██▉       | 24/82 [00:18<00:44,  1.30it/s]
 30%|███       | 25/82 [00:19<00:43,  1.32it/s]
 32%|███▏      | 26/82 [00:20<00:43,  1.29it/s]
 33%|███▎      | 27/82 [00:21<00:42,  1.29it/s]
 34%|███▍      | 28/82 [00:21<00:39,  1.36it/s]
 35%|███▌      | 29/82 [00:22<00:38,  1.37it/s]
 37%|███▋      | 30/82 [00:23<00:38,  1.35it/s]
 38%|███▊      | 31/82 [00:23<00:37,  1.35it/s]
 39%|███▉      | 32/82 [00:24<00:37,  1.32it/s]
 40%|████      | 33/82 [00:25<00:38,  1.26it/s]
 41%|████▏     | 34/82 [00:26<00:37,  1.28it/s]
 43%|████▎     | 35/82 [00:27<00:35,  1.31it/s]
 44%|████▍     | 36/82 [00:27<00:34,  1.32it/s]
 45%|████▌     | 37/82 [00:28<00:35,  1.28it/s]
 46%|████▋     | 38/82 [00:29<00:37,  1.16it/s]
 48%|████▊     | 39/82 [00:30<00:35,  1.21it/s]
 49%|████▉     | 40/82 [00:31<00:33,  1.25it/s]
 50%|█████     | 41/82 [00:31<00:31,  1.30it/s]
 51%|█████     | 42/82 [00:32<00:30,  1.31it/s]
 52%|█████▏    | 43/82 [00:33<00:28,  1.35it/s]
 54%|█████▎    | 44/82 [00:34<00:28,  1.32it/s]
 55%|█████▍    | 45/82 [00:34<00:27,  1.33it/s]
 56%|█████▌    | 46/82 [00:35<00:25,  1.39it/s]
 57%|█████▋    | 47/82 [00:36<00:24,  1.42it/s]
 59%|█████▊    | 48/82 [00:36<00:23,  1.45it/s]
 60%|█████▉    | 49/82 [00:37<00:22,  1.47it/s]
 61%|██████    | 50/82 [00:38<00:21,  1.50it/s]
 62%|██████▏   | 51/82 [00:38<00:20,  1.51it/s]
 63%|██████▎   | 52/82 [00:39<00:19,  1.51it/s]
 65%|██████▍   | 53/82 [00:40<00:21,  1.37it/s]
 66%|██████▌   | 54/82 [00:41<00:25,  1.12it/s]
 67%|██████▋   | 55/82 [00:42<00:24,  1.10it/s]
 68%|██████▊   | 56/82 [00:43<00:24,  1.08it/s]
 70%|██████▉   | 57/82 [00:45<00:28,  1.15s/it]
 71%|███████   | 58/82 [00:45<00:25,  1.04s/it]
 72%|███████▏  | 59/82 [00:46<00:23,  1.02s/it]
 73%|███████▎  | 60/82 [00:48<00:23,  1.07s/it]
 74%|███████▍  | 61/82 [00:49<00:21,  1.03s/it]
 76%|███████▌  | 62/82 [00:50<00:20,  1.01s/it]
 77%|███████▋  | 63/82 [00:51<00:20,  1.09s/it]
 78%|███████▊  | 64/82 [00:52<00:19,  1.09s/it]
 79%|███████▉  | 65/82 [00:53<00:19,  1.13s/it]
 80%|████████  | 66/82 [00:54<00:17,  1.09s/it]
 82%|████████▏ | 67/82 [00:55<00:16,  1.11s/it]
 83%|████████▎ | 68/82 [00:56<00:15,  1.10s/it]
 84%|████████▍ | 69/82 [00:57<00:13,  1.04s/it]
 85%|████████▌ | 70/82 [00:58<00:12,  1.06s/it]
 87%|████████▋ | 71/82 [00:59<00:11,  1.05s/it]
 88%|████████▊ | 72/82 [01:00<00:10,  1.03s/it]
 89%|████████▉ | 73/82 [01:02<00:10,  1.18s/it]
 90%|█████████ | 74/82 [01:03<00:08,  1.10s/it]
 91%|█████████▏| 75/82 [01:04<00:07,  1.00s/it]
 93%|█████████▎| 76/82 [01:04<00:05,  1.08it/s]
 94%|█████████▍| 77/82 [01:05<00:04,  1.17it/s]
 95%|█████████▌| 78/82 [01:06<00:03,  1.25it/s]
 96%|█████████▋| 79/82 [01:06<00:02,  1.31it/s]
 98%|█████████▊| 80/82 [01:07<00:01,  1.36it/s]
 99%|█████████▉| 81/82 [01:08<00:00,  1.40it/s]
100%|██████████| 82/82 [01:08<00:00,  1.62it/s]
100%|██████████| 82/82 [01:08<00:00,  1.19it/s]
Evaluation for task 5 has started.
['Prothonotary_Warbler', 'Red_headed_Woodpecker', 'Green_Kingfisher', 'Tree_Swallow', 'Brewer_Sparrow', 'Crested_Auklet', 'Rose_breasted_Grosbeak', 'Field_Sparrow', 'Pied_billed_Grebe', 'Forsters_Tern', 'Belted_Kingfisher', 'Blue_Jay', 'Pileated_Woodpecker', 'Blue_winged_Warbler', 'Harris_Sparrow', 'Ovenbird', 'Orchard_Oriole', 'Horned_Puffin', 'Mallard', 'Golden_winged_Warbler']

  0%|          | 0/6 [00:00<?, ?it/s]
 17%|█▋        | 1/6 [00:01<00:08,  1.64s/it]
 33%|███▎      | 2/6 [00:02<00:04,  1.18s/it]
 50%|█████     | 3/6 [00:03<00:03,  1.13s/it]
 67%|██████▋   | 4/6 [00:04<00:02,  1.10s/it]
 83%|████████▎ | 5/6 [00:05<00:01,  1.02s/it]
100%|██████████| 6/6 [00:07<00:00,  1.28s/it]
100%|██████████| 6/6 [00:07<00:00,  1.21s/it]

  0%|          | 0/91 [00:00<?, ?it/s]
  1%|          | 1/91 [00:00<01:02,  1.44it/s]
  2%|▏         | 2/91 [00:01<01:00,  1.46it/s]
  3%|▎         | 3/91 [00:02<00:59,  1.49it/s]
  4%|▍         | 4/91 [00:02<00:58,  1.49it/s]
  5%|▌         | 5/91 [00:03<00:57,  1.49it/s]
  7%|▋         | 6/91 [00:04<00:57,  1.48it/s]
  8%|▊         | 7/91 [00:04<00:57,  1.47it/s]
  9%|▉         | 8/91 [00:05<00:59,  1.38it/s]
 10%|▉         | 9/91 [00:06<00:59,  1.37it/s]
 11%|█         | 10/91 [00:06<00:57,  1.41it/s]
 12%|█▏        | 11/91 [00:07<00:57,  1.40it/s]
 13%|█▎        | 12/91 [00:08<00:57,  1.37it/s]
 14%|█▍        | 13/91 [00:09<00:57,  1.36it/s]
 15%|█▌        | 14/91 [00:09<00:57,  1.35it/s]
 16%|█▋        | 15/91 [00:10<00:54,  1.38it/s]
 18%|█▊        | 16/91 [00:11<00:56,  1.32it/s]
 19%|█▊        | 17/91 [00:12<00:57,  1.29it/s]
 20%|█▉        | 18/91 [00:13<00:55,  1.31it/s]
 21%|██        | 19/91 [00:13<00:53,  1.35it/s]
 22%|██▏       | 20/91 [00:14<00:51,  1.38it/s]
 23%|██▎       | 21/91 [00:15<00:49,  1.42it/s]
 24%|██▍       | 22/91 [00:15<00:47,  1.44it/s]
 25%|██▌       | 23/91 [00:16<00:46,  1.46it/s]
 26%|██▋       | 24/91 [00:17<00:45,  1.46it/s]
 27%|██▋       | 25/91 [00:17<00:45,  1.46it/s]
 29%|██▊       | 26/91 [00:18<00:44,  1.47it/s]
 30%|██▉       | 27/91 [00:19<00:43,  1.47it/s]
 31%|███       | 28/91 [00:19<00:42,  1.48it/s]
 32%|███▏      | 29/91 [00:20<00:41,  1.50it/s]
 33%|███▎      | 30/91 [00:21<00:40,  1.49it/s]
 34%|███▍      | 31/91 [00:21<00:39,  1.50it/s]
 35%|███▌      | 32/91 [00:22<00:38,  1.53it/s]
 36%|███▋      | 33/91 [00:23<00:42,  1.37it/s]
 37%|███▋      | 34/91 [00:23<00:40,  1.40it/s]
 38%|███▊      | 35/91 [00:24<00:39,  1.42it/s]
 40%|███▉      | 36/91 [00:25<00:38,  1.44it/s]
 41%|████      | 37/91 [00:25<00:37,  1.46it/s]
 42%|████▏     | 38/91 [00:26<00:37,  1.43it/s]
 43%|████▎     | 39/91 [00:27<00:36,  1.44it/s]
 44%|████▍     | 40/91 [00:28<00:34,  1.46it/s]
 45%|████▌     | 41/91 [00:28<00:34,  1.47it/s]
 46%|████▌     | 42/91 [00:29<00:35,  1.38it/s]
 47%|████▋     | 43/91 [00:30<00:35,  1.36it/s]
 48%|████▊     | 44/91 [00:31<00:34,  1.36it/s]
 49%|████▉     | 45/91 [00:31<00:34,  1.35it/s]
 51%|█████     | 46/91 [00:32<00:33,  1.35it/s]
 52%|█████▏    | 47/91 [00:33<00:32,  1.37it/s]
 53%|█████▎    | 48/91 [00:33<00:30,  1.41it/s]
 54%|█████▍    | 49/91 [00:34<00:29,  1.42it/s]
 55%|█████▍    | 50/91 [00:35<00:28,  1.45it/s]
 56%|█████▌    | 51/91 [00:35<00:27,  1.46it/s]
 57%|█████▋    | 52/91 [00:36<00:26,  1.47it/s]
 58%|█████▊    | 53/91 [00:37<00:25,  1.47it/s]
 59%|█████▉    | 54/91 [00:37<00:25,  1.47it/s]
 60%|██████    | 55/91 [00:38<00:24,  1.48it/s]
 62%|██████▏   | 56/91 [00:39<00:23,  1.49it/s]
 63%|██████▎   | 57/91 [00:40<00:23,  1.46it/s]
 64%|██████▎   | 58/91 [00:40<00:24,  1.35it/s]
 65%|██████▍   | 59/91 [00:41<00:23,  1.37it/s]
 66%|██████▌   | 60/91 [00:42<00:22,  1.40it/s]
 67%|██████▋   | 61/91 [00:42<00:21,  1.42it/s]
 68%|██████▊   | 62/91 [00:43<00:20,  1.44it/s]
 69%|██████▉   | 63/91 [00:44<00:19,  1.44it/s]
 70%|███████   | 64/91 [00:44<00:18,  1.46it/s]
 71%|███████▏  | 65/91 [00:45<00:17,  1.48it/s]
 73%|███████▎  | 66/91 [00:46<00:16,  1.49it/s]
 74%|███████▎  | 67/91 [00:46<00:16,  1.49it/s]
 75%|███████▍  | 68/91 [00:47<00:15,  1.49it/s]
 76%|███████▌  | 69/91 [00:48<00:14,  1.49it/s]
 77%|███████▋  | 70/91 [00:49<00:14,  1.47it/s]
 78%|███████▊  | 71/91 [00:49<00:13,  1.49it/s]
 79%|███████▉  | 72/91 [00:50<00:12,  1.49it/s]
 80%|████████  | 73/91 [00:51<00:13,  1.38it/s]
 81%|████████▏ | 74/91 [00:51<00:12,  1.40it/s]
 82%|████████▏ | 75/91 [00:52<00:11,  1.36it/s]
 84%|████████▎ | 76/91 [00:53<00:10,  1.39it/s]
 85%|████████▍ | 77/91 [00:54<00:09,  1.40it/s]
 86%|████████▌ | 78/91 [00:54<00:09,  1.43it/s]
 87%|████████▋ | 79/91 [00:55<00:08,  1.44it/s]
 88%|████████▊ | 80/91 [00:56<00:07,  1.45it/s]
 89%|████████▉ | 81/91 [00:56<00:06,  1.45it/s]
 90%|█████████ | 82/91 [00:57<00:06,  1.46it/s]
 91%|█████████ | 83/91 [00:58<00:05,  1.46it/s]
 92%|█████████▏| 84/91 [00:58<00:04,  1.47it/s]
 93%|█████████▎| 85/91 [00:59<00:04,  1.46it/s]
 95%|█████████▍| 86/91 [01:00<00:03,  1.46it/s]
 96%|█████████▌| 87/91 [01:00<00:02,  1.46it/s]
 97%|█████████▋| 88/91 [01:01<00:02,  1.46it/s]
 98%|█████████▊| 89/91 [01:02<00:01,  1.46it/s]
 99%|█████████▉| 90/91 [01:02<00:00,  1.46it/s]
100%|██████████| 91/91 [01:03<00:00,  1.65it/s]
100%|██████████| 91/91 [01:03<00:00,  1.44it/s]

========================================
Finished cub200_init100_inc20
Backbone: OpenAI CLIP
Base Accuracy: 68.4
Last Accuracy: 56.14
Average Accuracy (Top1): 60.91
========================================
