nohup: 忽略输入
2025-11-28 10:33:37,384 [main.py] => config: ./config/pf_cifar_5_5.json
2025-11-28 10:33:37,384 [main.py] => model_type: PF
2025-11-28 10:33:37,384 [main.py] => dataset: Cifar
2025-11-28 10:33:37,384 [main.py] => file_root: /home/team/zhaohongwei/Code/Research/Awesome-MMCL/PromptFusion
2025-11-28 10:33:37,384 [main.py] => data_root: /home/team/zhaohongwei/Dataset
2025-11-28 10:33:37,384 [main.py] => backbone: ViT-B-16
2025-11-28 10:33:37,384 [main.py] => herding_method: barycenter
2025-11-28 10:33:37,384 [main.py] => device: cuda
2025-11-28 10:33:37,384 [main.py] => ngpus: 1
2025-11-28 10:33:37,384 [main.py] => batch_size: 32
2025-11-28 10:33:37,384 [main.py] => memory_size: 5000
2025-11-28 10:33:37,384 [main.py] => step: 20
2025-11-28 10:33:37,384 [main.py] => epoch: 3
2025-11-28 10:33:37,384 [main.py] => learning_rate: 0.002
2025-11-28 10:33:37,385 [main.py] => weight_decay: 0.0001
2025-11-28 10:33:37,385 [main.py] => M: 30
2025-11-28 10:33:37,385 [main.py] => vpt_prompt_length: 30
2025-11-28 10:33:37,385 [main.py] => clip_image_prompt_length: 30
2025-11-28 10:33:37,385 [main.py] => output_folder: /home/team/zhaohongwei/Code/Research/Awesome-MMCL/PromptFusion/PF/Cifar/ViT-B-16/
Files already downloaded and verified
Files already downloaded and verified
2025-11-28 10:33:46,226 [vision_transformer.py] => Resized position embedding: torch.Size([1, 197, 768]) to torch.Size([1, 227, 768])
2025-11-28 10:33:46,226 [vision_transformer.py] => Position embedding grid-size from [14, 14] to (14, 14)
2025-11-28 10:33:46,625 [train_pf.py] => Start Training Task 1
2025-11-28 10:33:46,630 [train_pf.py] => number of trainable params: 199941
2025-11-28 10:33:46,631 [train_pf.py] => total number of params: 210345478

  0%|          | 0/3 [00:00<?, ?it/s]
Task 1, Epoch 1/3 => Loss 0.262:   0%|          | 0/3 [00:38<?, ?it/s]
Task 1, Epoch 1/3 => Loss 0.262:  33%|███▎      | 1/3 [00:38<01:17, 38.80s/it]
Task 1, Epoch 2/3 => Loss 0.063:  33%|███▎      | 1/3 [01:17<01:17, 38.80s/it]
Task 1, Epoch 2/3 => Loss 0.063:  67%|██████▋   | 2/3 [01:17<00:38, 38.63s/it]
Task 1, Epoch 3/3 => Loss 0.043:  67%|██████▋   | 2/3 [01:55<00:38, 38.63s/it]
Task 1, Epoch 3/3 => Loss 0.043: 100%|██████████| 3/3 [01:55<00:00, 38.62s/it]
Task 1, Epoch 3/3 => Loss 0.043: 100%|██████████| 3/3 [01:55<00:00, 38.64s/it]
2025-11-28 10:35:52,551 [train_pf.py] => Task 1 Average Accuracy is 0.982
[[0.982 0.    0.    0.    0.    0.    0.    0.    0.    0.    0.    0.
  0.    0.    0.    0.    0.    0.    0.    0.   ]
 [0.    0.    0.    0.    0.    0.    0.    0.    0.    0.    0.    0.
  0.    0.    0.    0.    0.    0.    0.    0.   ]
 [0.    0.    0.    0.    0.    0.    0.    0.    0.    0.    0.    0.
  0.    0.    0.    0.    0.    0.    0.    0.   ]
 [0.    0.    0.    0.    0.    0.    0.    0.    0.    0.    0.    0.
  0.    0.    0.    0.    0.    0.    0.    0.   ]
 [0.    0.    0.    0.    0.    0.    0.    0.    0.    0.    0.    0.
  0.    0.    0.    0.    0.    0.    0.    0.   ]
 [0.    0.    0.    0.    0.    0.    0.    0.    0.    0.    0.    0.
  0.    0.    0.    0.    0.    0.    0.    0.   ]
 [0.    0.    0.    0.    0.    0.    0.    0.    0.    0.    0.    0.
  0.    0.    0.    0.    0.    0.    0.    0.   ]
 [0.    0.    0.    0.    0.    0.    0.    0.    0.    0.    0.    0.
  0.    0.    0.    0.    0.    0.    0.    0.   ]
 [0.    0.    0.    0.    0.    0.    0.    0.    0.    0.    0.    0.
  0.    0.    0.    0.    0.    0.    0.    0.   ]
 [0.    0.    0.    0.    0.    0.    0.    0.    0.    0.    0.    0.
  0.    0.    0.    0.    0.    0.    0.    0.   ]
 [0.    0.    0.    0.    0.    0.    0.    0.    0.    0.    0.    0.
  0.    0.    0.    0.    0.    0.    0.    0.   ]
 [0.    0.    0.    0.    0.    0.    0.    0.    0.    0.    0.    0.
  0.    0.    0.    0.    0.    0.    0.    0.   ]
 [0.    0.    0.    0.    0.    0.    0.    0.    0.    0.    0.    0.
  0.    0.    0.    0.    0.    0.    0.    0.   ]
 [0.    0.    0.    0.    0.    0.    0.    0.    0.    0.    0.    0.
  0.    0.    0.    0.    0.    0.    0.    0.   ]
 [0.    0.    0.    0.    0.    0.    0.    0.    0.    0.    0.    0.
  0.    0.    0.    0.    0.    0.    0.    0.   ]
 [0.    0.    0.    0.    0.    0.    0.    0.    0.    0.    0.    0.
  0.    0.    0.    0.    0.    0.    0.    0.   ]
 [0.    0.    0.    0.    0.    0.    0.    0.    0.    0.    0.    0.
  0.    0.    0.    0.    0.    0.    0.    0.   ]
 [0.    0.    0.    0.    0.    0.    0.    0.    0.    0.    0.    0.
  0.    0.    0.    0.    0.    0.    0.    0.   ]
 [0.    0.    0.    0.    0.    0.    0.    0.    0.    0.    0.    0.
  0.    0.    0.    0.    0.    0.    0.    0.   ]
 [0.    0.    0.    0.    0.    0.    0.    0.    0.    0.    0.    0.
  0.    0.    0.    0.    0.    0.    0.    0.   ]]
2025-11-28 10:36:00,826 [train_pf.py] => Start Training Task 2
2025-11-28 10:36:00,854 [train_pf.py] => number of trainable params: 200101
2025-11-28 10:36:00,856 [train_pf.py] => total number of params: 210345638

  0%|          | 0/3 [00:00<?, ?it/s]
Task 2, Epoch 1/3 => Loss 0.081:   0%|          | 0/3 [01:17<?, ?it/s]
Task 2, Epoch 1/3 => Loss 0.081:  33%|███▎      | 1/3 [01:17<02:35, 77.83s/it]
Task 2, Epoch 2/3 => Loss 0.027:  33%|███▎      | 1/3 [02:35<02:35, 77.83s/it]
Task 2, Epoch 2/3 => Loss 0.027:  67%|██████▋   | 2/3 [02:35<01:17, 77.98s/it]
Task 2, Epoch 3/3 => Loss 0.018:  67%|██████▋   | 2/3 [03:53<01:17, 77.98s/it]
Task 2, Epoch 3/3 => Loss 0.018: 100%|██████████| 3/3 [03:53<00:00, 77.98s/it]
Task 2, Epoch 3/3 => Loss 0.018: 100%|██████████| 3/3 [03:53<00:00, 77.97s/it]
2025-11-28 10:40:17,136 [train_pf.py] => Task 2 Average Accuracy is 0.986
[[0.982 0.98  0.    0.    0.    0.    0.    0.    0.    0.    0.    0.
  0.    0.    0.    0.    0.    0.    0.    0.   ]
 [0.    0.992 0.    0.    0.    0.    0.    0.    0.    0.    0.    0.
  0.    0.    0.    0.    0.    0.    0.    0.   ]
 [0.    0.    0.    0.    0.    0.    0.    0.    0.    0.    0.    0.
  0.    0.    0.    0.    0.    0.    0.    0.   ]
 [0.    0.    0.    0.    0.    0.    0.    0.    0.    0.    0.    0.
  0.    0.    0.    0.    0.    0.    0.    0.   ]
 [0.    0.    0.    0.    0.    0.    0.    0.    0.    0.    0.    0.
  0.    0.    0.    0.    0.    0.    0.    0.   ]
 [0.    0.    0.    0.    0.    0.    0.    0.    0.    0.    0.    0.
  0.    0.    0.    0.    0.    0.    0.    0.   ]
 [0.    0.    0.    0.    0.    0.    0.    0.    0.    0.    0.    0.
  0.    0.    0.    0.    0.    0.    0.    0.   ]
 [0.    0.    0.    0.    0.    0.    0.    0.    0.    0.    0.    0.
  0.    0.    0.    0.    0.    0.    0.    0.   ]
 [0.    0.    0.    0.    0.    0.    0.    0.    0.    0.    0.    0.
  0.    0.    0.    0.    0.    0.    0.    0.   ]
 [0.    0.    0.    0.    0.    0.    0.    0.    0.    0.    0.    0.
  0.    0.    0.    0.    0.    0.    0.    0.   ]
 [0.    0.    0.    0.    0.    0.    0.    0.    0.    0.    0.    0.
  0.    0.    0.    0.    0.    0.    0.    0.   ]
 [0.    0.    0.    0.    0.    0.    0.    0.    0.    0.    0.    0.
  0.    0.    0.    0.    0.    0.    0.    0.   ]
 [0.    0.    0.    0.    0.    0.    0.    0.    0.    0.    0.    0.
  0.    0.    0.    0.    0.    0.    0.    0.   ]
 [0.    0.    0.    0.    0.    0.    0.    0.    0.    0.    0.    0.
  0.    0.    0.    0.    0.    0.    0.    0.   ]
 [0.    0.    0.    0.    0.    0.    0.    0.    0.    0.    0.    0.
  0.    0.    0.    0.    0.    0.    0.    0.   ]
 [0.    0.    0.    0.    0.    0.    0.    0.    0.    0.    0.    0.
  0.    0.    0.    0.    0.    0.    0.    0.   ]
 [0.    0.    0.    0.    0.    0.    0.    0.    0.    0.    0.    0.
  0.    0.    0.    0.    0.    0.    0.    0.   ]
 [0.    0.    0.    0.    0.    0.    0.    0.    0.    0.    0.    0.
  0.    0.    0.    0.    0.    0.    0.    0.   ]
 [0.    0.    0.    0.    0.    0.    0.    0.    0.    0.    0.    0.
  0.    0.    0.    0.    0.    0.    0.    0.   ]
 [0.    0.    0.    0.    0.    0.    0.    0.    0.    0.    0.    0.
  0.    0.    0.    0.    0.    0.    0.    0.   ]]
2025-11-28 10:40:31,751 [train_pf.py] => Start Training Task 3
2025-11-28 10:40:31,759 [train_pf.py] => number of trainable params: 200261
2025-11-28 10:40:31,761 [train_pf.py] => total number of params: 210345798

  0%|          | 0/3 [00:00<?, ?it/s]
Task 3, Epoch 1/3 => Loss 0.128:   0%|          | 0/3 [01:58<?, ?it/s]
Task 3, Epoch 1/3 => Loss 0.128:  33%|███▎      | 1/3 [01:58<03:56, 118.47s/it]
Task 3, Epoch 2/3 => Loss 0.068:  33%|███▎      | 1/3 [03:56<03:56, 118.47s/it]
Task 3, Epoch 2/3 => Loss 0.068:  67%|██████▋   | 2/3 [03:56<01:58, 118.43s/it]
Task 3, Epoch 3/3 => Loss 0.050:  67%|██████▋   | 2/3 [05:55<01:58, 118.43s/it]
Task 3, Epoch 3/3 => Loss 0.050: 100%|██████████| 3/3 [05:55<00:00, 118.40s/it]
Task 3, Epoch 3/3 => Loss 0.050: 100%|██████████| 3/3 [05:55<00:00, 118.42s/it]
2025-11-28 10:47:03,518 [train_pf.py] => Task 3 Average Accuracy is 0.969
[[0.982 0.98  0.962 0.    0.    0.    0.    0.    0.    0.    0.    0.
  0.    0.    0.    0.    0.    0.    0.    0.   ]
 [0.    0.992 0.988 0.    0.    0.    0.    0.    0.    0.    0.    0.
  0.    0.    0.    0.    0.    0.    0.    0.   ]
 [0.    0.    0.956 0.    0.    0.    0.    0.    0.    0.    0.    0.
  0.    0.    0.    0.    0.    0.    0.    0.   ]
 [0.    0.    0.    0.    0.    0.    0.    0.    0.    0.    0.    0.
  0.    0.    0.    0.    0.    0.    0.    0.   ]
 [0.    0.    0.    0.    0.    0.    0.    0.    0.    0.    0.    0.
  0.    0.    0.    0.    0.    0.    0.    0.   ]
 [0.    0.    0.    0.    0.    0.    0.    0.    0.    0.    0.    0.
  0.    0.    0.    0.    0.    0.    0.    0.   ]
 [0.    0.    0.    0.    0.    0.    0.    0.    0.    0.    0.    0.
  0.    0.    0.    0.    0.    0.    0.    0.   ]
 [0.    0.    0.    0.    0.    0.    0.    0.    0.    0.    0.    0.
  0.    0.    0.    0.    0.    0.    0.    0.   ]
 [0.    0.    0.    0.    0.    0.    0.    0.    0.    0.    0.    0.
  0.    0.    0.    0.    0.    0.    0.    0.   ]
 [0.    0.    0.    0.    0.    0.    0.    0.    0.    0.    0.    0.
  0.    0.    0.    0.    0.    0.    0.    0.   ]
 [0.    0.    0.    0.    0.    0.    0.    0.    0.    0.    0.    0.
  0.    0.    0.    0.    0.    0.    0.    0.   ]
 [0.    0.    0.    0.    0.    0.    0.    0.    0.    0.    0.    0.
  0.    0.    0.    0.    0.    0.    0.    0.   ]
 [0.    0.    0.    0.    0.    0.    0.    0.    0.    0.    0.    0.
  0.    0.    0.    0.    0.    0.    0.    0.   ]
 [0.    0.    0.    0.    0.    0.    0.    0.    0.    0.    0.    0.
  0.    0.    0.    0.    0.    0.    0.    0.   ]
 [0.    0.    0.    0.    0.    0.    0.    0.    0.    0.    0.    0.
  0.    0.    0.    0.    0.    0.    0.    0.   ]
 [0.    0.    0.    0.    0.    0.    0.    0.    0.    0.    0.    0.
  0.    0.    0.    0.    0.    0.    0.    0.   ]
 [0.    0.    0.    0.    0.    0.    0.    0.    0.    0.    0.    0.
  0.    0.    0.    0.    0.    0.    0.    0.   ]
 [0.    0.    0.    0.    0.    0.    0.    0.    0.    0.    0.    0.
  0.    0.    0.    0.    0.    0.    0.    0.   ]
 [0.    0.    0.    0.    0.    0.    0.    0.    0.    0.    0.    0.
  0.    0.    0.    0.    0.    0.    0.    0.   ]
 [0.    0.    0.    0.    0.    0.    0.    0.    0.    0.    0.    0.
  0.    0.    0.    0.    0.    0.    0.    0.   ]]
2025-11-28 10:47:24,502 [train_pf.py] => Start Training Task 4
2025-11-28 10:47:24,510 [train_pf.py] => number of trainable params: 200421
2025-11-28 10:47:24,512 [train_pf.py] => total number of params: 210345958

  0%|          | 0/3 [00:00<?, ?it/s]
Task 4, Epoch 1/3 => Loss 0.167:   0%|          | 0/3 [02:00<?, ?it/s]
Task 4, Epoch 1/3 => Loss 0.167:  33%|███▎      | 1/3 [02:00<04:00, 120.16s/it]
Task 4, Epoch 2/3 => Loss 0.092:  33%|███▎      | 1/3 [04:00<04:00, 120.16s/it]
Task 4, Epoch 2/3 => Loss 0.092:  67%|██████▋   | 2/3 [04:00<01:59, 119.98s/it]
Task 4, Epoch 3/3 => Loss 0.069:  67%|██████▋   | 2/3 [05:59<01:59, 119.98s/it]
Task 4, Epoch 3/3 => Loss 0.069: 100%|██████████| 3/3 [05:59<00:00, 119.90s/it]
Task 4, Epoch 3/3 => Loss 0.069: 100%|██████████| 3/3 [05:59<00:00, 119.94s/it]
2025-11-28 10:54:18,173 [train_pf.py] => Task 4 Average Accuracy is 0.969
[[0.982 0.98  0.962 0.966 0.    0.    0.    0.    0.    0.    0.    0.
  0.    0.    0.    0.    0.    0.    0.    0.   ]
 [0.    0.992 0.988 0.986 0.    0.    0.    0.    0.    0.    0.    0.
  0.    0.    0.    0.    0.    0.    0.    0.   ]
 [0.    0.    0.956 0.96  0.    0.    0.    0.    0.    0.    0.    0.
  0.    0.    0.    0.    0.    0.    0.    0.   ]
 [0.    0.    0.    0.964 0.    0.    0.    0.    0.    0.    0.    0.
  0.    0.    0.    0.    0.    0.    0.    0.   ]
 [0.    0.    0.    0.    0.    0.    0.    0.    0.    0.    0.    0.
  0.    0.    0.    0.    0.    0.    0.    0.   ]
 [0.    0.    0.    0.    0.    0.    0.    0.    0.    0.    0.    0.
  0.    0.    0.    0.    0.    0.    0.    0.   ]
 [0.    0.    0.    0.    0.    0.    0.    0.    0.    0.    0.    0.
  0.    0.    0.    0.    0.    0.    0.    0.   ]
 [0.    0.    0.    0.    0.    0.    0.    0.    0.    0.    0.    0.
  0.    0.    0.    0.    0.    0.    0.    0.   ]
 [0.    0.    0.    0.    0.    0.    0.    0.    0.    0.    0.    0.
  0.    0.    0.    0.    0.    0.    0.    0.   ]
 [0.    0.    0.    0.    0.    0.    0.    0.    0.    0.    0.    0.
  0.    0.    0.    0.    0.    0.    0.    0.   ]
 [0.    0.    0.    0.    0.    0.    0.    0.    0.    0.    0.    0.
  0.    0.    0.    0.    0.    0.    0.    0.   ]
 [0.    0.    0.    0.    0.    0.    0.    0.    0.    0.    0.    0.
  0.    0.    0.    0.    0.    0.    0.    0.   ]
 [0.    0.    0.    0.    0.    0.    0.    0.    0.    0.    0.    0.
  0.    0.    0.    0.    0.    0.    0.    0.   ]
 [0.    0.    0.    0.    0.    0.    0.    0.    0.    0.    0.    0.
  0.    0.    0.    0.    0.    0.    0.    0.   ]
 [0.    0.    0.    0.    0.    0.    0.    0.    0.    0.    0.    0.
  0.    0.    0.    0.    0.    0.    0.    0.   ]
 [0.    0.    0.    0.    0.    0.    0.    0.    0.    0.    0.    0.
  0.    0.    0.    0.    0.    0.    0.    0.   ]
 [0.    0.    0.    0.    0.    0.    0.    0.    0.    0.    0.    0.
  0.    0.    0.    0.    0.    0.    0.    0.   ]
 [0.    0.    0.    0.    0.    0.    0.    0.    0.    0.    0.    0.
  0.    0.    0.    0.    0.    0.    0.    0.   ]
 [0.    0.    0.    0.    0.    0.    0.    0.    0.    0.    0.    0.
  0.    0.    0.    0.    0.    0.    0.    0.   ]
 [0.    0.    0.    0.    0.    0.    0.    0.    0.    0.    0.    0.
  0.    0.    0.    0.    0.    0.    0.    0.   ]]
2025-11-28 10:54:38,918 [train_pf.py] => Start Training Task 5
2025-11-28 10:54:38,923 [train_pf.py] => number of trainable params: 200581
2025-11-28 10:54:38,924 [train_pf.py] => total number of params: 210346118

  0%|          | 0/3 [00:00<?, ?it/s]
Task 5, Epoch 1/3 => Loss 0.178:   0%|          | 0/3 [02:01<?, ?it/s]
Task 5, Epoch 1/3 => Loss 0.178:  33%|███▎      | 1/3 [02:01<04:02, 121.41s/it]
Task 5, Epoch 2/3 => Loss 0.107:  33%|███▎      | 1/3 [04:03<04:02, 121.41s/it]
Task 5, Epoch 2/3 => Loss 0.107:  67%|██████▋   | 2/3 [04:03<02:01, 121.60s/it]
Task 5, Epoch 3/3 => Loss 0.077:  67%|██████▋   | 2/3 [06:04<02:01, 121.60s/it]
Task 5, Epoch 3/3 => Loss 0.077: 100%|██████████| 3/3 [06:04<00:00, 121.62s/it]
Task 5, Epoch 3/3 => Loss 0.077: 100%|██████████| 3/3 [06:04<00:00, 121.59s/it]
2025-11-28 11:02:33,759 [train_pf.py] => Task 5 Average Accuracy is 0.962
[[0.982 0.98  0.962 0.966 0.964 0.    0.    0.    0.    0.    0.    0.
  0.    0.    0.    0.    0.    0.    0.    0.   ]
 [0.    0.992 0.988 0.986 0.964 0.    0.    0.    0.    0.    0.    0.
  0.    0.    0.    0.    0.    0.    0.    0.   ]
 [0.    0.    0.956 0.96  0.95  0.    0.    0.    0.    0.    0.    0.
  0.    0.    0.    0.    0.    0.    0.    0.   ]
 [0.    0.    0.    0.964 0.964 0.    0.    0.    0.    0.    0.    0.
  0.    0.    0.    0.    0.    0.    0.    0.   ]
 [0.    0.    0.    0.    0.966 0.    0.    0.    0.    0.    0.    0.
  0.    0.    0.    0.    0.    0.    0.    0.   ]
 [0.    0.    0.    0.    0.    0.    0.    0.    0.    0.    0.    0.
  0.    0.    0.    0.    0.    0.    0.    0.   ]
 [0.    0.    0.    0.    0.    0.    0.    0.    0.    0.    0.    0.
  0.    0.    0.    0.    0.    0.    0.    0.   ]
 [0.    0.    0.    0.    0.    0.    0.    0.    0.    0.    0.    0.
  0.    0.    0.    0.    0.    0.    0.    0.   ]
 [0.    0.    0.    0.    0.    0.    0.    0.    0.    0.    0.    0.
  0.    0.    0.    0.    0.    0.    0.    0.   ]
 [0.    0.    0.    0.    0.    0.    0.    0.    0.    0.    0.    0.
  0.    0.    0.    0.    0.    0.    0.    0.   ]
 [0.    0.    0.    0.    0.    0.    0.    0.    0.    0.    0.    0.
  0.    0.    0.    0.    0.    0.    0.    0.   ]
 [0.    0.    0.    0.    0.    0.    0.    0.    0.    0.    0.    0.
  0.    0.    0.    0.    0.    0.    0.    0.   ]
 [0.    0.    0.    0.    0.    0.    0.    0.    0.    0.    0.    0.
  0.    0.    0.    0.    0.    0.    0.    0.   ]
 [0.    0.    0.    0.    0.    0.    0.    0.    0.    0.    0.    0.
  0.    0.    0.    0.    0.    0.    0.    0.   ]
 [0.    0.    0.    0.    0.    0.    0.    0.    0.    0.    0.    0.
  0.    0.    0.    0.    0.    0.    0.    0.   ]
 [0.    0.    0.    0.    0.    0.    0.    0.    0.    0.    0.    0.
  0.    0.    0.    0.    0.    0.    0.    0.   ]
 [0.    0.    0.    0.    0.    0.    0.    0.    0.    0.    0.    0.
  0.    0.    0.    0.    0.    0.    0.    0.   ]
 [0.    0.    0.    0.    0.    0.    0.    0.    0.    0.    0.    0.
  0.    0.    0.    0.    0.    0.    0.    0.   ]
 [0.    0.    0.    0.    0.    0.    0.    0.    0.    0.    0.    0.
  0.    0.    0.    0.    0.    0.    0.    0.   ]
 [0.    0.    0.    0.    0.    0.    0.    0.    0.    0.    0.    0.
  0.    0.    0.    0.    0.    0.    0.    0.   ]]
2025-11-28 11:03:15,003 [train_pf.py] => Start Training Task 6
2025-11-28 11:03:15,009 [train_pf.py] => number of trainable params: 200741
2025-11-28 11:03:15,010 [train_pf.py] => total number of params: 210346278

  0%|          | 0/3 [00:00<?, ?it/s]
Task 6, Epoch 1/3 => Loss 0.257:   0%|          | 0/3 [02:03<?, ?it/s]
Task 6, Epoch 1/3 => Loss 0.257:  33%|███▎      | 1/3 [02:03<04:07, 124.00s/it]
Task 6, Epoch 2/3 => Loss 0.144:  33%|███▎      | 1/3 [04:07<04:07, 124.00s/it]
Task 6, Epoch 2/3 => Loss 0.144:  67%|██████▋   | 2/3 [04:07<02:03, 123.76s/it]
Task 6, Epoch 3/3 => Loss 0.105:  67%|██████▋   | 2/3 [06:11<02:03, 123.76s/it]
Task 6, Epoch 3/3 => Loss 0.105: 100%|██████████| 3/3 [06:11<00:00, 123.75s/it]
Task 6, Epoch 3/3 => Loss 0.105: 100%|██████████| 3/3 [06:11<00:00, 123.78s/it]
2025-11-28 11:11:06,708 [train_pf.py] => Task 6 Average Accuracy is 0.940
[[0.982 0.98  0.962 0.966 0.964 0.956 0.    0.    0.    0.    0.    0.
  0.    0.    0.    0.    0.    0.    0.    0.   ]
 [0.    0.992 0.988 0.986 0.964 0.948 0.    0.    0.    0.    0.    0.
  0.    0.    0.    0.    0.    0.    0.    0.   ]
 [0.    0.    0.956 0.96  0.95  0.93  0.    0.    0.    0.    0.    0.
  0.    0.    0.    0.    0.    0.    0.    0.   ]
 [0.    0.    0.    0.964 0.964 0.946 0.    0.    0.    0.    0.    0.
  0.    0.    0.    0.    0.    0.    0.    0.   ]
 [0.    0.    0.    0.    0.966 0.968 0.    0.    0.    0.    0.    0.
  0.    0.    0.    0.    0.    0.    0.    0.   ]
 [0.    0.    0.    0.    0.    0.894 0.    0.    0.    0.    0.    0.
  0.    0.    0.    0.    0.    0.    0.    0.   ]
 [0.    0.    0.    0.    0.    0.    0.    0.    0.    0.    0.    0.
  0.    0.    0.    0.    0.    0.    0.    0.   ]
 [0.    0.    0.    0.    0.    0.    0.    0.    0.    0.    0.    0.
  0.    0.    0.    0.    0.    0.    0.    0.   ]
 [0.    0.    0.    0.    0.    0.    0.    0.    0.    0.    0.    0.
  0.    0.    0.    0.    0.    0.    0.    0.   ]
 [0.    0.    0.    0.    0.    0.    0.    0.    0.    0.    0.    0.
  0.    0.    0.    0.    0.    0.    0.    0.   ]
 [0.    0.    0.    0.    0.    0.    0.    0.    0.    0.    0.    0.
  0.    0.    0.    0.    0.    0.    0.    0.   ]
 [0.    0.    0.    0.    0.    0.    0.    0.    0.    0.    0.    0.
  0.    0.    0.    0.    0.    0.    0.    0.   ]
 [0.    0.    0.    0.    0.    0.    0.    0.    0.    0.    0.    0.
  0.    0.    0.    0.    0.    0.    0.    0.   ]
 [0.    0.    0.    0.    0.    0.    0.    0.    0.    0.    0.    0.
  0.    0.    0.    0.    0.    0.    0.    0.   ]
 [0.    0.    0.    0.    0.    0.    0.    0.    0.    0.    0.    0.
  0.    0.    0.    0.    0.    0.    0.    0.   ]
 [0.    0.    0.    0.    0.    0.    0.    0.    0.    0.    0.    0.
  0.    0.    0.    0.    0.    0.    0.    0.   ]
 [0.    0.    0.    0.    0.    0.    0.    0.    0.    0.    0.    0.
  0.    0.    0.    0.    0.    0.    0.    0.   ]
 [0.    0.    0.    0.    0.    0.    0.    0.    0.    0.    0.    0.
  0.    0.    0.    0.    0.    0.    0.    0.   ]
 [0.    0.    0.    0.    0.    0.    0.    0.    0.    0.    0.    0.
  0.    0.    0.    0.    0.    0.    0.    0.   ]
 [0.    0.    0.    0.    0.    0.    0.    0.    0.    0.    0.    0.
  0.    0.    0.    0.    0.    0.    0.    0.   ]]
2025-11-28 11:11:27,597 [train_pf.py] => Start Training Task 7
2025-11-28 11:11:27,603 [train_pf.py] => number of trainable params: 200901
2025-11-28 11:11:27,604 [train_pf.py] => total number of params: 210346438

  0%|          | 0/3 [00:00<?, ?it/s]
Task 7, Epoch 1/3 => Loss 0.274:   0%|          | 0/3 [02:05<?, ?it/s]
Task 7, Epoch 1/3 => Loss 0.274:  33%|███▎      | 1/3 [02:05<04:10, 125.06s/it]
Task 7, Epoch 2/3 => Loss 0.160:  33%|███▎      | 1/3 [04:10<04:10, 125.06s/it]
Task 7, Epoch 2/3 => Loss 0.160:  67%|██████▋   | 2/3 [04:10<02:05, 125.10s/it]
Task 7, Epoch 3/3 => Loss 0.114:  67%|██████▋   | 2/3 [06:15<02:05, 125.10s/it]
Task 7, Epoch 3/3 => Loss 0.114: 100%|██████████| 3/3 [06:15<00:00, 125.28s/it]
Task 7, Epoch 3/3 => Loss 0.114: 100%|██████████| 3/3 [06:15<00:00, 125.23s/it]
2025-11-28 11:19:50,150 [train_pf.py] => Task 7 Average Accuracy is 0.939
[[0.982 0.98  0.962 0.966 0.964 0.956 0.952 0.    0.    0.    0.    0.
  0.    0.    0.    0.    0.    0.    0.    0.   ]
 [0.    0.992 0.988 0.986 0.964 0.948 0.948 0.    0.    0.    0.    0.
  0.    0.    0.    0.    0.    0.    0.    0.   ]
 [0.    0.    0.956 0.96  0.95  0.93  0.92  0.    0.    0.    0.    0.
  0.    0.    0.    0.    0.    0.    0.    0.   ]
 [0.    0.    0.    0.964 0.964 0.946 0.934 0.    0.    0.    0.    0.
  0.    0.    0.    0.    0.    0.    0.    0.   ]
 [0.    0.    0.    0.    0.966 0.968 0.966 0.    0.    0.    0.    0.
  0.    0.    0.    0.    0.    0.    0.    0.   ]
 [0.    0.    0.    0.    0.    0.894 0.908 0.    0.    0.    0.    0.
  0.    0.    0.    0.    0.    0.    0.    0.   ]
 [0.    0.    0.    0.    0.    0.    0.942 0.    0.    0.    0.    0.
  0.    0.    0.    0.    0.    0.    0.    0.   ]
 [0.    0.    0.    0.    0.    0.    0.    0.    0.    0.    0.    0.
  0.    0.    0.    0.    0.    0.    0.    0.   ]
 [0.    0.    0.    0.    0.    0.    0.    0.    0.    0.    0.    0.
  0.    0.    0.    0.    0.    0.    0.    0.   ]
 [0.    0.    0.    0.    0.    0.    0.    0.    0.    0.    0.    0.
  0.    0.    0.    0.    0.    0.    0.    0.   ]
 [0.    0.    0.    0.    0.    0.    0.    0.    0.    0.    0.    0.
  0.    0.    0.    0.    0.    0.    0.    0.   ]
 [0.    0.    0.    0.    0.    0.    0.    0.    0.    0.    0.    0.
  0.    0.    0.    0.    0.    0.    0.    0.   ]
 [0.    0.    0.    0.    0.    0.    0.    0.    0.    0.    0.    0.
  0.    0.    0.    0.    0.    0.    0.    0.   ]
 [0.    0.    0.    0.    0.    0.    0.    0.    0.    0.    0.    0.
  0.    0.    0.    0.    0.    0.    0.    0.   ]
 [0.    0.    0.    0.    0.    0.    0.    0.    0.    0.    0.    0.
  0.    0.    0.    0.    0.    0.    0.    0.   ]
 [0.    0.    0.    0.    0.    0.    0.    0.    0.    0.    0.    0.
  0.    0.    0.    0.    0.    0.    0.    0.   ]
 [0.    0.    0.    0.    0.    0.    0.    0.    0.    0.    0.    0.
  0.    0.    0.    0.    0.    0.    0.    0.   ]
 [0.    0.    0.    0.    0.    0.    0.    0.    0.    0.    0.    0.
  0.    0.    0.    0.    0.    0.    0.    0.   ]
 [0.    0.    0.    0.    0.    0.    0.    0.    0.    0.    0.    0.
  0.    0.    0.    0.    0.    0.    0.    0.   ]
 [0.    0.    0.    0.    0.    0.    0.    0.    0.    0.    0.    0.
  0.    0.    0.    0.    0.    0.    0.    0.   ]]
2025-11-28 11:20:10,982 [train_pf.py] => Start Training Task 8
2025-11-28 11:20:10,987 [train_pf.py] => number of trainable params: 201061
2025-11-28 11:20:10,988 [train_pf.py] => total number of params: 210346598

  0%|          | 0/3 [00:00<?, ?it/s]
Task 8, Epoch 1/3 => Loss 0.263:   0%|          | 0/3 [02:06<?, ?it/s]
Task 8, Epoch 1/3 => Loss 0.263:  33%|███▎      | 1/3 [02:06<04:12, 126.12s/it]
Task 8, Epoch 2/3 => Loss 0.151:  33%|███▎      | 1/3 [04:12<04:12, 126.12s/it]
Task 8, Epoch 2/3 => Loss 0.151:  67%|██████▋   | 2/3 [04:12<02:06, 126.22s/it]
Task 8, Epoch 3/3 => Loss 0.100:  67%|██████▋   | 2/3 [06:18<02:06, 126.22s/it]
Task 8, Epoch 3/3 => Loss 0.100: 100%|██████████| 3/3 [06:18<00:00, 126.22s/it]
Task 8, Epoch 3/3 => Loss 0.100: 100%|██████████| 3/3 [06:18<00:00, 126.21s/it]
2025-11-28 11:29:03,785 [train_pf.py] => Task 8 Average Accuracy is 0.936
[[0.982 0.98  0.962 0.966 0.964 0.956 0.952 0.946 0.    0.    0.    0.
  0.    0.    0.    0.    0.    0.    0.    0.   ]
 [0.    0.992 0.988 0.986 0.964 0.948 0.948 0.946 0.    0.    0.    0.
  0.    0.    0.    0.    0.    0.    0.    0.   ]
 [0.    0.    0.956 0.96  0.95  0.93  0.92  0.906 0.    0.    0.    0.
  0.    0.    0.    0.    0.    0.    0.    0.   ]
 [0.    0.    0.    0.964 0.964 0.946 0.934 0.916 0.    0.    0.    0.
  0.    0.    0.    0.    0.    0.    0.    0.   ]
 [0.    0.    0.    0.    0.966 0.968 0.966 0.962 0.    0.    0.    0.
  0.    0.    0.    0.    0.    0.    0.    0.   ]
 [0.    0.    0.    0.    0.    0.894 0.908 0.9   0.    0.    0.    0.
  0.    0.    0.    0.    0.    0.    0.    0.   ]
 [0.    0.    0.    0.    0.    0.    0.942 0.956 0.    0.    0.    0.
  0.    0.    0.    0.    0.    0.    0.    0.   ]
 [0.    0.    0.    0.    0.    0.    0.    0.956 0.    0.    0.    0.
  0.    0.    0.    0.    0.    0.    0.    0.   ]
 [0.    0.    0.    0.    0.    0.    0.    0.    0.    0.    0.    0.
  0.    0.    0.    0.    0.    0.    0.    0.   ]
 [0.    0.    0.    0.    0.    0.    0.    0.    0.    0.    0.    0.
  0.    0.    0.    0.    0.    0.    0.    0.   ]
 [0.    0.    0.    0.    0.    0.    0.    0.    0.    0.    0.    0.
  0.    0.    0.    0.    0.    0.    0.    0.   ]
 [0.    0.    0.    0.    0.    0.    0.    0.    0.    0.    0.    0.
  0.    0.    0.    0.    0.    0.    0.    0.   ]
 [0.    0.    0.    0.    0.    0.    0.    0.    0.    0.    0.    0.
  0.    0.    0.    0.    0.    0.    0.    0.   ]
 [0.    0.    0.    0.    0.    0.    0.    0.    0.    0.    0.    0.
  0.    0.    0.    0.    0.    0.    0.    0.   ]
 [0.    0.    0.    0.    0.    0.    0.    0.    0.    0.    0.    0.
  0.    0.    0.    0.    0.    0.    0.    0.   ]
 [0.    0.    0.    0.    0.    0.    0.    0.    0.    0.    0.    0.
  0.    0.    0.    0.    0.    0.    0.    0.   ]
 [0.    0.    0.    0.    0.    0.    0.    0.    0.    0.    0.    0.
  0.    0.    0.    0.    0.    0.    0.    0.   ]
 [0.    0.    0.    0.    0.    0.    0.    0.    0.    0.    0.    0.
  0.    0.    0.    0.    0.    0.    0.    0.   ]
 [0.    0.    0.    0.    0.    0.    0.    0.    0.    0.    0.    0.
  0.    0.    0.    0.    0.    0.    0.    0.   ]
 [0.    0.    0.    0.    0.    0.    0.    0.    0.    0.    0.    0.
  0.    0.    0.    0.    0.    0.    0.    0.   ]]
2025-11-28 11:29:24,630 [train_pf.py] => Start Training Task 9
2025-11-28 11:29:24,637 [train_pf.py] => number of trainable params: 201221
2025-11-28 11:29:24,638 [train_pf.py] => total number of params: 210346758

  0%|          | 0/3 [00:00<?, ?it/s]
Task 9, Epoch 1/3 => Loss 0.242:   0%|          | 0/3 [02:08<?, ?it/s]
Task 9, Epoch 1/3 => Loss 0.242:  33%|███▎      | 1/3 [02:08<04:16, 128.43s/it]
Task 9, Epoch 2/3 => Loss 0.134:  33%|███▎      | 1/3 [04:16<04:16, 128.43s/it]
Task 9, Epoch 2/3 => Loss 0.134:  67%|██████▋   | 2/3 [04:16<02:08, 128.48s/it]
Task 9, Epoch 3/3 => Loss 0.091:  67%|██████▋   | 2/3 [06:25<02:08, 128.48s/it]
Task 9, Epoch 3/3 => Loss 0.091: 100%|██████████| 3/3 [06:25<00:00, 128.43s/it]
Task 9, Epoch 3/3 => Loss 0.091: 100%|██████████| 3/3 [06:25<00:00, 128.44s/it]
2025-11-28 11:38:56,038 [train_pf.py] => Task 9 Average Accuracy is 0.930
[[0.982 0.98  0.962 0.966 0.964 0.956 0.952 0.946 0.928 0.    0.    0.
  0.    0.    0.    0.    0.    0.    0.    0.   ]
 [0.    0.992 0.988 0.986 0.964 0.948 0.948 0.946 0.944 0.    0.    0.
  0.    0.    0.    0.    0.    0.    0.    0.   ]
 [0.    0.    0.956 0.96  0.95  0.93  0.92  0.906 0.91  0.    0.    0.
  0.    0.    0.    0.    0.    0.    0.    0.   ]
 [0.    0.    0.    0.964 0.964 0.946 0.934 0.916 0.916 0.    0.    0.
  0.    0.    0.    0.    0.    0.    0.    0.   ]
 [0.    0.    0.    0.    0.966 0.968 0.966 0.962 0.954 0.    0.    0.
  0.    0.    0.    0.    0.    0.    0.    0.   ]
 [0.    0.    0.    0.    0.    0.894 0.908 0.9   0.874 0.    0.    0.
  0.    0.    0.    0.    0.    0.    0.    0.   ]
 [0.    0.    0.    0.    0.    0.    0.942 0.956 0.948 0.    0.    0.
  0.    0.    0.    0.    0.    0.    0.    0.   ]
 [0.    0.    0.    0.    0.    0.    0.    0.956 0.956 0.    0.    0.
  0.    0.    0.    0.    0.    0.    0.    0.   ]
 [0.    0.    0.    0.    0.    0.    0.    0.    0.938 0.    0.    0.
  0.    0.    0.    0.    0.    0.    0.    0.   ]
 [0.    0.    0.    0.    0.    0.    0.    0.    0.    0.    0.    0.
  0.    0.    0.    0.    0.    0.    0.    0.   ]
 [0.    0.    0.    0.    0.    0.    0.    0.    0.    0.    0.    0.
  0.    0.    0.    0.    0.    0.    0.    0.   ]
 [0.    0.    0.    0.    0.    0.    0.    0.    0.    0.    0.    0.
  0.    0.    0.    0.    0.    0.    0.    0.   ]
 [0.    0.    0.    0.    0.    0.    0.    0.    0.    0.    0.    0.
  0.    0.    0.    0.    0.    0.    0.    0.   ]
 [0.    0.    0.    0.    0.    0.    0.    0.    0.    0.    0.    0.
  0.    0.    0.    0.    0.    0.    0.    0.   ]
 [0.    0.    0.    0.    0.    0.    0.    0.    0.    0.    0.    0.
  0.    0.    0.    0.    0.    0.    0.    0.   ]
 [0.    0.    0.    0.    0.    0.    0.    0.    0.    0.    0.    0.
  0.    0.    0.    0.    0.    0.    0.    0.   ]
 [0.    0.    0.    0.    0.    0.    0.    0.    0.    0.    0.    0.
  0.    0.    0.    0.    0.    0.    0.    0.   ]
 [0.    0.    0.    0.    0.    0.    0.    0.    0.    0.    0.    0.
  0.    0.    0.    0.    0.    0.    0.    0.   ]
 [0.    0.    0.    0.    0.    0.    0.    0.    0.    0.    0.    0.
  0.    0.    0.    0.    0.    0.    0.    0.   ]
 [0.    0.    0.    0.    0.    0.    0.    0.    0.    0.    0.    0.
  0.    0.    0.    0.    0.    0.    0.    0.   ]]
2025-11-28 11:39:16,980 [train_pf.py] => Start Training Task 10
2025-11-28 11:39:17,009 [train_pf.py] => number of trainable params: 201381
2025-11-28 11:39:17,011 [train_pf.py] => total number of params: 210346918

  0%|          | 0/3 [00:00<?, ?it/s]
Task 10, Epoch 1/3 => Loss 0.266:   0%|          | 0/3 [02:09<?, ?it/s]
Task 10, Epoch 1/3 => Loss 0.266:  33%|███▎      | 1/3 [02:09<04:19, 129.64s/it]
Task 10, Epoch 2/3 => Loss 0.144:  33%|███▎      | 1/3 [04:19<04:19, 129.64s/it]
Task 10, Epoch 2/3 => Loss 0.144:  67%|██████▋   | 2/3 [04:19<02:09, 129.60s/it]
Task 10, Epoch 3/3 => Loss 0.096:  67%|██████▋   | 2/3 [06:28<02:09, 129.60s/it]
Task 10, Epoch 3/3 => Loss 0.096: 100%|██████████| 3/3 [06:28<00:00, 129.47s/it]
Task 10, Epoch 3/3 => Loss 0.096: 100%|██████████| 3/3 [06:28<00:00, 129.51s/it]
2025-11-28 11:49:23,736 [train_pf.py] => Task 10 Average Accuracy is 0.921
[[0.982 0.98  0.962 0.966 0.964 0.956 0.952 0.946 0.928 0.92  0.    0.
  0.    0.    0.    0.    0.    0.    0.    0.   ]
 [0.    0.992 0.988 0.986 0.964 0.948 0.948 0.946 0.944 0.93  0.    0.
  0.    0.    0.    0.    0.    0.    0.    0.   ]
 [0.    0.    0.956 0.96  0.95  0.93  0.92  0.906 0.91  0.888 0.    0.
  0.    0.    0.    0.    0.    0.    0.    0.   ]
 [0.    0.    0.    0.964 0.964 0.946 0.934 0.916 0.916 0.914 0.    0.
  0.    0.    0.    0.    0.    0.    0.    0.   ]
 [0.    0.    0.    0.    0.966 0.968 0.966 0.962 0.954 0.95  0.    0.
  0.    0.    0.    0.    0.    0.    0.    0.   ]
 [0.    0.    0.    0.    0.    0.894 0.908 0.9   0.874 0.856 0.    0.
  0.    0.    0.    0.    0.    0.    0.    0.   ]
 [0.    0.    0.    0.    0.    0.    0.942 0.956 0.948 0.93  0.    0.
  0.    0.    0.    0.    0.    0.    0.    0.   ]
 [0.    0.    0.    0.    0.    0.    0.    0.956 0.956 0.954 0.    0.
  0.    0.    0.    0.    0.    0.    0.    0.   ]
 [0.    0.    0.    0.    0.    0.    0.    0.    0.938 0.952 0.    0.
  0.    0.    0.    0.    0.    0.    0.    0.   ]
 [0.    0.    0.    0.    0.    0.    0.    0.    0.    0.918 0.    0.
  0.    0.    0.    0.    0.    0.    0.    0.   ]
 [0.    0.    0.    0.    0.    0.    0.    0.    0.    0.    0.    0.
  0.    0.    0.    0.    0.    0.    0.    0.   ]
 [0.    0.    0.    0.    0.    0.    0.    0.    0.    0.    0.    0.
  0.    0.    0.    0.    0.    0.    0.    0.   ]
 [0.    0.    0.    0.    0.    0.    0.    0.    0.    0.    0.    0.
  0.    0.    0.    0.    0.    0.    0.    0.   ]
 [0.    0.    0.    0.    0.    0.    0.    0.    0.    0.    0.    0.
  0.    0.    0.    0.    0.    0.    0.    0.   ]
 [0.    0.    0.    0.    0.    0.    0.    0.    0.    0.    0.    0.
  0.    0.    0.    0.    0.    0.    0.    0.   ]
 [0.    0.    0.    0.    0.    0.    0.    0.    0.    0.    0.    0.
  0.    0.    0.    0.    0.    0.    0.    0.   ]
 [0.    0.    0.    0.    0.    0.    0.    0.    0.    0.    0.    0.
  0.    0.    0.    0.    0.    0.    0.    0.   ]
 [0.    0.    0.    0.    0.    0.    0.    0.    0.    0.    0.    0.
  0.    0.    0.    0.    0.    0.    0.    0.   ]
 [0.    0.    0.    0.    0.    0.    0.    0.    0.    0.    0.    0.
  0.    0.    0.    0.    0.    0.    0.    0.   ]
 [0.    0.    0.    0.    0.    0.    0.    0.    0.    0.    0.    0.
  0.    0.    0.    0.    0.    0.    0.    0.   ]]
2025-11-28 11:49:44,633 [train_pf.py] => Start Training Task 11
2025-11-28 11:49:44,638 [train_pf.py] => number of trainable params: 201541
2025-11-28 11:49:44,639 [train_pf.py] => total number of params: 210347078

  0%|          | 0/3 [00:00<?, ?it/s]
Task 11, Epoch 1/3 => Loss 0.288:   0%|          | 0/3 [02:11<?, ?it/s]
Task 11, Epoch 1/3 => Loss 0.288:  33%|███▎      | 1/3 [02:11<04:22, 131.21s/it]
Task 11, Epoch 2/3 => Loss 0.151:  33%|███▎      | 1/3 [04:22<04:22, 131.21s/it]
Task 11, Epoch 2/3 => Loss 0.151:  67%|██████▋   | 2/3 [04:22<02:11, 131.06s/it]
Task 11, Epoch 3/3 => Loss 0.106:  67%|██████▋   | 2/3 [06:33<02:11, 131.06s/it]
Task 11, Epoch 3/3 => Loss 0.106: 100%|██████████| 3/3 [06:33<00:00, 131.11s/it]
Task 11, Epoch 3/3 => Loss 0.106: 100%|██████████| 3/3 [06:33<00:00, 131.11s/it]
2025-11-28 12:00:38,295 [train_pf.py] => Task 11 Average Accuracy is 0.911
[[0.982 0.98  0.962 0.966 0.964 0.956 0.952 0.946 0.928 0.92  0.906 0.
  0.    0.    0.    0.    0.    0.    0.    0.   ]
 [0.    0.992 0.988 0.986 0.964 0.948 0.948 0.946 0.944 0.93  0.928 0.
  0.    0.    0.    0.    0.    0.    0.    0.   ]
 [0.    0.    0.956 0.96  0.95  0.93  0.92  0.906 0.91  0.888 0.884 0.
  0.    0.    0.    0.    0.    0.    0.    0.   ]
 [0.    0.    0.    0.964 0.964 0.946 0.934 0.916 0.916 0.914 0.918 0.
  0.    0.    0.    0.    0.    0.    0.    0.   ]
 [0.    0.    0.    0.    0.966 0.968 0.966 0.962 0.954 0.95  0.946 0.
  0.    0.    0.    0.    0.    0.    0.    0.   ]
 [0.    0.    0.    0.    0.    0.894 0.908 0.9   0.874 0.856 0.852 0.
  0.    0.    0.    0.    0.    0.    0.    0.   ]
 [0.    0.    0.    0.    0.    0.    0.942 0.956 0.948 0.93  0.918 0.
  0.    0.    0.    0.    0.    0.    0.    0.   ]
 [0.    0.    0.    0.    0.    0.    0.    0.956 0.956 0.954 0.93  0.
  0.    0.    0.    0.    0.    0.    0.    0.   ]
 [0.    0.    0.    0.    0.    0.    0.    0.    0.938 0.952 0.948 0.
  0.    0.    0.    0.    0.    0.    0.    0.   ]
 [0.    0.    0.    0.    0.    0.    0.    0.    0.    0.918 0.898 0.
  0.    0.    0.    0.    0.    0.    0.    0.   ]
 [0.    0.    0.    0.    0.    0.    0.    0.    0.    0.    0.894 0.
  0.    0.    0.    0.    0.    0.    0.    0.   ]
 [0.    0.    0.    0.    0.    0.    0.    0.    0.    0.    0.    0.
  0.    0.    0.    0.    0.    0.    0.    0.   ]
 [0.    0.    0.    0.    0.    0.    0.    0.    0.    0.    0.    0.
  0.    0.    0.    0.    0.    0.    0.    0.   ]
 [0.    0.    0.    0.    0.    0.    0.    0.    0.    0.    0.    0.
  0.    0.    0.    0.    0.    0.    0.    0.   ]
 [0.    0.    0.    0.    0.    0.    0.    0.    0.    0.    0.    0.
  0.    0.    0.    0.    0.    0.    0.    0.   ]
 [0.    0.    0.    0.    0.    0.    0.    0.    0.    0.    0.    0.
  0.    0.    0.    0.    0.    0.    0.    0.   ]
 [0.    0.    0.    0.    0.    0.    0.    0.    0.    0.    0.    0.
  0.    0.    0.    0.    0.    0.    0.    0.   ]
 [0.    0.    0.    0.    0.    0.    0.    0.    0.    0.    0.    0.
  0.    0.    0.    0.    0.    0.    0.    0.   ]
 [0.    0.    0.    0.    0.    0.    0.    0.    0.    0.    0.    0.
  0.    0.    0.    0.    0.    0.    0.    0.   ]
 [0.    0.    0.    0.    0.    0.    0.    0.    0.    0.    0.    0.
  0.    0.    0.    0.    0.    0.    0.    0.   ]]
2025-11-28 12:00:59,151 [train_pf.py] => Start Training Task 12
2025-11-28 12:00:59,169 [train_pf.py] => number of trainable params: 201701
2025-11-28 12:00:59,173 [train_pf.py] => total number of params: 210347238

  0%|          | 0/3 [00:00<?, ?it/s]
Task 12, Epoch 1/3 => Loss 0.348:   0%|          | 0/3 [02:10<?, ?it/s]
Task 12, Epoch 1/3 => Loss 0.348:  33%|███▎      | 1/3 [02:10<04:21, 130.68s/it]
Task 12, Epoch 2/3 => Loss 0.206:  33%|███▎      | 1/3 [04:21<04:21, 130.68s/it]
Task 12, Epoch 2/3 => Loss 0.206:  67%|██████▋   | 2/3 [04:21<02:10, 130.95s/it]
Task 12, Epoch 3/3 => Loss 0.151:  67%|██████▋   | 2/3 [06:32<02:10, 130.95s/it]
Task 12, Epoch 3/3 => Loss 0.151: 100%|██████████| 3/3 [06:32<00:00, 130.91s/it]
Task 12, Epoch 3/3 => Loss 0.151: 100%|██████████| 3/3 [06:32<00:00, 130.89s/it]
2025-11-28 12:12:24,273 [train_pf.py] => Task 12 Average Accuracy is 0.904
[[0.982 0.98  0.962 0.966 0.964 0.956 0.952 0.946 0.928 0.92  0.906 0.88
  0.    0.    0.    0.    0.    0.    0.    0.   ]
 [0.    0.992 0.988 0.986 0.964 0.948 0.948 0.946 0.944 0.93  0.928 0.93
  0.    0.    0.    0.    0.    0.    0.    0.   ]
 [0.    0.    0.956 0.96  0.95  0.93  0.92  0.906 0.91  0.888 0.884 0.876
  0.    0.    0.    0.    0.    0.    0.    0.   ]
 [0.    0.    0.    0.964 0.964 0.946 0.934 0.916 0.916 0.914 0.918 0.918
  0.    0.    0.    0.    0.    0.    0.    0.   ]
 [0.    0.    0.    0.    0.966 0.968 0.966 0.962 0.954 0.95  0.946 0.944
  0.    0.    0.    0.    0.    0.    0.    0.   ]
 [0.    0.    0.    0.    0.    0.894 0.908 0.9   0.874 0.856 0.852 0.852
  0.    0.    0.    0.    0.    0.    0.    0.   ]
 [0.    0.    0.    0.    0.    0.    0.942 0.956 0.948 0.93  0.918 0.9
  0.    0.    0.    0.    0.    0.    0.    0.   ]
 [0.    0.    0.    0.    0.    0.    0.    0.956 0.956 0.954 0.93  0.926
  0.    0.    0.    0.    0.    0.    0.    0.   ]
 [0.    0.    0.    0.    0.    0.    0.    0.    0.938 0.952 0.948 0.944
  0.    0.    0.    0.    0.    0.    0.    0.   ]
 [0.    0.    0.    0.    0.    0.    0.    0.    0.    0.918 0.898 0.878
  0.    0.    0.    0.    0.    0.    0.    0.   ]
 [0.    0.    0.    0.    0.    0.    0.    0.    0.    0.    0.894 0.904
  0.    0.    0.    0.    0.    0.    0.    0.   ]
 [0.    0.    0.    0.    0.    0.    0.    0.    0.    0.    0.    0.894
  0.    0.    0.    0.    0.    0.    0.    0.   ]
 [0.    0.    0.    0.    0.    0.    0.    0.    0.    0.    0.    0.
  0.    0.    0.    0.    0.    0.    0.    0.   ]
 [0.    0.    0.    0.    0.    0.    0.    0.    0.    0.    0.    0.
  0.    0.    0.    0.    0.    0.    0.    0.   ]
 [0.    0.    0.    0.    0.    0.    0.    0.    0.    0.    0.    0.
  0.    0.    0.    0.    0.    0.    0.    0.   ]
 [0.    0.    0.    0.    0.    0.    0.    0.    0.    0.    0.    0.
  0.    0.    0.    0.    0.    0.    0.    0.   ]
 [0.    0.    0.    0.    0.    0.    0.    0.    0.    0.    0.    0.
  0.    0.    0.    0.    0.    0.    0.    0.   ]
 [0.    0.    0.    0.    0.    0.    0.    0.    0.    0.    0.    0.
  0.    0.    0.    0.    0.    0.    0.    0.   ]
 [0.    0.    0.    0.    0.    0.    0.    0.    0.    0.    0.    0.
  0.    0.    0.    0.    0.    0.    0.    0.   ]
 [0.    0.    0.    0.    0.    0.    0.    0.    0.    0.    0.    0.
  0.    0.    0.    0.    0.    0.    0.    0.   ]]
2025-11-28 12:12:44,965 [train_pf.py] => Start Training Task 13
2025-11-28 12:12:44,981 [train_pf.py] => number of trainable params: 201861
2025-11-28 12:12:44,984 [train_pf.py] => total number of params: 210347398

  0%|          | 0/3 [00:00<?, ?it/s]
Task 13, Epoch 1/3 => Loss 0.410:   0%|          | 0/3 [02:12<?, ?it/s]
Task 13, Epoch 1/3 => Loss 0.410:  33%|███▎      | 1/3 [02:12<04:25, 132.99s/it]
Task 13, Epoch 2/3 => Loss 0.244:  33%|███▎      | 1/3 [04:25<04:25, 132.99s/it]
Task 13, Epoch 2/3 => Loss 0.244:  67%|██████▋   | 2/3 [04:25<02:12, 132.95s/it]
Task 13, Epoch 3/3 => Loss 0.172:  67%|██████▋   | 2/3 [06:38<02:12, 132.95s/it]
Task 13, Epoch 3/3 => Loss 0.172: 100%|██████████| 3/3 [06:38<00:00, 132.87s/it]
Task 13, Epoch 3/3 => Loss 0.172: 100%|██████████| 3/3 [06:38<00:00, 132.90s/it]
2025-11-28 12:24:53,102 [train_pf.py] => Task 13 Average Accuracy is 0.896
[[0.982 0.98  0.962 0.966 0.964 0.956 0.952 0.946 0.928 0.92  0.906 0.88
  0.878 0.    0.    0.    0.    0.    0.    0.   ]
 [0.    0.992 0.988 0.986 0.964 0.948 0.948 0.946 0.944 0.93  0.928 0.93
  0.928 0.    0.    0.    0.    0.    0.    0.   ]
 [0.    0.    0.956 0.96  0.95  0.93  0.92  0.906 0.91  0.888 0.884 0.876
  0.83  0.    0.    0.    0.    0.    0.    0.   ]
 [0.    0.    0.    0.964 0.964 0.946 0.934 0.916 0.916 0.914 0.918 0.918
  0.912 0.    0.    0.    0.    0.    0.    0.   ]
 [0.    0.    0.    0.    0.966 0.968 0.966 0.962 0.954 0.95  0.946 0.944
  0.936 0.    0.    0.    0.    0.    0.    0.   ]
 [0.    0.    0.    0.    0.    0.894 0.908 0.9   0.874 0.856 0.852 0.852
  0.852 0.    0.    0.    0.    0.    0.    0.   ]
 [0.    0.    0.    0.    0.    0.    0.942 0.956 0.948 0.93  0.918 0.9
  0.9   0.    0.    0.    0.    0.    0.    0.   ]
 [0.    0.    0.    0.    0.    0.    0.    0.956 0.956 0.954 0.93  0.926
  0.916 0.    0.    0.    0.    0.    0.    0.   ]
 [0.    0.    0.    0.    0.    0.    0.    0.    0.938 0.952 0.948 0.944
  0.936 0.    0.    0.    0.    0.    0.    0.   ]
 [0.    0.    0.    0.    0.    0.    0.    0.    0.    0.918 0.898 0.878
  0.876 0.    0.    0.    0.    0.    0.    0.   ]
 [0.    0.    0.    0.    0.    0.    0.    0.    0.    0.    0.894 0.904
  0.896 0.    0.    0.    0.    0.    0.    0.   ]
 [0.    0.    0.    0.    0.    0.    0.    0.    0.    0.    0.    0.894
  0.914 0.    0.    0.    0.    0.    0.    0.   ]
 [0.    0.    0.    0.    0.    0.    0.    0.    0.    0.    0.    0.
  0.874 0.    0.    0.    0.    0.    0.    0.   ]
 [0.    0.    0.    0.    0.    0.    0.    0.    0.    0.    0.    0.
  0.    0.    0.    0.    0.    0.    0.    0.   ]
 [0.    0.    0.    0.    0.    0.    0.    0.    0.    0.    0.    0.
  0.    0.    0.    0.    0.    0.    0.    0.   ]
 [0.    0.    0.    0.    0.    0.    0.    0.    0.    0.    0.    0.
  0.    0.    0.    0.    0.    0.    0.    0.   ]
 [0.    0.    0.    0.    0.    0.    0.    0.    0.    0.    0.    0.
  0.    0.    0.    0.    0.    0.    0.    0.   ]
 [0.    0.    0.    0.    0.    0.    0.    0.    0.    0.    0.    0.
  0.    0.    0.    0.    0.    0.    0.    0.   ]
 [0.    0.    0.    0.    0.    0.    0.    0.    0.    0.    0.    0.
  0.    0.    0.    0.    0.    0.    0.    0.   ]
 [0.    0.    0.    0.    0.    0.    0.    0.    0.    0.    0.    0.
  0.    0.    0.    0.    0.    0.    0.    0.   ]]
2025-11-28 12:25:14,185 [train_pf.py] => Start Training Task 14
2025-11-28 12:25:14,196 [train_pf.py] => number of trainable params: 202021
2025-11-28 12:25:14,199 [train_pf.py] => total number of params: 210347558

  0%|          | 0/3 [00:00<?, ?it/s]
Task 14, Epoch 1/3 => Loss 0.360:   0%|          | 0/3 [02:14<?, ?it/s]
Task 14, Epoch 1/3 => Loss 0.360:  33%|███▎      | 1/3 [02:14<04:29, 134.91s/it]
Task 14, Epoch 2/3 => Loss 0.211:  33%|███▎      | 1/3 [04:29<04:29, 134.91s/it]
Task 14, Epoch 2/3 => Loss 0.211:  67%|██████▋   | 2/3 [04:29<02:14, 134.77s/it]
Task 14, Epoch 3/3 => Loss 0.145:  67%|██████▋   | 2/3 [06:44<02:14, 134.77s/it]
Task 14, Epoch 3/3 => Loss 0.145: 100%|██████████| 3/3 [06:44<00:00, 134.72s/it]
Task 14, Epoch 3/3 => Loss 0.145: 100%|██████████| 3/3 [06:44<00:00, 134.74s/it]
2025-11-28 12:38:26,648 [train_pf.py] => Task 14 Average Accuracy is 0.899
[[0.982 0.98  0.962 0.966 0.964 0.956 0.952 0.946 0.928 0.92  0.906 0.88
  0.878 0.89  0.    0.    0.    0.    0.    0.   ]
 [0.    0.992 0.988 0.986 0.964 0.948 0.948 0.946 0.944 0.93  0.928 0.93
  0.928 0.924 0.    0.    0.    0.    0.    0.   ]
 [0.    0.    0.956 0.96  0.95  0.93  0.92  0.906 0.91  0.888 0.884 0.876
  0.83  0.824 0.    0.    0.    0.    0.    0.   ]
 [0.    0.    0.    0.964 0.964 0.946 0.934 0.916 0.916 0.914 0.918 0.918
  0.912 0.912 0.    0.    0.    0.    0.    0.   ]
 [0.    0.    0.    0.    0.966 0.968 0.966 0.962 0.954 0.95  0.946 0.944
  0.936 0.924 0.    0.    0.    0.    0.    0.   ]
 [0.    0.    0.    0.    0.    0.894 0.908 0.9   0.874 0.856 0.852 0.852
  0.852 0.858 0.    0.    0.    0.    0.    0.   ]
 [0.    0.    0.    0.    0.    0.    0.942 0.956 0.948 0.93  0.918 0.9
  0.9   0.9   0.    0.    0.    0.    0.    0.   ]
 [0.    0.    0.    0.    0.    0.    0.    0.956 0.956 0.954 0.93  0.926
  0.916 0.914 0.    0.    0.    0.    0.    0.   ]
 [0.    0.    0.    0.    0.    0.    0.    0.    0.938 0.952 0.948 0.944
  0.936 0.932 0.    0.    0.    0.    0.    0.   ]
 [0.    0.    0.    0.    0.    0.    0.    0.    0.    0.918 0.898 0.878
  0.876 0.87  0.    0.    0.    0.    0.    0.   ]
 [0.    0.    0.    0.    0.    0.    0.    0.    0.    0.    0.894 0.904
  0.896 0.888 0.    0.    0.    0.    0.    0.   ]
 [0.    0.    0.    0.    0.    0.    0.    0.    0.    0.    0.    0.894
  0.914 0.906 0.    0.    0.    0.    0.    0.   ]
 [0.    0.    0.    0.    0.    0.    0.    0.    0.    0.    0.    0.
  0.874 0.902 0.    0.    0.    0.    0.    0.   ]
 [0.    0.    0.    0.    0.    0.    0.    0.    0.    0.    0.    0.
  0.    0.944 0.    0.    0.    0.    0.    0.   ]
 [0.    0.    0.    0.    0.    0.    0.    0.    0.    0.    0.    0.
  0.    0.    0.    0.    0.    0.    0.    0.   ]
 [0.    0.    0.    0.    0.    0.    0.    0.    0.    0.    0.    0.
  0.    0.    0.    0.    0.    0.    0.    0.   ]
 [0.    0.    0.    0.    0.    0.    0.    0.    0.    0.    0.    0.
  0.    0.    0.    0.    0.    0.    0.    0.   ]
 [0.    0.    0.    0.    0.    0.    0.    0.    0.    0.    0.    0.
  0.    0.    0.    0.    0.    0.    0.    0.   ]
 [0.    0.    0.    0.    0.    0.    0.    0.    0.    0.    0.    0.
  0.    0.    0.    0.    0.    0.    0.    0.   ]
 [0.    0.    0.    0.    0.    0.    0.    0.    0.    0.    0.    0.
  0.    0.    0.    0.    0.    0.    0.    0.   ]]
2025-11-28 12:38:47,406 [train_pf.py] => Start Training Task 15
2025-11-28 12:38:47,422 [train_pf.py] => number of trainable params: 202181
2025-11-28 12:38:47,424 [train_pf.py] => total number of params: 210347718

  0%|          | 0/3 [00:00<?, ?it/s]
Task 15, Epoch 1/3 => Loss 0.416:   0%|          | 0/3 [02:17<?, ?it/s]
Task 15, Epoch 1/3 => Loss 0.416:  33%|███▎      | 1/3 [02:17<04:34, 137.28s/it]
Task 15, Epoch 2/3 => Loss 0.239:  33%|███▎      | 1/3 [04:34<04:34, 137.28s/it]
Task 15, Epoch 2/3 => Loss 0.239:  67%|██████▋   | 2/3 [04:34<02:17, 137.16s/it]
Task 15, Epoch 3/3 => Loss 0.167:  67%|██████▋   | 2/3 [06:51<02:17, 137.16s/it]
Task 15, Epoch 3/3 => Loss 0.167: 100%|██████████| 3/3 [06:51<00:00, 137.12s/it]
Task 15, Epoch 3/3 => Loss 0.167: 100%|██████████| 3/3 [06:51<00:00, 137.15s/it]
2025-11-28 12:52:47,673 [train_pf.py] => Task 15 Average Accuracy is 0.887
[[0.982 0.98  0.962 0.966 0.964 0.956 0.952 0.946 0.928 0.92  0.906 0.88
  0.878 0.89  0.878 0.    0.    0.    0.    0.   ]
 [0.    0.992 0.988 0.986 0.964 0.948 0.948 0.946 0.944 0.93  0.928 0.93
  0.928 0.924 0.922 0.    0.    0.    0.    0.   ]
 [0.    0.    0.956 0.96  0.95  0.93  0.92  0.906 0.91  0.888 0.884 0.876
  0.83  0.824 0.816 0.    0.    0.    0.    0.   ]
 [0.    0.    0.    0.964 0.964 0.946 0.934 0.916 0.916 0.914 0.918 0.918
  0.912 0.912 0.906 0.    0.    0.    0.    0.   ]
 [0.    0.    0.    0.    0.966 0.968 0.966 0.962 0.954 0.95  0.946 0.944
  0.936 0.924 0.922 0.    0.    0.    0.    0.   ]
 [0.    0.    0.    0.    0.    0.894 0.908 0.9   0.874 0.856 0.852 0.852
  0.852 0.858 0.848 0.    0.    0.    0.    0.   ]
 [0.    0.    0.    0.    0.    0.    0.942 0.956 0.948 0.93  0.918 0.9
  0.9   0.9   0.872 0.    0.    0.    0.    0.   ]
 [0.    0.    0.    0.    0.    0.    0.    0.956 0.956 0.954 0.93  0.926
  0.916 0.914 0.918 0.    0.    0.    0.    0.   ]
 [0.    0.    0.    0.    0.    0.    0.    0.    0.938 0.952 0.948 0.944
  0.936 0.932 0.928 0.    0.    0.    0.    0.   ]
 [0.    0.    0.    0.    0.    0.    0.    0.    0.    0.918 0.898 0.878
  0.876 0.87  0.868 0.    0.    0.    0.    0.   ]
 [0.    0.    0.    0.    0.    0.    0.    0.    0.    0.    0.894 0.904
  0.896 0.888 0.882 0.    0.    0.    0.    0.   ]
 [0.    0.    0.    0.    0.    0.    0.    0.    0.    0.    0.    0.894
  0.914 0.906 0.886 0.    0.    0.    0.    0.   ]
 [0.    0.    0.    0.    0.    0.    0.    0.    0.    0.    0.    0.
  0.874 0.902 0.862 0.    0.    0.    0.    0.   ]
 [0.    0.    0.    0.    0.    0.    0.    0.    0.    0.    0.    0.
  0.    0.944 0.936 0.    0.    0.    0.    0.   ]
 [0.    0.    0.    0.    0.    0.    0.    0.    0.    0.    0.    0.
  0.    0.    0.864 0.    0.    0.    0.    0.   ]
 [0.    0.    0.    0.    0.    0.    0.    0.    0.    0.    0.    0.
  0.    0.    0.    0.    0.    0.    0.    0.   ]
 [0.    0.    0.    0.    0.    0.    0.    0.    0.    0.    0.    0.
  0.    0.    0.    0.    0.    0.    0.    0.   ]
 [0.    0.    0.    0.    0.    0.    0.    0.    0.    0.    0.    0.
  0.    0.    0.    0.    0.    0.    0.    0.   ]
 [0.    0.    0.    0.    0.    0.    0.    0.    0.    0.    0.    0.
  0.    0.    0.    0.    0.    0.    0.    0.   ]
 [0.    0.    0.    0.    0.    0.    0.    0.    0.    0.    0.    0.
  0.    0.    0.    0.    0.    0.    0.    0.   ]]
2025-11-28 12:53:08,429 [train_pf.py] => Start Training Task 16
2025-11-28 12:53:08,446 [train_pf.py] => number of trainable params: 202341
2025-11-28 12:53:08,448 [train_pf.py] => total number of params: 210347878

  0%|          | 0/3 [00:00<?, ?it/s]
Task 16, Epoch 1/3 => Loss 0.382:   0%|          | 0/3 [02:17<?, ?it/s]
Task 16, Epoch 1/3 => Loss 0.382:  33%|███▎      | 1/3 [02:17<04:35, 137.86s/it]
Task 16, Epoch 2/3 => Loss 0.213:  33%|███▎      | 1/3 [04:35<04:35, 137.86s/it]
Task 16, Epoch 2/3 => Loss 0.213:  67%|██████▋   | 2/3 [04:35<02:17, 137.93s/it]
Task 16, Epoch 3/3 => Loss 0.147:  67%|██████▋   | 2/3 [06:53<02:17, 137.93s/it]
Task 16, Epoch 3/3 => Loss 0.147: 100%|██████████| 3/3 [06:53<00:00, 137.88s/it]
Task 16, Epoch 3/3 => Loss 0.147: 100%|██████████| 3/3 [06:53<00:00, 137.89s/it]
2025-11-28 13:07:59,907 [train_pf.py] => Task 16 Average Accuracy is 0.887
[[0.982 0.98  0.962 0.966 0.964 0.956 0.952 0.946 0.928 0.92  0.906 0.88
  0.878 0.89  0.878 0.876 0.    0.    0.    0.   ]
 [0.    0.992 0.988 0.986 0.964 0.948 0.948 0.946 0.944 0.93  0.928 0.93
  0.928 0.924 0.922 0.914 0.    0.    0.    0.   ]
 [0.    0.    0.956 0.96  0.95  0.93  0.92  0.906 0.91  0.888 0.884 0.876
  0.83  0.824 0.816 0.806 0.    0.    0.    0.   ]
 [0.    0.    0.    0.964 0.964 0.946 0.934 0.916 0.916 0.914 0.918 0.918
  0.912 0.912 0.906 0.906 0.    0.    0.    0.   ]
 [0.    0.    0.    0.    0.966 0.968 0.966 0.962 0.954 0.95  0.946 0.944
  0.936 0.924 0.922 0.912 0.    0.    0.    0.   ]
 [0.    0.    0.    0.    0.    0.894 0.908 0.9   0.874 0.856 0.852 0.852
  0.852 0.858 0.848 0.846 0.    0.    0.    0.   ]
 [0.    0.    0.    0.    0.    0.    0.942 0.956 0.948 0.93  0.918 0.9
  0.9   0.9   0.872 0.866 0.    0.    0.    0.   ]
 [0.    0.    0.    0.    0.    0.    0.    0.956 0.956 0.954 0.93  0.926
  0.916 0.914 0.918 0.914 0.    0.    0.    0.   ]
 [0.    0.    0.    0.    0.    0.    0.    0.    0.938 0.952 0.948 0.944
  0.936 0.932 0.928 0.928 0.    0.    0.    0.   ]
 [0.    0.    0.    0.    0.    0.    0.    0.    0.    0.918 0.898 0.878
  0.876 0.87  0.868 0.864 0.    0.    0.    0.   ]
 [0.    0.    0.    0.    0.    0.    0.    0.    0.    0.    0.894 0.904
  0.896 0.888 0.882 0.872 0.    0.    0.    0.   ]
 [0.    0.    0.    0.    0.    0.    0.    0.    0.    0.    0.    0.894
  0.914 0.906 0.886 0.874 0.    0.    0.    0.   ]
 [0.    0.    0.    0.    0.    0.    0.    0.    0.    0.    0.    0.
  0.874 0.902 0.862 0.838 0.    0.    0.    0.   ]
 [0.    0.    0.    0.    0.    0.    0.    0.    0.    0.    0.    0.
  0.    0.944 0.936 0.926 0.    0.    0.    0.   ]
 [0.    0.    0.    0.    0.    0.    0.    0.    0.    0.    0.    0.
  0.    0.    0.864 0.89  0.    0.    0.    0.   ]
 [0.    0.    0.    0.    0.    0.    0.    0.    0.    0.    0.    0.
  0.    0.    0.    0.958 0.    0.    0.    0.   ]
 [0.    0.    0.    0.    0.    0.    0.    0.    0.    0.    0.    0.
  0.    0.    0.    0.    0.    0.    0.    0.   ]
 [0.    0.    0.    0.    0.    0.    0.    0.    0.    0.    0.    0.
  0.    0.    0.    0.    0.    0.    0.    0.   ]
 [0.    0.    0.    0.    0.    0.    0.    0.    0.    0.    0.    0.
  0.    0.    0.    0.    0.    0.    0.    0.   ]
 [0.    0.    0.    0.    0.    0.    0.    0.    0.    0.    0.    0.
  0.    0.    0.    0.    0.    0.    0.    0.   ]]
2025-11-28 13:08:20,688 [train_pf.py] => Start Training Task 17
2025-11-28 13:08:20,700 [train_pf.py] => number of trainable params: 202501
2025-11-28 13:08:20,704 [train_pf.py] => total number of params: 210348038

  0%|          | 0/3 [00:00<?, ?it/s]
Task 17, Epoch 1/3 => Loss 0.305:   0%|          | 0/3 [02:19<?, ?it/s]
Task 17, Epoch 1/3 => Loss 0.305:  33%|███▎      | 1/3 [02:19<04:39, 139.71s/it]
Task 17, Epoch 2/3 => Loss 0.175:  33%|███▎      | 1/3 [04:39<04:39, 139.71s/it]
Task 17, Epoch 2/3 => Loss 0.175:  67%|██████▋   | 2/3 [04:39<02:19, 139.99s/it]
Task 17, Epoch 3/3 => Loss 0.112:  67%|██████▋   | 2/3 [06:59<02:19, 139.99s/it]
Task 17, Epoch 3/3 => Loss 0.112: 100%|██████████| 3/3 [06:59<00:00, 140.04s/it]
Task 17, Epoch 3/3 => Loss 0.112: 100%|██████████| 3/3 [06:59<00:00, 140.00s/it]
2025-11-28 13:24:16,468 [train_pf.py] => Task 17 Average Accuracy is 0.886
[[0.982 0.98  0.962 0.966 0.964 0.956 0.952 0.946 0.928 0.92  0.906 0.88
  0.878 0.89  0.878 0.876 0.88  0.    0.    0.   ]
 [0.    0.992 0.988 0.986 0.964 0.948 0.948 0.946 0.944 0.93  0.928 0.93
  0.928 0.924 0.922 0.914 0.904 0.    0.    0.   ]
 [0.    0.    0.956 0.96  0.95  0.93  0.92  0.906 0.91  0.888 0.884 0.876
  0.83  0.824 0.816 0.806 0.804 0.    0.    0.   ]
 [0.    0.    0.    0.964 0.964 0.946 0.934 0.916 0.916 0.914 0.918 0.918
  0.912 0.912 0.906 0.906 0.904 0.    0.    0.   ]
 [0.    0.    0.    0.    0.966 0.968 0.966 0.962 0.954 0.95  0.946 0.944
  0.936 0.924 0.922 0.912 0.902 0.    0.    0.   ]
 [0.    0.    0.    0.    0.    0.894 0.908 0.9   0.874 0.856 0.852 0.852
  0.852 0.858 0.848 0.846 0.834 0.    0.    0.   ]
 [0.    0.    0.    0.    0.    0.    0.942 0.956 0.948 0.93  0.918 0.9
  0.9   0.9   0.872 0.866 0.866 0.    0.    0.   ]
 [0.    0.    0.    0.    0.    0.    0.    0.956 0.956 0.954 0.93  0.926
  0.916 0.914 0.918 0.914 0.912 0.    0.    0.   ]
 [0.    0.    0.    0.    0.    0.    0.    0.    0.938 0.952 0.948 0.944
  0.936 0.932 0.928 0.928 0.92  0.    0.    0.   ]
 [0.    0.    0.    0.    0.    0.    0.    0.    0.    0.918 0.898 0.878
  0.876 0.87  0.868 0.864 0.854 0.    0.    0.   ]
 [0.    0.    0.    0.    0.    0.    0.    0.    0.    0.    0.894 0.904
  0.896 0.888 0.882 0.872 0.876 0.    0.    0.   ]
 [0.    0.    0.    0.    0.    0.    0.    0.    0.    0.    0.    0.894
  0.914 0.906 0.886 0.874 0.882 0.    0.    0.   ]
 [0.    0.    0.    0.    0.    0.    0.    0.    0.    0.    0.    0.
  0.874 0.902 0.862 0.838 0.842 0.    0.    0.   ]
 [0.    0.    0.    0.    0.    0.    0.    0.    0.    0.    0.    0.
  0.    0.944 0.936 0.926 0.916 0.    0.    0.   ]
 [0.    0.    0.    0.    0.    0.    0.    0.    0.    0.    0.    0.
  0.    0.    0.864 0.89  0.882 0.    0.    0.   ]
 [0.    0.    0.    0.    0.    0.    0.    0.    0.    0.    0.    0.
  0.    0.    0.    0.958 0.964 0.    0.    0.   ]
 [0.    0.    0.    0.    0.    0.    0.    0.    0.    0.    0.    0.
  0.    0.    0.    0.    0.914 0.    0.    0.   ]
 [0.    0.    0.    0.    0.    0.    0.    0.    0.    0.    0.    0.
  0.    0.    0.    0.    0.    0.    0.    0.   ]
 [0.    0.    0.    0.    0.    0.    0.    0.    0.    0.    0.    0.
  0.    0.    0.    0.    0.    0.    0.    0.   ]
 [0.    0.    0.    0.    0.    0.    0.    0.    0.    0.    0.    0.
  0.    0.    0.    0.    0.    0.    0.    0.   ]]
2025-11-28 13:24:37,195 [train_pf.py] => Start Training Task 18
2025-11-28 13:24:37,202 [train_pf.py] => number of trainable params: 202661
2025-11-28 13:24:37,203 [train_pf.py] => total number of params: 210348198

  0%|          | 0/3 [00:00<?, ?it/s]
Task 18, Epoch 1/3 => Loss 0.251:   0%|          | 0/3 [02:21<?, ?it/s]
Task 18, Epoch 1/3 => Loss 0.251:  33%|███▎      | 1/3 [02:21<04:42, 141.09s/it]
Task 18, Epoch 2/3 => Loss 0.120:  33%|███▎      | 1/3 [04:41<04:42, 141.09s/it]
Task 18, Epoch 2/3 => Loss 0.120:  67%|██████▋   | 2/3 [04:41<02:20, 140.71s/it]
Task 18, Epoch 3/3 => Loss 0.082:  67%|██████▋   | 2/3 [07:01<02:20, 140.71s/it]
Task 18, Epoch 3/3 => Loss 0.082: 100%|██████████| 3/3 [07:01<00:00, 140.51s/it]
Task 18, Epoch 3/3 => Loss 0.082: 100%|██████████| 3/3 [07:01<00:00, 140.60s/it]
2025-11-28 13:41:26,621 [train_pf.py] => Task 18 Average Accuracy is 0.886
[[0.982 0.98  0.962 0.966 0.964 0.956 0.952 0.946 0.928 0.92  0.906 0.88
  0.878 0.89  0.878 0.876 0.88  0.888 0.    0.   ]
 [0.    0.992 0.988 0.986 0.964 0.948 0.948 0.946 0.944 0.93  0.928 0.93
  0.928 0.924 0.922 0.914 0.904 0.904 0.    0.   ]
 [0.    0.    0.956 0.96  0.95  0.93  0.92  0.906 0.91  0.888 0.884 0.876
  0.83  0.824 0.816 0.806 0.804 0.794 0.    0.   ]
 [0.    0.    0.    0.964 0.964 0.946 0.934 0.916 0.916 0.914 0.918 0.918
  0.912 0.912 0.906 0.906 0.904 0.898 0.    0.   ]
 [0.    0.    0.    0.    0.966 0.968 0.966 0.962 0.954 0.95  0.946 0.944
  0.936 0.924 0.922 0.912 0.902 0.908 0.    0.   ]
 [0.    0.    0.    0.    0.    0.894 0.908 0.9   0.874 0.856 0.852 0.852
  0.852 0.858 0.848 0.846 0.834 0.848 0.    0.   ]
 [0.    0.    0.    0.    0.    0.    0.942 0.956 0.948 0.93  0.918 0.9
  0.9   0.9   0.872 0.866 0.866 0.866 0.    0.   ]
 [0.    0.    0.    0.    0.    0.    0.    0.956 0.956 0.954 0.93  0.926
  0.916 0.914 0.918 0.914 0.912 0.896 0.    0.   ]
 [0.    0.    0.    0.    0.    0.    0.    0.    0.938 0.952 0.948 0.944
  0.936 0.932 0.928 0.928 0.92  0.878 0.    0.   ]
 [0.    0.    0.    0.    0.    0.    0.    0.    0.    0.918 0.898 0.878
  0.876 0.87  0.868 0.864 0.854 0.858 0.    0.   ]
 [0.    0.    0.    0.    0.    0.    0.    0.    0.    0.    0.894 0.904
  0.896 0.888 0.882 0.872 0.876 0.868 0.    0.   ]
 [0.    0.    0.    0.    0.    0.    0.    0.    0.    0.    0.    0.894
  0.914 0.906 0.886 0.874 0.882 0.878 0.    0.   ]
 [0.    0.    0.    0.    0.    0.    0.    0.    0.    0.    0.    0.
  0.874 0.902 0.862 0.838 0.842 0.818 0.    0.   ]
 [0.    0.    0.    0.    0.    0.    0.    0.    0.    0.    0.    0.
  0.    0.944 0.936 0.926 0.916 0.916 0.    0.   ]
 [0.    0.    0.    0.    0.    0.    0.    0.    0.    0.    0.    0.
  0.    0.    0.864 0.89  0.882 0.878 0.    0.   ]
 [0.    0.    0.    0.    0.    0.    0.    0.    0.    0.    0.    0.
  0.    0.    0.    0.958 0.964 0.958 0.    0.   ]
 [0.    0.    0.    0.    0.    0.    0.    0.    0.    0.    0.    0.
  0.    0.    0.    0.    0.914 0.94  0.    0.   ]
 [0.    0.    0.    0.    0.    0.    0.    0.    0.    0.    0.    0.
  0.    0.    0.    0.    0.    0.952 0.    0.   ]
 [0.    0.    0.    0.    0.    0.    0.    0.    0.    0.    0.    0.
  0.    0.    0.    0.    0.    0.    0.    0.   ]
 [0.    0.    0.    0.    0.    0.    0.    0.    0.    0.    0.    0.
  0.    0.    0.    0.    0.    0.    0.    0.   ]]
2025-11-28 13:41:47,326 [train_pf.py] => Start Training Task 19
2025-11-28 13:41:47,330 [train_pf.py] => number of trainable params: 202821
2025-11-28 13:41:47,331 [train_pf.py] => total number of params: 210348358

  0%|          | 0/3 [00:00<?, ?it/s]
Task 19, Epoch 1/3 => Loss 0.245:   0%|          | 0/3 [02:22<?, ?it/s]
Task 19, Epoch 1/3 => Loss 0.245:  33%|███▎      | 1/3 [02:22<04:44, 142.15s/it]
Task 19, Epoch 2/3 => Loss 0.123:  33%|███▎      | 1/3 [04:44<04:44, 142.15s/it]
Task 19, Epoch 2/3 => Loss 0.123:  67%|██████▋   | 2/3 [04:44<02:22, 142.25s/it]
Task 19, Epoch 3/3 => Loss 0.083:  67%|██████▋   | 2/3 [07:07<02:22, 142.25s/it]
Task 19, Epoch 3/3 => Loss 0.083: 100%|██████████| 3/3 [07:07<00:00, 142.42s/it]
Task 19, Epoch 3/3 => Loss 0.083: 100%|██████████| 3/3 [07:07<00:00, 142.37s/it]
2025-11-28 13:59:37,679 [train_pf.py] => Task 19 Average Accuracy is 0.882
[[0.982 0.98  0.962 0.966 0.964 0.956 0.952 0.946 0.928 0.92  0.906 0.88
  0.878 0.89  0.878 0.876 0.88  0.888 0.886 0.   ]
 [0.    0.992 0.988 0.986 0.964 0.948 0.948 0.946 0.944 0.93  0.928 0.93
  0.928 0.924 0.922 0.914 0.904 0.904 0.91  0.   ]
 [0.    0.    0.956 0.96  0.95  0.93  0.92  0.906 0.91  0.888 0.884 0.876
  0.83  0.824 0.816 0.806 0.804 0.794 0.79  0.   ]
 [0.    0.    0.    0.964 0.964 0.946 0.934 0.916 0.916 0.914 0.918 0.918
  0.912 0.912 0.906 0.906 0.904 0.898 0.904 0.   ]
 [0.    0.    0.    0.    0.966 0.968 0.966 0.962 0.954 0.95  0.946 0.944
  0.936 0.924 0.922 0.912 0.902 0.908 0.908 0.   ]
 [0.    0.    0.    0.    0.    0.894 0.908 0.9   0.874 0.856 0.852 0.852
  0.852 0.858 0.848 0.846 0.834 0.848 0.85  0.   ]
 [0.    0.    0.    0.    0.    0.    0.942 0.956 0.948 0.93  0.918 0.9
  0.9   0.9   0.872 0.866 0.866 0.866 0.856 0.   ]
 [0.    0.    0.    0.    0.    0.    0.    0.956 0.956 0.954 0.93  0.926
  0.916 0.914 0.918 0.914 0.912 0.896 0.896 0.   ]
 [0.    0.    0.    0.    0.    0.    0.    0.    0.938 0.952 0.948 0.944
  0.936 0.932 0.928 0.928 0.92  0.878 0.87  0.   ]
 [0.    0.    0.    0.    0.    0.    0.    0.    0.    0.918 0.898 0.878
  0.876 0.87  0.868 0.864 0.854 0.858 0.852 0.   ]
 [0.    0.    0.    0.    0.    0.    0.    0.    0.    0.    0.894 0.904
  0.896 0.888 0.882 0.872 0.876 0.868 0.854 0.   ]
 [0.    0.    0.    0.    0.    0.    0.    0.    0.    0.    0.    0.894
  0.914 0.906 0.886 0.874 0.882 0.878 0.862 0.   ]
 [0.    0.    0.    0.    0.    0.    0.    0.    0.    0.    0.    0.
  0.874 0.902 0.862 0.838 0.842 0.818 0.82  0.   ]
 [0.    0.    0.    0.    0.    0.    0.    0.    0.    0.    0.    0.
  0.    0.944 0.936 0.926 0.916 0.916 0.918 0.   ]
 [0.    0.    0.    0.    0.    0.    0.    0.    0.    0.    0.    0.
  0.    0.    0.864 0.89  0.882 0.878 0.864 0.   ]
 [0.    0.    0.    0.    0.    0.    0.    0.    0.    0.    0.    0.
  0.    0.    0.    0.958 0.964 0.958 0.954 0.   ]
 [0.    0.    0.    0.    0.    0.    0.    0.    0.    0.    0.    0.
  0.    0.    0.    0.    0.914 0.94  0.902 0.   ]
 [0.    0.    0.    0.    0.    0.    0.    0.    0.    0.    0.    0.
  0.    0.    0.    0.    0.    0.952 0.958 0.   ]
 [0.    0.    0.    0.    0.    0.    0.    0.    0.    0.    0.    0.
  0.    0.    0.    0.    0.    0.    0.908 0.   ]
 [0.    0.    0.    0.    0.    0.    0.    0.    0.    0.    0.    0.
  0.    0.    0.    0.    0.    0.    0.    0.   ]]
2025-11-28 13:59:58,354 [train_pf.py] => Start Training Task 20
2025-11-28 13:59:58,360 [train_pf.py] => number of trainable params: 202981
2025-11-28 13:59:58,361 [train_pf.py] => total number of params: 210348518

  0%|          | 0/3 [00:00<?, ?it/s]
Task 20, Epoch 1/3 => Loss 0.308:   0%|          | 0/3 [02:23<?, ?it/s]
Task 20, Epoch 1/3 => Loss 0.308:  33%|███▎      | 1/3 [02:23<04:46, 143.18s/it]
Task 20, Epoch 2/3 => Loss 0.177:  33%|███▎      | 1/3 [04:46<04:46, 143.18s/it]
Task 20, Epoch 2/3 => Loss 0.177:  67%|██████▋   | 2/3 [04:46<02:23, 143.07s/it]
Task 20, Epoch 3/3 => Loss 0.111:  67%|██████▋   | 2/3 [07:09<02:23, 143.07s/it]
Task 20, Epoch 3/3 => Loss 0.111: 100%|██████████| 3/3 [07:09<00:00, 143.04s/it]
Task 20, Epoch 3/3 => Loss 0.111: 100%|██████████| 3/3 [07:09<00:00, 143.06s/it]
2025-11-28 14:18:54,246 [train_pf.py] => Task 20 Average Accuracy is 0.875
[[0.982 0.98  0.962 0.966 0.964 0.956 0.952 0.946 0.928 0.92  0.906 0.88
  0.878 0.89  0.878 0.876 0.88  0.888 0.886 0.884]
 [0.    0.992 0.988 0.986 0.964 0.948 0.948 0.946 0.944 0.93  0.928 0.93
  0.928 0.924 0.922 0.914 0.904 0.904 0.91  0.908]
 [0.    0.    0.956 0.96  0.95  0.93  0.92  0.906 0.91  0.888 0.884 0.876
  0.83  0.824 0.816 0.806 0.804 0.794 0.79  0.788]
 [0.    0.    0.    0.964 0.964 0.946 0.934 0.916 0.916 0.914 0.918 0.918
  0.912 0.912 0.906 0.906 0.904 0.898 0.904 0.894]
 [0.    0.    0.    0.    0.966 0.968 0.966 0.962 0.954 0.95  0.946 0.944
  0.936 0.924 0.922 0.912 0.902 0.908 0.908 0.916]
 [0.    0.    0.    0.    0.    0.894 0.908 0.9   0.874 0.856 0.852 0.852
  0.852 0.858 0.848 0.846 0.834 0.848 0.85  0.85 ]
 [0.    0.    0.    0.    0.    0.    0.942 0.956 0.948 0.93  0.918 0.9
  0.9   0.9   0.872 0.866 0.866 0.866 0.856 0.836]
 [0.    0.    0.    0.    0.    0.    0.    0.956 0.956 0.954 0.93  0.926
  0.916 0.914 0.918 0.914 0.912 0.896 0.896 0.876]
 [0.    0.    0.    0.    0.    0.    0.    0.    0.938 0.952 0.948 0.944
  0.936 0.932 0.928 0.928 0.92  0.878 0.87  0.874]
 [0.    0.    0.    0.    0.    0.    0.    0.    0.    0.918 0.898 0.878
  0.876 0.87  0.868 0.864 0.854 0.858 0.852 0.826]
 [0.    0.    0.    0.    0.    0.    0.    0.    0.    0.    0.894 0.904
  0.896 0.888 0.882 0.872 0.876 0.868 0.854 0.848]
 [0.    0.    0.    0.    0.    0.    0.    0.    0.    0.    0.    0.894
  0.914 0.906 0.886 0.874 0.882 0.878 0.862 0.866]
 [0.    0.    0.    0.    0.    0.    0.    0.    0.    0.    0.    0.
  0.874 0.902 0.862 0.838 0.842 0.818 0.82  0.802]
 [0.    0.    0.    0.    0.    0.    0.    0.    0.    0.    0.    0.
  0.    0.944 0.936 0.926 0.916 0.916 0.918 0.914]
 [0.    0.    0.    0.    0.    0.    0.    0.    0.    0.    0.    0.
  0.    0.    0.864 0.89  0.882 0.878 0.864 0.852]
 [0.    0.    0.    0.    0.    0.    0.    0.    0.    0.    0.    0.
  0.    0.    0.    0.958 0.964 0.958 0.954 0.948]
 [0.    0.    0.    0.    0.    0.    0.    0.    0.    0.    0.    0.
  0.    0.    0.    0.    0.914 0.94  0.902 0.892]
 [0.    0.    0.    0.    0.    0.    0.    0.    0.    0.    0.    0.
  0.    0.    0.    0.    0.    0.952 0.958 0.944]
 [0.    0.    0.    0.    0.    0.    0.    0.    0.    0.    0.    0.
  0.    0.    0.    0.    0.    0.    0.908 0.928]
 [0.    0.    0.    0.    0.    0.    0.    0.    0.    0.    0.    0.
  0.    0.    0.    0.    0.    0.    0.    0.856]]

========================================
Finished Cifar_inc5
Forgetting: 0.063
Cost:13528.2474s
========================================

2025-11-28 14:19:20,672 [main.py] => config: ./config/pf_cifar_10_10.json
2025-11-28 14:19:20,672 [main.py] => model_type: PF
2025-11-28 14:19:20,672 [main.py] => dataset: Cifar
2025-11-28 14:19:20,672 [main.py] => file_root: /home/team/zhaohongwei/Code/Research/Awesome-MMCL/PromptFusion
2025-11-28 14:19:20,672 [main.py] => data_root: /home/team/zhaohongwei/Dataset
2025-11-28 14:19:20,672 [main.py] => backbone: ViT-B-16
2025-11-28 14:19:20,672 [main.py] => herding_method: barycenter
2025-11-28 14:19:20,672 [main.py] => device: cuda
2025-11-28 14:19:20,672 [main.py] => ngpus: 1
2025-11-28 14:19:20,672 [main.py] => batch_size: 32
2025-11-28 14:19:20,672 [main.py] => memory_size: 5000
2025-11-28 14:19:20,673 [main.py] => step: 10
2025-11-28 14:19:20,673 [main.py] => epoch: 3
2025-11-28 14:19:20,673 [main.py] => learning_rate: 0.002
2025-11-28 14:19:20,673 [main.py] => weight_decay: 0.0001
2025-11-28 14:19:20,673 [main.py] => M: 30
2025-11-28 14:19:20,673 [main.py] => vpt_prompt_length: 30
2025-11-28 14:19:20,673 [main.py] => clip_image_prompt_length: 30
2025-11-28 14:19:20,673 [main.py] => output_folder: /home/team/zhaohongwei/Code/Research/Awesome-MMCL/PromptFusion/PF/Cifar/ViT-B-16/
Files already downloaded and verified
Files already downloaded and verified
2025-11-28 14:19:27,418 [vision_transformer.py] => Resized position embedding: torch.Size([1, 197, 768]) to torch.Size([1, 227, 768])
2025-11-28 14:19:27,419 [vision_transformer.py] => Position embedding grid-size from [14, 14] to (14, 14)
2025-11-28 14:19:29,492 [train_pf.py] => Start Training Task 1
2025-11-28 14:19:29,497 [train_pf.py] => number of trainable params: 276901
2025-11-28 14:19:29,498 [train_pf.py] => total number of params: 210422438

  0%|          | 0/3 [00:00<?, ?it/s]
Task 1, Epoch 1/3 => Loss 0.251:   0%|          | 0/3 [01:18<?, ?it/s]
Task 1, Epoch 1/3 => Loss 0.251:  33%|███▎      | 1/3 [01:18<02:36, 78.10s/it]
Task 1, Epoch 2/3 => Loss 0.060:  33%|███▎      | 1/3 [02:35<02:36, 78.10s/it]
Task 1, Epoch 2/3 => Loss 0.060:  67%|██████▋   | 2/3 [02:35<01:17, 77.95s/it]
Task 1, Epoch 3/3 => Loss 0.035:  67%|██████▋   | 2/3 [03:53<01:17, 77.95s/it]
Task 1, Epoch 3/3 => Loss 0.035: 100%|██████████| 3/3 [03:53<00:00, 77.88s/it]
Task 1, Epoch 3/3 => Loss 0.035: 100%|██████████| 3/3 [03:53<00:00, 77.92s/it]
2025-11-28 14:23:43,772 [train_pf.py] => Task 1 Average Accuracy is 0.984
[[0.984 0.    0.    0.    0.    0.    0.    0.    0.    0.   ]
 [0.    0.    0.    0.    0.    0.    0.    0.    0.    0.   ]
 [0.    0.    0.    0.    0.    0.    0.    0.    0.    0.   ]
 [0.    0.    0.    0.    0.    0.    0.    0.    0.    0.   ]
 [0.    0.    0.    0.    0.    0.    0.    0.    0.    0.   ]
 [0.    0.    0.    0.    0.    0.    0.    0.    0.    0.   ]
 [0.    0.    0.    0.    0.    0.    0.    0.    0.    0.   ]
 [0.    0.    0.    0.    0.    0.    0.    0.    0.    0.   ]
 [0.    0.    0.    0.    0.    0.    0.    0.    0.    0.   ]
 [0.    0.    0.    0.    0.    0.    0.    0.    0.    0.   ]]
2025-11-28 14:23:59,083 [train_pf.py] => Start Training Task 2
2025-11-28 14:23:59,090 [train_pf.py] => number of trainable params: 277221
2025-11-28 14:23:59,091 [train_pf.py] => total number of params: 210422758

  0%|          | 0/3 [00:00<?, ?it/s]
Task 2, Epoch 1/3 => Loss 0.143:   0%|          | 0/3 [02:39<?, ?it/s]
Task 2, Epoch 1/3 => Loss 0.143:  33%|███▎      | 1/3 [02:39<05:18, 159.48s/it]
Task 2, Epoch 2/3 => Loss 0.064:  33%|███▎      | 1/3 [05:18<05:18, 159.48s/it]
Task 2, Epoch 2/3 => Loss 0.064:  67%|██████▋   | 2/3 [05:18<02:39, 159.44s/it]
Task 2, Epoch 3/3 => Loss 0.045:  67%|██████▋   | 2/3 [07:58<02:39, 159.44s/it]
Task 2, Epoch 3/3 => Loss 0.045: 100%|██████████| 3/3 [07:58<00:00, 159.42s/it]
Task 2, Epoch 3/3 => Loss 0.045: 100%|██████████| 3/3 [07:58<00:00, 159.43s/it]
2025-11-28 14:32:47,833 [train_pf.py] => Task 2 Average Accuracy is 0.968
[[0.984 0.977 0.    0.    0.    0.    0.    0.    0.    0.   ]
 [0.    0.959 0.    0.    0.    0.    0.    0.    0.    0.   ]
 [0.    0.    0.    0.    0.    0.    0.    0.    0.    0.   ]
 [0.    0.    0.    0.    0.    0.    0.    0.    0.    0.   ]
 [0.    0.    0.    0.    0.    0.    0.    0.    0.    0.   ]
 [0.    0.    0.    0.    0.    0.    0.    0.    0.    0.   ]
 [0.    0.    0.    0.    0.    0.    0.    0.    0.    0.   ]
 [0.    0.    0.    0.    0.    0.    0.    0.    0.    0.   ]
 [0.    0.    0.    0.    0.    0.    0.    0.    0.    0.   ]
 [0.    0.    0.    0.    0.    0.    0.    0.    0.    0.   ]]
2025-11-28 14:33:15,400 [train_pf.py] => Start Training Task 3
2025-11-28 14:33:15,407 [train_pf.py] => number of trainable params: 277541
2025-11-28 14:33:15,408 [train_pf.py] => total number of params: 210423078

  0%|          | 0/3 [00:00<?, ?it/s]
Task 3, Epoch 1/3 => Loss 0.200:   0%|          | 0/3 [02:44<?, ?it/s]
Task 3, Epoch 1/3 => Loss 0.200:  33%|███▎      | 1/3 [02:44<05:29, 164.59s/it]
Task 3, Epoch 2/3 => Loss 0.108:  33%|███▎      | 1/3 [05:28<05:29, 164.59s/it]
Task 3, Epoch 2/3 => Loss 0.108:  67%|██████▋   | 2/3 [05:28<02:44, 164.47s/it]
Task 3, Epoch 3/3 => Loss 0.078:  67%|██████▋   | 2/3 [08:13<02:44, 164.47s/it]
Task 3, Epoch 3/3 => Loss 0.078: 100%|██████████| 3/3 [08:13<00:00, 164.46s/it]
Task 3, Epoch 3/3 => Loss 0.078: 100%|██████████| 3/3 [08:13<00:00, 164.47s/it]
2025-11-28 14:43:09,172 [train_pf.py] => Task 3 Average Accuracy is 0.946
[[0.984 0.977 0.953 0.    0.    0.    0.    0.    0.    0.   ]
 [0.    0.959 0.941 0.    0.    0.    0.    0.    0.    0.   ]
 [0.    0.    0.944 0.    0.    0.    0.    0.    0.    0.   ]
 [0.    0.    0.    0.    0.    0.    0.    0.    0.    0.   ]
 [0.    0.    0.    0.    0.    0.    0.    0.    0.    0.   ]
 [0.    0.    0.    0.    0.    0.    0.    0.    0.    0.   ]
 [0.    0.    0.    0.    0.    0.    0.    0.    0.    0.   ]
 [0.    0.    0.    0.    0.    0.    0.    0.    0.    0.   ]
 [0.    0.    0.    0.    0.    0.    0.    0.    0.    0.   ]
 [0.    0.    0.    0.    0.    0.    0.    0.    0.    0.   ]]
2025-11-28 14:43:36,742 [train_pf.py] => Start Training Task 4
2025-11-28 14:43:36,749 [train_pf.py] => number of trainable params: 277861
2025-11-28 14:43:36,761 [train_pf.py] => total number of params: 210423398

  0%|          | 0/3 [00:00<?, ?it/s]
Task 4, Epoch 1/3 => Loss 0.225:   0%|          | 0/3 [02:49<?, ?it/s]
Task 4, Epoch 1/3 => Loss 0.225:  33%|███▎      | 1/3 [02:49<05:38, 169.02s/it]
Task 4, Epoch 2/3 => Loss 0.124:  33%|███▎      | 1/3 [05:37<05:38, 169.02s/it]
Task 4, Epoch 2/3 => Loss 0.124:  67%|██████▋   | 2/3 [05:37<02:48, 168.92s/it]
Task 4, Epoch 3/3 => Loss 0.089:  67%|██████▋   | 2/3 [08:26<02:48, 168.92s/it]
Task 4, Epoch 3/3 => Loss 0.089: 100%|██████████| 3/3 [08:26<00:00, 168.92s/it]
Task 4, Epoch 3/3 => Loss 0.089: 100%|██████████| 3/3 [08:26<00:00, 168.93s/it]
2025-11-28 14:54:35,853 [train_pf.py] => Task 4 Average Accuracy is 0.936
[[0.984 0.977 0.953 0.942 0.    0.    0.    0.    0.    0.   ]
 [0.    0.959 0.941 0.911 0.    0.    0.    0.    0.    0.   ]
 [0.    0.    0.944 0.936 0.    0.    0.    0.    0.    0.   ]
 [0.    0.    0.    0.957 0.    0.    0.    0.    0.    0.   ]
 [0.    0.    0.    0.    0.    0.    0.    0.    0.    0.   ]
 [0.    0.    0.    0.    0.    0.    0.    0.    0.    0.   ]
 [0.    0.    0.    0.    0.    0.    0.    0.    0.    0.   ]
 [0.    0.    0.    0.    0.    0.    0.    0.    0.    0.   ]
 [0.    0.    0.    0.    0.    0.    0.    0.    0.    0.   ]
 [0.    0.    0.    0.    0.    0.    0.    0.    0.    0.   ]]
2025-11-28 14:55:03,296 [train_pf.py] => Start Training Task 5
2025-11-28 14:55:03,301 [train_pf.py] => number of trainable params: 278181
2025-11-28 14:55:03,302 [train_pf.py] => total number of params: 210423718

  0%|          | 0/3 [00:00<?, ?it/s]
Task 5, Epoch 1/3 => Loss 0.269:   0%|          | 0/3 [02:52<?, ?it/s]
Task 5, Epoch 1/3 => Loss 0.269:  33%|███▎      | 1/3 [02:52<05:44, 172.25s/it]
Task 5, Epoch 2/3 => Loss 0.144:  33%|███▎      | 1/3 [05:44<05:44, 172.25s/it]
Task 5, Epoch 2/3 => Loss 0.144:  67%|██████▋   | 2/3 [05:44<02:52, 172.25s/it]
Task 5, Epoch 3/3 => Loss 0.100:  67%|██████▋   | 2/3 [08:36<02:52, 172.25s/it]
Task 5, Epoch 3/3 => Loss 0.100: 100%|██████████| 3/3 [08:36<00:00, 172.26s/it]
Task 5, Epoch 3/3 => Loss 0.100: 100%|██████████| 3/3 [08:36<00:00, 172.26s/it]
2025-11-28 15:07:07,179 [train_pf.py] => Task 5 Average Accuracy is 0.924
[[0.984 0.977 0.953 0.942 0.934 0.    0.    0.    0.    0.   ]
 [0.    0.959 0.941 0.911 0.903 0.    0.    0.    0.    0.   ]
 [0.    0.    0.944 0.936 0.905 0.    0.    0.    0.    0.   ]
 [0.    0.    0.    0.957 0.937 0.    0.    0.    0.    0.   ]
 [0.    0.    0.    0.    0.94  0.    0.    0.    0.    0.   ]
 [0.    0.    0.    0.    0.    0.    0.    0.    0.    0.   ]
 [0.    0.    0.    0.    0.    0.    0.    0.    0.    0.   ]
 [0.    0.    0.    0.    0.    0.    0.    0.    0.    0.   ]
 [0.    0.    0.    0.    0.    0.    0.    0.    0.    0.   ]
 [0.    0.    0.    0.    0.    0.    0.    0.    0.    0.   ]]
2025-11-28 15:07:34,750 [train_pf.py] => Start Training Task 6
2025-11-28 15:07:34,755 [train_pf.py] => number of trainable params: 278501
2025-11-28 15:07:34,756 [train_pf.py] => total number of params: 210424038

  0%|          | 0/3 [00:00<?, ?it/s]
Task 6, Epoch 1/3 => Loss 0.306:   0%|          | 0/3 [02:56<?, ?it/s]
Task 6, Epoch 1/3 => Loss 0.306:  33%|███▎      | 1/3 [02:56<05:52, 176.16s/it]
Task 6, Epoch 2/3 => Loss 0.173:  33%|███▎      | 1/3 [05:52<05:52, 176.16s/it]
Task 6, Epoch 2/3 => Loss 0.173:  67%|██████▋   | 2/3 [05:52<02:56, 176.11s/it]
Task 6, Epoch 3/3 => Loss 0.123:  67%|██████▋   | 2/3 [08:48<02:56, 176.11s/it]
Task 6, Epoch 3/3 => Loss 0.123: 100%|██████████| 3/3 [08:48<00:00, 176.16s/it]
Task 6, Epoch 3/3 => Loss 0.123: 100%|██████████| 3/3 [08:48<00:00, 176.15s/it]
2025-11-28 15:21:03,329 [train_pf.py] => Task 6 Average Accuracy is 0.907
[[0.984 0.977 0.953 0.942 0.934 0.912 0.    0.    0.    0.   ]
 [0.    0.959 0.941 0.911 0.903 0.897 0.    0.    0.    0.   ]
 [0.    0.    0.944 0.936 0.905 0.905 0.    0.    0.    0.   ]
 [0.    0.    0.    0.957 0.937 0.921 0.    0.    0.    0.   ]
 [0.    0.    0.    0.    0.94  0.911 0.    0.    0.    0.   ]
 [0.    0.    0.    0.    0.    0.897 0.    0.    0.    0.   ]
 [0.    0.    0.    0.    0.    0.    0.    0.    0.    0.   ]
 [0.    0.    0.    0.    0.    0.    0.    0.    0.    0.   ]
 [0.    0.    0.    0.    0.    0.    0.    0.    0.    0.   ]
 [0.    0.    0.    0.    0.    0.    0.    0.    0.    0.   ]]
2025-11-28 15:21:30,910 [train_pf.py] => Start Training Task 7
2025-11-28 15:21:30,917 [train_pf.py] => number of trainable params: 278821
2025-11-28 15:21:30,919 [train_pf.py] => total number of params: 210424358

  0%|          | 0/3 [00:00<?, ?it/s]
Task 7, Epoch 1/3 => Loss 0.342:   0%|          | 0/3 [03:00<?, ?it/s]
Task 7, Epoch 1/3 => Loss 0.342:  33%|███▎      | 1/3 [03:00<06:01, 180.65s/it]
Task 7, Epoch 2/3 => Loss 0.195:  33%|███▎      | 1/3 [06:01<06:01, 180.65s/it]
Task 7, Epoch 2/3 => Loss 0.195:  67%|██████▋   | 2/3 [06:01<03:00, 180.70s/it]
Task 7, Epoch 3/3 => Loss 0.135:  67%|██████▋   | 2/3 [09:02<03:00, 180.70s/it]
Task 7, Epoch 3/3 => Loss 0.135: 100%|██████████| 3/3 [09:02<00:00, 180.71s/it]
Task 7, Epoch 3/3 => Loss 0.135: 100%|██████████| 3/3 [09:02<00:00, 180.70s/it]
2025-11-28 15:36:51,788 [train_pf.py] => Task 7 Average Accuracy is 0.899
[[0.984 0.977 0.953 0.942 0.934 0.912 0.905 0.    0.    0.   ]
 [0.    0.959 0.941 0.911 0.903 0.897 0.881 0.    0.    0.   ]
 [0.    0.    0.944 0.936 0.905 0.905 0.892 0.    0.    0.   ]
 [0.    0.    0.    0.957 0.937 0.921 0.897 0.    0.    0.   ]
 [0.    0.    0.    0.    0.94  0.911 0.897 0.    0.    0.   ]
 [0.    0.    0.    0.    0.    0.897 0.9   0.    0.    0.   ]
 [0.    0.    0.    0.    0.    0.    0.92  0.    0.    0.   ]
 [0.    0.    0.    0.    0.    0.    0.    0.    0.    0.   ]
 [0.    0.    0.    0.    0.    0.    0.    0.    0.    0.   ]
 [0.    0.    0.    0.    0.    0.    0.    0.    0.    0.   ]]
2025-11-28 15:37:19,294 [train_pf.py] => Start Training Task 8
2025-11-28 15:37:19,311 [train_pf.py] => number of trainable params: 279141
2025-11-28 15:37:19,313 [train_pf.py] => total number of params: 210424678

  0%|          | 0/3 [00:00<?, ?it/s]
Task 8, Epoch 1/3 => Loss 0.380:   0%|          | 0/3 [03:05<?, ?it/s]
Task 8, Epoch 1/3 => Loss 0.380:  33%|███▎      | 1/3 [03:05<06:10, 185.43s/it]
Task 8, Epoch 2/3 => Loss 0.215:  33%|███▎      | 1/3 [06:10<06:10, 185.43s/it]
Task 8, Epoch 2/3 => Loss 0.215:  67%|██████▋   | 2/3 [06:10<03:05, 185.44s/it]
Task 8, Epoch 3/3 => Loss 0.150:  67%|██████▋   | 2/3 [09:16<03:05, 185.44s/it]
Task 8, Epoch 3/3 => Loss 0.150: 100%|██████████| 3/3 [09:16<00:00, 185.38s/it]
Task 8, Epoch 3/3 => Loss 0.150: 100%|██████████| 3/3 [09:16<00:00, 185.40s/it]
2025-11-28 15:54:34,083 [train_pf.py] => Task 8 Average Accuracy is 0.895
[[0.984 0.977 0.953 0.942 0.934 0.912 0.905 0.898 0.    0.   ]
 [0.    0.959 0.941 0.911 0.903 0.897 0.881 0.874 0.    0.   ]
 [0.    0.    0.944 0.936 0.905 0.905 0.892 0.888 0.    0.   ]
 [0.    0.    0.    0.957 0.937 0.921 0.897 0.898 0.    0.   ]
 [0.    0.    0.    0.    0.94  0.911 0.897 0.892 0.    0.   ]
 [0.    0.    0.    0.    0.    0.897 0.9   0.885 0.    0.   ]
 [0.    0.    0.    0.    0.    0.    0.92  0.893 0.    0.   ]
 [0.    0.    0.    0.    0.    0.    0.    0.935 0.    0.   ]
 [0.    0.    0.    0.    0.    0.    0.    0.    0.    0.   ]
 [0.    0.    0.    0.    0.    0.    0.    0.    0.    0.   ]]
2025-11-28 15:55:01,743 [train_pf.py] => Start Training Task 9
2025-11-28 15:55:01,750 [train_pf.py] => number of trainable params: 279461
2025-11-28 15:55:01,752 [train_pf.py] => total number of params: 210424998

  0%|          | 0/3 [00:00<?, ?it/s]
Task 9, Epoch 1/3 => Loss 0.324:   0%|          | 0/3 [03:09<?, ?it/s]
Task 9, Epoch 1/3 => Loss 0.324:  33%|███▎      | 1/3 [03:09<06:18, 189.17s/it]
Task 9, Epoch 2/3 => Loss 0.175:  33%|███▎      | 1/3 [06:18<06:18, 189.17s/it]
Task 9, Epoch 2/3 => Loss 0.175:  67%|██████▋   | 2/3 [06:18<03:09, 189.01s/it]
Task 9, Epoch 3/3 => Loss 0.117:  67%|██████▋   | 2/3 [09:27<03:09, 189.01s/it]
Task 9, Epoch 3/3 => Loss 0.117: 100%|██████████| 3/3 [09:27<00:00, 189.08s/it]
Task 9, Epoch 3/3 => Loss 0.117: 100%|██████████| 3/3 [09:27<00:00, 189.08s/it]
2025-11-28 16:14:18,558 [train_pf.py] => Task 9 Average Accuracy is 0.893
[[0.984 0.977 0.953 0.942 0.934 0.912 0.905 0.898 0.895 0.   ]
 [0.    0.959 0.941 0.911 0.903 0.897 0.881 0.874 0.855 0.   ]
 [0.    0.    0.944 0.936 0.905 0.905 0.892 0.888 0.885 0.   ]
 [0.    0.    0.    0.957 0.937 0.921 0.897 0.898 0.891 0.   ]
 [0.    0.    0.    0.    0.94  0.911 0.897 0.892 0.876 0.   ]
 [0.    0.    0.    0.    0.    0.897 0.9   0.885 0.876 0.   ]
 [0.    0.    0.    0.    0.    0.    0.92  0.893 0.887 0.   ]
 [0.    0.    0.    0.    0.    0.    0.    0.935 0.929 0.   ]
 [0.    0.    0.    0.    0.    0.    0.    0.    0.94  0.   ]
 [0.    0.    0.    0.    0.    0.    0.    0.    0.    0.   ]]
2025-11-28 16:14:46,070 [train_pf.py] => Start Training Task 10
2025-11-28 16:14:46,085 [train_pf.py] => number of trainable params: 279781
2025-11-28 16:14:46,088 [train_pf.py] => total number of params: 210425318

  0%|          | 0/3 [00:00<?, ?it/s]
Task 10, Epoch 1/3 => Loss 0.367:   0%|          | 0/3 [03:11<?, ?it/s]
Task 10, Epoch 1/3 => Loss 0.367:  33%|███▎      | 1/3 [03:11<06:22, 191.34s/it]
Task 10, Epoch 2/3 => Loss 0.204:  33%|███▎      | 1/3 [06:23<06:22, 191.34s/it]
Task 10, Epoch 2/3 => Loss 0.204:  67%|██████▋   | 2/3 [06:23<03:11, 191.70s/it]
Task 10, Epoch 3/3 => Loss 0.136:  67%|██████▋   | 2/3 [09:34<03:11, 191.70s/it]
Task 10, Epoch 3/3 => Loss 0.136: 100%|██████████| 3/3 [09:34<00:00, 191.66s/it]
Task 10, Epoch 3/3 => Loss 0.136: 100%|██████████| 3/3 [09:34<00:00, 191.64s/it]
2025-11-28 16:36:17,553 [train_pf.py] => Task 10 Average Accuracy is 0.884
[[0.984 0.977 0.953 0.942 0.934 0.912 0.905 0.898 0.895 0.893]
 [0.    0.959 0.941 0.911 0.903 0.897 0.881 0.874 0.855 0.849]
 [0.    0.    0.944 0.936 0.905 0.905 0.892 0.888 0.885 0.886]
 [0.    0.    0.    0.957 0.937 0.921 0.897 0.898 0.891 0.866]
 [0.    0.    0.    0.    0.94  0.911 0.897 0.892 0.876 0.852]
 [0.    0.    0.    0.    0.    0.897 0.9   0.885 0.876 0.862]
 [0.    0.    0.    0.    0.    0.    0.92  0.893 0.887 0.875]
 [0.    0.    0.    0.    0.    0.    0.    0.935 0.929 0.911]
 [0.    0.    0.    0.    0.    0.    0.    0.    0.94  0.933]
 [0.    0.    0.    0.    0.    0.    0.    0.    0.    0.917]]

========================================
Finished Cifar_inc10
Forgetting: 0.055
Cost:8235.5422s
========================================

2025-11-28 16:36:50,371 [main.py] => config: ./config/pf_cifar_20_20.json
2025-11-28 16:36:50,372 [main.py] => model_type: PF
2025-11-28 16:36:50,372 [main.py] => dataset: Cifar
2025-11-28 16:36:50,372 [main.py] => file_root: /home/team/zhaohongwei/Code/Research/Awesome-MMCL/PromptFusion
2025-11-28 16:36:50,372 [main.py] => data_root: /home/team/zhaohongwei/Dataset
2025-11-28 16:36:50,372 [main.py] => backbone: ViT-B-16
2025-11-28 16:36:50,372 [main.py] => herding_method: barycenter
2025-11-28 16:36:50,372 [main.py] => device: cuda
2025-11-28 16:36:50,372 [main.py] => ngpus: 1
2025-11-28 16:36:50,372 [main.py] => batch_size: 32
2025-11-28 16:36:50,372 [main.py] => memory_size: 5000
2025-11-28 16:36:50,372 [main.py] => step: 5
2025-11-28 16:36:50,372 [main.py] => epoch: 3
2025-11-28 16:36:50,372 [main.py] => learning_rate: 0.002
2025-11-28 16:36:50,372 [main.py] => weight_decay: 0.0001
2025-11-28 16:36:50,372 [main.py] => M: 30
2025-11-28 16:36:50,372 [main.py] => vpt_prompt_length: 30
2025-11-28 16:36:50,372 [main.py] => clip_image_prompt_length: 30
2025-11-28 16:36:50,372 [main.py] => output_folder: /home/team/zhaohongwei/Code/Research/Awesome-MMCL/PromptFusion/PF/Cifar/ViT-B-16/
Files already downloaded and verified
Files already downloaded and verified
2025-11-28 16:36:57,252 [vision_transformer.py] => Resized position embedding: torch.Size([1, 197, 768]) to torch.Size([1, 227, 768])
2025-11-28 16:36:57,252 [vision_transformer.py] => Position embedding grid-size from [14, 14] to (14, 14)
2025-11-28 16:36:57,675 [train_pf.py] => Start Training Task 1
2025-11-28 16:36:57,680 [train_pf.py] => number of trainable params: 430821
2025-11-28 16:36:57,681 [train_pf.py] => total number of params: 210576358

  0%|          | 0/3 [00:00<?, ?it/s]
Task 1, Epoch 1/3 => Loss 0.365:   0%|          | 0/3 [02:41<?, ?it/s]
Task 1, Epoch 1/3 => Loss 0.365:  33%|███▎      | 1/3 [02:41<05:22, 161.07s/it]
Task 1, Epoch 2/3 => Loss 0.114:  33%|███▎      | 1/3 [05:22<05:22, 161.07s/it]
Task 1, Epoch 2/3 => Loss 0.114:  67%|██████▋   | 2/3 [05:22<02:41, 161.01s/it]
Task 1, Epoch 3/3 => Loss 0.073:  67%|██████▋   | 2/3 [08:02<02:41, 161.01s/it]
Task 1, Epoch 3/3 => Loss 0.073: 100%|██████████| 3/3 [08:02<00:00, 160.95s/it]
Task 1, Epoch 3/3 => Loss 0.073: 100%|██████████| 3/3 [08:02<00:00, 160.97s/it]
2025-11-28 16:45:51,021 [train_pf.py] => Task 1 Average Accuracy is 0.964
[[0.964 0.    0.    0.    0.   ]
 [0.    0.    0.    0.    0.   ]
 [0.    0.    0.    0.    0.   ]
 [0.    0.    0.    0.    0.   ]
 [0.    0.    0.    0.    0.   ]]
2025-11-28 16:46:19,498 [train_pf.py] => Start Training Task 2
2025-11-28 16:46:19,507 [train_pf.py] => number of trainable params: 431461
2025-11-28 16:46:19,509 [train_pf.py] => total number of params: 210576998

  0%|          | 0/3 [00:00<?, ?it/s]
Task 2, Epoch 1/3 => Loss 0.194:   0%|          | 0/3 [04:14<?, ?it/s]
Task 2, Epoch 1/3 => Loss 0.194:  33%|███▎      | 1/3 [04:14<08:28, 254.48s/it]
Task 2, Epoch 2/3 => Loss 0.094:  33%|███▎      | 1/3 [08:28<08:28, 254.48s/it]
Task 2, Epoch 2/3 => Loss 0.094:  67%|██████▋   | 2/3 [08:28<04:14, 254.15s/it]
Task 2, Epoch 3/3 => Loss 0.066:  67%|██████▋   | 2/3 [12:41<04:14, 254.15s/it]
Task 2, Epoch 3/3 => Loss 0.066: 100%|██████████| 3/3 [12:41<00:00, 253.66s/it]
Task 2, Epoch 3/3 => Loss 0.066: 100%|██████████| 3/3 [12:41<00:00, 253.83s/it]
2025-11-28 17:01:30,223 [train_pf.py] => Task 2 Average Accuracy is 0.935
[[0.964 0.919 0.    0.    0.   ]
 [0.    0.952 0.    0.    0.   ]
 [0.    0.    0.    0.    0.   ]
 [0.    0.    0.    0.    0.   ]
 [0.    0.    0.    0.    0.   ]]
2025-11-28 17:02:11,098 [train_pf.py] => Start Training Task 3
2025-11-28 17:02:11,106 [train_pf.py] => number of trainable params: 432101
2025-11-28 17:02:11,108 [train_pf.py] => total number of params: 210577638

  0%|          | 0/3 [00:00<?, ?it/s]
Task 3, Epoch 1/3 => Loss 0.277:   0%|          | 0/3 [04:24<?, ?it/s]
Task 3, Epoch 1/3 => Loss 0.277:  33%|███▎      | 1/3 [04:24<08:48, 264.23s/it]
Task 3, Epoch 2/3 => Loss 0.147:  33%|███▎      | 1/3 [08:48<08:48, 264.23s/it]
Task 3, Epoch 2/3 => Loss 0.147:  67%|██████▋   | 2/3 [08:48<04:24, 264.06s/it]
Task 3, Epoch 3/3 => Loss 0.108:  67%|██████▋   | 2/3 [13:12<04:24, 264.06s/it]
Task 3, Epoch 3/3 => Loss 0.108: 100%|██████████| 3/3 [13:12<00:00, 264.02s/it]
Task 3, Epoch 3/3 => Loss 0.108: 100%|██████████| 3/3 [13:12<00:00, 264.05s/it]
2025-11-28 17:20:01,728 [train_pf.py] => Task 3 Average Accuracy is 0.909
[[0.964 0.919 0.903 0.    0.   ]
 [0.    0.952 0.901 0.    0.   ]
 [0.    0.    0.923 0.    0.   ]
 [0.    0.    0.    0.    0.   ]
 [0.    0.    0.    0.    0.   ]]
2025-11-28 17:20:42,525 [train_pf.py] => Start Training Task 4
2025-11-28 17:20:42,533 [train_pf.py] => number of trainable params: 432741
2025-11-28 17:20:42,534 [train_pf.py] => total number of params: 210578278

  0%|          | 0/3 [00:00<?, ?it/s]
Task 4, Epoch 1/3 => Loss 0.335:   0%|          | 0/3 [04:37<?, ?it/s]
Task 4, Epoch 1/3 => Loss 0.335:  33%|███▎      | 1/3 [04:37<09:15, 277.60s/it]
Task 4, Epoch 2/3 => Loss 0.174:  33%|███▎      | 1/3 [09:15<09:15, 277.60s/it]
Task 4, Epoch 2/3 => Loss 0.174:  67%|██████▋   | 2/3 [09:15<04:37, 277.66s/it]
Task 4, Epoch 3/3 => Loss 0.125:  67%|██████▋   | 2/3 [13:52<04:37, 277.66s/it]
Task 4, Epoch 3/3 => Loss 0.125: 100%|██████████| 3/3 [13:52<00:00, 277.48s/it]
Task 4, Epoch 3/3 => Loss 0.125: 100%|██████████| 3/3 [13:52<00:00, 277.52s/it]
2025-11-28 17:42:14,249 [train_pf.py] => Task 4 Average Accuracy is 0.898
[[0.964 0.919 0.903 0.884 0.   ]
 [0.    0.952 0.901 0.885 0.   ]
 [0.    0.    0.923 0.89  0.   ]
 [0.    0.    0.    0.931 0.   ]
 [0.    0.    0.    0.    0.   ]]
2025-11-28 17:42:54,995 [train_pf.py] => Start Training Task 5
2025-11-28 17:42:55,002 [train_pf.py] => number of trainable params: 433381
2025-11-28 17:42:55,004 [train_pf.py] => total number of params: 210578918

  0%|          | 0/3 [00:00<?, ?it/s]
Task 5, Epoch 1/3 => Loss 0.328:   0%|          | 0/3 [04:47<?, ?it/s]
Task 5, Epoch 1/3 => Loss 0.328:  33%|███▎      | 1/3 [04:47<09:35, 287.74s/it]
Task 5, Epoch 2/3 => Loss 0.173:  33%|███▎      | 1/3 [09:35<09:35, 287.74s/it]
Task 5, Epoch 2/3 => Loss 0.173:  67%|██████▋   | 2/3 [09:35<04:47, 287.68s/it]
Task 5, Epoch 3/3 => Loss 0.118:  67%|██████▋   | 2/3 [14:22<04:47, 287.68s/it]
Task 5, Epoch 3/3 => Loss 0.118: 100%|██████████| 3/3 [14:22<00:00, 287.63s/it]
Task 5, Epoch 3/3 => Loss 0.118: 100%|██████████| 3/3 [14:22<00:00, 287.65s/it]
2025-11-28 18:08:37,443 [train_pf.py] => Task 5 Average Accuracy is 0.887
[[0.964 0.919 0.903 0.884 0.877]
 [0.    0.952 0.901 0.885 0.875]
 [0.    0.    0.923 0.89  0.858]
 [0.    0.    0.    0.931 0.888]
 [0.    0.    0.    0.    0.936]]

========================================
Finished Cifar_inc20
Forgetting: 0.054
Cost:5540.4175s
========================================

2025-11-29 01:43:50,587 [main.py] => config: ./config/pf_inr_5_5.json
2025-11-29 01:43:50,587 [main.py] => model_type: PF
2025-11-29 01:43:50,587 [main.py] => dataset: ImagenetR
2025-11-29 01:43:50,588 [main.py] => file_root: /home/team/zhaohongwei/Code/Research/Awesome-MMCL/PromptFusion
2025-11-29 01:43:50,588 [main.py] => data_root: /home/team/zhaohongwei/Dataset/imagenet-r
2025-11-29 01:43:50,588 [main.py] => backbone: ViT-B-16
2025-11-29 01:43:50,588 [main.py] => herding_method: barycenter
2025-11-29 01:43:50,588 [main.py] => device: cuda
2025-11-29 01:43:50,588 [main.py] => ngpus: 1
2025-11-29 01:43:50,588 [main.py] => batch_size: 32
2025-11-29 01:43:50,588 [main.py] => memory_size: 5000
2025-11-29 01:43:50,588 [main.py] => step: 40
2025-11-29 01:43:50,588 [main.py] => epoch: 5
2025-11-29 01:43:50,588 [main.py] => learning_rate: 0.003
2025-11-29 01:43:50,588 [main.py] => weight_decay: 0.01
2025-11-29 01:43:50,588 [main.py] => M: 30
2025-11-29 01:43:50,588 [main.py] => vpt_prompt_length: 20
2025-11-29 01:43:50,588 [main.py] => clip_image_prompt_length: 40
2025-11-29 01:43:50,588 [main.py] => output_folder: /home/team/zhaohongwei/Code/Research/Awesome-MMCL/PromptFusion/PF/ImagenetR/ViT-B-16/
2025-11-29 01:43:55,351 [vision_transformer.py] => Resized position embedding: torch.Size([1, 197, 768]) to torch.Size([1, 217, 768])
2025-11-29 01:43:55,351 [vision_transformer.py] => Position embedding grid-size from [14, 14] to (14, 14)
2025-11-29 01:43:57,118 [train_pf.py] => Start Training Task 1
2025-11-29 01:43:57,122 [train_pf.py] => number of trainable params: 276841
2025-11-29 01:43:57,123 [train_pf.py] => total number of params: 210414698

  0%|          | 0/5 [00:00<?, ?it/s]
Task 1, Epoch 1/5 => Loss 0.871:   0%|          | 0/5 [00:12<?, ?it/s]
Task 1, Epoch 1/5 => Loss 0.871:  20%|██        | 1/5 [00:12<00:50, 12.61s/it]
Task 1, Epoch 2/5 => Loss 0.387:  20%|██        | 1/5 [00:24<00:50, 12.61s/it]
Task 1, Epoch 2/5 => Loss 0.387:  40%|████      | 2/5 [00:24<00:35, 11.95s/it]
Task 1, Epoch 3/5 => Loss 0.256:  40%|████      | 2/5 [00:35<00:35, 11.95s/it]
Task 1, Epoch 3/5 => Loss 0.256:  60%|██████    | 3/5 [00:35<00:23, 11.75s/it]
Task 1, Epoch 4/5 => Loss 0.179:  60%|██████    | 3/5 [00:47<00:23, 11.75s/it]
Task 1, Epoch 4/5 => Loss 0.179:  80%|████████  | 4/5 [00:47<00:11, 11.67s/it]
Task 1, Epoch 5/5 => Loss 0.163:  80%|████████  | 4/5 [00:58<00:11, 11.67s/it]
Task 1, Epoch 5/5 => Loss 0.163: 100%|██████████| 5/5 [00:58<00:00, 11.61s/it]
Task 1, Epoch 5/5 => Loss 0.163: 100%|██████████| 5/5 [00:58<00:00, 11.73s/it]
2025-11-29 01:44:59,842 [train_pf.py] => Task 1 Average Accuracy is 0.859
[[0.859 0.    0.    ... 0.    0.    0.   ]
 [0.    0.    0.    ... 0.    0.    0.   ]
 [0.    0.    0.    ... 0.    0.    0.   ]
 ...
 [0.    0.    0.    ... 0.    0.    0.   ]
 [0.    0.    0.    ... 0.    0.    0.   ]
 [0.    0.    0.    ... 0.    0.    0.   ]]
2025-11-29 01:45:03,112 [train_pf.py] => Start Training Task 2
2025-11-29 01:45:03,119 [train_pf.py] => number of trainable params: 277001
2025-11-29 01:45:03,121 [train_pf.py] => total number of params: 210414858

  0%|          | 0/5 [00:00<?, ?it/s]
Task 2, Epoch 1/5 => Loss 0.339:   0%|          | 0/5 [00:21<?, ?it/s]
Task 2, Epoch 1/5 => Loss 0.339:  20%|██        | 1/5 [00:21<01:27, 21.83s/it]
Task 2, Epoch 2/5 => Loss 0.134:  20%|██        | 1/5 [00:43<01:27, 21.83s/it]
Task 2, Epoch 2/5 => Loss 0.134:  40%|████      | 2/5 [00:43<01:05, 21.86s/it]
Task 2, Epoch 3/5 => Loss 0.093:  40%|████      | 2/5 [01:06<01:05, 21.86s/it]
Task 2, Epoch 3/5 => Loss 0.093:  60%|██████    | 3/5 [01:06<00:44, 22.10s/it]
Task 2, Epoch 4/5 => Loss 0.070:  60%|██████    | 3/5 [01:28<00:44, 22.10s/it]
Task 2, Epoch 4/5 => Loss 0.070:  80%|████████  | 4/5 [01:28<00:22, 22.05s/it]
Task 2, Epoch 5/5 => Loss 0.058:  80%|████████  | 4/5 [01:49<00:22, 22.05s/it]
Task 2, Epoch 5/5 => Loss 0.058: 100%|██████████| 5/5 [01:49<00:00, 22.01s/it]
Task 2, Epoch 5/5 => Loss 0.058: 100%|██████████| 5/5 [01:49<00:00, 22.00s/it]
2025-11-29 01:47:01,195 [train_pf.py] => Task 2 Average Accuracy is 0.903
[[0.859 0.87  0.    ... 0.    0.    0.   ]
 [0.    0.936 0.    ... 0.    0.    0.   ]
 [0.    0.    0.    ... 0.    0.    0.   ]
 ...
 [0.    0.    0.    ... 0.    0.    0.   ]
 [0.    0.    0.    ... 0.    0.    0.   ]
 [0.    0.    0.    ... 0.    0.    0.   ]]
2025-11-29 01:47:06,203 [train_pf.py] => Start Training Task 3
2025-11-29 01:47:06,210 [train_pf.py] => number of trainable params: 277161
2025-11-29 01:47:06,220 [train_pf.py] => total number of params: 210415018

  0%|          | 0/5 [00:00<?, ?it/s]
Task 3, Epoch 1/5 => Loss 0.321:   0%|          | 0/5 [00:31<?, ?it/s]
Task 3, Epoch 1/5 => Loss 0.321:  20%|██        | 1/5 [00:31<02:05, 31.31s/it]
Task 3, Epoch 2/5 => Loss 0.152:  20%|██        | 1/5 [01:02<02:05, 31.31s/it]
Task 3, Epoch 2/5 => Loss 0.152:  40%|████      | 2/5 [01:02<01:33, 31.21s/it]
Task 3, Epoch 3/5 => Loss 0.101:  40%|████      | 2/5 [01:33<01:33, 31.21s/it]
Task 3, Epoch 3/5 => Loss 0.101:  60%|██████    | 3/5 [01:33<01:02, 31.18s/it]
Task 3, Epoch 4/5 => Loss 0.077:  60%|██████    | 3/5 [02:04<01:02, 31.18s/it]
Task 3, Epoch 4/5 => Loss 0.077:  80%|████████  | 4/5 [02:04<00:31, 31.19s/it]
Task 3, Epoch 5/5 => Loss 0.064:  80%|████████  | 4/5 [02:35<00:31, 31.19s/it]
Task 3, Epoch 5/5 => Loss 0.064: 100%|██████████| 5/5 [02:35<00:00, 31.19s/it]
Task 3, Epoch 5/5 => Loss 0.064: 100%|██████████| 5/5 [02:35<00:00, 31.20s/it]
2025-11-29 01:49:54,034 [train_pf.py] => Task 3 Average Accuracy is 0.890
[[0.859 0.87  0.849 ... 0.    0.    0.   ]
 [0.    0.936 0.92  ... 0.    0.    0.   ]
 [0.    0.    0.902 ... 0.    0.    0.   ]
 ...
 [0.    0.    0.    ... 0.    0.    0.   ]
 [0.    0.    0.    ... 0.    0.    0.   ]
 [0.    0.    0.    ... 0.    0.    0.   ]]
2025-11-29 01:50:00,725 [train_pf.py] => Start Training Task 4
2025-11-29 01:50:00,733 [train_pf.py] => number of trainable params: 277321
2025-11-29 01:50:00,735 [train_pf.py] => total number of params: 210415178

  0%|          | 0/5 [00:00<?, ?it/s]
Task 4, Epoch 1/5 => Loss 0.282:   0%|          | 0/5 [00:41<?, ?it/s]
Task 4, Epoch 1/5 => Loss 0.282:  20%|██        | 1/5 [00:41<02:44, 41.10s/it]
Task 4, Epoch 2/5 => Loss 0.145:  20%|██        | 1/5 [01:22<02:44, 41.10s/it]
Task 4, Epoch 2/5 => Loss 0.145:  40%|████      | 2/5 [01:22<02:03, 41.11s/it]
Task 4, Epoch 3/5 => Loss 0.098:  40%|████      | 2/5 [02:03<02:03, 41.11s/it]
Task 4, Epoch 3/5 => Loss 0.098:  60%|██████    | 3/5 [02:03<01:22, 41.11s/it]
Task 4, Epoch 4/5 => Loss 0.070:  60%|██████    | 3/5 [02:44<01:22, 41.11s/it]
Task 4, Epoch 4/5 => Loss 0.070:  80%|████████  | 4/5 [02:44<00:41, 41.10s/it]
Task 4, Epoch 5/5 => Loss 0.059:  80%|████████  | 4/5 [03:25<00:41, 41.10s/it]
Task 4, Epoch 5/5 => Loss 0.059: 100%|██████████| 5/5 [03:25<00:00, 41.10s/it]
Task 4, Epoch 5/5 => Loss 0.059: 100%|██████████| 5/5 [03:25<00:00, 41.10s/it]
2025-11-29 01:53:43,739 [train_pf.py] => Task 4 Average Accuracy is 0.885
[[0.859 0.87  0.849 ... 0.    0.    0.   ]
 [0.    0.936 0.92  ... 0.    0.    0.   ]
 [0.    0.    0.902 ... 0.    0.    0.   ]
 ...
 [0.    0.    0.    ... 0.    0.    0.   ]
 [0.    0.    0.    ... 0.    0.    0.   ]
 [0.    0.    0.    ... 0.    0.    0.   ]]
2025-11-29 01:53:51,807 [train_pf.py] => Start Training Task 5
2025-11-29 01:53:51,814 [train_pf.py] => number of trainable params: 277481
2025-11-29 01:53:51,816 [train_pf.py] => total number of params: 210415338

  0%|          | 0/5 [00:00<?, ?it/s]
Task 5, Epoch 1/5 => Loss 0.267:   0%|          | 0/5 [00:56<?, ?it/s]
Task 5, Epoch 1/5 => Loss 0.267:  20%|██        | 1/5 [00:56<03:45, 56.30s/it]
Task 5, Epoch 2/5 => Loss 0.152:  20%|██        | 1/5 [01:52<03:45, 56.30s/it]
Task 5, Epoch 2/5 => Loss 0.152:  40%|████      | 2/5 [01:52<02:48, 56.11s/it]
Task 5, Epoch 3/5 => Loss 0.098:  40%|████      | 2/5 [02:48<02:48, 56.11s/it]
Task 5, Epoch 3/5 => Loss 0.098:  60%|██████    | 3/5 [02:48<01:52, 56.05s/it]
Task 5, Epoch 4/5 => Loss 0.074:  60%|██████    | 3/5 [03:44<01:52, 56.05s/it]
Task 5, Epoch 4/5 => Loss 0.074:  80%|████████  | 4/5 [03:44<00:56, 56.14s/it]
Task 5, Epoch 5/5 => Loss 0.061:  80%|████████  | 4/5 [04:40<00:56, 56.14s/it]
Task 5, Epoch 5/5 => Loss 0.061: 100%|██████████| 5/5 [04:40<00:00, 56.07s/it]
Task 5, Epoch 5/5 => Loss 0.061: 100%|██████████| 5/5 [04:40<00:00, 56.09s/it]
2025-11-29 01:58:58,811 [train_pf.py] => Task 5 Average Accuracy is 0.881
[[0.859 0.87  0.849 ... 0.    0.    0.   ]
 [0.    0.936 0.92  ... 0.    0.    0.   ]
 [0.    0.    0.902 ... 0.    0.    0.   ]
 ...
 [0.    0.    0.    ... 0.    0.    0.   ]
 [0.    0.    0.    ... 0.    0.    0.   ]
 [0.    0.    0.    ... 0.    0.    0.   ]]
2025-11-29 01:59:09,236 [train_pf.py] => Start Training Task 6
2025-11-29 01:59:09,251 [train_pf.py] => number of trainable params: 277641
2025-11-29 01:59:09,253 [train_pf.py] => total number of params: 210415498

  0%|          | 0/5 [00:00<?, ?it/s]
Task 6, Epoch 1/5 => Loss 0.234:   0%|          | 0/5 [01:07<?, ?it/s]
Task 6, Epoch 1/5 => Loss 0.234:  20%|██        | 1/5 [01:07<04:30, 67.68s/it]
Task 6, Epoch 2/5 => Loss 0.131:  20%|██        | 1/5 [02:15<04:30, 67.68s/it]
Task 6, Epoch 2/5 => Loss 0.131:  40%|████      | 2/5 [02:15<03:22, 67.63s/it]
Task 6, Epoch 3/5 => Loss 0.089:  40%|████      | 2/5 [03:22<03:22, 67.63s/it]
Task 6, Epoch 3/5 => Loss 0.089:  60%|██████    | 3/5 [03:22<02:15, 67.65s/it]
Task 6, Epoch 4/5 => Loss 0.065:  60%|██████    | 3/5 [04:30<02:15, 67.65s/it]
Task 6, Epoch 4/5 => Loss 0.065:  80%|████████  | 4/5 [04:30<01:07, 67.74s/it]
Task 6, Epoch 5/5 => Loss 0.055:  80%|████████  | 4/5 [05:38<01:07, 67.74s/it]
Task 6, Epoch 5/5 => Loss 0.055: 100%|██████████| 5/5 [05:38<00:00, 67.77s/it]
Task 6, Epoch 5/5 => Loss 0.055: 100%|██████████| 5/5 [05:38<00:00, 67.73s/it]
2025-11-29 02:05:24,005 [train_pf.py] => Task 6 Average Accuracy is 0.882
[[0.859 0.87  0.849 ... 0.    0.    0.   ]
 [0.    0.936 0.92  ... 0.    0.    0.   ]
 [0.    0.    0.902 ... 0.    0.    0.   ]
 ...
 [0.    0.    0.    ... 0.    0.    0.   ]
 [0.    0.    0.    ... 0.    0.    0.   ]
 [0.    0.    0.    ... 0.    0.    0.   ]]
2025-11-29 02:05:36,393 [train_pf.py] => Start Training Task 7
2025-11-29 02:05:36,400 [train_pf.py] => number of trainable params: 277801
2025-11-29 02:05:36,402 [train_pf.py] => total number of params: 210415658

  0%|          | 0/5 [00:00<?, ?it/s]
Task 7, Epoch 1/5 => Loss 0.256:   0%|          | 0/5 [01:14<?, ?it/s]
Task 7, Epoch 1/5 => Loss 0.256:  20%|██        | 1/5 [01:14<04:56, 74.19s/it]
Task 7, Epoch 2/5 => Loss 0.155:  20%|██        | 1/5 [02:28<04:56, 74.19s/it]
Task 7, Epoch 2/5 => Loss 0.155:  40%|████      | 2/5 [02:28<03:42, 74.14s/it]
Task 7, Epoch 3/5 => Loss 0.104:  40%|████      | 2/5 [03:42<03:42, 74.14s/it]
Task 7, Epoch 3/5 => Loss 0.104:  60%|██████    | 3/5 [03:42<02:28, 74.26s/it]
Task 7, Epoch 4/5 => Loss 0.079:  60%|██████    | 3/5 [04:56<02:28, 74.26s/it]
Task 7, Epoch 4/5 => Loss 0.079:  80%|████████  | 4/5 [04:56<01:14, 74.18s/it]
Task 7, Epoch 5/5 => Loss 0.066:  80%|████████  | 4/5 [06:10<01:14, 74.18s/it]
Task 7, Epoch 5/5 => Loss 0.066: 100%|██████████| 5/5 [06:10<00:00, 74.15s/it]
Task 7, Epoch 5/5 => Loss 0.066: 100%|██████████| 5/5 [06:10<00:00, 74.17s/it]
2025-11-29 02:12:33,192 [train_pf.py] => Task 7 Average Accuracy is 0.873
[[0.859 0.87  0.849 ... 0.    0.    0.   ]
 [0.    0.936 0.92  ... 0.    0.    0.   ]
 [0.    0.    0.902 ... 0.    0.    0.   ]
 ...
 [0.    0.    0.    ... 0.    0.    0.   ]
 [0.    0.    0.    ... 0.    0.    0.   ]
 [0.    0.    0.    ... 0.    0.    0.   ]]
2025-11-29 02:12:46,684 [train_pf.py] => Start Training Task 8
2025-11-29 02:12:46,692 [train_pf.py] => number of trainable params: 277961
2025-11-29 02:12:46,693 [train_pf.py] => total number of params: 210415818

  0%|          | 0/5 [00:00<?, ?it/s]
Task 8, Epoch 1/5 => Loss 0.246:   0%|          | 0/5 [01:15<?, ?it/s]
Task 8, Epoch 1/5 => Loss 0.246:  20%|██        | 1/5 [01:15<05:01, 75.34s/it]
Task 8, Epoch 2/5 => Loss 0.150:  20%|██        | 1/5 [02:30<05:01, 75.34s/it]
Task 8, Epoch 2/5 => Loss 0.150:  40%|████      | 2/5 [02:30<03:46, 75.34s/it]
Task 8, Epoch 3/5 => Loss 0.105:  40%|████      | 2/5 [03:46<03:46, 75.34s/it]
Task 8, Epoch 3/5 => Loss 0.105:  60%|██████    | 3/5 [03:46<02:30, 75.33s/it]
Task 8, Epoch 4/5 => Loss 0.079:  60%|██████    | 3/5 [05:01<02:30, 75.33s/it]
Task 8, Epoch 4/5 => Loss 0.079:  80%|████████  | 4/5 [05:01<01:15, 75.35s/it]
Task 8, Epoch 5/5 => Loss 0.068:  80%|████████  | 4/5 [06:16<01:15, 75.35s/it]
Task 8, Epoch 5/5 => Loss 0.068: 100%|██████████| 5/5 [06:16<00:00, 75.34s/it]
Task 8, Epoch 5/5 => Loss 0.068: 100%|██████████| 5/5 [06:16<00:00, 75.34s/it]
2025-11-29 02:19:57,264 [train_pf.py] => Task 8 Average Accuracy is 0.875
[[0.859 0.87  0.849 ... 0.    0.    0.   ]
 [0.    0.936 0.92  ... 0.    0.    0.   ]
 [0.    0.    0.902 ... 0.    0.    0.   ]
 ...
 [0.    0.    0.    ... 0.    0.    0.   ]
 [0.    0.    0.    ... 0.    0.    0.   ]
 [0.    0.    0.    ... 0.    0.    0.   ]]
2025-11-29 02:20:10,549 [train_pf.py] => Start Training Task 9
2025-11-29 02:20:10,564 [train_pf.py] => number of trainable params: 278121
2025-11-29 02:20:10,566 [train_pf.py] => total number of params: 210415978

  0%|          | 0/5 [00:00<?, ?it/s]
Task 9, Epoch 1/5 => Loss 0.214:   0%|          | 0/5 [01:16<?, ?it/s]
Task 9, Epoch 1/5 => Loss 0.214:  20%|██        | 1/5 [01:16<05:06, 76.56s/it]
Task 9, Epoch 2/5 => Loss 0.115:  20%|██        | 1/5 [02:33<05:06, 76.56s/it]
Task 9, Epoch 2/5 => Loss 0.115:  40%|████      | 2/5 [02:33<03:49, 76.65s/it]
Task 9, Epoch 3/5 => Loss 0.080:  40%|████      | 2/5 [03:49<03:49, 76.65s/it]
Task 9, Epoch 3/5 => Loss 0.080:  60%|██████    | 3/5 [03:49<02:33, 76.51s/it]
Task 9, Epoch 4/5 => Loss 0.063:  60%|██████    | 3/5 [05:05<02:33, 76.51s/it]
Task 9, Epoch 4/5 => Loss 0.063:  80%|████████  | 4/5 [05:05<01:16, 76.36s/it]
Task 9, Epoch 5/5 => Loss 0.055:  80%|████████  | 4/5 [06:22<01:16, 76.36s/it]
Task 9, Epoch 5/5 => Loss 0.055: 100%|██████████| 5/5 [06:22<00:00, 76.35s/it]
Task 9, Epoch 5/5 => Loss 0.055: 100%|██████████| 5/5 [06:22<00:00, 76.42s/it]
2025-11-29 02:27:33,416 [train_pf.py] => Task 9 Average Accuracy is 0.869
[[0.859 0.87  0.849 ... 0.    0.    0.   ]
 [0.    0.936 0.92  ... 0.    0.    0.   ]
 [0.    0.    0.902 ... 0.    0.    0.   ]
 ...
 [0.    0.    0.    ... 0.    0.    0.   ]
 [0.    0.    0.    ... 0.    0.    0.   ]
 [0.    0.    0.    ... 0.    0.    0.   ]]
2025-11-29 02:27:46,701 [train_pf.py] => Start Training Task 10
2025-11-29 02:27:46,708 [train_pf.py] => number of trainable params: 278281
2025-11-29 02:27:46,710 [train_pf.py] => total number of params: 210416138

  0%|          | 0/5 [00:00<?, ?it/s]
Task 10, Epoch 1/5 => Loss 0.265:   0%|          | 0/5 [01:20<?, ?it/s]
Task 10, Epoch 1/5 => Loss 0.265:  20%|██        | 1/5 [01:20<05:21, 80.30s/it]
Task 10, Epoch 2/5 => Loss 0.158:  20%|██        | 1/5 [02:40<05:21, 80.30s/it]
Task 10, Epoch 2/5 => Loss 0.158:  40%|████      | 2/5 [02:40<04:01, 80.41s/it]
Task 10, Epoch 3/5 => Loss 0.107:  40%|████      | 2/5 [04:01<04:01, 80.41s/it]
Task 10, Epoch 3/5 => Loss 0.107:  60%|██████    | 3/5 [04:01<02:41, 80.52s/it]
Task 10, Epoch 4/5 => Loss 0.080:  60%|██████    | 3/5 [05:21<02:41, 80.52s/it]
Task 10, Epoch 4/5 => Loss 0.080:  80%|████████  | 4/5 [05:21<01:20, 80.36s/it]
Task 10, Epoch 5/5 => Loss 0.069:  80%|████████  | 4/5 [06:41<01:20, 80.36s/it]
Task 10, Epoch 5/5 => Loss 0.069: 100%|██████████| 5/5 [06:41<00:00, 80.33s/it]
Task 10, Epoch 5/5 => Loss 0.069: 100%|██████████| 5/5 [06:41<00:00, 80.37s/it]
2025-11-29 02:35:36,142 [train_pf.py] => Task 10 Average Accuracy is 0.861
[[0.859 0.87  0.849 ... 0.    0.    0.   ]
 [0.    0.936 0.92  ... 0.    0.    0.   ]
 [0.    0.    0.902 ... 0.    0.    0.   ]
 ...
 [0.    0.    0.    ... 0.    0.    0.   ]
 [0.    0.    0.    ... 0.    0.    0.   ]
 [0.    0.    0.    ... 0.    0.    0.   ]]
2025-11-29 02:35:49,892 [train_pf.py] => Start Training Task 11
2025-11-29 02:35:49,900 [train_pf.py] => number of trainable params: 278441
2025-11-29 02:35:49,902 [train_pf.py] => total number of params: 210416298

  0%|          | 0/5 [00:00<?, ?it/s]
Task 11, Epoch 1/5 => Loss 0.267:   0%|          | 0/5 [01:20<?, ?it/s]
Task 11, Epoch 1/5 => Loss 0.267:  20%|██        | 1/5 [01:20<05:23, 80.91s/it]
Task 11, Epoch 2/5 => Loss 0.159:  20%|██        | 1/5 [02:41<05:23, 80.91s/it]
Task 11, Epoch 2/5 => Loss 0.159:  40%|████      | 2/5 [02:41<04:02, 80.97s/it]
Task 11, Epoch 3/5 => Loss 0.112:  40%|████      | 2/5 [04:02<04:02, 80.97s/it]
Task 11, Epoch 3/5 => Loss 0.112:  60%|██████    | 3/5 [04:02<02:41, 80.99s/it]
Task 11, Epoch 4/5 => Loss 0.089:  60%|██████    | 3/5 [05:24<02:41, 80.99s/it]
Task 11, Epoch 4/5 => Loss 0.089:  80%|████████  | 4/5 [05:24<01:21, 81.14s/it]
Task 11, Epoch 5/5 => Loss 0.077:  80%|████████  | 4/5 [06:45<01:21, 81.14s/it]
Task 11, Epoch 5/5 => Loss 0.077: 100%|██████████| 5/5 [06:45<00:00, 81.11s/it]
Task 11, Epoch 5/5 => Loss 0.077: 100%|██████████| 5/5 [06:45<00:00, 81.07s/it]
2025-11-29 02:43:52,965 [train_pf.py] => Task 11 Average Accuracy is 0.860
[[0.859 0.87  0.849 ... 0.    0.    0.   ]
 [0.    0.936 0.92  ... 0.    0.    0.   ]
 [0.    0.    0.902 ... 0.    0.    0.   ]
 ...
 [0.    0.    0.    ... 0.    0.    0.   ]
 [0.    0.    0.    ... 0.    0.    0.   ]
 [0.    0.    0.    ... 0.    0.    0.   ]]
2025-11-29 02:44:06,702 [train_pf.py] => Start Training Task 12
2025-11-29 02:44:06,709 [train_pf.py] => number of trainable params: 278601
2025-11-29 02:44:06,722 [train_pf.py] => total number of params: 210416458

  0%|          | 0/5 [00:00<?, ?it/s]
Task 12, Epoch 1/5 => Loss 0.335:   0%|          | 0/5 [01:24<?, ?it/s]
Task 12, Epoch 1/5 => Loss 0.335:  20%|██        | 1/5 [01:24<05:38, 84.69s/it]
Task 12, Epoch 2/5 => Loss 0.194:  20%|██        | 1/5 [02:49<05:38, 84.69s/it]
Task 12, Epoch 2/5 => Loss 0.194:  40%|████      | 2/5 [02:49<04:13, 84.67s/it]
Task 12, Epoch 3/5 => Loss 0.131:  40%|████      | 2/5 [04:14<04:13, 84.67s/it]
Task 12, Epoch 3/5 => Loss 0.131:  60%|██████    | 3/5 [04:14<02:49, 84.66s/it]
Task 12, Epoch 4/5 => Loss 0.098:  60%|██████    | 3/5 [05:38<02:49, 84.66s/it]
Task 12, Epoch 4/5 => Loss 0.098:  80%|████████  | 4/5 [05:38<01:24, 84.66s/it]
Task 12, Epoch 5/5 => Loss 0.083:  80%|████████  | 4/5 [07:03<01:24, 84.66s/it]
Task 12, Epoch 5/5 => Loss 0.083: 100%|██████████| 5/5 [07:03<00:00, 84.68s/it]
Task 12, Epoch 5/5 => Loss 0.083: 100%|██████████| 5/5 [07:03<00:00, 84.68s/it]
2025-11-29 02:52:37,159 [train_pf.py] => Task 12 Average Accuracy is 0.856
[[0.859 0.87  0.849 ... 0.    0.    0.   ]
 [0.    0.936 0.92  ... 0.    0.    0.   ]
 [0.    0.    0.902 ... 0.    0.    0.   ]
 ...
 [0.    0.    0.    ... 0.    0.    0.   ]
 [0.    0.    0.    ... 0.    0.    0.   ]
 [0.    0.    0.    ... 0.    0.    0.   ]]
2025-11-29 02:52:51,432 [train_pf.py] => Start Training Task 13
2025-11-29 02:52:51,439 [train_pf.py] => number of trainable params: 278761
2025-11-29 02:52:51,441 [train_pf.py] => total number of params: 210416618

  0%|          | 0/5 [00:00<?, ?it/s]
Task 13, Epoch 1/5 => Loss 0.318:   0%|          | 0/5 [01:32<?, ?it/s]
Task 13, Epoch 1/5 => Loss 0.318:  20%|██        | 1/5 [01:32<06:08, 92.25s/it]
Task 13, Epoch 2/5 => Loss 0.202:  20%|██        | 1/5 [03:04<06:08, 92.25s/it]
Task 13, Epoch 2/5 => Loss 0.202:  40%|████      | 2/5 [03:04<04:36, 92.11s/it]
Task 13, Epoch 3/5 => Loss 0.132:  40%|████      | 2/5 [04:36<04:36, 92.11s/it]
Task 13, Epoch 3/5 => Loss 0.132:  60%|██████    | 3/5 [04:36<03:04, 92.03s/it]
Task 13, Epoch 4/5 => Loss 0.102:  60%|██████    | 3/5 [06:08<03:04, 92.03s/it]
Task 13, Epoch 4/5 => Loss 0.102:  80%|████████  | 4/5 [06:08<01:32, 92.03s/it]
Task 13, Epoch 5/5 => Loss 0.086:  80%|████████  | 4/5 [07:40<01:32, 92.03s/it]
Task 13, Epoch 5/5 => Loss 0.086: 100%|██████████| 5/5 [07:40<00:00, 92.00s/it]
Task 13, Epoch 5/5 => Loss 0.086: 100%|██████████| 5/5 [07:40<00:00, 92.03s/it]
2025-11-29 03:02:12,540 [train_pf.py] => Task 13 Average Accuracy is 0.856
[[0.859 0.87  0.849 ... 0.    0.    0.   ]
 [0.    0.936 0.92  ... 0.    0.    0.   ]
 [0.    0.    0.902 ... 0.    0.    0.   ]
 ...
 [0.    0.    0.    ... 0.    0.    0.   ]
 [0.    0.    0.    ... 0.    0.    0.   ]
 [0.    0.    0.    ... 0.    0.    0.   ]]
2025-11-29 03:02:27,702 [train_pf.py] => Start Training Task 14
2025-11-29 03:02:27,709 [train_pf.py] => number of trainable params: 278921
2025-11-29 03:02:27,710 [train_pf.py] => total number of params: 210416778

  0%|          | 0/5 [00:00<?, ?it/s]
Task 14, Epoch 1/5 => Loss 0.312:   0%|          | 0/5 [01:27<?, ?it/s]
Task 14, Epoch 1/5 => Loss 0.312:  20%|██        | 1/5 [01:27<05:49, 87.48s/it]
Task 14, Epoch 2/5 => Loss 0.160:  20%|██        | 1/5 [02:55<05:49, 87.48s/it]
Task 14, Epoch 2/5 => Loss 0.160:  40%|████      | 2/5 [02:55<04:22, 87.51s/it]
Task 14, Epoch 3/5 => Loss 0.100:  40%|████      | 2/5 [04:22<04:22, 87.51s/it]
Task 14, Epoch 3/5 => Loss 0.100:  60%|██████    | 3/5 [04:22<02:54, 87.46s/it]
Task 14, Epoch 4/5 => Loss 0.072:  60%|██████    | 3/5 [05:49<02:54, 87.46s/it]
Task 14, Epoch 4/5 => Loss 0.072:  80%|████████  | 4/5 [05:49<01:27, 87.44s/it]
Task 14, Epoch 5/5 => Loss 0.064:  80%|████████  | 4/5 [07:17<01:27, 87.44s/it]
Task 14, Epoch 5/5 => Loss 0.064: 100%|██████████| 5/5 [07:17<00:00, 87.48s/it]
Task 14, Epoch 5/5 => Loss 0.064: 100%|██████████| 5/5 [07:17<00:00, 87.47s/it]
2025-11-29 03:11:36,901 [train_pf.py] => Task 14 Average Accuracy is 0.832
[[0.859 0.87  0.849 ... 0.    0.    0.   ]
 [0.    0.936 0.92  ... 0.    0.    0.   ]
 [0.    0.    0.902 ... 0.    0.    0.   ]
 ...
 [0.    0.    0.    ... 0.    0.    0.   ]
 [0.    0.    0.    ... 0.    0.    0.   ]
 [0.    0.    0.    ... 0.    0.    0.   ]]
2025-11-29 03:11:51,311 [train_pf.py] => Start Training Task 15
2025-11-29 03:11:51,326 [train_pf.py] => number of trainable params: 279081
2025-11-29 03:11:51,328 [train_pf.py] => total number of params: 210416938

  0%|          | 0/5 [00:00<?, ?it/s]
Task 15, Epoch 1/5 => Loss 0.227:   0%|          | 0/5 [01:34<?, ?it/s]
Task 15, Epoch 1/5 => Loss 0.227:  20%|██        | 1/5 [01:34<06:16, 94.14s/it]
Task 15, Epoch 2/5 => Loss 0.130:  20%|██        | 1/5 [03:08<06:16, 94.14s/it]
Task 15, Epoch 2/5 => Loss 0.130:  40%|████      | 2/5 [03:08<04:42, 94.26s/it]
Task 15, Epoch 3/5 => Loss 0.087:  40%|████      | 2/5 [04:42<04:42, 94.26s/it]
Task 15, Epoch 3/5 => Loss 0.087:  60%|██████    | 3/5 [04:42<03:08, 94.19s/it]
Task 15, Epoch 4/5 => Loss 0.066:  60%|██████    | 3/5 [06:16<03:08, 94.19s/it]
Task 15, Epoch 4/5 => Loss 0.066:  80%|████████  | 4/5 [06:16<01:34, 94.18s/it]
Task 15, Epoch 5/5 => Loss 0.057:  80%|████████  | 4/5 [07:50<01:34, 94.18s/it]
Task 15, Epoch 5/5 => Loss 0.057: 100%|██████████| 5/5 [07:50<00:00, 94.12s/it]
Task 15, Epoch 5/5 => Loss 0.057: 100%|██████████| 5/5 [07:50<00:00, 94.16s/it]
2025-11-29 03:21:45,235 [train_pf.py] => Task 15 Average Accuracy is 0.841
[[0.859 0.87  0.849 ... 0.    0.    0.   ]
 [0.    0.936 0.92  ... 0.    0.    0.   ]
 [0.    0.    0.902 ... 0.    0.    0.   ]
 ...
 [0.    0.    0.    ... 0.    0.    0.   ]
 [0.    0.    0.    ... 0.    0.    0.   ]
 [0.    0.    0.    ... 0.    0.    0.   ]]
2025-11-29 03:22:00,324 [train_pf.py] => Start Training Task 16
2025-11-29 03:22:00,342 [train_pf.py] => number of trainable params: 279241
2025-11-29 03:22:00,344 [train_pf.py] => total number of params: 210417098

  0%|          | 0/5 [00:00<?, ?it/s]
Task 16, Epoch 1/5 => Loss 0.263:   0%|          | 0/5 [01:42<?, ?it/s]
Task 16, Epoch 1/5 => Loss 0.263:  20%|██        | 1/5 [01:42<06:51, 102.78s/it]
Task 16, Epoch 2/5 => Loss 0.160:  20%|██        | 1/5 [03:25<06:51, 102.78s/it]
Task 16, Epoch 2/5 => Loss 0.160:  40%|████      | 2/5 [03:25<05:08, 102.77s/it]
Task 16, Epoch 3/5 => Loss 0.106:  40%|████      | 2/5 [05:08<05:08, 102.77s/it]
Task 16, Epoch 3/5 => Loss 0.106:  60%|██████    | 3/5 [05:08<03:25, 102.75s/it]
Task 16, Epoch 4/5 => Loss 0.077:  60%|██████    | 3/5 [06:50<03:25, 102.75s/it]
Task 16, Epoch 4/5 => Loss 0.077:  80%|████████  | 4/5 [06:50<01:42, 102.64s/it]
Task 16, Epoch 5/5 => Loss 0.064:  80%|████████  | 4/5 [08:33<01:42, 102.64s/it]
Task 16, Epoch 5/5 => Loss 0.064: 100%|██████████| 5/5 [08:33<00:00, 102.58s/it]
Task 16, Epoch 5/5 => Loss 0.064: 100%|██████████| 5/5 [08:33<00:00, 102.64s/it]
2025-11-29 03:32:54,948 [train_pf.py] => Task 16 Average Accuracy is 0.838
[[0.859 0.87  0.849 ... 0.    0.    0.   ]
 [0.    0.936 0.92  ... 0.    0.    0.   ]
 [0.    0.    0.902 ... 0.    0.    0.   ]
 ...
 [0.    0.    0.    ... 0.    0.    0.   ]
 [0.    0.    0.    ... 0.    0.    0.   ]
 [0.    0.    0.    ... 0.    0.    0.   ]]
2025-11-29 03:33:11,051 [train_pf.py] => Start Training Task 17
2025-11-29 03:33:11,083 [train_pf.py] => number of trainable params: 279401
2025-11-29 03:33:11,085 [train_pf.py] => total number of params: 210417258

  0%|          | 0/5 [00:00<?, ?it/s]
Task 17, Epoch 1/5 => Loss 0.231:   0%|          | 0/5 [01:44<?, ?it/s]
Task 17, Epoch 1/5 => Loss 0.231:  20%|██        | 1/5 [01:44<06:57, 104.33s/it]
Task 17, Epoch 2/5 => Loss 0.136:  20%|██        | 1/5 [03:28<06:57, 104.33s/it]
Task 17, Epoch 2/5 => Loss 0.136:  40%|████      | 2/5 [03:28<05:12, 104.22s/it]
Task 17, Epoch 3/5 => Loss 0.085:  40%|████      | 2/5 [05:12<05:12, 104.22s/it]
Task 17, Epoch 3/5 => Loss 0.085:  60%|██████    | 3/5 [05:12<03:28, 104.08s/it]
Task 17, Epoch 4/5 => Loss 0.065:  60%|██████    | 3/5 [06:56<03:28, 104.08s/it]
Task 17, Epoch 4/5 => Loss 0.065:  80%|████████  | 4/5 [06:56<01:44, 104.05s/it]
Task 17, Epoch 5/5 => Loss 0.054:  80%|████████  | 4/5 [08:40<01:44, 104.05s/it]
Task 17, Epoch 5/5 => Loss 0.054: 100%|██████████| 5/5 [08:40<00:00, 104.03s/it]
Task 17, Epoch 5/5 => Loss 0.054: 100%|██████████| 5/5 [08:40<00:00, 104.08s/it]
2025-11-29 03:44:31,989 [train_pf.py] => Task 17 Average Accuracy is 0.836
[[0.859 0.87  0.849 ... 0.    0.    0.   ]
 [0.    0.936 0.92  ... 0.    0.    0.   ]
 [0.    0.    0.902 ... 0.    0.    0.   ]
 ...
 [0.    0.    0.    ... 0.    0.    0.   ]
 [0.    0.    0.    ... 0.    0.    0.   ]
 [0.    0.    0.    ... 0.    0.    0.   ]]
2025-11-29 03:44:48,315 [train_pf.py] => Start Training Task 18
2025-11-29 03:44:48,322 [train_pf.py] => number of trainable params: 279561
2025-11-29 03:44:48,324 [train_pf.py] => total number of params: 210417418

  0%|          | 0/5 [00:00<?, ?it/s]
Task 18, Epoch 1/5 => Loss 0.239:   0%|          | 0/5 [01:42<?, ?it/s]
Task 18, Epoch 1/5 => Loss 0.239:  20%|██        | 1/5 [01:42<06:51, 102.93s/it]
Task 18, Epoch 2/5 => Loss 0.128:  20%|██        | 1/5 [03:25<06:51, 102.93s/it]
Task 18, Epoch 2/5 => Loss 0.128:  40%|████      | 2/5 [03:25<05:08, 102.83s/it]
Task 18, Epoch 3/5 => Loss 0.081:  40%|████      | 2/5 [05:08<05:08, 102.83s/it]
Task 18, Epoch 3/5 => Loss 0.081:  60%|██████    | 3/5 [05:08<03:25, 102.86s/it]
Task 18, Epoch 4/5 => Loss 0.062:  60%|██████    | 3/5 [06:51<03:25, 102.86s/it]
Task 18, Epoch 4/5 => Loss 0.062:  80%|████████  | 4/5 [06:51<01:42, 102.87s/it]
Task 18, Epoch 5/5 => Loss 0.049:  80%|████████  | 4/5 [08:34<01:42, 102.87s/it]
Task 18, Epoch 5/5 => Loss 0.049: 100%|██████████| 5/5 [08:34<00:00, 102.85s/it]
Task 18, Epoch 5/5 => Loss 0.049: 100%|██████████| 5/5 [08:34<00:00, 102.86s/it]
2025-11-29 03:56:21,940 [train_pf.py] => Task 18 Average Accuracy is 0.832
[[0.859 0.87  0.849 ... 0.    0.    0.   ]
 [0.    0.936 0.92  ... 0.    0.    0.   ]
 [0.    0.    0.902 ... 0.    0.    0.   ]
 ...
 [0.    0.    0.    ... 0.    0.    0.   ]
 [0.    0.    0.    ... 0.    0.    0.   ]
 [0.    0.    0.    ... 0.    0.    0.   ]]
2025-11-29 03:56:38,039 [train_pf.py] => Start Training Task 19
2025-11-29 03:56:38,046 [train_pf.py] => number of trainable params: 279721
2025-11-29 03:56:38,060 [train_pf.py] => total number of params: 210417578

  0%|          | 0/5 [00:00<?, ?it/s]
Task 19, Epoch 1/5 => Loss 0.224:   0%|          | 0/5 [01:39<?, ?it/s]
Task 19, Epoch 1/5 => Loss 0.224:  20%|██        | 1/5 [01:39<06:37, 99.47s/it]
Task 19, Epoch 2/5 => Loss 0.115:  20%|██        | 1/5 [03:19<06:37, 99.47s/it]
Task 19, Epoch 2/5 => Loss 0.115:  40%|████      | 2/5 [03:19<04:58, 99.55s/it]
Task 19, Epoch 3/5 => Loss 0.072:  40%|████      | 2/5 [04:58<04:58, 99.55s/it]
Task 19, Epoch 3/5 => Loss 0.072:  60%|██████    | 3/5 [04:58<03:19, 99.50s/it]
Task 19, Epoch 4/5 => Loss 0.057:  60%|██████    | 3/5 [06:38<03:19, 99.50s/it]
Task 19, Epoch 4/5 => Loss 0.057:  80%|████████  | 4/5 [06:38<01:39, 99.51s/it]
Task 19, Epoch 5/5 => Loss 0.046:  80%|████████  | 4/5 [08:17<01:39, 99.51s/it]
Task 19, Epoch 5/5 => Loss 0.046: 100%|██████████| 5/5 [08:17<00:00, 99.52s/it]
Task 19, Epoch 5/5 => Loss 0.046: 100%|██████████| 5/5 [08:17<00:00, 99.52s/it]
2025-11-29 04:08:09,784 [train_pf.py] => Task 19 Average Accuracy is 0.827
[[0.859 0.87  0.849 ... 0.    0.    0.   ]
 [0.    0.936 0.92  ... 0.    0.    0.   ]
 [0.    0.    0.902 ... 0.    0.    0.   ]
 ...
 [0.    0.    0.    ... 0.    0.    0.   ]
 [0.    0.    0.    ... 0.    0.    0.   ]
 [0.    0.    0.    ... 0.    0.    0.   ]]
2025-11-29 04:08:25,480 [train_pf.py] => Start Training Task 20
2025-11-29 04:08:25,498 [train_pf.py] => number of trainable params: 279881
2025-11-29 04:08:25,500 [train_pf.py] => total number of params: 210417738

  0%|          | 0/5 [00:00<?, ?it/s]
Task 20, Epoch 1/5 => Loss 0.183:   0%|          | 0/5 [01:47<?, ?it/s]
Task 20, Epoch 1/5 => Loss 0.183:  20%|██        | 1/5 [01:47<07:11, 107.94s/it]
Task 20, Epoch 2/5 => Loss 0.095:  20%|██        | 1/5 [03:35<07:11, 107.94s/it]
Task 20, Epoch 2/5 => Loss 0.095:  40%|████      | 2/5 [03:35<05:23, 107.99s/it]
Task 20, Epoch 3/5 => Loss 0.061:  40%|████      | 2/5 [05:24<05:23, 107.99s/it]
Task 20, Epoch 3/5 => Loss 0.061:  60%|██████    | 3/5 [05:24<03:36, 108.05s/it]
Task 20, Epoch 4/5 => Loss 0.042:  60%|██████    | 3/5 [07:11<03:36, 108.05s/it]
Task 20, Epoch 4/5 => Loss 0.042:  80%|████████  | 4/5 [07:11<01:47, 108.00s/it]
Task 20, Epoch 5/5 => Loss 0.035:  80%|████████  | 4/5 [08:59<01:47, 108.00s/it]
Task 20, Epoch 5/5 => Loss 0.035: 100%|██████████| 5/5 [08:59<00:00, 107.95s/it]
Task 20, Epoch 5/5 => Loss 0.035: 100%|██████████| 5/5 [08:59<00:00, 107.97s/it]
2025-11-29 04:21:02,177 [train_pf.py] => Task 20 Average Accuracy is 0.829
[[0.859 0.87  0.849 ... 0.    0.    0.   ]
 [0.    0.936 0.92  ... 0.    0.    0.   ]
 [0.    0.    0.902 ... 0.    0.    0.   ]
 ...
 [0.    0.    0.    ... 0.    0.    0.   ]
 [0.    0.    0.    ... 0.    0.    0.   ]
 [0.    0.    0.    ... 0.    0.    0.   ]]
2025-11-29 04:21:18,472 [train_pf.py] => Start Training Task 21
2025-11-29 04:21:18,479 [train_pf.py] => number of trainable params: 280041
2025-11-29 04:21:18,481 [train_pf.py] => total number of params: 210417898

  0%|          | 0/5 [00:00<?, ?it/s]
Task 21, Epoch 1/5 => Loss 0.148:   0%|          | 0/5 [01:47<?, ?it/s]
Task 21, Epoch 1/5 => Loss 0.148:  20%|██        | 1/5 [01:47<07:11, 107.88s/it]
Task 21, Epoch 2/5 => Loss 0.066:  20%|██        | 1/5 [03:35<07:11, 107.88s/it]
Task 21, Epoch 2/5 => Loss 0.066:  40%|████      | 2/5 [03:35<05:23, 107.94s/it]
Task 21, Epoch 3/5 => Loss 0.050:  40%|████      | 2/5 [05:23<05:23, 107.94s/it]
Task 21, Epoch 3/5 => Loss 0.050:  60%|██████    | 3/5 [05:23<03:35, 107.93s/it]
Task 21, Epoch 4/5 => Loss 0.035:  60%|██████    | 3/5 [07:11<03:35, 107.93s/it]
Task 21, Epoch 4/5 => Loss 0.035:  80%|████████  | 4/5 [07:11<01:47, 107.97s/it]
Task 21, Epoch 5/5 => Loss 0.029:  80%|████████  | 4/5 [08:59<01:47, 107.97s/it]
Task 21, Epoch 5/5 => Loss 0.029: 100%|██████████| 5/5 [08:59<00:00, 108.00s/it]
Task 21, Epoch 5/5 => Loss 0.029: 100%|██████████| 5/5 [08:59<00:00, 107.97s/it]
2025-11-29 04:34:17,908 [train_pf.py] => Task 21 Average Accuracy is 0.827
[[0.859 0.87  0.849 ... 0.    0.    0.   ]
 [0.    0.936 0.92  ... 0.    0.    0.   ]
 [0.    0.    0.902 ... 0.    0.    0.   ]
 ...
 [0.    0.    0.    ... 0.    0.    0.   ]
 [0.    0.    0.    ... 0.    0.    0.   ]
 [0.    0.    0.    ... 0.    0.    0.   ]]
2025-11-29 04:34:34,058 [train_pf.py] => Start Training Task 22
2025-11-29 04:34:34,065 [train_pf.py] => number of trainable params: 280201
2025-11-29 04:34:34,067 [train_pf.py] => total number of params: 210418058

  0%|          | 0/5 [00:00<?, ?it/s]
Task 22, Epoch 1/5 => Loss 0.185:   0%|          | 0/5 [01:47<?, ?it/s]
Task 22, Epoch 1/5 => Loss 0.185:  20%|██        | 1/5 [01:47<07:08, 107.15s/it]
Task 22, Epoch 2/5 => Loss 0.090:  20%|██        | 1/5 [03:34<07:08, 107.15s/it]
Task 22, Epoch 2/5 => Loss 0.090:  40%|████      | 2/5 [03:34<05:21, 107.09s/it]
Task 22, Epoch 3/5 => Loss 0.057:  40%|████      | 2/5 [05:21<05:21, 107.09s/it]
Task 22, Epoch 3/5 => Loss 0.057:  60%|██████    | 3/5 [05:21<03:34, 107.13s/it]
Task 22, Epoch 4/5 => Loss 0.039:  60%|██████    | 3/5 [07:08<03:34, 107.13s/it]
Task 22, Epoch 4/5 => Loss 0.039:  80%|████████  | 4/5 [07:08<01:47, 107.12s/it]
Task 22, Epoch 5/5 => Loss 0.034:  80%|████████  | 4/5 [08:55<01:47, 107.12s/it]
Task 22, Epoch 5/5 => Loss 0.034: 100%|██████████| 5/5 [08:55<00:00, 107.09s/it]
Task 22, Epoch 5/5 => Loss 0.034: 100%|██████████| 5/5 [08:55<00:00, 107.10s/it]
2025-11-29 04:47:46,211 [train_pf.py] => Task 22 Average Accuracy is 0.821
[[0.859 0.87  0.849 ... 0.    0.    0.   ]
 [0.    0.936 0.92  ... 0.    0.    0.   ]
 [0.    0.    0.902 ... 0.    0.    0.   ]
 ...
 [0.    0.    0.    ... 0.    0.    0.   ]
 [0.    0.    0.    ... 0.    0.    0.   ]
 [0.    0.    0.    ... 0.    0.    0.   ]]
2025-11-29 04:48:01,992 [train_pf.py] => Start Training Task 23
2025-11-29 04:48:02,000 [train_pf.py] => number of trainable params: 280361
2025-11-29 04:48:02,002 [train_pf.py] => total number of params: 210418218

  0%|          | 0/5 [00:00<?, ?it/s]
Task 23, Epoch 1/5 => Loss 0.203:   0%|          | 0/5 [01:47<?, ?it/s]
Task 23, Epoch 1/5 => Loss 0.203:  20%|██        | 1/5 [01:47<07:09, 107.44s/it]
Task 23, Epoch 2/5 => Loss 0.105:  20%|██        | 1/5 [03:34<07:09, 107.44s/it]
Task 23, Epoch 2/5 => Loss 0.105:  40%|████      | 2/5 [03:34<05:21, 107.20s/it]
Task 23, Epoch 3/5 => Loss 0.067:  40%|████      | 2/5 [05:21<05:21, 107.20s/it]
Task 23, Epoch 3/5 => Loss 0.067:  60%|██████    | 3/5 [05:21<03:34, 107.10s/it]
Task 23, Epoch 4/5 => Loss 0.045:  60%|██████    | 3/5 [07:08<03:34, 107.10s/it]
Task 23, Epoch 4/5 => Loss 0.045:  80%|████████  | 4/5 [07:08<01:47, 107.23s/it]
Task 23, Epoch 5/5 => Loss 0.035:  80%|████████  | 4/5 [08:56<01:47, 107.23s/it]
Task 23, Epoch 5/5 => Loss 0.035: 100%|██████████| 5/5 [08:56<00:00, 107.27s/it]
Task 23, Epoch 5/5 => Loss 0.035: 100%|██████████| 5/5 [08:56<00:00, 107.24s/it]
2025-11-29 05:01:35,638 [train_pf.py] => Task 23 Average Accuracy is 0.820
[[0.859 0.87  0.849 ... 0.    0.    0.   ]
 [0.    0.936 0.92  ... 0.    0.    0.   ]
 [0.    0.    0.902 ... 0.    0.    0.   ]
 ...
 [0.    0.    0.    ... 0.    0.    0.   ]
 [0.    0.    0.    ... 0.    0.    0.   ]
 [0.    0.    0.    ... 0.    0.    0.   ]]
2025-11-29 05:01:51,554 [train_pf.py] => Start Training Task 24
2025-11-29 05:01:51,571 [train_pf.py] => number of trainable params: 280521
2025-11-29 05:01:51,573 [train_pf.py] => total number of params: 210418378

  0%|          | 0/5 [00:00<?, ?it/s]
Task 24, Epoch 1/5 => Loss 0.132:   0%|          | 0/5 [01:46<?, ?it/s]
Task 24, Epoch 1/5 => Loss 0.132:  20%|██        | 1/5 [01:46<07:05, 106.37s/it]
Task 24, Epoch 2/5 => Loss 0.061:  20%|██        | 1/5 [03:32<07:05, 106.37s/it]
Task 24, Epoch 2/5 => Loss 0.061:  40%|████      | 2/5 [03:32<05:18, 106.29s/it]
Task 24, Epoch 3/5 => Loss 0.040:  40%|████      | 2/5 [05:19<05:18, 106.29s/it]
Task 24, Epoch 3/5 => Loss 0.040:  60%|██████    | 3/5 [05:19<03:32, 106.34s/it]
Task 24, Epoch 4/5 => Loss 0.029:  60%|██████    | 3/5 [07:05<03:32, 106.34s/it]
Task 24, Epoch 4/5 => Loss 0.029:  80%|████████  | 4/5 [07:05<01:46, 106.39s/it]
Task 24, Epoch 5/5 => Loss 0.022:  80%|████████  | 4/5 [08:52<01:46, 106.39s/it]
Task 24, Epoch 5/5 => Loss 0.022: 100%|██████████| 5/5 [08:52<00:00, 106.45s/it]
Task 24, Epoch 5/5 => Loss 0.022: 100%|██████████| 5/5 [08:52<00:00, 106.41s/it]
2025-11-29 05:15:37,192 [train_pf.py] => Task 24 Average Accuracy is 0.824
[[0.859 0.87  0.849 ... 0.    0.    0.   ]
 [0.    0.936 0.92  ... 0.    0.    0.   ]
 [0.    0.    0.902 ... 0.    0.    0.   ]
 ...
 [0.    0.    0.    ... 0.    0.    0.   ]
 [0.    0.    0.    ... 0.    0.    0.   ]
 [0.    0.    0.    ... 0.    0.    0.   ]]
2025-11-29 05:15:53,051 [train_pf.py] => Start Training Task 25
2025-11-29 05:15:53,075 [train_pf.py] => number of trainable params: 280681
2025-11-29 05:15:53,077 [train_pf.py] => total number of params: 210418538

  0%|          | 0/5 [00:00<?, ?it/s]
Task 25, Epoch 1/5 => Loss 0.107:   0%|          | 0/5 [01:49<?, ?it/s]
Task 25, Epoch 1/5 => Loss 0.107:  20%|██        | 1/5 [01:49<07:18, 109.60s/it]
Task 25, Epoch 2/5 => Loss 0.044:  20%|██        | 1/5 [03:39<07:18, 109.60s/it]
Task 25, Epoch 2/5 => Loss 0.044:  40%|████      | 2/5 [03:39<05:29, 109.69s/it]
Task 25, Epoch 3/5 => Loss 0.038:  40%|████      | 2/5 [05:29<05:29, 109.69s/it]
Task 25, Epoch 3/5 => Loss 0.038:  60%|██████    | 3/5 [05:29<03:39, 109.69s/it]
Task 25, Epoch 4/5 => Loss 0.026:  60%|██████    | 3/5 [07:18<03:39, 109.69s/it]
Task 25, Epoch 4/5 => Loss 0.026:  80%|████████  | 4/5 [07:18<01:49, 109.70s/it]
Task 25, Epoch 5/5 => Loss 0.019:  80%|████████  | 4/5 [09:08<01:49, 109.70s/it]
Task 25, Epoch 5/5 => Loss 0.019: 100%|██████████| 5/5 [09:08<00:00, 109.69s/it]
Task 25, Epoch 5/5 => Loss 0.019: 100%|██████████| 5/5 [09:08<00:00, 109.69s/it]
2025-11-29 05:30:24,859 [train_pf.py] => Task 25 Average Accuracy is 0.826
[[0.859 0.87  0.849 ... 0.    0.    0.   ]
 [0.    0.936 0.92  ... 0.    0.    0.   ]
 [0.    0.    0.902 ... 0.    0.    0.   ]
 ...
 [0.    0.    0.    ... 0.    0.    0.   ]
 [0.    0.    0.    ... 0.    0.    0.   ]
 [0.    0.    0.    ... 0.    0.    0.   ]]
2025-11-29 05:30:40,784 [train_pf.py] => Start Training Task 26
2025-11-29 05:30:40,799 [train_pf.py] => number of trainable params: 280841
2025-11-29 05:30:40,801 [train_pf.py] => total number of params: 210418698

  0%|          | 0/5 [00:00<?, ?it/s]
Task 26, Epoch 1/5 => Loss 0.131:   0%|          | 0/5 [01:53<?, ?it/s]
Task 26, Epoch 1/5 => Loss 0.131:  20%|██        | 1/5 [01:53<07:35, 113.89s/it]
Task 26, Epoch 2/5 => Loss 0.063:  20%|██        | 1/5 [03:47<07:35, 113.89s/it]
Task 26, Epoch 2/5 => Loss 0.063:  40%|████      | 2/5 [03:47<05:41, 113.82s/it]
Task 26, Epoch 3/5 => Loss 0.045:  40%|████      | 2/5 [05:41<05:41, 113.82s/it]
Task 26, Epoch 3/5 => Loss 0.045:  60%|██████    | 3/5 [05:41<03:47, 113.80s/it]
Task 26, Epoch 4/5 => Loss 0.031:  60%|██████    | 3/5 [07:35<03:47, 113.80s/it]
Task 26, Epoch 4/5 => Loss 0.031:  80%|████████  | 4/5 [07:35<01:53, 113.75s/it]
Task 26, Epoch 5/5 => Loss 0.022:  80%|████████  | 4/5 [09:28<01:53, 113.75s/it]
Task 26, Epoch 5/5 => Loss 0.022: 100%|██████████| 5/5 [09:28<00:00, 113.71s/it]
Task 26, Epoch 5/5 => Loss 0.022: 100%|██████████| 5/5 [09:28<00:00, 113.75s/it]
2025-11-29 05:45:57,045 [train_pf.py] => Task 26 Average Accuracy is 0.820
[[0.859 0.87  0.849 ... 0.    0.    0.   ]
 [0.    0.936 0.92  ... 0.    0.    0.   ]
 [0.    0.    0.902 ... 0.    0.    0.   ]
 ...
 [0.    0.    0.    ... 0.    0.    0.   ]
 [0.    0.    0.    ... 0.    0.    0.   ]
 [0.    0.    0.    ... 0.    0.    0.   ]]
2025-11-29 05:46:13,414 [train_pf.py] => Start Training Task 27
2025-11-29 05:46:13,421 [train_pf.py] => number of trainable params: 281001
2025-11-29 05:46:13,435 [train_pf.py] => total number of params: 210418858

  0%|          | 0/5 [00:00<?, ?it/s]
Task 27, Epoch 1/5 => Loss 0.195:   0%|          | 0/5 [01:52<?, ?it/s]
Task 27, Epoch 1/5 => Loss 0.195:  20%|██        | 1/5 [01:52<07:28, 112.02s/it]
Task 27, Epoch 2/5 => Loss 0.091:  20%|██        | 1/5 [03:43<07:28, 112.02s/it]
Task 27, Epoch 2/5 => Loss 0.091:  40%|████      | 2/5 [03:43<05:35, 111.89s/it]
Task 27, Epoch 3/5 => Loss 0.061:  40%|████      | 2/5 [05:35<05:35, 111.89s/it]
Task 27, Epoch 3/5 => Loss 0.061:  60%|██████    | 3/5 [05:35<03:43, 111.82s/it]
Task 27, Epoch 4/5 => Loss 0.039:  60%|██████    | 3/5 [07:27<03:43, 111.82s/it]
Task 27, Epoch 4/5 => Loss 0.039:  80%|████████  | 4/5 [07:27<01:51, 111.78s/it]
Task 27, Epoch 5/5 => Loss 0.031:  80%|████████  | 4/5 [09:19<01:51, 111.78s/it]
Task 27, Epoch 5/5 => Loss 0.031: 100%|██████████| 5/5 [09:19<00:00, 111.87s/it]
Task 27, Epoch 5/5 => Loss 0.031: 100%|██████████| 5/5 [09:19<00:00, 111.86s/it]
2025-11-29 06:01:39,415 [train_pf.py] => Task 27 Average Accuracy is 0.817
[[0.859 0.87  0.849 ... 0.    0.    0.   ]
 [0.    0.936 0.92  ... 0.    0.    0.   ]
 [0.    0.    0.902 ... 0.    0.    0.   ]
 ...
 [0.    0.    0.    ... 0.    0.    0.   ]
 [0.    0.    0.    ... 0.    0.    0.   ]
 [0.    0.    0.    ... 0.    0.    0.   ]]
2025-11-29 06:01:55,578 [train_pf.py] => Start Training Task 28
2025-11-29 06:01:55,585 [train_pf.py] => number of trainable params: 281161
2025-11-29 06:01:55,587 [train_pf.py] => total number of params: 210419018

  0%|          | 0/5 [00:00<?, ?it/s]
Task 28, Epoch 1/5 => Loss 0.154:   0%|          | 0/5 [01:54<?, ?it/s]
Task 28, Epoch 1/5 => Loss 0.154:  20%|██        | 1/5 [01:54<07:38, 114.65s/it]
Task 28, Epoch 2/5 => Loss 0.070:  20%|██        | 1/5 [03:49<07:38, 114.65s/it]
Task 28, Epoch 2/5 => Loss 0.070:  40%|████      | 2/5 [03:49<05:43, 114.61s/it]
Task 28, Epoch 3/5 => Loss 0.038:  40%|████      | 2/5 [05:44<05:43, 114.61s/it]
Task 28, Epoch 3/5 => Loss 0.038:  60%|██████    | 3/5 [05:44<03:49, 114.75s/it]
Task 28, Epoch 4/5 => Loss 0.031:  60%|██████    | 3/5 [07:38<03:49, 114.75s/it]
Task 28, Epoch 4/5 => Loss 0.031:  80%|████████  | 4/5 [07:38<01:54, 114.70s/it]
Task 28, Epoch 5/5 => Loss 0.023:  80%|████████  | 4/5 [09:33<01:54, 114.70s/it]
Task 28, Epoch 5/5 => Loss 0.023: 100%|██████████| 5/5 [09:33<00:00, 114.65s/it]
Task 28, Epoch 5/5 => Loss 0.023: 100%|██████████| 5/5 [09:33<00:00, 114.67s/it]
2025-11-29 06:18:01,776 [train_pf.py] => Task 28 Average Accuracy is 0.817
[[0.859 0.87  0.849 ... 0.    0.    0.   ]
 [0.    0.936 0.92  ... 0.    0.    0.   ]
 [0.    0.    0.902 ... 0.    0.    0.   ]
 ...
 [0.    0.    0.    ... 0.    0.    0.   ]
 [0.    0.    0.    ... 0.    0.    0.   ]
 [0.    0.    0.    ... 0.    0.    0.   ]]
2025-11-29 06:18:17,612 [train_pf.py] => Start Training Task 29
2025-11-29 06:18:17,619 [train_pf.py] => number of trainable params: 281321
2025-11-29 06:18:17,620 [train_pf.py] => total number of params: 210419178

  0%|          | 0/5 [00:00<?, ?it/s]
Task 29, Epoch 1/5 => Loss 0.150:   0%|          | 0/5 [01:51<?, ?it/s]
Task 29, Epoch 1/5 => Loss 0.150:  20%|██        | 1/5 [01:51<07:26, 111.63s/it]
Task 29, Epoch 2/5 => Loss 0.071:  20%|██        | 1/5 [03:43<07:26, 111.63s/it]
Task 29, Epoch 2/5 => Loss 0.071:  40%|████      | 2/5 [03:43<05:34, 111.53s/it]
Task 29, Epoch 3/5 => Loss 0.048:  40%|████      | 2/5 [05:34<05:34, 111.53s/it]
Task 29, Epoch 3/5 => Loss 0.048:  60%|██████    | 3/5 [05:34<03:42, 111.49s/it]
Task 29, Epoch 4/5 => Loss 0.034:  60%|██████    | 3/5 [07:25<03:42, 111.49s/it]
Task 29, Epoch 4/5 => Loss 0.034:  80%|████████  | 4/5 [07:25<01:51, 111.47s/it]
Task 29, Epoch 5/5 => Loss 0.025:  80%|████████  | 4/5 [09:17<01:51, 111.47s/it]
Task 29, Epoch 5/5 => Loss 0.025: 100%|██████████| 5/5 [09:17<00:00, 111.47s/it]
Task 29, Epoch 5/5 => Loss 0.025: 100%|██████████| 5/5 [09:17<00:00, 111.49s/it]
2025-11-29 06:34:24,895 [train_pf.py] => Task 29 Average Accuracy is 0.812
[[0.859 0.87  0.849 ... 0.    0.    0.   ]
 [0.    0.936 0.92  ... 0.    0.    0.   ]
 [0.    0.    0.902 ... 0.    0.    0.   ]
 ...
 [0.    0.    0.    ... 0.    0.    0.   ]
 [0.    0.    0.    ... 0.    0.    0.   ]
 [0.    0.    0.    ... 0.    0.    0.   ]]
2025-11-29 06:34:40,393 [train_pf.py] => Start Training Task 30
2025-11-29 06:34:40,400 [train_pf.py] => number of trainable params: 281481
2025-11-29 06:34:40,402 [train_pf.py] => total number of params: 210419338

  0%|          | 0/5 [00:00<?, ?it/s]
Task 30, Epoch 1/5 => Loss 0.220:   0%|          | 0/5 [01:51<?, ?it/s]
Task 30, Epoch 1/5 => Loss 0.220:  20%|██        | 1/5 [01:51<07:27, 111.90s/it]
Task 30, Epoch 2/5 => Loss 0.097:  20%|██        | 1/5 [03:43<07:27, 111.90s/it]
Task 30, Epoch 2/5 => Loss 0.097:  40%|████      | 2/5 [03:43<05:35, 111.73s/it]
Task 30, Epoch 3/5 => Loss 0.050:  40%|████      | 2/5 [05:35<05:35, 111.73s/it]
Task 30, Epoch 3/5 => Loss 0.050:  60%|██████    | 3/5 [05:35<03:43, 111.70s/it]
Task 30, Epoch 4/5 => Loss 0.038:  60%|██████    | 3/5 [07:26<03:43, 111.70s/it]
Task 30, Epoch 4/5 => Loss 0.038:  80%|████████  | 4/5 [07:26<01:51, 111.68s/it]
Task 30, Epoch 5/5 => Loss 0.029:  80%|████████  | 4/5 [09:18<01:51, 111.68s/it]
Task 30, Epoch 5/5 => Loss 0.029: 100%|██████████| 5/5 [09:18<00:00, 111.62s/it]
Task 30, Epoch 5/5 => Loss 0.029: 100%|██████████| 5/5 [09:18<00:00, 111.67s/it]
2025-11-29 06:51:05,741 [train_pf.py] => Task 30 Average Accuracy is 0.808
[[0.859 0.87  0.849 ... 0.    0.    0.   ]
 [0.    0.936 0.92  ... 0.    0.    0.   ]
 [0.    0.    0.902 ... 0.    0.    0.   ]
 ...
 [0.    0.    0.    ... 0.    0.    0.   ]
 [0.    0.    0.    ... 0.    0.    0.   ]
 [0.    0.    0.    ... 0.    0.    0.   ]]
2025-11-29 06:51:21,044 [train_pf.py] => Start Training Task 31
2025-11-29 06:51:21,063 [train_pf.py] => number of trainable params: 281641
2025-11-29 06:51:21,065 [train_pf.py] => total number of params: 210419498

  0%|          | 0/5 [00:00<?, ?it/s]
Task 31, Epoch 1/5 => Loss 0.173:   0%|          | 0/5 [01:54<?, ?it/s]
Task 31, Epoch 1/5 => Loss 0.173:  20%|██        | 1/5 [01:54<07:36, 114.24s/it]
Task 31, Epoch 2/5 => Loss 0.071:  20%|██        | 1/5 [03:48<07:36, 114.24s/it]
Task 31, Epoch 2/5 => Loss 0.071:  40%|████      | 2/5 [03:48<05:42, 114.06s/it]
Task 31, Epoch 3/5 => Loss 0.051:  40%|████      | 2/5 [05:42<05:42, 114.06s/it]
Task 31, Epoch 3/5 => Loss 0.051:  60%|██████    | 3/5 [05:42<03:48, 114.03s/it]
Task 31, Epoch 4/5 => Loss 0.033:  60%|██████    | 3/5 [07:36<03:48, 114.03s/it]
Task 31, Epoch 4/5 => Loss 0.033:  80%|████████  | 4/5 [07:36<01:53, 113.99s/it]
Task 31, Epoch 5/5 => Loss 0.026:  80%|████████  | 4/5 [09:29<01:53, 113.99s/it]
Task 31, Epoch 5/5 => Loss 0.026: 100%|██████████| 5/5 [09:29<00:00, 113.95s/it]
Task 31, Epoch 5/5 => Loss 0.026: 100%|██████████| 5/5 [09:29<00:00, 113.99s/it]
2025-11-29 07:08:19,384 [train_pf.py] => Task 31 Average Accuracy is 0.805
[[0.859 0.87  0.849 ... 0.    0.    0.   ]
 [0.    0.936 0.92  ... 0.    0.    0.   ]
 [0.    0.    0.902 ... 0.    0.    0.   ]
 ...
 [0.    0.    0.    ... 0.    0.    0.   ]
 [0.    0.    0.    ... 0.    0.    0.   ]
 [0.    0.    0.    ... 0.    0.    0.   ]]
2025-11-29 07:08:34,868 [train_pf.py] => Start Training Task 32
2025-11-29 07:08:34,884 [train_pf.py] => number of trainable params: 281801
2025-11-29 07:08:34,886 [train_pf.py] => total number of params: 210419658

  0%|          | 0/5 [00:00<?, ?it/s]
Task 32, Epoch 1/5 => Loss 0.243:   0%|          | 0/5 [01:59<?, ?it/s]
Task 32, Epoch 1/5 => Loss 0.243:  20%|██        | 1/5 [01:59<07:59, 119.84s/it]
Task 32, Epoch 2/5 => Loss 0.118:  20%|██        | 1/5 [03:59<07:59, 119.84s/it]
Task 32, Epoch 2/5 => Loss 0.118:  40%|████      | 2/5 [03:59<05:59, 119.83s/it]
Task 32, Epoch 3/5 => Loss 0.076:  40%|████      | 2/5 [05:59<05:59, 119.83s/it]
Task 32, Epoch 3/5 => Loss 0.076:  60%|██████    | 3/5 [05:59<03:59, 119.85s/it]
Task 32, Epoch 4/5 => Loss 0.061:  60%|██████    | 3/5 [07:59<03:59, 119.85s/it]
Task 32, Epoch 4/5 => Loss 0.061:  80%|████████  | 4/5 [07:59<01:59, 119.89s/it]
Task 32, Epoch 5/5 => Loss 0.047:  80%|████████  | 4/5 [09:59<01:59, 119.89s/it]
Task 32, Epoch 5/5 => Loss 0.047: 100%|██████████| 5/5 [09:59<00:00, 119.95s/it]
Task 32, Epoch 5/5 => Loss 0.047: 100%|██████████| 5/5 [09:59<00:00, 119.91s/it]
2025-11-29 07:26:36,866 [train_pf.py] => Task 32 Average Accuracy is 0.803
[[0.859 0.87  0.849 ... 0.    0.    0.   ]
 [0.    0.936 0.92  ... 0.    0.    0.   ]
 [0.    0.    0.902 ... 0.    0.    0.   ]
 ...
 [0.    0.    0.    ... 0.    0.    0.   ]
 [0.    0.    0.    ... 0.    0.    0.   ]
 [0.    0.    0.    ... 0.    0.    0.   ]]
2025-11-29 07:26:52,796 [train_pf.py] => Start Training Task 33
2025-11-29 07:26:52,803 [train_pf.py] => number of trainable params: 281961
2025-11-29 07:26:52,805 [train_pf.py] => total number of params: 210419818

  0%|          | 0/5 [00:00<?, ?it/s]
Task 33, Epoch 1/5 => Loss 0.255:   0%|          | 0/5 [02:00<?, ?it/s]
Task 33, Epoch 1/5 => Loss 0.255:  20%|██        | 1/5 [02:00<08:03, 120.87s/it]
Task 33, Epoch 2/5 => Loss 0.130:  20%|██        | 1/5 [04:01<08:03, 120.87s/it]
Task 33, Epoch 2/5 => Loss 0.130:  40%|████      | 2/5 [04:01<06:02, 120.88s/it]
Task 33, Epoch 3/5 => Loss 0.083:  40%|████      | 2/5 [06:02<06:02, 120.88s/it]
Task 33, Epoch 3/5 => Loss 0.083:  60%|██████    | 3/5 [06:02<04:01, 120.89s/it]
Task 33, Epoch 4/5 => Loss 0.060:  60%|██████    | 3/5 [08:03<04:01, 120.89s/it]
Task 33, Epoch 4/5 => Loss 0.060:  80%|████████  | 4/5 [08:03<02:01, 121.01s/it]
Task 33, Epoch 5/5 => Loss 0.049:  80%|████████  | 4/5 [10:04<02:01, 121.01s/it]
Task 33, Epoch 5/5 => Loss 0.049: 100%|██████████| 5/5 [10:04<00:00, 121.01s/it]
Task 33, Epoch 5/5 => Loss 0.049: 100%|██████████| 5/5 [10:04<00:00, 120.97s/it]
2025-11-29 07:45:31,894 [train_pf.py] => Task 33 Average Accuracy is 0.802
[[0.859 0.87  0.849 ... 0.    0.    0.   ]
 [0.    0.936 0.92  ... 0.    0.    0.   ]
 [0.    0.    0.902 ... 0.    0.    0.   ]
 ...
 [0.    0.    0.    ... 0.    0.    0.   ]
 [0.    0.    0.    ... 0.    0.    0.   ]
 [0.    0.    0.    ... 0.    0.    0.   ]]
2025-11-29 07:45:47,873 [train_pf.py] => Start Training Task 34
2025-11-29 07:45:47,881 [train_pf.py] => number of trainable params: 282121
2025-11-29 07:45:47,883 [train_pf.py] => total number of params: 210419978

  0%|          | 0/5 [00:00<?, ?it/s]
Task 34, Epoch 1/5 => Loss 0.179:   0%|          | 0/5 [02:03<?, ?it/s]
Task 34, Epoch 1/5 => Loss 0.179:  20%|██        | 1/5 [02:03<08:13, 123.32s/it]
Task 34, Epoch 2/5 => Loss 0.108:  20%|██        | 1/5 [04:05<08:13, 123.32s/it]
Task 34, Epoch 2/5 => Loss 0.108:  40%|████      | 2/5 [04:05<06:08, 122.94s/it]
Task 34, Epoch 3/5 => Loss 0.077:  40%|████      | 2/5 [06:08<06:08, 122.94s/it]
Task 34, Epoch 3/5 => Loss 0.077:  60%|██████    | 3/5 [06:08<04:05, 122.84s/it]
Task 34, Epoch 4/5 => Loss 0.057:  60%|██████    | 3/5 [08:11<04:05, 122.84s/it]
Task 34, Epoch 4/5 => Loss 0.057:  80%|████████  | 4/5 [08:11<02:02, 122.78s/it]
Task 34, Epoch 5/5 => Loss 0.042:  80%|████████  | 4/5 [10:14<02:02, 122.78s/it]
Task 34, Epoch 5/5 => Loss 0.042: 100%|██████████| 5/5 [10:14<00:00, 122.78s/it]
Task 34, Epoch 5/5 => Loss 0.042: 100%|██████████| 5/5 [10:14<00:00, 122.84s/it]
2025-11-29 08:05:10,128 [train_pf.py] => Task 34 Average Accuracy is 0.801
[[0.859 0.87  0.849 ... 0.    0.    0.   ]
 [0.    0.936 0.92  ... 0.    0.    0.   ]
 [0.    0.    0.902 ... 0.    0.    0.   ]
 ...
 [0.    0.    0.    ... 0.    0.    0.   ]
 [0.    0.    0.    ... 0.    0.    0.   ]
 [0.    0.    0.    ... 0.    0.    0.   ]]
2025-11-29 08:05:26,461 [train_pf.py] => Start Training Task 35
2025-11-29 08:05:26,489 [train_pf.py] => number of trainable params: 282281
2025-11-29 08:05:26,491 [train_pf.py] => total number of params: 210420138

  0%|          | 0/5 [00:00<?, ?it/s]
Task 35, Epoch 1/5 => Loss 0.188:   0%|          | 0/5 [02:02<?, ?it/s]
Task 35, Epoch 1/5 => Loss 0.188:  20%|██        | 1/5 [02:02<08:09, 122.34s/it]
Task 35, Epoch 2/5 => Loss 0.102:  20%|██        | 1/5 [04:04<08:09, 122.34s/it]
Task 35, Epoch 2/5 => Loss 0.102:  40%|████      | 2/5 [04:04<06:06, 122.31s/it]
Task 35, Epoch 3/5 => Loss 0.073:  40%|████      | 2/5 [06:06<06:06, 122.31s/it]
Task 35, Epoch 3/5 => Loss 0.073:  60%|██████    | 3/5 [06:06<04:04, 122.31s/it]
Task 35, Epoch 4/5 => Loss 0.057:  60%|██████    | 3/5 [08:09<04:04, 122.31s/it]
Task 35, Epoch 4/5 => Loss 0.057:  80%|████████  | 4/5 [08:09<02:02, 122.30s/it]
Task 35, Epoch 5/5 => Loss 0.036:  80%|████████  | 4/5 [10:11<02:02, 122.30s/it]
Task 35, Epoch 5/5 => Loss 0.036: 100%|██████████| 5/5 [10:11<00:00, 122.28s/it]
Task 35, Epoch 5/5 => Loss 0.036: 100%|██████████| 5/5 [10:11<00:00, 122.29s/it]
2025-11-29 08:25:17,081 [train_pf.py] => Task 35 Average Accuracy is 0.795
[[0.859 0.87  0.849 ... 0.    0.    0.   ]
 [0.    0.936 0.92  ... 0.    0.    0.   ]
 [0.    0.    0.902 ... 0.    0.    0.   ]
 ...
 [0.    0.    0.    ... 0.    0.    0.   ]
 [0.    0.    0.    ... 0.    0.    0.   ]
 [0.    0.    0.    ... 0.    0.    0.   ]]
2025-11-29 08:25:32,936 [train_pf.py] => Start Training Task 36
2025-11-29 08:25:32,965 [train_pf.py] => number of trainable params: 282441
2025-11-29 08:25:32,966 [train_pf.py] => total number of params: 210420298

  0%|          | 0/5 [00:00<?, ?it/s]
Task 36, Epoch 1/5 => Loss 0.151:   0%|          | 0/5 [02:02<?, ?it/s]
Task 36, Epoch 1/5 => Loss 0.151:  20%|██        | 1/5 [02:02<08:10, 122.63s/it]
Task 36, Epoch 2/5 => Loss 0.080:  20%|██        | 1/5 [04:05<08:10, 122.63s/it]
Task 36, Epoch 2/5 => Loss 0.080:  40%|████      | 2/5 [04:05<06:07, 122.56s/it]
Task 36, Epoch 3/5 => Loss 0.072:  40%|████      | 2/5 [06:07<06:07, 122.56s/it]
Task 36, Epoch 3/5 => Loss 0.072:  60%|██████    | 3/5 [06:07<04:04, 122.47s/it]
Task 36, Epoch 4/5 => Loss 0.047:  60%|██████    | 3/5 [08:09<04:04, 122.47s/it]
Task 36, Epoch 4/5 => Loss 0.047:  80%|████████  | 4/5 [08:09<02:02, 122.42s/it]
Task 36, Epoch 5/5 => Loss 0.038:  80%|████████  | 4/5 [10:12<02:02, 122.42s/it]
Task 36, Epoch 5/5 => Loss 0.038: 100%|██████████| 5/5 [10:12<00:00, 122.45s/it]
Task 36, Epoch 5/5 => Loss 0.038: 100%|██████████| 5/5 [10:12<00:00, 122.47s/it]
2025-11-29 08:45:50,356 [train_pf.py] => Task 36 Average Accuracy is 0.800
[[0.859 0.87  0.849 ... 0.    0.    0.   ]
 [0.    0.936 0.92  ... 0.    0.    0.   ]
 [0.    0.    0.902 ... 0.    0.    0.   ]
 ...
 [0.    0.    0.    ... 0.    0.    0.   ]
 [0.    0.    0.    ... 0.    0.    0.   ]
 [0.    0.    0.    ... 0.    0.    0.   ]]
2025-11-29 08:46:06,104 [train_pf.py] => Start Training Task 37
2025-11-29 08:46:06,121 [train_pf.py] => number of trainable params: 282601
2025-11-29 08:46:06,123 [train_pf.py] => total number of params: 210420458

  0%|          | 0/5 [00:00<?, ?it/s]
Task 37, Epoch 1/5 => Loss 0.138:   0%|          | 0/5 [02:04<?, ?it/s]
Task 37, Epoch 1/5 => Loss 0.138:  20%|██        | 1/5 [02:04<08:19, 124.81s/it]
Task 37, Epoch 2/5 => Loss 0.096:  20%|██        | 1/5 [04:09<08:19, 124.81s/it]
Task 37, Epoch 2/5 => Loss 0.096:  40%|████      | 2/5 [04:09<06:14, 124.77s/it]
Task 37, Epoch 3/5 => Loss 0.080:  40%|████      | 2/5 [06:14<06:14, 124.77s/it]
Task 37, Epoch 3/5 => Loss 0.080:  60%|██████    | 3/5 [06:14<04:09, 124.69s/it]
Task 37, Epoch 4/5 => Loss 0.049:  60%|██████    | 3/5 [08:18<04:09, 124.69s/it]
Task 37, Epoch 4/5 => Loss 0.049:  80%|████████  | 4/5 [08:18<02:04, 124.70s/it]
Task 37, Epoch 5/5 => Loss 0.033:  80%|████████  | 4/5 [10:23<02:04, 124.70s/it]
Task 37, Epoch 5/5 => Loss 0.033: 100%|██████████| 5/5 [10:23<00:00, 124.73s/it]
Task 37, Epoch 5/5 => Loss 0.033: 100%|██████████| 5/5 [10:23<00:00, 124.73s/it]
2025-11-29 09:07:04,987 [train_pf.py] => Task 37 Average Accuracy is 0.799
[[0.859 0.87  0.849 ... 0.    0.    0.   ]
 [0.    0.936 0.92  ... 0.    0.    0.   ]
 [0.    0.    0.902 ... 0.    0.    0.   ]
 ...
 [0.    0.    0.    ... 0.    0.    0.   ]
 [0.    0.    0.    ... 0.    0.    0.   ]
 [0.    0.    0.    ... 0.    0.    0.   ]]
2025-11-29 09:07:20,757 [train_pf.py] => Start Training Task 38
2025-11-29 09:07:20,765 [train_pf.py] => number of trainable params: 282761
2025-11-29 09:07:20,766 [train_pf.py] => total number of params: 210420618

  0%|          | 0/5 [00:00<?, ?it/s]
Task 38, Epoch 1/5 => Loss 0.152:   0%|          | 0/5 [02:14<?, ?it/s]
Task 38, Epoch 1/5 => Loss 0.152:  20%|██        | 1/5 [02:14<08:57, 134.37s/it]
Task 38, Epoch 2/5 => Loss 0.088:  20%|██        | 1/5 [04:28<08:57, 134.37s/it]
Task 38, Epoch 2/5 => Loss 0.088:  40%|████      | 2/5 [04:28<06:42, 134.31s/it]
Task 38, Epoch 3/5 => Loss 0.077:  40%|████      | 2/5 [06:42<06:42, 134.31s/it]
Task 38, Epoch 3/5 => Loss 0.077:  60%|██████    | 3/5 [06:42<04:28, 134.30s/it]
Task 38, Epoch 4/5 => Loss 0.048:  60%|██████    | 3/5 [08:57<04:28, 134.30s/it]
Task 38, Epoch 4/5 => Loss 0.048:  80%|████████  | 4/5 [08:57<02:14, 134.25s/it]
Task 38, Epoch 5/5 => Loss 0.033:  80%|████████  | 4/5 [11:11<02:14, 134.25s/it]
Task 38, Epoch 5/5 => Loss 0.033: 100%|██████████| 5/5 [11:11<00:00, 134.23s/it]
Task 38, Epoch 5/5 => Loss 0.033: 100%|██████████| 5/5 [11:11<00:00, 134.26s/it]
2025-11-29 09:29:41,842 [train_pf.py] => Task 38 Average Accuracy is 0.802
[[0.859 0.87  0.849 ... 0.74  0.    0.   ]
 [0.    0.936 0.92  ... 0.818 0.    0.   ]
 [0.    0.    0.902 ... 0.821 0.    0.   ]
 ...
 [0.    0.    0.    ... 0.907 0.    0.   ]
 [0.    0.    0.    ... 0.    0.    0.   ]
 [0.    0.    0.    ... 0.    0.    0.   ]]
2025-11-29 09:29:58,807 [train_pf.py] => Start Training Task 39
2025-11-29 09:29:58,833 [train_pf.py] => number of trainable params: 282921
2025-11-29 09:29:58,835 [train_pf.py] => total number of params: 210420778

  0%|          | 0/5 [00:00<?, ?it/s]
Task 39, Epoch 1/5 => Loss 0.157:   0%|          | 0/5 [02:07<?, ?it/s]
Task 39, Epoch 1/5 => Loss 0.157:  20%|██        | 1/5 [02:07<08:30, 127.53s/it]
Task 39, Epoch 2/5 => Loss 0.082:  20%|██        | 1/5 [04:14<08:30, 127.53s/it]
Task 39, Epoch 2/5 => Loss 0.082:  40%|████      | 2/5 [04:14<06:22, 127.47s/it]
Task 39, Epoch 3/5 => Loss 0.057:  40%|████      | 2/5 [06:22<06:22, 127.47s/it]
Task 39, Epoch 3/5 => Loss 0.057:  60%|██████    | 3/5 [06:22<04:14, 127.50s/it]
Task 39, Epoch 4/5 => Loss 0.049:  60%|██████    | 3/5 [08:30<04:14, 127.50s/it]
Task 39, Epoch 4/5 => Loss 0.049:  80%|████████  | 4/5 [08:30<02:07, 127.51s/it]
Task 39, Epoch 5/5 => Loss 0.035:  80%|████████  | 4/5 [10:37<02:07, 127.51s/it]
Task 39, Epoch 5/5 => Loss 0.035: 100%|██████████| 5/5 [10:37<00:00, 127.58s/it]
Task 39, Epoch 5/5 => Loss 0.035: 100%|██████████| 5/5 [10:37<00:00, 127.54s/it]
2025-11-29 09:52:25,416 [train_pf.py] => Task 39 Average Accuracy is 0.801
[[0.859 0.87  0.849 ... 0.74  0.771 0.   ]
 [0.    0.936 0.92  ... 0.818 0.818 0.   ]
 [0.    0.    0.902 ... 0.821 0.812 0.   ]
 ...
 [0.    0.    0.    ... 0.907 0.926 0.   ]
 [0.    0.    0.    ... 0.    0.856 0.   ]
 [0.    0.    0.    ... 0.    0.    0.   ]]
2025-11-29 09:52:41,448 [train_pf.py] => Start Training Task 40
2025-11-29 09:52:41,469 [train_pf.py] => number of trainable params: 283081
2025-11-29 09:52:41,470 [train_pf.py] => total number of params: 210420938

  0%|          | 0/5 [00:00<?, ?it/s]
Task 40, Epoch 1/5 => Loss 0.109:   0%|          | 0/5 [02:07<?, ?it/s]
Task 40, Epoch 1/5 => Loss 0.109:  20%|██        | 1/5 [02:07<08:31, 127.93s/it]
Task 40, Epoch 2/5 => Loss 0.085:  20%|██        | 1/5 [04:15<08:31, 127.93s/it]
Task 40, Epoch 2/5 => Loss 0.085:  40%|████      | 2/5 [04:15<06:23, 127.77s/it]
Task 40, Epoch 3/5 => Loss 0.075:  40%|████      | 2/5 [06:23<06:23, 127.77s/it]
Task 40, Epoch 3/5 => Loss 0.075:  60%|██████    | 3/5 [06:23<04:15, 127.69s/it]
Task 40, Epoch 4/5 => Loss 0.054:  60%|██████    | 3/5 [08:30<04:15, 127.69s/it]
Task 40, Epoch 4/5 => Loss 0.054:  80%|████████  | 4/5 [08:30<02:07, 127.68s/it]
Task 40, Epoch 5/5 => Loss 0.037:  80%|████████  | 4/5 [10:38<02:07, 127.68s/it]
Task 40, Epoch 5/5 => Loss 0.037: 100%|██████████| 5/5 [10:38<00:00, 127.78s/it]
Task 40, Epoch 5/5 => Loss 0.037: 100%|██████████| 5/5 [10:38<00:00, 127.76s/it]
2025-11-29 10:15:43,041 [train_pf.py] => Task 40 Average Accuracy is 0.800
[[0.859 0.87  0.849 ... 0.74  0.771 0.74 ]
 [0.    0.936 0.92  ... 0.818 0.818 0.797]
 [0.    0.    0.902 ... 0.821 0.812 0.821]
 ...
 [0.    0.    0.    ... 0.907 0.926 0.884]
 [0.    0.    0.    ... 0.    0.856 0.902]
 [0.    0.    0.    ... 0.    0.    0.858]]

========================================
Finished ImagenetR_inc5
Forgetting: 0.086
Cost:30721.7908s
========================================

2025-11-29 10:16:14,296 [main.py] => config: ./config/pf_inr_10_10.json
2025-11-29 10:16:14,296 [main.py] => model_type: PF
2025-11-29 10:16:14,297 [main.py] => dataset: ImagenetR
2025-11-29 10:16:14,297 [main.py] => file_root: /home/team/zhaohongwei/Code/Research/Awesome-MMCL/PromptFusion
2025-11-29 10:16:14,297 [main.py] => data_root: /home/team/zhaohongwei/Dataset/imagenet-r
2025-11-29 10:16:14,297 [main.py] => backbone: ViT-B-16
2025-11-29 10:16:14,297 [main.py] => herding_method: barycenter
2025-11-29 10:16:14,297 [main.py] => device: cuda
2025-11-29 10:16:14,297 [main.py] => ngpus: 1
2025-11-29 10:16:14,297 [main.py] => batch_size: 32
2025-11-29 10:16:14,297 [main.py] => memory_size: 5000
2025-11-29 10:16:14,297 [main.py] => step: 20
2025-11-29 10:16:14,298 [main.py] => epoch: 5
2025-11-29 10:16:14,298 [main.py] => learning_rate: 0.003
2025-11-29 10:16:14,298 [main.py] => weight_decay: 0.01
2025-11-29 10:16:14,298 [main.py] => M: 30
2025-11-29 10:16:14,298 [main.py] => vpt_prompt_length: 20
2025-11-29 10:16:14,298 [main.py] => clip_image_prompt_length: 40
2025-11-29 10:16:14,298 [main.py] => output_folder: /home/team/zhaohongwei/Code/Research/Awesome-MMCL/PromptFusion/PF/ImagenetR/ViT-B-16/
2025-11-29 10:16:19,177 [vision_transformer.py] => Resized position embedding: torch.Size([1, 197, 768]) to torch.Size([1, 217, 768])
2025-11-29 10:16:19,178 [vision_transformer.py] => Position embedding grid-size from [14, 14] to (14, 14)
2025-11-29 10:16:19,838 [train_pf.py] => Start Training Task 1
2025-11-29 10:16:19,842 [train_pf.py] => number of trainable params: 353801
2025-11-29 10:16:19,843 [train_pf.py] => total number of params: 210491658

  0%|          | 0/5 [00:00<?, ?it/s]
Task 1, Epoch 1/5 => Loss 1.026:   0%|          | 0/5 [00:22<?, ?it/s]
Task 1, Epoch 1/5 => Loss 1.026:  20%|██        | 1/5 [00:22<01:30, 22.52s/it]
Task 1, Epoch 2/5 => Loss 0.352:  20%|██        | 1/5 [00:44<01:30, 22.52s/it]
Task 1, Epoch 2/5 => Loss 0.352:  40%|████      | 2/5 [00:44<01:06, 22.15s/it]
Task 1, Epoch 3/5 => Loss 0.211:  40%|████      | 2/5 [01:06<01:06, 22.15s/it]
Task 1, Epoch 3/5 => Loss 0.211:  60%|██████    | 3/5 [01:06<00:44, 22.02s/it]
Task 1, Epoch 4/5 => Loss 0.141:  60%|██████    | 3/5 [01:28<00:44, 22.02s/it]
Task 1, Epoch 4/5 => Loss 0.141:  80%|████████  | 4/5 [01:28<00:21, 21.95s/it]
Task 1, Epoch 5/5 => Loss 0.105:  80%|████████  | 4/5 [01:50<00:21, 21.95s/it]
Task 1, Epoch 5/5 => Loss 0.105: 100%|██████████| 5/5 [01:50<00:00, 21.93s/it]
Task 1, Epoch 5/5 => Loss 0.105: 100%|██████████| 5/5 [01:50<00:00, 22.00s/it]
2025-11-29 10:18:17,750 [train_pf.py] => Task 1 Average Accuracy is 0.881
[[0.881 0.    0.    0.    0.    0.    0.    0.    0.    0.    0.    0.
  0.    0.    0.    0.    0.    0.    0.    0.   ]
 [0.    0.    0.    0.    0.    0.    0.    0.    0.    0.    0.    0.
  0.    0.    0.    0.    0.    0.    0.    0.   ]
 [0.    0.    0.    0.    0.    0.    0.    0.    0.    0.    0.    0.
  0.    0.    0.    0.    0.    0.    0.    0.   ]
 [0.    0.    0.    0.    0.    0.    0.    0.    0.    0.    0.    0.
  0.    0.    0.    0.    0.    0.    0.    0.   ]
 [0.    0.    0.    0.    0.    0.    0.    0.    0.    0.    0.    0.
  0.    0.    0.    0.    0.    0.    0.    0.   ]
 [0.    0.    0.    0.    0.    0.    0.    0.    0.    0.    0.    0.
  0.    0.    0.    0.    0.    0.    0.    0.   ]
 [0.    0.    0.    0.    0.    0.    0.    0.    0.    0.    0.    0.
  0.    0.    0.    0.    0.    0.    0.    0.   ]
 [0.    0.    0.    0.    0.    0.    0.    0.    0.    0.    0.    0.
  0.    0.    0.    0.    0.    0.    0.    0.   ]
 [0.    0.    0.    0.    0.    0.    0.    0.    0.    0.    0.    0.
  0.    0.    0.    0.    0.    0.    0.    0.   ]
 [0.    0.    0.    0.    0.    0.    0.    0.    0.    0.    0.    0.
  0.    0.    0.    0.    0.    0.    0.    0.   ]
 [0.    0.    0.    0.    0.    0.    0.    0.    0.    0.    0.    0.
  0.    0.    0.    0.    0.    0.    0.    0.   ]
 [0.    0.    0.    0.    0.    0.    0.    0.    0.    0.    0.    0.
  0.    0.    0.    0.    0.    0.    0.    0.   ]
 [0.    0.    0.    0.    0.    0.    0.    0.    0.    0.    0.    0.
  0.    0.    0.    0.    0.    0.    0.    0.   ]
 [0.    0.    0.    0.    0.    0.    0.    0.    0.    0.    0.    0.
  0.    0.    0.    0.    0.    0.    0.    0.   ]
 [0.    0.    0.    0.    0.    0.    0.    0.    0.    0.    0.    0.
  0.    0.    0.    0.    0.    0.    0.    0.   ]
 [0.    0.    0.    0.    0.    0.    0.    0.    0.    0.    0.    0.
  0.    0.    0.    0.    0.    0.    0.    0.   ]
 [0.    0.    0.    0.    0.    0.    0.    0.    0.    0.    0.    0.
  0.    0.    0.    0.    0.    0.    0.    0.   ]
 [0.    0.    0.    0.    0.    0.    0.    0.    0.    0.    0.    0.
  0.    0.    0.    0.    0.    0.    0.    0.   ]
 [0.    0.    0.    0.    0.    0.    0.    0.    0.    0.    0.    0.
  0.    0.    0.    0.    0.    0.    0.    0.   ]
 [0.    0.    0.    0.    0.    0.    0.    0.    0.    0.    0.    0.
  0.    0.    0.    0.    0.    0.    0.    0.   ]]
2025-11-29 10:18:23,006 [train_pf.py] => Start Training Task 2
2025-11-29 10:18:23,013 [train_pf.py] => number of trainable params: 354121
2025-11-29 10:18:23,015 [train_pf.py] => total number of params: 210491978

  0%|          | 0/5 [00:00<?, ?it/s]
Task 2, Epoch 1/5 => Loss 0.365:   0%|          | 0/5 [00:41<?, ?it/s]
Task 2, Epoch 1/5 => Loss 0.365:  20%|██        | 1/5 [00:41<02:45, 41.46s/it]
Task 2, Epoch 2/5 => Loss 0.153:  20%|██        | 1/5 [01:22<02:45, 41.46s/it]
Task 2, Epoch 2/5 => Loss 0.153:  40%|████      | 2/5 [01:22<02:03, 41.33s/it]
Task 2, Epoch 3/5 => Loss 0.095:  40%|████      | 2/5 [02:03<02:03, 41.33s/it]
Task 2, Epoch 3/5 => Loss 0.095:  60%|██████    | 3/5 [02:03<01:22, 41.26s/it]
Task 2, Epoch 4/5 => Loss 0.065:  60%|██████    | 3/5 [02:45<01:22, 41.26s/it]
Task 2, Epoch 4/5 => Loss 0.065:  80%|████████  | 4/5 [02:45<00:41, 41.26s/it]
Task 2, Epoch 5/5 => Loss 0.050:  80%|████████  | 4/5 [03:26<00:41, 41.26s/it]
Task 2, Epoch 5/5 => Loss 0.050: 100%|██████████| 5/5 [03:26<00:00, 41.25s/it]
Task 2, Epoch 5/5 => Loss 0.050: 100%|██████████| 5/5 [03:26<00:00, 41.27s/it]
2025-11-29 10:22:06,767 [train_pf.py] => Task 2 Average Accuracy is 0.879
[[0.881 0.871 0.    0.    0.    0.    0.    0.    0.    0.    0.    0.
  0.    0.    0.    0.    0.    0.    0.    0.   ]
 [0.    0.887 0.    0.    0.    0.    0.    0.    0.    0.    0.    0.
  0.    0.    0.    0.    0.    0.    0.    0.   ]
 [0.    0.    0.    0.    0.    0.    0.    0.    0.    0.    0.    0.
  0.    0.    0.    0.    0.    0.    0.    0.   ]
 [0.    0.    0.    0.    0.    0.    0.    0.    0.    0.    0.    0.
  0.    0.    0.    0.    0.    0.    0.    0.   ]
 [0.    0.    0.    0.    0.    0.    0.    0.    0.    0.    0.    0.
  0.    0.    0.    0.    0.    0.    0.    0.   ]
 [0.    0.    0.    0.    0.    0.    0.    0.    0.    0.    0.    0.
  0.    0.    0.    0.    0.    0.    0.    0.   ]
 [0.    0.    0.    0.    0.    0.    0.    0.    0.    0.    0.    0.
  0.    0.    0.    0.    0.    0.    0.    0.   ]
 [0.    0.    0.    0.    0.    0.    0.    0.    0.    0.    0.    0.
  0.    0.    0.    0.    0.    0.    0.    0.   ]
 [0.    0.    0.    0.    0.    0.    0.    0.    0.    0.    0.    0.
  0.    0.    0.    0.    0.    0.    0.    0.   ]
 [0.    0.    0.    0.    0.    0.    0.    0.    0.    0.    0.    0.
  0.    0.    0.    0.    0.    0.    0.    0.   ]
 [0.    0.    0.    0.    0.    0.    0.    0.    0.    0.    0.    0.
  0.    0.    0.    0.    0.    0.    0.    0.   ]
 [0.    0.    0.    0.    0.    0.    0.    0.    0.    0.    0.    0.
  0.    0.    0.    0.    0.    0.    0.    0.   ]
 [0.    0.    0.    0.    0.    0.    0.    0.    0.    0.    0.    0.
  0.    0.    0.    0.    0.    0.    0.    0.   ]
 [0.    0.    0.    0.    0.    0.    0.    0.    0.    0.    0.    0.
  0.    0.    0.    0.    0.    0.    0.    0.   ]
 [0.    0.    0.    0.    0.    0.    0.    0.    0.    0.    0.    0.
  0.    0.    0.    0.    0.    0.    0.    0.   ]
 [0.    0.    0.    0.    0.    0.    0.    0.    0.    0.    0.    0.
  0.    0.    0.    0.    0.    0.    0.    0.   ]
 [0.    0.    0.    0.    0.    0.    0.    0.    0.    0.    0.    0.
  0.    0.    0.    0.    0.    0.    0.    0.   ]
 [0.    0.    0.    0.    0.    0.    0.    0.    0.    0.    0.    0.
  0.    0.    0.    0.    0.    0.    0.    0.   ]
 [0.    0.    0.    0.    0.    0.    0.    0.    0.    0.    0.    0.
  0.    0.    0.    0.    0.    0.    0.    0.   ]
 [0.    0.    0.    0.    0.    0.    0.    0.    0.    0.    0.    0.
  0.    0.    0.    0.    0.    0.    0.    0.   ]]
2025-11-29 10:22:14,900 [train_pf.py] => Start Training Task 3
2025-11-29 10:22:14,906 [train_pf.py] => number of trainable params: 354441
2025-11-29 10:22:14,908 [train_pf.py] => total number of params: 210492298

  0%|          | 0/5 [00:00<?, ?it/s]
Task 3, Epoch 1/5 => Loss 0.280:   0%|          | 0/5 [01:10<?, ?it/s]
Task 3, Epoch 1/5 => Loss 0.280:  20%|██        | 1/5 [01:10<04:40, 70.13s/it]
Task 3, Epoch 2/5 => Loss 0.132:  20%|██        | 1/5 [02:20<04:40, 70.13s/it]
Task 3, Epoch 2/5 => Loss 0.132:  40%|████      | 2/5 [02:20<03:30, 70.18s/it]
Task 3, Epoch 3/5 => Loss 0.084:  40%|████      | 2/5 [03:30<03:30, 70.18s/it]
Task 3, Epoch 3/5 => Loss 0.084:  60%|██████    | 3/5 [03:30<02:20, 70.13s/it]
Task 3, Epoch 4/5 => Loss 0.061:  60%|██████    | 3/5 [04:40<02:20, 70.13s/it]
Task 3, Epoch 4/5 => Loss 0.061:  80%|████████  | 4/5 [04:40<01:10, 70.11s/it]
Task 3, Epoch 5/5 => Loss 0.048:  80%|████████  | 4/5 [05:50<01:10, 70.11s/it]
Task 3, Epoch 5/5 => Loss 0.048: 100%|██████████| 5/5 [05:50<00:00, 70.06s/it]
Task 3, Epoch 5/5 => Loss 0.048: 100%|██████████| 5/5 [05:50<00:00, 70.09s/it]
2025-11-29 10:28:40,824 [train_pf.py] => Task 3 Average Accuracy is 0.887
[[0.881 0.871 0.865 0.    0.    0.    0.    0.    0.    0.    0.    0.
  0.    0.    0.    0.    0.    0.    0.    0.   ]
 [0.    0.887 0.891 0.    0.    0.    0.    0.    0.    0.    0.    0.
  0.    0.    0.    0.    0.    0.    0.    0.   ]
 [0.    0.    0.904 0.    0.    0.    0.    0.    0.    0.    0.    0.
  0.    0.    0.    0.    0.    0.    0.    0.   ]
 [0.    0.    0.    0.    0.    0.    0.    0.    0.    0.    0.    0.
  0.    0.    0.    0.    0.    0.    0.    0.   ]
 [0.    0.    0.    0.    0.    0.    0.    0.    0.    0.    0.    0.
  0.    0.    0.    0.    0.    0.    0.    0.   ]
 [0.    0.    0.    0.    0.    0.    0.    0.    0.    0.    0.    0.
  0.    0.    0.    0.    0.    0.    0.    0.   ]
 [0.    0.    0.    0.    0.    0.    0.    0.    0.    0.    0.    0.
  0.    0.    0.    0.    0.    0.    0.    0.   ]
 [0.    0.    0.    0.    0.    0.    0.    0.    0.    0.    0.    0.
  0.    0.    0.    0.    0.    0.    0.    0.   ]
 [0.    0.    0.    0.    0.    0.    0.    0.    0.    0.    0.    0.
  0.    0.    0.    0.    0.    0.    0.    0.   ]
 [0.    0.    0.    0.    0.    0.    0.    0.    0.    0.    0.    0.
  0.    0.    0.    0.    0.    0.    0.    0.   ]
 [0.    0.    0.    0.    0.    0.    0.    0.    0.    0.    0.    0.
  0.    0.    0.    0.    0.    0.    0.    0.   ]
 [0.    0.    0.    0.    0.    0.    0.    0.    0.    0.    0.    0.
  0.    0.    0.    0.    0.    0.    0.    0.   ]
 [0.    0.    0.    0.    0.    0.    0.    0.    0.    0.    0.    0.
  0.    0.    0.    0.    0.    0.    0.    0.   ]
 [0.    0.    0.    0.    0.    0.    0.    0.    0.    0.    0.    0.
  0.    0.    0.    0.    0.    0.    0.    0.   ]
 [0.    0.    0.    0.    0.    0.    0.    0.    0.    0.    0.    0.
  0.    0.    0.    0.    0.    0.    0.    0.   ]
 [0.    0.    0.    0.    0.    0.    0.    0.    0.    0.    0.    0.
  0.    0.    0.    0.    0.    0.    0.    0.   ]
 [0.    0.    0.    0.    0.    0.    0.    0.    0.    0.    0.    0.
  0.    0.    0.    0.    0.    0.    0.    0.   ]
 [0.    0.    0.    0.    0.    0.    0.    0.    0.    0.    0.    0.
  0.    0.    0.    0.    0.    0.    0.    0.   ]
 [0.    0.    0.    0.    0.    0.    0.    0.    0.    0.    0.    0.
  0.    0.    0.    0.    0.    0.    0.    0.   ]
 [0.    0.    0.    0.    0.    0.    0.    0.    0.    0.    0.    0.
  0.    0.    0.    0.    0.    0.    0.    0.   ]]
2025-11-29 10:28:53,445 [train_pf.py] => Start Training Task 4
2025-11-29 10:28:53,451 [train_pf.py] => number of trainable params: 354761
2025-11-29 10:28:53,453 [train_pf.py] => total number of params: 210492618

  0%|          | 0/5 [00:00<?, ?it/s]
Task 4, Epoch 1/5 => Loss 0.290:   0%|          | 0/5 [01:23<?, ?it/s]
Task 4, Epoch 1/5 => Loss 0.290:  20%|██        | 1/5 [01:23<05:32, 83.15s/it]
Task 4, Epoch 2/5 => Loss 0.158:  20%|██        | 1/5 [02:46<05:32, 83.15s/it]
Task 4, Epoch 2/5 => Loss 0.158:  40%|████      | 2/5 [02:46<04:09, 83.05s/it]
Task 4, Epoch 3/5 => Loss 0.104:  40%|████      | 2/5 [04:09<04:09, 83.05s/it]
Task 4, Epoch 3/5 => Loss 0.104:  60%|██████    | 3/5 [04:09<02:46, 83.02s/it]
Task 4, Epoch 4/5 => Loss 0.076:  60%|██████    | 3/5 [05:32<02:46, 83.02s/it]
Task 4, Epoch 4/5 => Loss 0.076:  80%|████████  | 4/5 [05:32<01:23, 83.01s/it]
Task 4, Epoch 5/5 => Loss 0.064:  80%|████████  | 4/5 [06:55<01:23, 83.01s/it]
Task 4, Epoch 5/5 => Loss 0.064: 100%|██████████| 5/5 [06:55<00:00, 83.01s/it]
Task 4, Epoch 5/5 => Loss 0.064: 100%|██████████| 5/5 [06:55<00:00, 83.03s/it]
2025-11-29 10:36:38,041 [train_pf.py] => Task 4 Average Accuracy is 0.869
[[0.881 0.871 0.865 0.844 0.    0.    0.    0.    0.    0.    0.    0.
  0.    0.    0.    0.    0.    0.    0.    0.   ]
 [0.    0.887 0.891 0.887 0.    0.    0.    0.    0.    0.    0.    0.
  0.    0.    0.    0.    0.    0.    0.    0.   ]
 [0.    0.    0.904 0.911 0.    0.    0.    0.    0.    0.    0.    0.
  0.    0.    0.    0.    0.    0.    0.    0.   ]
 [0.    0.    0.    0.833 0.    0.    0.    0.    0.    0.    0.    0.
  0.    0.    0.    0.    0.    0.    0.    0.   ]
 [0.    0.    0.    0.    0.    0.    0.    0.    0.    0.    0.    0.
  0.    0.    0.    0.    0.    0.    0.    0.   ]
 [0.    0.    0.    0.    0.    0.    0.    0.    0.    0.    0.    0.
  0.    0.    0.    0.    0.    0.    0.    0.   ]
 [0.    0.    0.    0.    0.    0.    0.    0.    0.    0.    0.    0.
  0.    0.    0.    0.    0.    0.    0.    0.   ]
 [0.    0.    0.    0.    0.    0.    0.    0.    0.    0.    0.    0.
  0.    0.    0.    0.    0.    0.    0.    0.   ]
 [0.    0.    0.    0.    0.    0.    0.    0.    0.    0.    0.    0.
  0.    0.    0.    0.    0.    0.    0.    0.   ]
 [0.    0.    0.    0.    0.    0.    0.    0.    0.    0.    0.    0.
  0.    0.    0.    0.    0.    0.    0.    0.   ]
 [0.    0.    0.    0.    0.    0.    0.    0.    0.    0.    0.    0.
  0.    0.    0.    0.    0.    0.    0.    0.   ]
 [0.    0.    0.    0.    0.    0.    0.    0.    0.    0.    0.    0.
  0.    0.    0.    0.    0.    0.    0.    0.   ]
 [0.    0.    0.    0.    0.    0.    0.    0.    0.    0.    0.    0.
  0.    0.    0.    0.    0.    0.    0.    0.   ]
 [0.    0.    0.    0.    0.    0.    0.    0.    0.    0.    0.    0.
  0.    0.    0.    0.    0.    0.    0.    0.   ]
 [0.    0.    0.    0.    0.    0.    0.    0.    0.    0.    0.    0.
  0.    0.    0.    0.    0.    0.    0.    0.   ]
 [0.    0.    0.    0.    0.    0.    0.    0.    0.    0.    0.    0.
  0.    0.    0.    0.    0.    0.    0.    0.   ]
 [0.    0.    0.    0.    0.    0.    0.    0.    0.    0.    0.    0.
  0.    0.    0.    0.    0.    0.    0.    0.   ]
 [0.    0.    0.    0.    0.    0.    0.    0.    0.    0.    0.    0.
  0.    0.    0.    0.    0.    0.    0.    0.   ]
 [0.    0.    0.    0.    0.    0.    0.    0.    0.    0.    0.    0.
  0.    0.    0.    0.    0.    0.    0.    0.   ]
 [0.    0.    0.    0.    0.    0.    0.    0.    0.    0.    0.    0.
  0.    0.    0.    0.    0.    0.    0.    0.   ]]
2025-11-29 10:36:52,848 [train_pf.py] => Start Training Task 5
2025-11-29 10:36:52,871 [train_pf.py] => number of trainable params: 355081
2025-11-29 10:36:52,873 [train_pf.py] => total number of params: 210492938

  0%|          | 0/5 [00:00<?, ?it/s]
Task 5, Epoch 1/5 => Loss 0.281:   0%|          | 0/5 [01:25<?, ?it/s]
Task 5, Epoch 1/5 => Loss 0.281:  20%|██        | 1/5 [01:25<05:43, 85.94s/it]
Task 5, Epoch 2/5 => Loss 0.147:  20%|██        | 1/5 [02:51<05:43, 85.94s/it]
Task 5, Epoch 2/5 => Loss 0.147:  40%|████      | 2/5 [02:51<04:17, 85.93s/it]
Task 5, Epoch 3/5 => Loss 0.096:  40%|████      | 2/5 [04:17<04:17, 85.93s/it]
Task 5, Epoch 3/5 => Loss 0.096:  60%|██████    | 3/5 [04:17<02:51, 85.94s/it]
Task 5, Epoch 4/5 => Loss 0.072:  60%|██████    | 3/5 [05:43<02:51, 85.94s/it]
Task 5, Epoch 4/5 => Loss 0.072:  80%|████████  | 4/5 [05:43<01:25, 85.93s/it]
Task 5, Epoch 5/5 => Loss 0.061:  80%|████████  | 4/5 [07:09<01:25, 85.93s/it]
Task 5, Epoch 5/5 => Loss 0.061: 100%|██████████| 5/5 [07:09<00:00, 85.93s/it]
Task 5, Epoch 5/5 => Loss 0.061: 100%|██████████| 5/5 [07:09<00:00, 85.93s/it]
2025-11-29 10:45:07,897 [train_pf.py] => Task 5 Average Accuracy is 0.866
[[0.881 0.871 0.865 0.844 0.842 0.    0.    0.    0.    0.    0.    0.
  0.    0.    0.    0.    0.    0.    0.    0.   ]
 [0.    0.887 0.891 0.887 0.883 0.    0.    0.    0.    0.    0.    0.
  0.    0.    0.    0.    0.    0.    0.    0.   ]
 [0.    0.    0.904 0.911 0.904 0.    0.    0.    0.    0.    0.    0.
  0.    0.    0.    0.    0.    0.    0.    0.   ]
 [0.    0.    0.    0.833 0.874 0.    0.    0.    0.    0.    0.    0.
  0.    0.    0.    0.    0.    0.    0.    0.   ]
 [0.    0.    0.    0.    0.828 0.    0.    0.    0.    0.    0.    0.
  0.    0.    0.    0.    0.    0.    0.    0.   ]
 [0.    0.    0.    0.    0.    0.    0.    0.    0.    0.    0.    0.
  0.    0.    0.    0.    0.    0.    0.    0.   ]
 [0.    0.    0.    0.    0.    0.    0.    0.    0.    0.    0.    0.
  0.    0.    0.    0.    0.    0.    0.    0.   ]
 [0.    0.    0.    0.    0.    0.    0.    0.    0.    0.    0.    0.
  0.    0.    0.    0.    0.    0.    0.    0.   ]
 [0.    0.    0.    0.    0.    0.    0.    0.    0.    0.    0.    0.
  0.    0.    0.    0.    0.    0.    0.    0.   ]
 [0.    0.    0.    0.    0.    0.    0.    0.    0.    0.    0.    0.
  0.    0.    0.    0.    0.    0.    0.    0.   ]
 [0.    0.    0.    0.    0.    0.    0.    0.    0.    0.    0.    0.
  0.    0.    0.    0.    0.    0.    0.    0.   ]
 [0.    0.    0.    0.    0.    0.    0.    0.    0.    0.    0.    0.
  0.    0.    0.    0.    0.    0.    0.    0.   ]
 [0.    0.    0.    0.    0.    0.    0.    0.    0.    0.    0.    0.
  0.    0.    0.    0.    0.    0.    0.    0.   ]
 [0.    0.    0.    0.    0.    0.    0.    0.    0.    0.    0.    0.
  0.    0.    0.    0.    0.    0.    0.    0.   ]
 [0.    0.    0.    0.    0.    0.    0.    0.    0.    0.    0.    0.
  0.    0.    0.    0.    0.    0.    0.    0.   ]
 [0.    0.    0.    0.    0.    0.    0.    0.    0.    0.    0.    0.
  0.    0.    0.    0.    0.    0.    0.    0.   ]
 [0.    0.    0.    0.    0.    0.    0.    0.    0.    0.    0.    0.
  0.    0.    0.    0.    0.    0.    0.    0.   ]
 [0.    0.    0.    0.    0.    0.    0.    0.    0.    0.    0.    0.
  0.    0.    0.    0.    0.    0.    0.    0.   ]
 [0.    0.    0.    0.    0.    0.    0.    0.    0.    0.    0.    0.
  0.    0.    0.    0.    0.    0.    0.    0.   ]
 [0.    0.    0.    0.    0.    0.    0.    0.    0.    0.    0.    0.
  0.    0.    0.    0.    0.    0.    0.    0.   ]]
2025-11-29 10:45:22,574 [train_pf.py] => Start Training Task 6
2025-11-29 10:45:22,581 [train_pf.py] => number of trainable params: 355401
2025-11-29 10:45:22,582 [train_pf.py] => total number of params: 210493258

  0%|          | 0/5 [00:00<?, ?it/s]
Task 6, Epoch 1/5 => Loss 0.321:   0%|          | 0/5 [01:30<?, ?it/s]
Task 6, Epoch 1/5 => Loss 0.321:  20%|██        | 1/5 [01:30<06:00, 90.00s/it]
Task 6, Epoch 2/5 => Loss 0.177:  20%|██        | 1/5 [03:00<06:00, 90.00s/it]
Task 6, Epoch 2/5 => Loss 0.177:  40%|████      | 2/5 [03:00<04:30, 90.07s/it]
Task 6, Epoch 3/5 => Loss 0.123:  40%|████      | 2/5 [04:30<04:30, 90.07s/it]
Task 6, Epoch 3/5 => Loss 0.123:  60%|██████    | 3/5 [04:30<03:00, 90.09s/it]
Task 6, Epoch 4/5 => Loss 0.094:  60%|██████    | 3/5 [06:00<03:00, 90.09s/it]
Task 6, Epoch 4/5 => Loss 0.094:  80%|████████  | 4/5 [06:00<01:30, 90.18s/it]
Task 6, Epoch 5/5 => Loss 0.080:  80%|████████  | 4/5 [07:30<01:30, 90.18s/it]
Task 6, Epoch 5/5 => Loss 0.080: 100%|██████████| 5/5 [07:30<00:00, 90.19s/it]
Task 6, Epoch 5/5 => Loss 0.080: 100%|██████████| 5/5 [07:30<00:00, 90.15s/it]
2025-11-29 10:54:17,261 [train_pf.py] => Task 6 Average Accuracy is 0.863
[[0.881 0.871 0.865 0.844 0.842 0.844 0.    0.    0.    0.    0.    0.
  0.    0.    0.    0.    0.    0.    0.    0.   ]
 [0.    0.887 0.891 0.887 0.883 0.875 0.    0.    0.    0.    0.    0.
  0.    0.    0.    0.    0.    0.    0.    0.   ]
 [0.    0.    0.904 0.911 0.904 0.899 0.    0.    0.    0.    0.    0.
  0.    0.    0.    0.    0.    0.    0.    0.   ]
 [0.    0.    0.    0.833 0.874 0.867 0.    0.    0.    0.    0.    0.
  0.    0.    0.    0.    0.    0.    0.    0.   ]
 [0.    0.    0.    0.    0.828 0.833 0.    0.    0.    0.    0.    0.
  0.    0.    0.    0.    0.    0.    0.    0.   ]
 [0.    0.    0.    0.    0.    0.859 0.    0.    0.    0.    0.    0.
  0.    0.    0.    0.    0.    0.    0.    0.   ]
 [0.    0.    0.    0.    0.    0.    0.    0.    0.    0.    0.    0.
  0.    0.    0.    0.    0.    0.    0.    0.   ]
 [0.    0.    0.    0.    0.    0.    0.    0.    0.    0.    0.    0.
  0.    0.    0.    0.    0.    0.    0.    0.   ]
 [0.    0.    0.    0.    0.    0.    0.    0.    0.    0.    0.    0.
  0.    0.    0.    0.    0.    0.    0.    0.   ]
 [0.    0.    0.    0.    0.    0.    0.    0.    0.    0.    0.    0.
  0.    0.    0.    0.    0.    0.    0.    0.   ]
 [0.    0.    0.    0.    0.    0.    0.    0.    0.    0.    0.    0.
  0.    0.    0.    0.    0.    0.    0.    0.   ]
 [0.    0.    0.    0.    0.    0.    0.    0.    0.    0.    0.    0.
  0.    0.    0.    0.    0.    0.    0.    0.   ]
 [0.    0.    0.    0.    0.    0.    0.    0.    0.    0.    0.    0.
  0.    0.    0.    0.    0.    0.    0.    0.   ]
 [0.    0.    0.    0.    0.    0.    0.    0.    0.    0.    0.    0.
  0.    0.    0.    0.    0.    0.    0.    0.   ]
 [0.    0.    0.    0.    0.    0.    0.    0.    0.    0.    0.    0.
  0.    0.    0.    0.    0.    0.    0.    0.   ]
 [0.    0.    0.    0.    0.    0.    0.    0.    0.    0.    0.    0.
  0.    0.    0.    0.    0.    0.    0.    0.   ]
 [0.    0.    0.    0.    0.    0.    0.    0.    0.    0.    0.    0.
  0.    0.    0.    0.    0.    0.    0.    0.   ]
 [0.    0.    0.    0.    0.    0.    0.    0.    0.    0.    0.    0.
  0.    0.    0.    0.    0.    0.    0.    0.   ]
 [0.    0.    0.    0.    0.    0.    0.    0.    0.    0.    0.    0.
  0.    0.    0.    0.    0.    0.    0.    0.   ]
 [0.    0.    0.    0.    0.    0.    0.    0.    0.    0.    0.    0.
  0.    0.    0.    0.    0.    0.    0.    0.   ]]
2025-11-29 10:54:32,230 [train_pf.py] => Start Training Task 7
2025-11-29 10:54:32,237 [train_pf.py] => number of trainable params: 355721
2025-11-29 10:54:32,239 [train_pf.py] => total number of params: 210493578

  0%|          | 0/5 [00:00<?, ?it/s]
Task 7, Epoch 1/5 => Loss 0.352:   0%|          | 0/5 [01:37<?, ?it/s]
Task 7, Epoch 1/5 => Loss 0.352:  20%|██        | 1/5 [01:37<06:31, 97.88s/it]
Task 7, Epoch 2/5 => Loss 0.206:  20%|██        | 1/5 [03:15<06:31, 97.88s/it]
Task 7, Epoch 2/5 => Loss 0.206:  40%|████      | 2/5 [03:15<04:53, 97.93s/it]
Task 7, Epoch 3/5 => Loss 0.134:  40%|████      | 2/5 [04:54<04:53, 97.93s/it]
Task 7, Epoch 3/5 => Loss 0.134:  60%|██████    | 3/5 [04:54<03:16, 98.10s/it]
Task 7, Epoch 4/5 => Loss 0.101:  60%|██████    | 3/5 [06:32<03:16, 98.10s/it]
Task 7, Epoch 4/5 => Loss 0.101:  80%|████████  | 4/5 [06:32<01:38, 98.12s/it]
Task 7, Epoch 5/5 => Loss 0.085:  80%|████████  | 4/5 [08:10<01:38, 98.12s/it]
Task 7, Epoch 5/5 => Loss 0.085: 100%|██████████| 5/5 [08:10<00:00, 98.16s/it]
Task 7, Epoch 5/5 => Loss 0.085: 100%|██████████| 5/5 [08:10<00:00, 98.10s/it]
2025-11-29 11:04:29,393 [train_pf.py] => Task 7 Average Accuracy is 0.859
[[0.881 0.871 0.865 0.844 0.842 0.844 0.847 0.    0.    0.    0.    0.
  0.    0.    0.    0.    0.    0.    0.    0.   ]
 [0.    0.887 0.891 0.887 0.883 0.875 0.891 0.    0.    0.    0.    0.
  0.    0.    0.    0.    0.    0.    0.    0.   ]
 [0.    0.    0.904 0.911 0.904 0.899 0.893 0.    0.    0.    0.    0.
  0.    0.    0.    0.    0.    0.    0.    0.   ]
 [0.    0.    0.    0.833 0.874 0.867 0.878 0.    0.    0.    0.    0.
  0.    0.    0.    0.    0.    0.    0.    0.   ]
 [0.    0.    0.    0.    0.828 0.833 0.799 0.    0.    0.    0.    0.
  0.    0.    0.    0.    0.    0.    0.    0.   ]
 [0.    0.    0.    0.    0.    0.859 0.869 0.    0.    0.    0.    0.
  0.    0.    0.    0.    0.    0.    0.    0.   ]
 [0.    0.    0.    0.    0.    0.    0.838 0.    0.    0.    0.    0.
  0.    0.    0.    0.    0.    0.    0.    0.   ]
 [0.    0.    0.    0.    0.    0.    0.    0.    0.    0.    0.    0.
  0.    0.    0.    0.    0.    0.    0.    0.   ]
 [0.    0.    0.    0.    0.    0.    0.    0.    0.    0.    0.    0.
  0.    0.    0.    0.    0.    0.    0.    0.   ]
 [0.    0.    0.    0.    0.    0.    0.    0.    0.    0.    0.    0.
  0.    0.    0.    0.    0.    0.    0.    0.   ]
 [0.    0.    0.    0.    0.    0.    0.    0.    0.    0.    0.    0.
  0.    0.    0.    0.    0.    0.    0.    0.   ]
 [0.    0.    0.    0.    0.    0.    0.    0.    0.    0.    0.    0.
  0.    0.    0.    0.    0.    0.    0.    0.   ]
 [0.    0.    0.    0.    0.    0.    0.    0.    0.    0.    0.    0.
  0.    0.    0.    0.    0.    0.    0.    0.   ]
 [0.    0.    0.    0.    0.    0.    0.    0.    0.    0.    0.    0.
  0.    0.    0.    0.    0.    0.    0.    0.   ]
 [0.    0.    0.    0.    0.    0.    0.    0.    0.    0.    0.    0.
  0.    0.    0.    0.    0.    0.    0.    0.   ]
 [0.    0.    0.    0.    0.    0.    0.    0.    0.    0.    0.    0.
  0.    0.    0.    0.    0.    0.    0.    0.   ]
 [0.    0.    0.    0.    0.    0.    0.    0.    0.    0.    0.    0.
  0.    0.    0.    0.    0.    0.    0.    0.   ]
 [0.    0.    0.    0.    0.    0.    0.    0.    0.    0.    0.    0.
  0.    0.    0.    0.    0.    0.    0.    0.   ]
 [0.    0.    0.    0.    0.    0.    0.    0.    0.    0.    0.    0.
  0.    0.    0.    0.    0.    0.    0.    0.   ]
 [0.    0.    0.    0.    0.    0.    0.    0.    0.    0.    0.    0.
  0.    0.    0.    0.    0.    0.    0.    0.   ]]
2025-11-29 11:04:45,247 [train_pf.py] => Start Training Task 8
2025-11-29 11:04:45,254 [train_pf.py] => number of trainable params: 356041
2025-11-29 11:04:45,266 [train_pf.py] => total number of params: 210493898

  0%|          | 0/5 [00:00<?, ?it/s]
Task 8, Epoch 1/5 => Loss 0.320:   0%|          | 0/5 [01:51<?, ?it/s]
Task 8, Epoch 1/5 => Loss 0.320:  20%|██        | 1/5 [01:51<07:25, 111.46s/it]
Task 8, Epoch 2/5 => Loss 0.165:  20%|██        | 1/5 [03:43<07:25, 111.46s/it]
Task 8, Epoch 2/5 => Loss 0.165:  40%|████      | 2/5 [03:43<05:34, 111.62s/it]
Task 8, Epoch 3/5 => Loss 0.106:  40%|████      | 2/5 [05:34<05:34, 111.62s/it]
Task 8, Epoch 3/5 => Loss 0.106:  60%|██████    | 3/5 [05:34<03:43, 111.62s/it]
Task 8, Epoch 4/5 => Loss 0.078:  60%|██████    | 3/5 [07:26<03:43, 111.62s/it]
Task 8, Epoch 4/5 => Loss 0.078:  80%|████████  | 4/5 [07:26<01:51, 111.61s/it]
Task 8, Epoch 5/5 => Loss 0.065:  80%|████████  | 4/5 [09:17<01:51, 111.61s/it]
Task 8, Epoch 5/5 => Loss 0.065: 100%|██████████| 5/5 [09:17<00:00, 111.58s/it]
Task 8, Epoch 5/5 => Loss 0.065: 100%|██████████| 5/5 [09:17<00:00, 111.58s/it]
2025-11-29 11:16:20,414 [train_pf.py] => Task 8 Average Accuracy is 0.861
[[0.881 0.871 0.865 0.844 0.842 0.844 0.847 0.836 0.    0.    0.    0.
  0.    0.    0.    0.    0.    0.    0.    0.   ]
 [0.    0.887 0.891 0.887 0.883 0.875 0.891 0.879 0.    0.    0.    0.
  0.    0.    0.    0.    0.    0.    0.    0.   ]
 [0.    0.    0.904 0.911 0.904 0.899 0.893 0.89  0.    0.    0.    0.
  0.    0.    0.    0.    0.    0.    0.    0.   ]
 [0.    0.    0.    0.833 0.874 0.867 0.878 0.881 0.    0.    0.    0.
  0.    0.    0.    0.    0.    0.    0.    0.   ]
 [0.    0.    0.    0.    0.828 0.833 0.799 0.814 0.    0.    0.    0.
  0.    0.    0.    0.    0.    0.    0.    0.   ]
 [0.    0.    0.    0.    0.    0.859 0.869 0.84  0.    0.    0.    0.
  0.    0.    0.    0.    0.    0.    0.    0.   ]
 [0.    0.    0.    0.    0.    0.    0.838 0.862 0.    0.    0.    0.
  0.    0.    0.    0.    0.    0.    0.    0.   ]
 [0.    0.    0.    0.    0.    0.    0.    0.883 0.    0.    0.    0.
  0.    0.    0.    0.    0.    0.    0.    0.   ]
 [0.    0.    0.    0.    0.    0.    0.    0.    0.    0.    0.    0.
  0.    0.    0.    0.    0.    0.    0.    0.   ]
 [0.    0.    0.    0.    0.    0.    0.    0.    0.    0.    0.    0.
  0.    0.    0.    0.    0.    0.    0.    0.   ]
 [0.    0.    0.    0.    0.    0.    0.    0.    0.    0.    0.    0.
  0.    0.    0.    0.    0.    0.    0.    0.   ]
 [0.    0.    0.    0.    0.    0.    0.    0.    0.    0.    0.    0.
  0.    0.    0.    0.    0.    0.    0.    0.   ]
 [0.    0.    0.    0.    0.    0.    0.    0.    0.    0.    0.    0.
  0.    0.    0.    0.    0.    0.    0.    0.   ]
 [0.    0.    0.    0.    0.    0.    0.    0.    0.    0.    0.    0.
  0.    0.    0.    0.    0.    0.    0.    0.   ]
 [0.    0.    0.    0.    0.    0.    0.    0.    0.    0.    0.    0.
  0.    0.    0.    0.    0.    0.    0.    0.   ]
 [0.    0.    0.    0.    0.    0.    0.    0.    0.    0.    0.    0.
  0.    0.    0.    0.    0.    0.    0.    0.   ]
 [0.    0.    0.    0.    0.    0.    0.    0.    0.    0.    0.    0.
  0.    0.    0.    0.    0.    0.    0.    0.   ]
 [0.    0.    0.    0.    0.    0.    0.    0.    0.    0.    0.    0.
  0.    0.    0.    0.    0.    0.    0.    0.   ]
 [0.    0.    0.    0.    0.    0.    0.    0.    0.    0.    0.    0.
  0.    0.    0.    0.    0.    0.    0.    0.   ]
 [0.    0.    0.    0.    0.    0.    0.    0.    0.    0.    0.    0.
  0.    0.    0.    0.    0.    0.    0.    0.   ]]
2025-11-29 11:16:37,921 [train_pf.py] => Start Training Task 9
2025-11-29 11:16:37,928 [train_pf.py] => number of trainable params: 356361
2025-11-29 11:16:37,930 [train_pf.py] => total number of params: 210494218

  0%|          | 0/5 [00:00<?, ?it/s]
Task 9, Epoch 1/5 => Loss 0.299:   0%|          | 0/5 [01:59<?, ?it/s]
Task 9, Epoch 1/5 => Loss 0.299:  20%|██        | 1/5 [01:59<07:56, 119.08s/it]
Task 9, Epoch 2/5 => Loss 0.149:  20%|██        | 1/5 [03:57<07:56, 119.08s/it]
Task 9, Epoch 2/5 => Loss 0.149:  40%|████      | 2/5 [03:57<05:56, 118.83s/it]
Task 9, Epoch 3/5 => Loss 0.098:  40%|████      | 2/5 [05:56<05:56, 118.83s/it]
Task 9, Epoch 3/5 => Loss 0.098:  60%|██████    | 3/5 [05:56<03:57, 118.75s/it]
Task 9, Epoch 4/5 => Loss 0.072:  60%|██████    | 3/5 [07:55<03:57, 118.75s/it]
Task 9, Epoch 4/5 => Loss 0.072:  80%|████████  | 4/5 [07:55<01:58, 118.74s/it]
Task 9, Epoch 5/5 => Loss 0.060:  80%|████████  | 4/5 [09:53<01:58, 118.74s/it]
Task 9, Epoch 5/5 => Loss 0.060: 100%|██████████| 5/5 [09:53<00:00, 118.66s/it]
Task 9, Epoch 5/5 => Loss 0.060: 100%|██████████| 5/5 [09:53<00:00, 118.73s/it]
2025-11-29 11:29:25,644 [train_pf.py] => Task 9 Average Accuracy is 0.855
[[0.881 0.871 0.865 0.844 0.842 0.844 0.847 0.836 0.815 0.    0.    0.
  0.    0.    0.    0.    0.    0.    0.    0.   ]
 [0.    0.887 0.891 0.887 0.883 0.875 0.891 0.879 0.872 0.    0.    0.
  0.    0.    0.    0.    0.    0.    0.    0.   ]
 [0.    0.    0.904 0.911 0.904 0.899 0.893 0.89  0.884 0.    0.    0.
  0.    0.    0.    0.    0.    0.    0.    0.   ]
 [0.    0.    0.    0.833 0.874 0.867 0.878 0.881 0.878 0.    0.    0.
  0.    0.    0.    0.    0.    0.    0.    0.   ]
 [0.    0.    0.    0.    0.828 0.833 0.799 0.814 0.809 0.    0.    0.
  0.    0.    0.    0.    0.    0.    0.    0.   ]
 [0.    0.    0.    0.    0.    0.859 0.869 0.84  0.84  0.    0.    0.
  0.    0.    0.    0.    0.    0.    0.    0.   ]
 [0.    0.    0.    0.    0.    0.    0.838 0.862 0.838 0.    0.    0.
  0.    0.    0.    0.    0.    0.    0.    0.   ]
 [0.    0.    0.    0.    0.    0.    0.    0.883 0.894 0.    0.    0.
  0.    0.    0.    0.    0.    0.    0.    0.   ]
 [0.    0.    0.    0.    0.    0.    0.    0.    0.861 0.    0.    0.
  0.    0.    0.    0.    0.    0.    0.    0.   ]
 [0.    0.    0.    0.    0.    0.    0.    0.    0.    0.    0.    0.
  0.    0.    0.    0.    0.    0.    0.    0.   ]
 [0.    0.    0.    0.    0.    0.    0.    0.    0.    0.    0.    0.
  0.    0.    0.    0.    0.    0.    0.    0.   ]
 [0.    0.    0.    0.    0.    0.    0.    0.    0.    0.    0.    0.
  0.    0.    0.    0.    0.    0.    0.    0.   ]
 [0.    0.    0.    0.    0.    0.    0.    0.    0.    0.    0.    0.
  0.    0.    0.    0.    0.    0.    0.    0.   ]
 [0.    0.    0.    0.    0.    0.    0.    0.    0.    0.    0.    0.
  0.    0.    0.    0.    0.    0.    0.    0.   ]
 [0.    0.    0.    0.    0.    0.    0.    0.    0.    0.    0.    0.
  0.    0.    0.    0.    0.    0.    0.    0.   ]
 [0.    0.    0.    0.    0.    0.    0.    0.    0.    0.    0.    0.
  0.    0.    0.    0.    0.    0.    0.    0.   ]
 [0.    0.    0.    0.    0.    0.    0.    0.    0.    0.    0.    0.
  0.    0.    0.    0.    0.    0.    0.    0.   ]
 [0.    0.    0.    0.    0.    0.    0.    0.    0.    0.    0.    0.
  0.    0.    0.    0.    0.    0.    0.    0.   ]
 [0.    0.    0.    0.    0.    0.    0.    0.    0.    0.    0.    0.
  0.    0.    0.    0.    0.    0.    0.    0.   ]
 [0.    0.    0.    0.    0.    0.    0.    0.    0.    0.    0.    0.
  0.    0.    0.    0.    0.    0.    0.    0.   ]]
2025-11-29 11:29:43,952 [train_pf.py] => Start Training Task 10
2025-11-29 11:29:43,969 [train_pf.py] => number of trainable params: 356681
2025-11-29 11:29:43,971 [train_pf.py] => total number of params: 210494538

  0%|          | 0/5 [00:00<?, ?it/s]
Task 10, Epoch 1/5 => Loss 0.258:   0%|          | 0/5 [01:56<?, ?it/s]
Task 10, Epoch 1/5 => Loss 0.258:  20%|██        | 1/5 [01:56<07:46, 116.63s/it]
Task 10, Epoch 2/5 => Loss 0.125:  20%|██        | 1/5 [03:53<07:46, 116.63s/it]
Task 10, Epoch 2/5 => Loss 0.125:  40%|████      | 2/5 [03:53<05:49, 116.57s/it]
Task 10, Epoch 3/5 => Loss 0.081:  40%|████      | 2/5 [05:49<05:49, 116.57s/it]
Task 10, Epoch 3/5 => Loss 0.081:  60%|██████    | 3/5 [05:49<03:53, 116.58s/it]
Task 10, Epoch 4/5 => Loss 0.059:  60%|██████    | 3/5 [07:46<03:53, 116.58s/it]
Task 10, Epoch 4/5 => Loss 0.059:  80%|████████  | 4/5 [07:46<01:56, 116.60s/it]
Task 10, Epoch 5/5 => Loss 0.051:  80%|████████  | 4/5 [09:43<01:56, 116.60s/it]
Task 10, Epoch 5/5 => Loss 0.051: 100%|██████████| 5/5 [09:43<00:00, 116.63s/it]
Task 10, Epoch 5/5 => Loss 0.051: 100%|██████████| 5/5 [09:43<00:00, 116.61s/it]
2025-11-29 11:42:57,364 [train_pf.py] => Task 10 Average Accuracy is 0.848
[[0.881 0.871 0.865 0.844 0.842 0.844 0.847 0.836 0.815 0.807 0.    0.
  0.    0.    0.    0.    0.    0.    0.    0.   ]
 [0.    0.887 0.891 0.887 0.883 0.875 0.891 0.879 0.872 0.86  0.    0.
  0.    0.    0.    0.    0.    0.    0.    0.   ]
 [0.    0.    0.904 0.911 0.904 0.899 0.893 0.89  0.884 0.877 0.    0.
  0.    0.    0.    0.    0.    0.    0.    0.   ]
 [0.    0.    0.    0.833 0.874 0.867 0.878 0.881 0.878 0.874 0.    0.
  0.    0.    0.    0.    0.    0.    0.    0.   ]
 [0.    0.    0.    0.    0.828 0.833 0.799 0.814 0.809 0.794 0.    0.
  0.    0.    0.    0.    0.    0.    0.    0.   ]
 [0.    0.    0.    0.    0.    0.859 0.869 0.84  0.84  0.845 0.    0.
  0.    0.    0.    0.    0.    0.    0.    0.   ]
 [0.    0.    0.    0.    0.    0.    0.838 0.862 0.838 0.848 0.    0.
  0.    0.    0.    0.    0.    0.    0.    0.   ]
 [0.    0.    0.    0.    0.    0.    0.    0.883 0.894 0.869 0.    0.
  0.    0.    0.    0.    0.    0.    0.    0.   ]
 [0.    0.    0.    0.    0.    0.    0.    0.    0.861 0.861 0.    0.
  0.    0.    0.    0.    0.    0.    0.    0.   ]
 [0.    0.    0.    0.    0.    0.    0.    0.    0.    0.85  0.    0.
  0.    0.    0.    0.    0.    0.    0.    0.   ]
 [0.    0.    0.    0.    0.    0.    0.    0.    0.    0.    0.    0.
  0.    0.    0.    0.    0.    0.    0.    0.   ]
 [0.    0.    0.    0.    0.    0.    0.    0.    0.    0.    0.    0.
  0.    0.    0.    0.    0.    0.    0.    0.   ]
 [0.    0.    0.    0.    0.    0.    0.    0.    0.    0.    0.    0.
  0.    0.    0.    0.    0.    0.    0.    0.   ]
 [0.    0.    0.    0.    0.    0.    0.    0.    0.    0.    0.    0.
  0.    0.    0.    0.    0.    0.    0.    0.   ]
 [0.    0.    0.    0.    0.    0.    0.    0.    0.    0.    0.    0.
  0.    0.    0.    0.    0.    0.    0.    0.   ]
 [0.    0.    0.    0.    0.    0.    0.    0.    0.    0.    0.    0.
  0.    0.    0.    0.    0.    0.    0.    0.   ]
 [0.    0.    0.    0.    0.    0.    0.    0.    0.    0.    0.    0.
  0.    0.    0.    0.    0.    0.    0.    0.   ]
 [0.    0.    0.    0.    0.    0.    0.    0.    0.    0.    0.    0.
  0.    0.    0.    0.    0.    0.    0.    0.   ]
 [0.    0.    0.    0.    0.    0.    0.    0.    0.    0.    0.    0.
  0.    0.    0.    0.    0.    0.    0.    0.   ]
 [0.    0.    0.    0.    0.    0.    0.    0.    0.    0.    0.    0.
  0.    0.    0.    0.    0.    0.    0.    0.   ]]
2025-11-29 11:43:15,095 [train_pf.py] => Start Training Task 11
2025-11-29 11:43:15,109 [train_pf.py] => number of trainable params: 357001
2025-11-29 11:43:15,111 [train_pf.py] => total number of params: 210494858

  0%|          | 0/5 [00:00<?, ?it/s]
Task 11, Epoch 1/5 => Loss 0.252:   0%|          | 0/5 [02:00<?, ?it/s]
Task 11, Epoch 1/5 => Loss 0.252:  20%|██        | 1/5 [02:00<08:02, 120.70s/it]
Task 11, Epoch 2/5 => Loss 0.115:  20%|██        | 1/5 [04:01<08:02, 120.70s/it]
Task 11, Epoch 2/5 => Loss 0.115:  40%|████      | 2/5 [04:01<06:02, 120.68s/it]
Task 11, Epoch 3/5 => Loss 0.071:  40%|████      | 2/5 [06:01<06:02, 120.68s/it]
Task 11, Epoch 3/5 => Loss 0.071:  60%|██████    | 3/5 [06:01<04:01, 120.60s/it]
Task 11, Epoch 4/5 => Loss 0.052:  60%|██████    | 3/5 [08:02<04:01, 120.60s/it]
Task 11, Epoch 4/5 => Loss 0.052:  80%|████████  | 4/5 [08:02<02:00, 120.62s/it]
Task 11, Epoch 5/5 => Loss 0.042:  80%|████████  | 4/5 [10:02<02:00, 120.62s/it]
Task 11, Epoch 5/5 => Loss 0.042: 100%|██████████| 5/5 [10:02<00:00, 120.53s/it]
Task 11, Epoch 5/5 => Loss 0.042: 100%|██████████| 5/5 [10:02<00:00, 120.58s/it]
2025-11-29 11:57:26,658 [train_pf.py] => Task 11 Average Accuracy is 0.837
[[0.881 0.871 0.865 0.844 0.842 0.844 0.847 0.836 0.815 0.807 0.799 0.
  0.    0.    0.    0.    0.    0.    0.    0.   ]
 [0.    0.887 0.891 0.887 0.883 0.875 0.891 0.879 0.872 0.86  0.844 0.
  0.    0.    0.    0.    0.    0.    0.    0.   ]
 [0.    0.    0.904 0.911 0.904 0.899 0.893 0.89  0.884 0.877 0.866 0.
  0.    0.    0.    0.    0.    0.    0.    0.   ]
 [0.    0.    0.    0.833 0.874 0.867 0.878 0.881 0.878 0.874 0.856 0.
  0.    0.    0.    0.    0.    0.    0.    0.   ]
 [0.    0.    0.    0.    0.828 0.833 0.799 0.814 0.809 0.794 0.789 0.
  0.    0.    0.    0.    0.    0.    0.    0.   ]
 [0.    0.    0.    0.    0.    0.859 0.869 0.84  0.84  0.845 0.84  0.
  0.    0.    0.    0.    0.    0.    0.    0.   ]
 [0.    0.    0.    0.    0.    0.    0.838 0.862 0.838 0.848 0.838 0.
  0.    0.    0.    0.    0.    0.    0.    0.   ]
 [0.    0.    0.    0.    0.    0.    0.    0.883 0.894 0.869 0.844 0.
  0.    0.    0.    0.    0.    0.    0.    0.   ]
 [0.    0.    0.    0.    0.    0.    0.    0.    0.861 0.861 0.851 0.
  0.    0.    0.    0.    0.    0.    0.    0.   ]
 [0.    0.    0.    0.    0.    0.    0.    0.    0.    0.85  0.853 0.
  0.    0.    0.    0.    0.    0.    0.    0.   ]
 [0.    0.    0.    0.    0.    0.    0.    0.    0.    0.    0.83  0.
  0.    0.    0.    0.    0.    0.    0.    0.   ]
 [0.    0.    0.    0.    0.    0.    0.    0.    0.    0.    0.    0.
  0.    0.    0.    0.    0.    0.    0.    0.   ]
 [0.    0.    0.    0.    0.    0.    0.    0.    0.    0.    0.    0.
  0.    0.    0.    0.    0.    0.    0.    0.   ]
 [0.    0.    0.    0.    0.    0.    0.    0.    0.    0.    0.    0.
  0.    0.    0.    0.    0.    0.    0.    0.   ]
 [0.    0.    0.    0.    0.    0.    0.    0.    0.    0.    0.    0.
  0.    0.    0.    0.    0.    0.    0.    0.   ]
 [0.    0.    0.    0.    0.    0.    0.    0.    0.    0.    0.    0.
  0.    0.    0.    0.    0.    0.    0.    0.   ]
 [0.    0.    0.    0.    0.    0.    0.    0.    0.    0.    0.    0.
  0.    0.    0.    0.    0.    0.    0.    0.   ]
 [0.    0.    0.    0.    0.    0.    0.    0.    0.    0.    0.    0.
  0.    0.    0.    0.    0.    0.    0.    0.   ]
 [0.    0.    0.    0.    0.    0.    0.    0.    0.    0.    0.    0.
  0.    0.    0.    0.    0.    0.    0.    0.   ]
 [0.    0.    0.    0.    0.    0.    0.    0.    0.    0.    0.    0.
  0.    0.    0.    0.    0.    0.    0.    0.   ]]
2025-11-29 11:57:44,245 [train_pf.py] => Start Training Task 12
2025-11-29 11:57:44,254 [train_pf.py] => number of trainable params: 357321
2025-11-29 11:57:44,256 [train_pf.py] => total number of params: 210495178

  0%|          | 0/5 [00:00<?, ?it/s]
Task 12, Epoch 1/5 => Loss 0.205:   0%|          | 0/5 [01:57<?, ?it/s]
Task 12, Epoch 1/5 => Loss 0.205:  20%|██        | 1/5 [01:57<07:48, 117.06s/it]
Task 12, Epoch 2/5 => Loss 0.092:  20%|██        | 1/5 [03:54<07:48, 117.06s/it]
Task 12, Epoch 2/5 => Loss 0.092:  40%|████      | 2/5 [03:54<05:50, 117.00s/it]
Task 12, Epoch 3/5 => Loss 0.058:  40%|████      | 2/5 [05:50<05:50, 117.00s/it]
Task 12, Epoch 3/5 => Loss 0.058:  60%|██████    | 3/5 [05:50<03:53, 116.93s/it]
Task 12, Epoch 4/5 => Loss 0.041:  60%|██████    | 3/5 [07:47<03:53, 116.93s/it]
Task 12, Epoch 4/5 => Loss 0.041:  80%|████████  | 4/5 [07:47<01:56, 116.88s/it]
Task 12, Epoch 5/5 => Loss 0.034:  80%|████████  | 4/5 [09:44<01:56, 116.88s/it]
Task 12, Epoch 5/5 => Loss 0.034: 100%|██████████| 5/5 [09:44<00:00, 116.84s/it]
Task 12, Epoch 5/5 => Loss 0.034: 100%|██████████| 5/5 [09:44<00:00, 116.89s/it]
2025-11-29 12:12:15,127 [train_pf.py] => Task 12 Average Accuracy is 0.837
[[0.881 0.871 0.865 0.844 0.842 0.844 0.847 0.836 0.815 0.807 0.799 0.797
  0.    0.    0.    0.    0.    0.    0.    0.   ]
 [0.    0.887 0.891 0.887 0.883 0.875 0.891 0.879 0.872 0.86  0.844 0.837
  0.    0.    0.    0.    0.    0.    0.    0.   ]
 [0.    0.    0.904 0.911 0.904 0.899 0.893 0.89  0.884 0.877 0.866 0.859
  0.    0.    0.    0.    0.    0.    0.    0.   ]
 [0.    0.    0.    0.833 0.874 0.867 0.878 0.881 0.878 0.874 0.856 0.844
  0.    0.    0.    0.    0.    0.    0.    0.   ]
 [0.    0.    0.    0.    0.828 0.833 0.799 0.814 0.809 0.794 0.789 0.789
  0.    0.    0.    0.    0.    0.    0.    0.   ]
 [0.    0.    0.    0.    0.    0.859 0.869 0.84  0.84  0.845 0.84  0.836
  0.    0.    0.    0.    0.    0.    0.    0.   ]
 [0.    0.    0.    0.    0.    0.    0.838 0.862 0.838 0.848 0.838 0.838
  0.    0.    0.    0.    0.    0.    0.    0.   ]
 [0.    0.    0.    0.    0.    0.    0.    0.883 0.894 0.869 0.844 0.824
  0.    0.    0.    0.    0.    0.    0.    0.   ]
 [0.    0.    0.    0.    0.    0.    0.    0.    0.861 0.861 0.851 0.838
  0.    0.    0.    0.    0.    0.    0.    0.   ]
 [0.    0.    0.    0.    0.    0.    0.    0.    0.    0.85  0.853 0.843
  0.    0.    0.    0.    0.    0.    0.    0.   ]
 [0.    0.    0.    0.    0.    0.    0.    0.    0.    0.    0.83  0.823
  0.    0.    0.    0.    0.    0.    0.    0.   ]
 [0.    0.    0.    0.    0.    0.    0.    0.    0.    0.    0.    0.912
  0.    0.    0.    0.    0.    0.    0.    0.   ]
 [0.    0.    0.    0.    0.    0.    0.    0.    0.    0.    0.    0.
  0.    0.    0.    0.    0.    0.    0.    0.   ]
 [0.    0.    0.    0.    0.    0.    0.    0.    0.    0.    0.    0.
  0.    0.    0.    0.    0.    0.    0.    0.   ]
 [0.    0.    0.    0.    0.    0.    0.    0.    0.    0.    0.    0.
  0.    0.    0.    0.    0.    0.    0.    0.   ]
 [0.    0.    0.    0.    0.    0.    0.    0.    0.    0.    0.    0.
  0.    0.    0.    0.    0.    0.    0.    0.   ]
 [0.    0.    0.    0.    0.    0.    0.    0.    0.    0.    0.    0.
  0.    0.    0.    0.    0.    0.    0.    0.   ]
 [0.    0.    0.    0.    0.    0.    0.    0.    0.    0.    0.    0.
  0.    0.    0.    0.    0.    0.    0.    0.   ]
 [0.    0.    0.    0.    0.    0.    0.    0.    0.    0.    0.    0.
  0.    0.    0.    0.    0.    0.    0.    0.   ]
 [0.    0.    0.    0.    0.    0.    0.    0.    0.    0.    0.    0.
  0.    0.    0.    0.    0.    0.    0.    0.   ]]
2025-11-29 12:12:32,147 [train_pf.py] => Start Training Task 13
2025-11-29 12:12:32,153 [train_pf.py] => number of trainable params: 357641
2025-11-29 12:12:32,166 [train_pf.py] => total number of params: 210495498

  0%|          | 0/5 [00:00<?, ?it/s]
Task 13, Epoch 1/5 => Loss 0.201:   0%|          | 0/5 [02:03<?, ?it/s]
Task 13, Epoch 1/5 => Loss 0.201:  20%|██        | 1/5 [02:03<08:13, 123.27s/it]
Task 13, Epoch 2/5 => Loss 0.085:  20%|██        | 1/5 [04:06<08:13, 123.27s/it]
Task 13, Epoch 2/5 => Loss 0.085:  40%|████      | 2/5 [04:06<06:09, 123.21s/it]
Task 13, Epoch 3/5 => Loss 0.051:  40%|████      | 2/5 [06:09<06:09, 123.21s/it]
Task 13, Epoch 3/5 => Loss 0.051:  60%|██████    | 3/5 [06:09<04:06, 123.24s/it]
Task 13, Epoch 4/5 => Loss 0.037:  60%|██████    | 3/5 [08:12<04:06, 123.24s/it]
Task 13, Epoch 4/5 => Loss 0.037:  80%|████████  | 4/5 [08:12<02:03, 123.26s/it]
Task 13, Epoch 5/5 => Loss 0.028:  80%|████████  | 4/5 [10:16<02:03, 123.26s/it]
Task 13, Epoch 5/5 => Loss 0.028: 100%|██████████| 5/5 [10:16<00:00, 123.27s/it]
Task 13, Epoch 5/5 => Loss 0.028: 100%|██████████| 5/5 [10:16<00:00, 123.26s/it]
2025-11-29 12:28:21,024 [train_pf.py] => Task 13 Average Accuracy is 0.833
[[0.881 0.871 0.865 0.844 0.842 0.844 0.847 0.836 0.815 0.807 0.799 0.797
  0.807 0.    0.    0.    0.    0.    0.    0.   ]
 [0.    0.887 0.891 0.887 0.883 0.875 0.891 0.879 0.872 0.86  0.844 0.837
  0.84  0.    0.    0.    0.    0.    0.    0.   ]
 [0.    0.    0.904 0.911 0.904 0.899 0.893 0.89  0.884 0.877 0.866 0.859
  0.861 0.    0.    0.    0.    0.    0.    0.   ]
 [0.    0.    0.    0.833 0.874 0.867 0.878 0.881 0.878 0.874 0.856 0.844
  0.837 0.    0.    0.    0.    0.    0.    0.   ]
 [0.    0.    0.    0.    0.828 0.833 0.799 0.814 0.809 0.794 0.789 0.789
  0.779 0.    0.    0.    0.    0.    0.    0.   ]
 [0.    0.    0.    0.    0.    0.859 0.869 0.84  0.84  0.845 0.84  0.836
  0.831 0.    0.    0.    0.    0.    0.    0.   ]
 [0.    0.    0.    0.    0.    0.    0.838 0.862 0.838 0.848 0.838 0.838
  0.838 0.    0.    0.    0.    0.    0.    0.   ]
 [0.    0.    0.    0.    0.    0.    0.    0.883 0.894 0.869 0.844 0.824
  0.838 0.    0.    0.    0.    0.    0.    0.   ]
 [0.    0.    0.    0.    0.    0.    0.    0.    0.861 0.861 0.851 0.838
  0.84  0.    0.    0.    0.    0.    0.    0.   ]
 [0.    0.    0.    0.    0.    0.    0.    0.    0.    0.85  0.853 0.843
  0.843 0.    0.    0.    0.    0.    0.    0.   ]
 [0.    0.    0.    0.    0.    0.    0.    0.    0.    0.    0.83  0.823
  0.817 0.    0.    0.    0.    0.    0.    0.   ]
 [0.    0.    0.    0.    0.    0.    0.    0.    0.    0.    0.    0.912
  0.915 0.    0.    0.    0.    0.    0.    0.   ]
 [0.    0.    0.    0.    0.    0.    0.    0.    0.    0.    0.    0.
  0.789 0.    0.    0.    0.    0.    0.    0.   ]
 [0.    0.    0.    0.    0.    0.    0.    0.    0.    0.    0.    0.
  0.    0.    0.    0.    0.    0.    0.    0.   ]
 [0.    0.    0.    0.    0.    0.    0.    0.    0.    0.    0.    0.
  0.    0.    0.    0.    0.    0.    0.    0.   ]
 [0.    0.    0.    0.    0.    0.    0.    0.    0.    0.    0.    0.
  0.    0.    0.    0.    0.    0.    0.    0.   ]
 [0.    0.    0.    0.    0.    0.    0.    0.    0.    0.    0.    0.
  0.    0.    0.    0.    0.    0.    0.    0.   ]
 [0.    0.    0.    0.    0.    0.    0.    0.    0.    0.    0.    0.
  0.    0.    0.    0.    0.    0.    0.    0.   ]
 [0.    0.    0.    0.    0.    0.    0.    0.    0.    0.    0.    0.
  0.    0.    0.    0.    0.    0.    0.    0.   ]
 [0.    0.    0.    0.    0.    0.    0.    0.    0.    0.    0.    0.
  0.    0.    0.    0.    0.    0.    0.    0.   ]]
2025-11-29 12:28:38,522 [train_pf.py] => Start Training Task 14
2025-11-29 12:28:38,537 [train_pf.py] => number of trainable params: 357961
2025-11-29 12:28:38,539 [train_pf.py] => total number of params: 210495818

  0%|          | 0/5 [00:00<?, ?it/s]
Task 14, Epoch 1/5 => Loss 0.202:   0%|          | 0/5 [02:04<?, ?it/s]
Task 14, Epoch 1/5 => Loss 0.202:  20%|██        | 1/5 [02:04<08:19, 124.79s/it]
Task 14, Epoch 2/5 => Loss 0.090:  20%|██        | 1/5 [04:09<08:19, 124.79s/it]
Task 14, Epoch 2/5 => Loss 0.090:  40%|████      | 2/5 [04:09<06:14, 124.73s/it]
Task 14, Epoch 3/5 => Loss 0.054:  40%|████      | 2/5 [06:14<06:14, 124.73s/it]
Task 14, Epoch 3/5 => Loss 0.054:  60%|██████    | 3/5 [06:14<04:09, 124.73s/it]
Task 14, Epoch 4/5 => Loss 0.037:  60%|██████    | 3/5 [08:18<04:09, 124.73s/it]
Task 14, Epoch 4/5 => Loss 0.037:  80%|████████  | 4/5 [08:18<02:04, 124.73s/it]
Task 14, Epoch 5/5 => Loss 0.029:  80%|████████  | 4/5 [10:23<02:04, 124.73s/it]
Task 14, Epoch 5/5 => Loss 0.029: 100%|██████████| 5/5 [10:23<00:00, 124.83s/it]
Task 14, Epoch 5/5 => Loss 0.029: 100%|██████████| 5/5 [10:23<00:00, 124.79s/it]
2025-11-29 12:45:28,066 [train_pf.py] => Task 14 Average Accuracy is 0.835
[[0.881 0.871 0.865 0.844 0.842 0.844 0.847 0.836 0.815 0.807 0.799 0.797
  0.807 0.81  0.    0.    0.    0.    0.    0.   ]
 [0.    0.887 0.891 0.887 0.883 0.875 0.891 0.879 0.872 0.86  0.844 0.837
  0.84  0.84  0.    0.    0.    0.    0.    0.   ]
 [0.    0.    0.904 0.911 0.904 0.899 0.893 0.89  0.884 0.877 0.866 0.859
  0.861 0.861 0.    0.    0.    0.    0.    0.   ]
 [0.    0.    0.    0.833 0.874 0.867 0.878 0.881 0.878 0.874 0.856 0.844
  0.837 0.844 0.    0.    0.    0.    0.    0.   ]
 [0.    0.    0.    0.    0.828 0.833 0.799 0.814 0.809 0.794 0.789 0.789
  0.779 0.775 0.    0.    0.    0.    0.    0.   ]
 [0.    0.    0.    0.    0.    0.859 0.869 0.84  0.84  0.845 0.84  0.836
  0.831 0.84  0.    0.    0.    0.    0.    0.   ]
 [0.    0.    0.    0.    0.    0.    0.838 0.862 0.838 0.848 0.838 0.838
  0.838 0.833 0.    0.    0.    0.    0.    0.   ]
 [0.    0.    0.    0.    0.    0.    0.    0.883 0.894 0.869 0.844 0.824
  0.838 0.841 0.    0.    0.    0.    0.    0.   ]
 [0.    0.    0.    0.    0.    0.    0.    0.    0.861 0.861 0.851 0.838
  0.84  0.83  0.    0.    0.    0.    0.    0.   ]
 [0.    0.    0.    0.    0.    0.    0.    0.    0.    0.85  0.853 0.843
  0.843 0.837 0.    0.    0.    0.    0.    0.   ]
 [0.    0.    0.    0.    0.    0.    0.    0.    0.    0.    0.83  0.823
  0.817 0.801 0.    0.    0.    0.    0.    0.   ]
 [0.    0.    0.    0.    0.    0.    0.    0.    0.    0.    0.    0.912
  0.915 0.892 0.    0.    0.    0.    0.    0.   ]
 [0.    0.    0.    0.    0.    0.    0.    0.    0.    0.    0.    0.
  0.789 0.786 0.    0.    0.    0.    0.    0.   ]
 [0.    0.    0.    0.    0.    0.    0.    0.    0.    0.    0.    0.
  0.    0.902 0.    0.    0.    0.    0.    0.   ]
 [0.    0.    0.    0.    0.    0.    0.    0.    0.    0.    0.    0.
  0.    0.    0.    0.    0.    0.    0.    0.   ]
 [0.    0.    0.    0.    0.    0.    0.    0.    0.    0.    0.    0.
  0.    0.    0.    0.    0.    0.    0.    0.   ]
 [0.    0.    0.    0.    0.    0.    0.    0.    0.    0.    0.    0.
  0.    0.    0.    0.    0.    0.    0.    0.   ]
 [0.    0.    0.    0.    0.    0.    0.    0.    0.    0.    0.    0.
  0.    0.    0.    0.    0.    0.    0.    0.   ]
 [0.    0.    0.    0.    0.    0.    0.    0.    0.    0.    0.    0.
  0.    0.    0.    0.    0.    0.    0.    0.   ]
 [0.    0.    0.    0.    0.    0.    0.    0.    0.    0.    0.    0.
  0.    0.    0.    0.    0.    0.    0.    0.   ]]
2025-11-29 12:45:45,561 [train_pf.py] => Start Training Task 15
2025-11-29 12:45:45,578 [train_pf.py] => number of trainable params: 358281
2025-11-29 12:45:45,581 [train_pf.py] => total number of params: 210496138

  0%|          | 0/5 [00:00<?, ?it/s]
Task 15, Epoch 1/5 => Loss 0.210:   0%|          | 0/5 [01:59<?, ?it/s]
Task 15, Epoch 1/5 => Loss 0.210:  20%|██        | 1/5 [01:59<07:59, 120.00s/it]
Task 15, Epoch 2/5 => Loss 0.092:  20%|██        | 1/5 [04:00<07:59, 120.00s/it]
Task 15, Epoch 2/5 => Loss 0.092:  40%|████      | 2/5 [04:00<06:00, 120.06s/it]
Task 15, Epoch 3/5 => Loss 0.056:  40%|████      | 2/5 [06:00<06:00, 120.06s/it]
Task 15, Epoch 3/5 => Loss 0.056:  60%|██████    | 3/5 [06:00<04:00, 120.08s/it]
Task 15, Epoch 4/5 => Loss 0.039:  60%|██████    | 3/5 [08:00<04:00, 120.08s/it]
Task 15, Epoch 4/5 => Loss 0.039:  80%|████████  | 4/5 [08:00<02:00, 120.05s/it]
Task 15, Epoch 5/5 => Loss 0.029:  80%|████████  | 4/5 [10:00<02:00, 120.05s/it]
Task 15, Epoch 5/5 => Loss 0.029: 100%|██████████| 5/5 [10:00<00:00, 120.06s/it]
Task 15, Epoch 5/5 => Loss 0.029: 100%|██████████| 5/5 [10:00<00:00, 120.06s/it]
2025-11-29 13:02:49,519 [train_pf.py] => Task 15 Average Accuracy is 0.827
[[0.881 0.871 0.865 0.844 0.842 0.844 0.847 0.836 0.815 0.807 0.799 0.797
  0.807 0.81  0.807 0.    0.    0.    0.    0.   ]
 [0.    0.887 0.891 0.887 0.883 0.875 0.891 0.879 0.872 0.86  0.844 0.837
  0.84  0.84  0.848 0.    0.    0.    0.    0.   ]
 [0.    0.    0.904 0.911 0.904 0.899 0.893 0.89  0.884 0.877 0.866 0.859
  0.861 0.861 0.857 0.    0.    0.    0.    0.   ]
 [0.    0.    0.    0.833 0.874 0.867 0.878 0.881 0.878 0.874 0.856 0.844
  0.837 0.844 0.837 0.    0.    0.    0.    0.   ]
 [0.    0.    0.    0.    0.828 0.833 0.799 0.814 0.809 0.794 0.789 0.789
  0.779 0.775 0.765 0.    0.    0.    0.    0.   ]
 [0.    0.    0.    0.    0.    0.859 0.869 0.84  0.84  0.845 0.84  0.836
  0.831 0.84  0.84  0.    0.    0.    0.    0.   ]
 [0.    0.    0.    0.    0.    0.    0.838 0.862 0.838 0.848 0.838 0.838
  0.838 0.833 0.833 0.    0.    0.    0.    0.   ]
 [0.    0.    0.    0.    0.    0.    0.    0.883 0.894 0.869 0.844 0.824
  0.838 0.841 0.818 0.    0.    0.    0.    0.   ]
 [0.    0.    0.    0.    0.    0.    0.    0.    0.861 0.861 0.851 0.838
  0.84  0.83  0.825 0.    0.    0.    0.    0.   ]
 [0.    0.    0.    0.    0.    0.    0.    0.    0.    0.85  0.853 0.843
  0.843 0.837 0.831 0.    0.    0.    0.    0.   ]
 [0.    0.    0.    0.    0.    0.    0.    0.    0.    0.    0.83  0.823
  0.817 0.801 0.795 0.    0.    0.    0.    0.   ]
 [0.    0.    0.    0.    0.    0.    0.    0.    0.    0.    0.    0.912
  0.915 0.892 0.873 0.    0.    0.    0.    0.   ]
 [0.    0.    0.    0.    0.    0.    0.    0.    0.    0.    0.    0.
  0.789 0.786 0.802 0.    0.    0.    0.    0.   ]
 [0.    0.    0.    0.    0.    0.    0.    0.    0.    0.    0.    0.
  0.    0.902 0.882 0.    0.    0.    0.    0.   ]
 [0.    0.    0.    0.    0.    0.    0.    0.    0.    0.    0.    0.
  0.    0.    0.799 0.    0.    0.    0.    0.   ]
 [0.    0.    0.    0.    0.    0.    0.    0.    0.    0.    0.    0.
  0.    0.    0.    0.    0.    0.    0.    0.   ]
 [0.    0.    0.    0.    0.    0.    0.    0.    0.    0.    0.    0.
  0.    0.    0.    0.    0.    0.    0.    0.   ]
 [0.    0.    0.    0.    0.    0.    0.    0.    0.    0.    0.    0.
  0.    0.    0.    0.    0.    0.    0.    0.   ]
 [0.    0.    0.    0.    0.    0.    0.    0.    0.    0.    0.    0.
  0.    0.    0.    0.    0.    0.    0.    0.   ]
 [0.    0.    0.    0.    0.    0.    0.    0.    0.    0.    0.    0.
  0.    0.    0.    0.    0.    0.    0.    0.   ]]
2025-11-29 13:03:05,899 [train_pf.py] => Start Training Task 16
2025-11-29 13:03:05,914 [train_pf.py] => number of trainable params: 358601
2025-11-29 13:03:05,916 [train_pf.py] => total number of params: 210496458

  0%|          | 0/5 [00:00<?, ?it/s]
Task 16, Epoch 1/5 => Loss 0.264:   0%|          | 0/5 [02:08<?, ?it/s]
Task 16, Epoch 1/5 => Loss 0.264:  20%|██        | 1/5 [02:08<08:33, 128.40s/it]
Task 16, Epoch 2/5 => Loss 0.119:  20%|██        | 1/5 [04:16<08:33, 128.40s/it]
Task 16, Epoch 2/5 => Loss 0.119:  40%|████      | 2/5 [04:16<06:25, 128.39s/it]
Task 16, Epoch 3/5 => Loss 0.064:  40%|████      | 2/5 [06:25<06:25, 128.39s/it]
Task 16, Epoch 3/5 => Loss 0.064:  60%|██████    | 3/5 [06:25<04:16, 128.37s/it]
Task 16, Epoch 4/5 => Loss 0.044:  60%|██████    | 3/5 [08:33<04:16, 128.37s/it]
Task 16, Epoch 4/5 => Loss 0.044:  80%|████████  | 4/5 [08:33<02:08, 128.32s/it]
Task 16, Epoch 5/5 => Loss 0.034:  80%|████████  | 4/5 [10:41<02:08, 128.32s/it]
Task 16, Epoch 5/5 => Loss 0.034: 100%|██████████| 5/5 [10:41<00:00, 128.37s/it]
Task 16, Epoch 5/5 => Loss 0.034: 100%|██████████| 5/5 [10:41<00:00, 128.36s/it]
2025-11-29 13:21:42,197 [train_pf.py] => Task 16 Average Accuracy is 0.823
[[0.881 0.871 0.865 0.844 0.842 0.844 0.847 0.836 0.815 0.807 0.799 0.797
  0.807 0.81  0.807 0.807 0.    0.    0.    0.   ]
 [0.    0.887 0.891 0.887 0.883 0.875 0.891 0.879 0.872 0.86  0.844 0.837
  0.84  0.84  0.848 0.84  0.    0.    0.    0.   ]
 [0.    0.    0.904 0.911 0.904 0.899 0.893 0.89  0.884 0.877 0.866 0.859
  0.861 0.861 0.857 0.848 0.    0.    0.    0.   ]
 [0.    0.    0.    0.833 0.874 0.867 0.878 0.881 0.878 0.874 0.856 0.844
  0.837 0.844 0.837 0.83  0.    0.    0.    0.   ]
 [0.    0.    0.    0.    0.828 0.833 0.799 0.814 0.809 0.794 0.789 0.789
  0.779 0.775 0.765 0.765 0.    0.    0.    0.   ]
 [0.    0.    0.    0.    0.    0.859 0.869 0.84  0.84  0.845 0.84  0.836
  0.831 0.84  0.84  0.84  0.    0.    0.    0.   ]
 [0.    0.    0.    0.    0.    0.    0.838 0.862 0.838 0.848 0.838 0.838
  0.838 0.833 0.833 0.81  0.    0.    0.    0.   ]
 [0.    0.    0.    0.    0.    0.    0.    0.883 0.894 0.869 0.844 0.824
  0.838 0.841 0.818 0.818 0.    0.    0.    0.   ]
 [0.    0.    0.    0.    0.    0.    0.    0.    0.861 0.861 0.851 0.838
  0.84  0.83  0.825 0.819 0.    0.    0.    0.   ]
 [0.    0.    0.    0.    0.    0.    0.    0.    0.    0.85  0.853 0.843
  0.843 0.837 0.831 0.818 0.    0.    0.    0.   ]
 [0.    0.    0.    0.    0.    0.    0.    0.    0.    0.    0.83  0.823
  0.817 0.801 0.795 0.789 0.    0.    0.    0.   ]
 [0.    0.    0.    0.    0.    0.    0.    0.    0.    0.    0.    0.912
  0.915 0.892 0.873 0.885 0.    0.    0.    0.   ]
 [0.    0.    0.    0.    0.    0.    0.    0.    0.    0.    0.    0.
  0.789 0.786 0.802 0.773 0.    0.    0.    0.   ]
 [0.    0.    0.    0.    0.    0.    0.    0.    0.    0.    0.    0.
  0.    0.902 0.882 0.868 0.    0.    0.    0.   ]
 [0.    0.    0.    0.    0.    0.    0.    0.    0.    0.    0.    0.
  0.    0.    0.799 0.818 0.    0.    0.    0.   ]
 [0.    0.    0.    0.    0.    0.    0.    0.    0.    0.    0.    0.
  0.    0.    0.    0.839 0.    0.    0.    0.   ]
 [0.    0.    0.    0.    0.    0.    0.    0.    0.    0.    0.    0.
  0.    0.    0.    0.    0.    0.    0.    0.   ]
 [0.    0.    0.    0.    0.    0.    0.    0.    0.    0.    0.    0.
  0.    0.    0.    0.    0.    0.    0.    0.   ]
 [0.    0.    0.    0.    0.    0.    0.    0.    0.    0.    0.    0.
  0.    0.    0.    0.    0.    0.    0.    0.   ]
 [0.    0.    0.    0.    0.    0.    0.    0.    0.    0.    0.    0.
  0.    0.    0.    0.    0.    0.    0.    0.   ]]
2025-11-29 13:21:59,374 [train_pf.py] => Start Training Task 17
2025-11-29 13:21:59,381 [train_pf.py] => number of trainable params: 358921
2025-11-29 13:21:59,382 [train_pf.py] => total number of params: 210496778

  0%|          | 0/5 [00:00<?, ?it/s]
Task 17, Epoch 1/5 => Loss 0.240:   0%|          | 0/5 [02:16<?, ?it/s]
Task 17, Epoch 1/5 => Loss 0.240:  20%|██        | 1/5 [02:16<09:07, 136.93s/it]
Task 17, Epoch 2/5 => Loss 0.127:  20%|██        | 1/5 [04:33<09:07, 136.93s/it]
Task 17, Epoch 2/5 => Loss 0.127:  40%|████      | 2/5 [04:33<06:50, 136.91s/it]
Task 17, Epoch 3/5 => Loss 0.075:  40%|████      | 2/5 [06:50<06:50, 136.91s/it]
Task 17, Epoch 3/5 => Loss 0.075:  60%|██████    | 3/5 [06:50<04:33, 136.88s/it]
Task 17, Epoch 4/5 => Loss 0.056:  60%|██████    | 3/5 [09:07<04:33, 136.88s/it]
Task 17, Epoch 4/5 => Loss 0.056:  80%|████████  | 4/5 [09:07<02:16, 136.88s/it]
Task 17, Epoch 5/5 => Loss 0.041:  80%|████████  | 4/5 [11:24<02:16, 136.88s/it]
Task 17, Epoch 5/5 => Loss 0.041: 100%|██████████| 5/5 [11:24<00:00, 136.83s/it]
Task 17, Epoch 5/5 => Loss 0.041: 100%|██████████| 5/5 [11:24<00:00, 136.86s/it]
2025-11-29 13:42:17,602 [train_pf.py] => Task 17 Average Accuracy is 0.818
[[0.881 0.871 0.865 0.844 0.842 0.844 0.847 0.836 0.815 0.807 0.799 0.797
  0.807 0.81  0.807 0.807 0.797 0.    0.    0.   ]
 [0.    0.887 0.891 0.887 0.883 0.875 0.891 0.879 0.872 0.86  0.844 0.837
  0.84  0.84  0.848 0.84  0.809 0.    0.    0.   ]
 [0.    0.    0.904 0.911 0.904 0.899 0.893 0.89  0.884 0.877 0.866 0.859
  0.861 0.861 0.857 0.848 0.841 0.    0.    0.   ]
 [0.    0.    0.    0.833 0.874 0.867 0.878 0.881 0.878 0.874 0.856 0.844
  0.837 0.844 0.837 0.83  0.83  0.    0.    0.   ]
 [0.    0.    0.    0.    0.828 0.833 0.799 0.814 0.809 0.794 0.789 0.789
  0.779 0.775 0.765 0.765 0.75  0.    0.    0.   ]
 [0.    0.    0.    0.    0.    0.859 0.869 0.84  0.84  0.845 0.84  0.836
  0.831 0.84  0.84  0.84  0.831 0.    0.    0.   ]
 [0.    0.    0.    0.    0.    0.    0.838 0.862 0.838 0.848 0.838 0.838
  0.838 0.833 0.833 0.81  0.819 0.    0.    0.   ]
 [0.    0.    0.    0.    0.    0.    0.    0.883 0.894 0.869 0.844 0.824
  0.838 0.841 0.818 0.818 0.816 0.    0.    0.   ]
 [0.    0.    0.    0.    0.    0.    0.    0.    0.861 0.861 0.851 0.838
  0.84  0.83  0.825 0.819 0.812 0.    0.    0.   ]
 [0.    0.    0.    0.    0.    0.    0.    0.    0.    0.85  0.853 0.843
  0.843 0.837 0.831 0.818 0.812 0.    0.    0.   ]
 [0.    0.    0.    0.    0.    0.    0.    0.    0.    0.    0.83  0.823
  0.817 0.801 0.795 0.789 0.776 0.    0.    0.   ]
 [0.    0.    0.    0.    0.    0.    0.    0.    0.    0.    0.    0.912
  0.915 0.892 0.873 0.885 0.873 0.    0.    0.   ]
 [0.    0.    0.    0.    0.    0.    0.    0.    0.    0.    0.    0.
  0.789 0.786 0.802 0.773 0.74  0.    0.    0.   ]
 [0.    0.    0.    0.    0.    0.    0.    0.    0.    0.    0.    0.
  0.    0.902 0.882 0.868 0.858 0.    0.    0.   ]
 [0.    0.    0.    0.    0.    0.    0.    0.    0.    0.    0.    0.
  0.    0.    0.799 0.818 0.79  0.    0.    0.   ]
 [0.    0.    0.    0.    0.    0.    0.    0.    0.    0.    0.    0.
  0.    0.    0.    0.839 0.843 0.    0.    0.   ]
 [0.    0.    0.    0.    0.    0.    0.    0.    0.    0.    0.    0.
  0.    0.    0.    0.    0.906 0.    0.    0.   ]
 [0.    0.    0.    0.    0.    0.    0.    0.    0.    0.    0.    0.
  0.    0.    0.    0.    0.    0.    0.    0.   ]
 [0.    0.    0.    0.    0.    0.    0.    0.    0.    0.    0.    0.
  0.    0.    0.    0.    0.    0.    0.    0.   ]
 [0.    0.    0.    0.    0.    0.    0.    0.    0.    0.    0.    0.
  0.    0.    0.    0.    0.    0.    0.    0.   ]]
2025-11-29 13:42:35,325 [train_pf.py] => Start Training Task 18
2025-11-29 13:42:35,342 [train_pf.py] => number of trainable params: 359241
2025-11-29 13:42:35,344 [train_pf.py] => total number of params: 210497098

  0%|          | 0/5 [00:00<?, ?it/s]
Task 18, Epoch 1/5 => Loss 0.195:   0%|          | 0/5 [02:16<?, ?it/s]
Task 18, Epoch 1/5 => Loss 0.195:  20%|██        | 1/5 [02:16<09:05, 136.38s/it]
Task 18, Epoch 2/5 => Loss 0.091:  20%|██        | 1/5 [04:32<09:05, 136.38s/it]
Task 18, Epoch 2/5 => Loss 0.091:  40%|████      | 2/5 [04:32<06:48, 136.30s/it]
Task 18, Epoch 3/5 => Loss 0.062:  40%|████      | 2/5 [06:48<06:48, 136.30s/it]
Task 18, Epoch 3/5 => Loss 0.062:  60%|██████    | 3/5 [06:48<04:32, 136.27s/it]
Task 18, Epoch 4/5 => Loss 0.040:  60%|██████    | 3/5 [09:05<04:32, 136.27s/it]
Task 18, Epoch 4/5 => Loss 0.040:  80%|████████  | 4/5 [09:05<02:16, 136.34s/it]
Task 18, Epoch 5/5 => Loss 0.031:  80%|████████  | 4/5 [11:21<02:16, 136.34s/it]
Task 18, Epoch 5/5 => Loss 0.031: 100%|██████████| 5/5 [11:21<00:00, 136.32s/it]
Task 18, Epoch 5/5 => Loss 0.031: 100%|██████████| 5/5 [11:21<00:00, 136.32s/it]
2025-11-29 14:03:50,133 [train_pf.py] => Task 18 Average Accuracy is 0.817
[[0.881 0.871 0.865 0.844 0.842 0.844 0.847 0.836 0.815 0.807 0.799 0.797
  0.807 0.81  0.807 0.807 0.797 0.794 0.    0.   ]
 [0.    0.887 0.891 0.887 0.883 0.875 0.891 0.879 0.872 0.86  0.844 0.837
  0.84  0.84  0.848 0.84  0.809 0.805 0.    0.   ]
 [0.    0.    0.904 0.911 0.904 0.899 0.893 0.89  0.884 0.877 0.866 0.859
  0.861 0.861 0.857 0.848 0.841 0.839 0.    0.   ]
 [0.    0.    0.    0.833 0.874 0.867 0.878 0.881 0.878 0.874 0.856 0.844
  0.837 0.844 0.837 0.83  0.83  0.822 0.    0.   ]
 [0.    0.    0.    0.    0.828 0.833 0.799 0.814 0.809 0.794 0.789 0.789
  0.779 0.775 0.765 0.765 0.75  0.74  0.    0.   ]
 [0.    0.    0.    0.    0.    0.859 0.869 0.84  0.84  0.845 0.84  0.836
  0.831 0.84  0.84  0.84  0.831 0.836 0.    0.   ]
 [0.    0.    0.    0.    0.    0.    0.838 0.862 0.838 0.848 0.838 0.838
  0.838 0.833 0.833 0.81  0.819 0.814 0.    0.   ]
 [0.    0.    0.    0.    0.    0.    0.    0.883 0.894 0.869 0.844 0.824
  0.838 0.841 0.818 0.818 0.816 0.821 0.    0.   ]
 [0.    0.    0.    0.    0.    0.    0.    0.    0.861 0.861 0.851 0.838
  0.84  0.83  0.825 0.819 0.812 0.804 0.    0.   ]
 [0.    0.    0.    0.    0.    0.    0.    0.    0.    0.85  0.853 0.843
  0.843 0.837 0.831 0.818 0.812 0.803 0.    0.   ]
 [0.    0.    0.    0.    0.    0.    0.    0.    0.    0.    0.83  0.823
  0.817 0.801 0.795 0.789 0.776 0.773 0.    0.   ]
 [0.    0.    0.    0.    0.    0.    0.    0.    0.    0.    0.    0.912
  0.915 0.892 0.873 0.885 0.873 0.858 0.    0.   ]
 [0.    0.    0.    0.    0.    0.    0.    0.    0.    0.    0.    0.
  0.789 0.786 0.802 0.773 0.74  0.74  0.    0.   ]
 [0.    0.    0.    0.    0.    0.    0.    0.    0.    0.    0.    0.
  0.    0.902 0.882 0.868 0.858 0.855 0.    0.   ]
 [0.    0.    0.    0.    0.    0.    0.    0.    0.    0.    0.    0.
  0.    0.    0.799 0.818 0.79  0.771 0.    0.   ]
 [0.    0.    0.    0.    0.    0.    0.    0.    0.    0.    0.    0.
  0.    0.    0.    0.839 0.843 0.805 0.    0.   ]
 [0.    0.    0.    0.    0.    0.    0.    0.    0.    0.    0.    0.
  0.    0.    0.    0.    0.906 0.923 0.    0.   ]
 [0.    0.    0.    0.    0.    0.    0.    0.    0.    0.    0.    0.
  0.    0.    0.    0.    0.    0.903 0.    0.   ]
 [0.    0.    0.    0.    0.    0.    0.    0.    0.    0.    0.    0.
  0.    0.    0.    0.    0.    0.    0.    0.   ]
 [0.    0.    0.    0.    0.    0.    0.    0.    0.    0.    0.    0.
  0.    0.    0.    0.    0.    0.    0.    0.   ]]
2025-11-29 14:04:07,530 [train_pf.py] => Start Training Task 19
2025-11-29 14:04:07,547 [train_pf.py] => number of trainable params: 359561
2025-11-29 14:04:07,549 [train_pf.py] => total number of params: 210497418

  0%|          | 0/5 [00:00<?, ?it/s]
Task 19, Epoch 1/5 => Loss 0.185:   0%|          | 0/5 [02:26<?, ?it/s]
Task 19, Epoch 1/5 => Loss 0.185:  20%|██        | 1/5 [02:26<09:46, 146.63s/it]
Task 19, Epoch 2/5 => Loss 0.084:  20%|██        | 1/5 [04:53<09:46, 146.63s/it]
Task 19, Epoch 2/5 => Loss 0.084:  40%|████      | 2/5 [04:53<07:20, 146.68s/it]
Task 19, Epoch 3/5 => Loss 0.054:  40%|████      | 2/5 [07:20<07:20, 146.68s/it]
Task 19, Epoch 3/5 => Loss 0.054:  60%|██████    | 3/5 [07:20<04:53, 146.80s/it]
Task 19, Epoch 4/5 => Loss 0.039:  60%|██████    | 3/5 [09:47<04:53, 146.80s/it]
Task 19, Epoch 4/5 => Loss 0.039:  80%|████████  | 4/5 [09:47<02:26, 146.98s/it]
Task 19, Epoch 5/5 => Loss 0.029:  80%|████████  | 4/5 [12:14<02:26, 146.98s/it]
Task 19, Epoch 5/5 => Loss 0.029: 100%|██████████| 5/5 [12:14<00:00, 146.92s/it]
Task 19, Epoch 5/5 => Loss 0.029: 100%|██████████| 5/5 [12:14<00:00, 146.88s/it]
2025-11-29 14:27:21,400 [train_pf.py] => Task 19 Average Accuracy is 0.817
[[0.881 0.871 0.865 0.844 0.842 0.844 0.847 0.836 0.815 0.807 0.799 0.797
  0.807 0.81  0.807 0.807 0.797 0.794 0.784 0.   ]
 [0.    0.887 0.891 0.887 0.883 0.875 0.891 0.879 0.872 0.86  0.844 0.837
  0.84  0.84  0.848 0.84  0.809 0.805 0.817 0.   ]
 [0.    0.    0.904 0.911 0.904 0.899 0.893 0.89  0.884 0.877 0.866 0.859
  0.861 0.861 0.857 0.848 0.841 0.839 0.823 0.   ]
 [0.    0.    0.    0.833 0.874 0.867 0.878 0.881 0.878 0.874 0.856 0.844
  0.837 0.844 0.837 0.83  0.83  0.822 0.815 0.   ]
 [0.    0.    0.    0.    0.828 0.833 0.799 0.814 0.809 0.794 0.789 0.789
  0.779 0.775 0.765 0.765 0.75  0.74  0.745 0.   ]
 [0.    0.    0.    0.    0.    0.859 0.869 0.84  0.84  0.845 0.84  0.836
  0.831 0.84  0.84  0.84  0.831 0.836 0.822 0.   ]
 [0.    0.    0.    0.    0.    0.    0.838 0.862 0.838 0.848 0.838 0.838
  0.838 0.833 0.833 0.81  0.819 0.814 0.8   0.   ]
 [0.    0.    0.    0.    0.    0.    0.    0.883 0.894 0.869 0.844 0.824
  0.838 0.841 0.818 0.818 0.816 0.821 0.818 0.   ]
 [0.    0.    0.    0.    0.    0.    0.    0.    0.861 0.861 0.851 0.838
  0.84  0.83  0.825 0.819 0.812 0.804 0.798 0.   ]
 [0.    0.    0.    0.    0.    0.    0.    0.    0.    0.85  0.853 0.843
  0.843 0.837 0.831 0.818 0.812 0.803 0.793 0.   ]
 [0.    0.    0.    0.    0.    0.    0.    0.    0.    0.    0.83  0.823
  0.817 0.801 0.795 0.789 0.776 0.773 0.77  0.   ]
 [0.    0.    0.    0.    0.    0.    0.    0.    0.    0.    0.    0.912
  0.915 0.892 0.873 0.885 0.873 0.858 0.865 0.   ]
 [0.    0.    0.    0.    0.    0.    0.    0.    0.    0.    0.    0.
  0.789 0.786 0.802 0.773 0.74  0.74  0.724 0.   ]
 [0.    0.    0.    0.    0.    0.    0.    0.    0.    0.    0.    0.
  0.    0.902 0.882 0.868 0.858 0.855 0.848 0.   ]
 [0.    0.    0.    0.    0.    0.    0.    0.    0.    0.    0.    0.
  0.    0.    0.799 0.818 0.79  0.771 0.766 0.   ]
 [0.    0.    0.    0.    0.    0.    0.    0.    0.    0.    0.    0.
  0.    0.    0.    0.839 0.843 0.805 0.808 0.   ]
 [0.    0.    0.    0.    0.    0.    0.    0.    0.    0.    0.    0.
  0.    0.    0.    0.    0.906 0.923 0.912 0.   ]
 [0.    0.    0.    0.    0.    0.    0.    0.    0.    0.    0.    0.
  0.    0.    0.    0.    0.    0.903 0.913 0.   ]
 [0.    0.    0.    0.    0.    0.    0.    0.    0.    0.    0.    0.
  0.    0.    0.    0.    0.    0.    0.903 0.   ]
 [0.    0.    0.    0.    0.    0.    0.    0.    0.    0.    0.    0.
  0.    0.    0.    0.    0.    0.    0.    0.   ]]
2025-11-29 14:27:39,725 [train_pf.py] => Start Training Task 20
2025-11-29 14:27:39,737 [train_pf.py] => number of trainable params: 359881
2025-11-29 14:27:39,741 [train_pf.py] => total number of params: 210497738

  0%|          | 0/5 [00:00<?, ?it/s]
Task 20, Epoch 1/5 => Loss 0.171:   0%|          | 0/5 [02:24<?, ?it/s]
Task 20, Epoch 1/5 => Loss 0.171:  20%|██        | 1/5 [02:24<09:37, 144.27s/it]
Task 20, Epoch 2/5 => Loss 0.083:  20%|██        | 1/5 [04:48<09:37, 144.27s/it]
Task 20, Epoch 2/5 => Loss 0.083:  40%|████      | 2/5 [04:48<07:12, 144.30s/it]
Task 20, Epoch 3/5 => Loss 0.058:  40%|████      | 2/5 [07:12<07:12, 144.30s/it]
Task 20, Epoch 3/5 => Loss 0.058:  60%|██████    | 3/5 [07:12<04:48, 144.35s/it]
Task 20, Epoch 4/5 => Loss 0.040:  60%|██████    | 3/5 [09:37<04:48, 144.35s/it]
Task 20, Epoch 4/5 => Loss 0.040:  80%|████████  | 4/5 [09:37<02:24, 144.35s/it]
Task 20, Epoch 5/5 => Loss 0.028:  80%|████████  | 4/5 [12:01<02:24, 144.35s/it]
Task 20, Epoch 5/5 => Loss 0.028: 100%|██████████| 5/5 [12:01<00:00, 144.28s/it]
Task 20, Epoch 5/5 => Loss 0.028: 100%|██████████| 5/5 [12:01<00:00, 144.30s/it]
2025-11-29 14:51:52,248 [train_pf.py] => Task 20 Average Accuracy is 0.814
[[0.881 0.871 0.865 0.844 0.842 0.844 0.847 0.836 0.815 0.807 0.799 0.797
  0.807 0.81  0.807 0.807 0.797 0.794 0.784 0.781]
 [0.    0.887 0.891 0.887 0.883 0.875 0.891 0.879 0.872 0.86  0.844 0.837
  0.84  0.84  0.848 0.84  0.809 0.805 0.817 0.817]
 [0.    0.    0.904 0.911 0.904 0.899 0.893 0.89  0.884 0.877 0.866 0.859
  0.861 0.861 0.857 0.848 0.841 0.839 0.823 0.814]
 [0.    0.    0.    0.833 0.874 0.867 0.878 0.881 0.878 0.874 0.856 0.844
  0.837 0.844 0.837 0.83  0.83  0.822 0.815 0.796]
 [0.    0.    0.    0.    0.828 0.833 0.799 0.814 0.809 0.794 0.789 0.789
  0.779 0.775 0.765 0.765 0.75  0.74  0.745 0.74 ]
 [0.    0.    0.    0.    0.    0.859 0.869 0.84  0.84  0.845 0.84  0.836
  0.831 0.84  0.84  0.84  0.831 0.836 0.822 0.817]
 [0.    0.    0.    0.    0.    0.    0.838 0.862 0.838 0.848 0.838 0.838
  0.838 0.833 0.833 0.81  0.819 0.814 0.8   0.805]
 [0.    0.    0.    0.    0.    0.    0.    0.883 0.894 0.869 0.844 0.824
  0.838 0.841 0.818 0.818 0.816 0.821 0.818 0.804]
 [0.    0.    0.    0.    0.    0.    0.    0.    0.861 0.861 0.851 0.838
  0.84  0.83  0.825 0.819 0.812 0.804 0.798 0.801]
 [0.    0.    0.    0.    0.    0.    0.    0.    0.    0.85  0.853 0.843
  0.843 0.837 0.831 0.818 0.812 0.803 0.793 0.777]
 [0.    0.    0.    0.    0.    0.    0.    0.    0.    0.    0.83  0.823
  0.817 0.801 0.795 0.789 0.776 0.773 0.77  0.77 ]
 [0.    0.    0.    0.    0.    0.    0.    0.    0.    0.    0.    0.912
  0.915 0.892 0.873 0.885 0.873 0.858 0.865 0.858]
 [0.    0.    0.    0.    0.    0.    0.    0.    0.    0.    0.    0.
  0.789 0.786 0.802 0.773 0.74  0.74  0.724 0.731]
 [0.    0.    0.    0.    0.    0.    0.    0.    0.    0.    0.    0.
  0.    0.902 0.882 0.868 0.858 0.855 0.848 0.855]
 [0.    0.    0.    0.    0.    0.    0.    0.    0.    0.    0.    0.
  0.    0.    0.799 0.818 0.79  0.771 0.766 0.757]
 [0.    0.    0.    0.    0.    0.    0.    0.    0.    0.    0.    0.
  0.    0.    0.    0.839 0.843 0.805 0.808 0.797]
 [0.    0.    0.    0.    0.    0.    0.    0.    0.    0.    0.    0.
  0.    0.    0.    0.    0.906 0.923 0.912 0.909]
 [0.    0.    0.    0.    0.    0.    0.    0.    0.    0.    0.    0.
  0.    0.    0.    0.    0.    0.903 0.913 0.895]
 [0.    0.    0.    0.    0.    0.    0.    0.    0.    0.    0.    0.
  0.    0.    0.    0.    0.    0.    0.903 0.867]
 [0.    0.    0.    0.    0.    0.    0.    0.    0.    0.    0.    0.
  0.    0.    0.    0.    0.    0.    0.    0.895]]

========================================
Finished ImagenetR_inc10
Forgetting: 0.060
Cost:16550.1434s
========================================

2025-11-29 14:52:14,900 [main.py] => config: ./config/pf_inr_20_20.json
2025-11-29 14:52:14,900 [main.py] => model_type: PF
2025-11-29 14:52:14,900 [main.py] => dataset: ImagenetR
2025-11-29 14:52:14,900 [main.py] => file_root: /home/team/zhaohongwei/Code/Research/Awesome-MMCL/PromptFusion
2025-11-29 14:52:14,900 [main.py] => data_root: /home/team/zhaohongwei/Dataset/imagenet-r
2025-11-29 14:52:14,900 [main.py] => backbone: ViT-B-16
2025-11-29 14:52:14,901 [main.py] => herding_method: barycenter
2025-11-29 14:52:14,901 [main.py] => device: cuda
2025-11-29 14:52:14,901 [main.py] => ngpus: 1
2025-11-29 14:52:14,901 [main.py] => batch_size: 32
2025-11-29 14:52:14,901 [main.py] => memory_size: 5000
2025-11-29 14:52:14,901 [main.py] => step: 10
2025-11-29 14:52:14,901 [main.py] => epoch: 5
2025-11-29 14:52:14,901 [main.py] => learning_rate: 0.003
2025-11-29 14:52:14,901 [main.py] => weight_decay: 0.01
2025-11-29 14:52:14,901 [main.py] => M: 30
2025-11-29 14:52:14,901 [main.py] => vpt_prompt_length: 20
2025-11-29 14:52:14,901 [main.py] => clip_image_prompt_length: 40
2025-11-29 14:52:14,901 [main.py] => output_folder: /home/team/zhaohongwei/Code/Research/Awesome-MMCL/PromptFusion/PF/ImagenetR/ViT-B-16/
2025-11-29 14:52:19,542 [vision_transformer.py] => Resized position embedding: torch.Size([1, 197, 768]) to torch.Size([1, 217, 768])
2025-11-29 14:52:19,543 [vision_transformer.py] => Position embedding grid-size from [14, 14] to (14, 14)
2025-11-29 14:52:19,948 [train_pf.py] => Start Training Task 1
2025-11-29 14:52:19,952 [train_pf.py] => number of trainable params: 507721
2025-11-29 14:52:19,953 [train_pf.py] => total number of params: 210645578

  0%|          | 0/5 [00:00<?, ?it/s]
Task 1, Epoch 1/5 => Loss 1.179:   0%|          | 0/5 [00:41<?, ?it/s]
Task 1, Epoch 1/5 => Loss 1.179:  20%|██        | 1/5 [00:41<02:47, 41.89s/it]
Task 1, Epoch 2/5 => Loss 0.382:  20%|██        | 1/5 [01:23<02:47, 41.89s/it]
Task 1, Epoch 2/5 => Loss 0.382:  40%|████      | 2/5 [01:23<02:04, 41.47s/it]
Task 1, Epoch 3/5 => Loss 0.233:  40%|████      | 2/5 [02:04<02:04, 41.47s/it]
Task 1, Epoch 3/5 => Loss 0.233:  60%|██████    | 3/5 [02:04<01:22, 41.36s/it]
Task 1, Epoch 4/5 => Loss 0.136:  60%|██████    | 3/5 [02:45<01:22, 41.36s/it]
Task 1, Epoch 4/5 => Loss 0.136:  80%|████████  | 4/5 [02:45<00:41, 41.30s/it]
Task 1, Epoch 5/5 => Loss 0.097:  80%|████████  | 4/5 [03:26<00:41, 41.30s/it]
Task 1, Epoch 5/5 => Loss 0.097: 100%|██████████| 5/5 [03:26<00:00, 41.27s/it]
Task 1, Epoch 5/5 => Loss 0.097: 100%|██████████| 5/5 [03:26<00:00, 41.34s/it]
2025-11-29 14:56:02,700 [train_pf.py] => Task 1 Average Accuracy is 0.887
[[0.887 0.    0.    0.    0.    0.    0.    0.    0.    0.   ]
 [0.    0.    0.    0.    0.    0.    0.    0.    0.    0.   ]
 [0.    0.    0.    0.    0.    0.    0.    0.    0.    0.   ]
 [0.    0.    0.    0.    0.    0.    0.    0.    0.    0.   ]
 [0.    0.    0.    0.    0.    0.    0.    0.    0.    0.   ]
 [0.    0.    0.    0.    0.    0.    0.    0.    0.    0.   ]
 [0.    0.    0.    0.    0.    0.    0.    0.    0.    0.   ]
 [0.    0.    0.    0.    0.    0.    0.    0.    0.    0.   ]
 [0.    0.    0.    0.    0.    0.    0.    0.    0.    0.   ]
 [0.    0.    0.    0.    0.    0.    0.    0.    0.    0.   ]]
2025-11-29 14:56:11,109 [train_pf.py] => Start Training Task 2
2025-11-29 14:56:11,114 [train_pf.py] => number of trainable params: 508361
2025-11-29 14:56:11,115 [train_pf.py] => total number of params: 210646218

  0%|          | 0/5 [00:00<?, ?it/s]
Task 2, Epoch 1/5 => Loss 0.344:   0%|          | 0/5 [01:31<?, ?it/s]
Task 2, Epoch 1/5 => Loss 0.344:  20%|██        | 1/5 [01:31<06:05, 91.30s/it]
Task 2, Epoch 2/5 => Loss 0.157:  20%|██        | 1/5 [03:02<06:05, 91.30s/it]
Task 2, Epoch 2/5 => Loss 0.157:  40%|████      | 2/5 [03:02<04:33, 91.31s/it]
Task 2, Epoch 3/5 => Loss 0.096:  40%|████      | 2/5 [04:33<04:33, 91.31s/it]
Task 2, Epoch 3/5 => Loss 0.096:  60%|██████    | 3/5 [04:33<03:02, 91.30s/it]
Task 2, Epoch 4/5 => Loss 0.067:  60%|██████    | 3/5 [06:05<03:02, 91.30s/it]
Task 2, Epoch 4/5 => Loss 0.067:  80%|████████  | 4/5 [06:05<01:31, 91.31s/it]
Task 2, Epoch 5/5 => Loss 0.052:  80%|████████  | 4/5 [07:36<01:31, 91.31s/it]
Task 2, Epoch 5/5 => Loss 0.052: 100%|██████████| 5/5 [07:36<00:00, 91.30s/it]
Task 2, Epoch 5/5 => Loss 0.052: 100%|██████████| 5/5 [07:36<00:00, 91.30s/it]
2025-11-29 15:04:36,868 [train_pf.py] => Task 2 Average Accuracy is 0.875
[[0.887 0.846 0.    0.    0.    0.    0.    0.    0.    0.   ]
 [0.    0.905 0.    0.    0.    0.    0.    0.    0.    0.   ]
 [0.    0.    0.    0.    0.    0.    0.    0.    0.    0.   ]
 [0.    0.    0.    0.    0.    0.    0.    0.    0.    0.   ]
 [0.    0.    0.    0.    0.    0.    0.    0.    0.    0.   ]
 [0.    0.    0.    0.    0.    0.    0.    0.    0.    0.   ]
 [0.    0.    0.    0.    0.    0.    0.    0.    0.    0.   ]
 [0.    0.    0.    0.    0.    0.    0.    0.    0.    0.   ]
 [0.    0.    0.    0.    0.    0.    0.    0.    0.    0.   ]
 [0.    0.    0.    0.    0.    0.    0.    0.    0.    0.   ]]
2025-11-29 15:04:52,614 [train_pf.py] => Start Training Task 3
2025-11-29 15:04:52,625 [train_pf.py] => number of trainable params: 509001
2025-11-29 15:04:52,628 [train_pf.py] => total number of params: 210646858

  0%|          | 0/5 [00:00<?, ?it/s]
Task 3, Epoch 1/5 => Loss 0.371:   0%|          | 0/5 [01:43<?, ?it/s]
Task 3, Epoch 1/5 => Loss 0.371:  20%|██        | 1/5 [01:43<06:52, 103.23s/it]
Task 3, Epoch 2/5 => Loss 0.164:  20%|██        | 1/5 [03:26<06:52, 103.23s/it]
Task 3, Epoch 2/5 => Loss 0.164:  40%|████      | 2/5 [03:26<05:09, 103.24s/it]
Task 3, Epoch 3/5 => Loss 0.110:  40%|████      | 2/5 [05:09<05:09, 103.24s/it]
Task 3, Epoch 3/5 => Loss 0.110:  60%|██████    | 3/5 [05:09<03:26, 103.21s/it]
Task 3, Epoch 4/5 => Loss 0.077:  60%|██████    | 3/5 [06:52<03:26, 103.21s/it]
Task 3, Epoch 4/5 => Loss 0.077:  80%|████████  | 4/5 [06:52<01:43, 103.21s/it]
Task 3, Epoch 5/5 => Loss 0.062:  80%|████████  | 4/5 [08:36<01:43, 103.21s/it]
Task 3, Epoch 5/5 => Loss 0.062: 100%|██████████| 5/5 [08:36<00:00, 103.22s/it]
Task 3, Epoch 5/5 => Loss 0.062: 100%|██████████| 5/5 [08:36<00:00, 103.22s/it]
2025-11-29 15:14:51,733 [train_pf.py] => Task 3 Average Accuracy is 0.859
[[0.887 0.846 0.854 0.    0.    0.    0.    0.    0.    0.   ]
 [0.    0.905 0.888 0.    0.    0.    0.    0.    0.    0.   ]
 [0.    0.    0.835 0.    0.    0.    0.    0.    0.    0.   ]
 [0.    0.    0.    0.    0.    0.    0.    0.    0.    0.   ]
 [0.    0.    0.    0.    0.    0.    0.    0.    0.    0.   ]
 [0.    0.    0.    0.    0.    0.    0.    0.    0.    0.   ]
 [0.    0.    0.    0.    0.    0.    0.    0.    0.    0.   ]
 [0.    0.    0.    0.    0.    0.    0.    0.    0.    0.   ]
 [0.    0.    0.    0.    0.    0.    0.    0.    0.    0.   ]
 [0.    0.    0.    0.    0.    0.    0.    0.    0.    0.   ]]
2025-11-29 15:15:08,675 [train_pf.py] => Start Training Task 4
2025-11-29 15:15:08,682 [train_pf.py] => number of trainable params: 509641
2025-11-29 15:15:08,684 [train_pf.py] => total number of params: 210647498

  0%|          | 0/5 [00:00<?, ?it/s]
Task 4, Epoch 1/5 => Loss 0.362:   0%|          | 0/5 [02:06<?, ?it/s]
Task 4, Epoch 1/5 => Loss 0.362:  20%|██        | 1/5 [02:06<08:26, 126.59s/it]
Task 4, Epoch 2/5 => Loss 0.169:  20%|██        | 1/5 [04:13<08:26, 126.59s/it]
Task 4, Epoch 2/5 => Loss 0.169:  40%|████      | 2/5 [04:13<06:20, 126.70s/it]
Task 4, Epoch 3/5 => Loss 0.110:  40%|████      | 2/5 [06:20<06:20, 126.70s/it]
Task 4, Epoch 3/5 => Loss 0.110:  60%|██████    | 3/5 [06:20<04:13, 126.69s/it]
Task 4, Epoch 4/5 => Loss 0.078:  60%|██████    | 3/5 [08:26<04:13, 126.69s/it]
Task 4, Epoch 4/5 => Loss 0.078:  80%|████████  | 4/5 [08:26<02:06, 126.69s/it]
Task 4, Epoch 5/5 => Loss 0.062:  80%|████████  | 4/5 [10:33<02:06, 126.69s/it]
Task 4, Epoch 5/5 => Loss 0.062: 100%|██████████| 5/5 [10:33<00:00, 126.69s/it]
Task 4, Epoch 5/5 => Loss 0.062: 100%|██████████| 5/5 [10:33<00:00, 126.68s/it]
2025-11-29 15:27:57,311 [train_pf.py] => Task 4 Average Accuracy is 0.859
[[0.887 0.846 0.854 0.855 0.    0.    0.    0.    0.    0.   ]
 [0.    0.905 0.888 0.883 0.    0.    0.    0.    0.    0.   ]
 [0.    0.    0.835 0.827 0.    0.    0.    0.    0.    0.   ]
 [0.    0.    0.    0.873 0.    0.    0.    0.    0.    0.   ]
 [0.    0.    0.    0.    0.    0.    0.    0.    0.    0.   ]
 [0.    0.    0.    0.    0.    0.    0.    0.    0.    0.   ]
 [0.    0.    0.    0.    0.    0.    0.    0.    0.    0.   ]
 [0.    0.    0.    0.    0.    0.    0.    0.    0.    0.   ]
 [0.    0.    0.    0.    0.    0.    0.    0.    0.    0.   ]
 [0.    0.    0.    0.    0.    0.    0.    0.    0.    0.   ]]
2025-11-29 15:28:16,966 [train_pf.py] => Start Training Task 5
2025-11-29 15:28:16,972 [train_pf.py] => number of trainable params: 510281
2025-11-29 15:28:16,973 [train_pf.py] => total number of params: 210648138

  0%|          | 0/5 [00:00<?, ?it/s]
Task 5, Epoch 1/5 => Loss 0.357:   0%|          | 0/5 [02:24<?, ?it/s]
Task 5, Epoch 1/5 => Loss 0.357:  20%|██        | 1/5 [02:24<09:38, 144.62s/it]
Task 5, Epoch 2/5 => Loss 0.164:  20%|██        | 1/5 [04:49<09:38, 144.62s/it]
Task 5, Epoch 2/5 => Loss 0.164:  40%|████      | 2/5 [04:49<07:13, 144.54s/it]
Task 5, Epoch 3/5 => Loss 0.102:  40%|████      | 2/5 [07:13<07:13, 144.54s/it]
Task 5, Epoch 3/5 => Loss 0.102:  60%|██████    | 3/5 [07:13<04:49, 144.54s/it]
Task 5, Epoch 4/5 => Loss 0.070:  60%|██████    | 3/5 [09:38<04:49, 144.54s/it]
Task 5, Epoch 4/5 => Loss 0.070:  80%|████████  | 4/5 [09:38<02:24, 144.52s/it]
Task 5, Epoch 5/5 => Loss 0.056:  80%|████████  | 4/5 [12:02<02:24, 144.52s/it]
Task 5, Epoch 5/5 => Loss 0.056: 100%|██████████| 5/5 [12:02<00:00, 144.51s/it]
Task 5, Epoch 5/5 => Loss 0.056: 100%|██████████| 5/5 [12:02<00:00, 144.52s/it]
2025-11-29 15:43:47,415 [train_pf.py] => Task 5 Average Accuracy is 0.854
[[0.887 0.846 0.854 0.855 0.84  0.    0.    0.    0.    0.   ]
 [0.    0.905 0.888 0.883 0.874 0.    0.    0.    0.    0.   ]
 [0.    0.    0.835 0.827 0.832 0.    0.    0.    0.    0.   ]
 [0.    0.    0.    0.873 0.868 0.    0.    0.    0.    0.   ]
 [0.    0.    0.    0.    0.854 0.    0.    0.    0.    0.   ]
 [0.    0.    0.    0.    0.    0.    0.    0.    0.    0.   ]
 [0.    0.    0.    0.    0.    0.    0.    0.    0.    0.   ]
 [0.    0.    0.    0.    0.    0.    0.    0.    0.    0.   ]
 [0.    0.    0.    0.    0.    0.    0.    0.    0.    0.   ]
 [0.    0.    0.    0.    0.    0.    0.    0.    0.    0.   ]]
2025-11-29 15:44:08,947 [train_pf.py] => Start Training Task 6
2025-11-29 15:44:08,960 [train_pf.py] => number of trainable params: 510921
2025-11-29 15:44:08,962 [train_pf.py] => total number of params: 210648778

  0%|          | 0/5 [00:00<?, ?it/s]
Task 6, Epoch 1/5 => Loss 0.330:   0%|          | 0/5 [02:21<?, ?it/s]
Task 6, Epoch 1/5 => Loss 0.330:  20%|██        | 1/5 [02:21<09:27, 141.84s/it]
Task 6, Epoch 2/5 => Loss 0.147:  20%|██        | 1/5 [04:43<09:27, 141.84s/it]
Task 6, Epoch 2/5 => Loss 0.147:  40%|████      | 2/5 [04:43<07:05, 141.88s/it]
Task 6, Epoch 3/5 => Loss 0.085:  40%|████      | 2/5 [07:05<07:05, 141.88s/it]
Task 6, Epoch 3/5 => Loss 0.085:  60%|██████    | 3/5 [07:05<04:44, 142.03s/it]
Task 6, Epoch 4/5 => Loss 0.058:  60%|██████    | 3/5 [09:27<04:44, 142.03s/it]
Task 6, Epoch 4/5 => Loss 0.058:  80%|████████  | 4/5 [09:27<02:21, 141.99s/it]
Task 6, Epoch 5/5 => Loss 0.045:  80%|████████  | 4/5 [11:49<02:21, 141.99s/it]
Task 6, Epoch 5/5 => Loss 0.045: 100%|██████████| 5/5 [11:49<00:00, 141.98s/it]
Task 6, Epoch 5/5 => Loss 0.045: 100%|██████████| 5/5 [11:49<00:00, 141.97s/it]
2025-11-29 16:00:42,945 [train_pf.py] => Task 6 Average Accuracy is 0.846
[[0.887 0.846 0.854 0.855 0.84  0.822 0.    0.    0.    0.   ]
 [0.    0.905 0.888 0.883 0.874 0.863 0.    0.    0.    0.   ]
 [0.    0.    0.835 0.827 0.832 0.827 0.    0.    0.    0.   ]
 [0.    0.    0.    0.873 0.868 0.85  0.    0.    0.    0.   ]
 [0.    0.    0.    0.    0.854 0.854 0.    0.    0.    0.   ]
 [0.    0.    0.    0.    0.    0.861 0.    0.    0.    0.   ]
 [0.    0.    0.    0.    0.    0.    0.    0.    0.    0.   ]
 [0.    0.    0.    0.    0.    0.    0.    0.    0.    0.   ]
 [0.    0.    0.    0.    0.    0.    0.    0.    0.    0.   ]
 [0.    0.    0.    0.    0.    0.    0.    0.    0.    0.   ]]
2025-11-29 16:01:03,095 [train_pf.py] => Start Training Task 7
2025-11-29 16:01:03,102 [train_pf.py] => number of trainable params: 511561
2025-11-29 16:01:03,104 [train_pf.py] => total number of params: 210649418

  0%|          | 0/5 [00:00<?, ?it/s]
Task 7, Epoch 1/5 => Loss 0.321:   0%|          | 0/5 [02:28<?, ?it/s]
Task 7, Epoch 1/5 => Loss 0.321:  20%|██        | 1/5 [02:28<09:55, 149.00s/it]
Task 7, Epoch 2/5 => Loss 0.129:  20%|██        | 1/5 [04:58<09:55, 149.00s/it]
Task 7, Epoch 2/5 => Loss 0.129:  40%|████      | 2/5 [04:58<07:27, 149.01s/it]
Task 7, Epoch 3/5 => Loss 0.073:  40%|████      | 2/5 [07:26<07:27, 149.01s/it]
Task 7, Epoch 3/5 => Loss 0.073:  60%|██████    | 3/5 [07:26<04:57, 148.98s/it]
Task 7, Epoch 4/5 => Loss 0.049:  60%|██████    | 3/5 [09:55<04:57, 148.98s/it]
Task 7, Epoch 4/5 => Loss 0.049:  80%|████████  | 4/5 [09:55<02:28, 148.96s/it]
Task 7, Epoch 5/5 => Loss 0.037:  80%|████████  | 4/5 [12:24<02:28, 148.96s/it]
Task 7, Epoch 5/5 => Loss 0.037: 100%|██████████| 5/5 [12:24<00:00, 148.95s/it]
Task 7, Epoch 5/5 => Loss 0.037: 100%|██████████| 5/5 [12:24<00:00, 148.97s/it]
2025-11-29 16:19:49,769 [train_pf.py] => Task 7 Average Accuracy is 0.839
[[0.887 0.846 0.854 0.855 0.84  0.822 0.819 0.    0.    0.   ]
 [0.    0.905 0.888 0.883 0.874 0.863 0.863 0.    0.    0.   ]
 [0.    0.    0.835 0.827 0.832 0.827 0.823 0.    0.    0.   ]
 [0.    0.    0.    0.873 0.868 0.85  0.845 0.    0.    0.   ]
 [0.    0.    0.    0.    0.854 0.854 0.843 0.    0.    0.   ]
 [0.    0.    0.    0.    0.    0.861 0.834 0.    0.    0.   ]
 [0.    0.    0.    0.    0.    0.    0.843 0.    0.    0.   ]
 [0.    0.    0.    0.    0.    0.    0.    0.    0.    0.   ]
 [0.    0.    0.    0.    0.    0.    0.    0.    0.    0.   ]
 [0.    0.    0.    0.    0.    0.    0.    0.    0.    0.   ]]
2025-11-29 16:20:10,196 [train_pf.py] => Start Training Task 8
2025-11-29 16:20:10,213 [train_pf.py] => number of trainable params: 512201
2025-11-29 16:20:10,215 [train_pf.py] => total number of params: 210650058

  0%|          | 0/5 [00:00<?, ?it/s]
Task 8, Epoch 1/5 => Loss 0.315:   0%|          | 0/5 [02:24<?, ?it/s]
Task 8, Epoch 1/5 => Loss 0.315:  20%|██        | 1/5 [02:24<09:39, 144.80s/it]
Task 8, Epoch 2/5 => Loss 0.146:  20%|██        | 1/5 [04:49<09:39, 144.80s/it]
Task 8, Epoch 2/5 => Loss 0.146:  40%|████      | 2/5 [04:49<07:14, 144.87s/it]
Task 8, Epoch 3/5 => Loss 0.081:  40%|████      | 2/5 [07:14<07:14, 144.87s/it]
Task 8, Epoch 3/5 => Loss 0.081:  60%|██████    | 3/5 [07:14<04:49, 144.91s/it]
Task 8, Epoch 4/5 => Loss 0.052:  60%|██████    | 3/5 [09:39<04:49, 144.91s/it]
Task 8, Epoch 4/5 => Loss 0.052:  80%|████████  | 4/5 [09:39<02:24, 144.92s/it]
Task 8, Epoch 5/5 => Loss 0.039:  80%|████████  | 4/5 [12:04<02:24, 144.92s/it]
Task 8, Epoch 5/5 => Loss 0.039: 100%|██████████| 5/5 [12:04<00:00, 144.93s/it]
Task 8, Epoch 5/5 => Loss 0.039: 100%|██████████| 5/5 [12:04<00:00, 144.91s/it]
2025-11-29 16:40:06,093 [train_pf.py] => Task 8 Average Accuracy is 0.832
[[0.887 0.846 0.854 0.855 0.84  0.822 0.819 0.819 0.    0.   ]
 [0.    0.905 0.888 0.883 0.874 0.863 0.863 0.856 0.    0.   ]
 [0.    0.    0.835 0.827 0.832 0.827 0.823 0.818 0.    0.   ]
 [0.    0.    0.    0.873 0.868 0.85  0.845 0.843 0.    0.   ]
 [0.    0.    0.    0.    0.854 0.854 0.843 0.839 0.    0.   ]
 [0.    0.    0.    0.    0.    0.861 0.834 0.821 0.    0.   ]
 [0.    0.    0.    0.    0.    0.    0.843 0.828 0.    0.   ]
 [0.    0.    0.    0.    0.    0.    0.    0.829 0.    0.   ]
 [0.    0.    0.    0.    0.    0.    0.    0.    0.    0.   ]
 [0.    0.    0.    0.    0.    0.    0.    0.    0.    0.   ]]
2025-11-29 16:40:25,116 [train_pf.py] => Start Training Task 9
2025-11-29 16:40:25,122 [train_pf.py] => number of trainable params: 512841
2025-11-29 16:40:25,124 [train_pf.py] => total number of params: 210650698

  0%|          | 0/5 [00:00<?, ?it/s]
Task 9, Epoch 1/5 => Loss 0.307:   0%|          | 0/5 [02:46<?, ?it/s]
Task 9, Epoch 1/5 => Loss 0.307:  20%|██        | 1/5 [02:46<11:05, 166.48s/it]
Task 9, Epoch 2/5 => Loss 0.137:  20%|██        | 1/5 [05:32<11:05, 166.48s/it]
Task 9, Epoch 2/5 => Loss 0.137:  40%|████      | 2/5 [05:32<08:19, 166.48s/it]
Task 9, Epoch 3/5 => Loss 0.073:  40%|████      | 2/5 [08:19<08:19, 166.48s/it]
Task 9, Epoch 3/5 => Loss 0.073:  60%|██████    | 3/5 [08:19<05:32, 166.49s/it]
Task 9, Epoch 4/5 => Loss 0.045:  60%|██████    | 3/5 [11:06<05:32, 166.49s/it]
Task 9, Epoch 4/5 => Loss 0.045:  80%|████████  | 4/5 [11:06<02:46, 166.52s/it]
Task 9, Epoch 5/5 => Loss 0.035:  80%|████████  | 4/5 [13:52<02:46, 166.52s/it]
Task 9, Epoch 5/5 => Loss 0.035: 100%|██████████| 5/5 [13:52<00:00, 166.54s/it]
Task 9, Epoch 5/5 => Loss 0.035: 100%|██████████| 5/5 [13:52<00:00, 166.52s/it]
2025-11-29 17:04:07,965 [train_pf.py] => Task 9 Average Accuracy is 0.831
[[0.887 0.846 0.854 0.855 0.84  0.822 0.819 0.819 0.813 0.   ]
 [0.    0.905 0.888 0.883 0.874 0.863 0.863 0.856 0.852 0.   ]
 [0.    0.    0.835 0.827 0.832 0.827 0.823 0.818 0.806 0.   ]
 [0.    0.    0.    0.873 0.868 0.85  0.845 0.843 0.833 0.   ]
 [0.    0.    0.    0.    0.854 0.854 0.843 0.839 0.832 0.   ]
 [0.    0.    0.    0.    0.    0.861 0.834 0.821 0.821 0.   ]
 [0.    0.    0.    0.    0.    0.    0.843 0.828 0.811 0.   ]
 [0.    0.    0.    0.    0.    0.    0.    0.829 0.804 0.   ]
 [0.    0.    0.    0.    0.    0.    0.    0.    0.911 0.   ]
 [0.    0.    0.    0.    0.    0.    0.    0.    0.    0.   ]]
2025-11-29 17:04:28,833 [train_pf.py] => Start Training Task 10
2025-11-29 17:04:28,860 [train_pf.py] => number of trainable params: 513481
2025-11-29 17:04:28,862 [train_pf.py] => total number of params: 210651338

  0%|          | 0/5 [00:00<?, ?it/s]
Task 10, Epoch 1/5 => Loss 0.266:   0%|          | 0/5 [02:59<?, ?it/s]
Task 10, Epoch 1/5 => Loss 0.266:  20%|██        | 1/5 [02:59<11:56, 179.18s/it]
Task 10, Epoch 2/5 => Loss 0.108:  20%|██        | 1/5 [05:58<11:56, 179.18s/it]
Task 10, Epoch 2/5 => Loss 0.108:  40%|████      | 2/5 [05:58<08:57, 179.17s/it]
Task 10, Epoch 3/5 => Loss 0.062:  40%|████      | 2/5 [08:57<08:57, 179.17s/it]
Task 10, Epoch 3/5 => Loss 0.062:  60%|██████    | 3/5 [08:57<05:58, 179.18s/it]
Task 10, Epoch 4/5 => Loss 0.042:  60%|██████    | 3/5 [11:56<05:58, 179.18s/it]
Task 10, Epoch 4/5 => Loss 0.042:  80%|████████  | 4/5 [11:56<02:59, 179.17s/it]
Task 10, Epoch 5/5 => Loss 0.029:  80%|████████  | 4/5 [14:55<02:59, 179.17s/it]
Task 10, Epoch 5/5 => Loss 0.029: 100%|██████████| 5/5 [14:55<00:00, 179.19s/it]
Task 10, Epoch 5/5 => Loss 0.029: 100%|██████████| 5/5 [14:55<00:00, 179.18s/it]
2025-11-29 17:31:32,019 [train_pf.py] => Task 10 Average Accuracy is 0.825
[[0.887 0.846 0.854 0.855 0.84  0.822 0.819 0.819 0.813 0.814]
 [0.    0.905 0.888 0.883 0.874 0.863 0.863 0.856 0.852 0.833]
 [0.    0.    0.835 0.827 0.832 0.827 0.823 0.818 0.806 0.808]
 [0.    0.    0.    0.873 0.868 0.85  0.845 0.843 0.833 0.827]
 [0.    0.    0.    0.    0.854 0.854 0.843 0.839 0.832 0.815]
 [0.    0.    0.    0.    0.    0.861 0.834 0.821 0.821 0.806]
 [0.    0.    0.    0.    0.    0.    0.843 0.828 0.811 0.785]
 [0.    0.    0.    0.    0.    0.    0.    0.829 0.804 0.783]
 [0.    0.    0.    0.    0.    0.    0.    0.    0.911 0.909]
 [0.    0.    0.    0.    0.    0.    0.    0.    0.    0.873]]

========================================
Finished ImagenetR_inc20
Forgetting: 0.042
Cost:9573.7468s
========================================

2025-11-29 17:31:58,499 [main.py] => config: ./config/pf_inr_40_40.json
2025-11-29 17:31:58,499 [main.py] => model_type: PF
2025-11-29 17:31:58,499 [main.py] => dataset: ImagenetR
2025-11-29 17:31:58,499 [main.py] => file_root: /home/team/zhaohongwei/Code/Research/Awesome-MMCL/PromptFusion
2025-11-29 17:31:58,499 [main.py] => data_root: /home/team/zhaohongwei/Dataset/imagenet-r
2025-11-29 17:31:58,499 [main.py] => backbone: ViT-B-16
2025-11-29 17:31:58,499 [main.py] => herding_method: barycenter
2025-11-29 17:31:58,499 [main.py] => device: cuda
2025-11-29 17:31:58,499 [main.py] => ngpus: 1
2025-11-29 17:31:58,499 [main.py] => batch_size: 32
2025-11-29 17:31:58,499 [main.py] => memory_size: 5000
2025-11-29 17:31:58,499 [main.py] => step: 5
2025-11-29 17:31:58,499 [main.py] => epoch: 5
2025-11-29 17:31:58,499 [main.py] => learning_rate: 0.003
2025-11-29 17:31:58,499 [main.py] => weight_decay: 0.01
2025-11-29 17:31:58,499 [main.py] => M: 30
2025-11-29 17:31:58,499 [main.py] => vpt_prompt_length: 20
2025-11-29 17:31:58,499 [main.py] => clip_image_prompt_length: 40
2025-11-29 17:31:58,499 [main.py] => output_folder: /home/team/zhaohongwei/Code/Research/Awesome-MMCL/PromptFusion/PF/ImagenetR/ViT-B-16/
2025-11-29 17:32:03,155 [vision_transformer.py] => Resized position embedding: torch.Size([1, 197, 768]) to torch.Size([1, 217, 768])
2025-11-29 17:32:03,155 [vision_transformer.py] => Position embedding grid-size from [14, 14] to (14, 14)
2025-11-29 17:32:03,559 [train_pf.py] => Start Training Task 1
2025-11-29 17:32:03,564 [train_pf.py] => number of trainable params: 815561
2025-11-29 17:32:03,565 [train_pf.py] => total number of params: 210953418

  0%|          | 0/5 [00:00<?, ?it/s]
Task 1, Epoch 1/5 => Loss 1.167:   0%|          | 0/5 [01:32<?, ?it/s]
Task 1, Epoch 1/5 => Loss 1.167:  20%|██        | 1/5 [01:32<06:09, 92.48s/it]
Task 1, Epoch 2/5 => Loss 0.386:  20%|██        | 1/5 [03:04<06:09, 92.48s/it]
Task 1, Epoch 2/5 => Loss 0.386:  40%|████      | 2/5 [03:04<04:36, 92.16s/it]
Task 1, Epoch 3/5 => Loss 0.214:  40%|████      | 2/5 [04:36<04:36, 92.16s/it]
Task 1, Epoch 3/5 => Loss 0.214:  60%|██████    | 3/5 [04:36<03:04, 92.07s/it]
Task 1, Epoch 4/5 => Loss 0.134:  60%|██████    | 3/5 [06:08<03:04, 92.07s/it]
Task 1, Epoch 4/5 => Loss 0.134:  80%|████████  | 4/5 [06:08<01:32, 92.13s/it]
Task 1, Epoch 5/5 => Loss 0.093:  80%|████████  | 4/5 [07:40<01:32, 92.13s/it]
Task 1, Epoch 5/5 => Loss 0.093: 100%|██████████| 5/5 [07:40<00:00, 92.16s/it]
Task 1, Epoch 5/5 => Loss 0.093: 100%|██████████| 5/5 [07:40<00:00, 92.16s/it]
2025-11-29 17:40:33,311 [train_pf.py] => Task 1 Average Accuracy is 0.876
[[0.876 0.    0.    0.    0.   ]
 [0.    0.    0.    0.    0.   ]
 [0.    0.    0.    0.    0.   ]
 [0.    0.    0.    0.    0.   ]
 [0.    0.    0.    0.    0.   ]]
2025-11-29 17:40:49,643 [train_pf.py] => Start Training Task 2
2025-11-29 17:40:49,650 [train_pf.py] => number of trainable params: 816841
2025-11-29 17:40:49,651 [train_pf.py] => total number of params: 210954698

  0%|          | 0/5 [00:00<?, ?it/s]
Task 2, Epoch 1/5 => Loss 0.470:   0%|          | 0/5 [02:33<?, ?it/s]
Task 2, Epoch 1/5 => Loss 0.470:  20%|██        | 1/5 [02:33<10:13, 153.46s/it]
Task 2, Epoch 2/5 => Loss 0.181:  20%|██        | 1/5 [05:06<10:13, 153.46s/it]
Task 2, Epoch 2/5 => Loss 0.181:  40%|████      | 2/5 [05:06<07:40, 153.48s/it]
Task 2, Epoch 3/5 => Loss 0.108:  40%|████      | 2/5 [07:40<07:40, 153.48s/it]
Task 2, Epoch 3/5 => Loss 0.108:  60%|██████    | 3/5 [07:40<05:06, 153.49s/it]
Task 2, Epoch 4/5 => Loss 0.071:  60%|██████    | 3/5 [10:13<05:06, 153.49s/it]
Task 2, Epoch 4/5 => Loss 0.071:  80%|████████  | 4/5 [10:13<02:33, 153.45s/it]
Task 2, Epoch 5/5 => Loss 0.053:  80%|████████  | 4/5 [12:47<02:33, 153.45s/it]
Task 2, Epoch 5/5 => Loss 0.053: 100%|██████████| 5/5 [12:47<00:00, 153.43s/it]
Task 2, Epoch 5/5 => Loss 0.053: 100%|██████████| 5/5 [12:47<00:00, 153.45s/it]
2025-11-29 17:55:51,660 [train_pf.py] => Task 2 Average Accuracy is 0.862
[[0.876 0.872 0.    0.    0.   ]
 [0.    0.852 0.    0.    0.   ]
 [0.    0.    0.    0.    0.   ]
 [0.    0.    0.    0.    0.   ]
 [0.    0.    0.    0.    0.   ]]
2025-11-29 17:56:15,148 [train_pf.py] => Start Training Task 3
2025-11-29 17:56:15,158 [train_pf.py] => number of trainable params: 818121
2025-11-29 17:56:15,159 [train_pf.py] => total number of params: 210955978

  0%|          | 0/5 [00:00<?, ?it/s]
Task 3, Epoch 1/5 => Loss 0.430:   0%|          | 0/5 [03:16<?, ?it/s]
Task 3, Epoch 1/5 => Loss 0.430:  20%|██        | 1/5 [03:16<13:05, 196.33s/it]
Task 3, Epoch 2/5 => Loss 0.168:  20%|██        | 1/5 [06:32<13:05, 196.33s/it]
Task 3, Epoch 2/5 => Loss 0.168:  40%|████      | 2/5 [06:32<09:49, 196.34s/it]
Task 3, Epoch 3/5 => Loss 0.100:  40%|████      | 2/5 [09:49<09:49, 196.34s/it]
Task 3, Epoch 3/5 => Loss 0.100:  60%|██████    | 3/5 [09:49<06:32, 196.43s/it]
Task 3, Epoch 4/5 => Loss 0.062:  60%|██████    | 3/5 [13:05<06:32, 196.43s/it]
Task 3, Epoch 4/5 => Loss 0.062:  80%|████████  | 4/5 [13:05<03:16, 196.40s/it]
Task 3, Epoch 5/5 => Loss 0.046:  80%|████████  | 4/5 [16:22<03:16, 196.40s/it]
Task 3, Epoch 5/5 => Loss 0.046: 100%|██████████| 5/5 [16:22<00:00, 196.41s/it]
Task 3, Epoch 5/5 => Loss 0.046: 100%|██████████| 5/5 [16:22<00:00, 196.40s/it]
2025-11-29 18:17:21,256 [train_pf.py] => Task 3 Average Accuracy is 0.847
[[0.876 0.872 0.841 0.    0.   ]
 [0.    0.852 0.84  0.    0.   ]
 [0.    0.    0.859 0.    0.   ]
 [0.    0.    0.    0.    0.   ]
 [0.    0.    0.    0.    0.   ]]
2025-11-29 18:17:48,903 [train_pf.py] => Start Training Task 4
2025-11-29 18:17:48,921 [train_pf.py] => number of trainable params: 819401
2025-11-29 18:17:48,924 [train_pf.py] => total number of params: 210957258

  0%|          | 0/5 [00:00<?, ?it/s]
Task 4, Epoch 1/5 => Loss 0.463:   0%|          | 0/5 [03:14<?, ?it/s]
Task 4, Epoch 1/5 => Loss 0.463:  20%|██        | 1/5 [03:14<12:59, 194.76s/it]
Task 4, Epoch 2/5 => Loss 0.183:  20%|██        | 1/5 [06:29<12:59, 194.76s/it]
Task 4, Epoch 2/5 => Loss 0.183:  40%|████      | 2/5 [06:29<09:44, 194.72s/it]
Task 4, Epoch 3/5 => Loss 0.097:  40%|████      | 2/5 [09:44<09:44, 194.72s/it]
Task 4, Epoch 3/5 => Loss 0.097:  60%|██████    | 3/5 [09:44<06:29, 194.76s/it]
Task 4, Epoch 4/5 => Loss 0.060:  60%|██████    | 3/5 [12:58<06:29, 194.76s/it]
Task 4, Epoch 4/5 => Loss 0.060:  80%|████████  | 4/5 [12:58<03:14, 194.70s/it]
Task 4, Epoch 5/5 => Loss 0.044:  80%|████████  | 4/5 [16:13<03:14, 194.70s/it]
Task 4, Epoch 5/5 => Loss 0.044: 100%|██████████| 5/5 [16:13<00:00, 194.65s/it]
Task 4, Epoch 5/5 => Loss 0.044: 100%|██████████| 5/5 [16:13<00:00, 194.69s/it]
2025-11-29 18:41:52,955 [train_pf.py] => Task 4 Average Accuracy is 0.833
[[0.876 0.872 0.841 0.837 0.   ]
 [0.    0.852 0.84  0.835 0.   ]
 [0.    0.    0.859 0.843 0.   ]
 [0.    0.    0.    0.818 0.   ]
 [0.    0.    0.    0.    0.   ]]
2025-11-29 18:42:18,329 [train_pf.py] => Start Training Task 5
2025-11-29 18:42:18,346 [train_pf.py] => number of trainable params: 820681
2025-11-29 18:42:18,347 [train_pf.py] => total number of params: 210958538

  0%|          | 0/5 [00:00<?, ?it/s]
Task 5, Epoch 1/5 => Loss 0.385:   0%|          | 0/5 [04:00<?, ?it/s]
Task 5, Epoch 1/5 => Loss 0.385:  20%|██        | 1/5 [04:00<16:03, 240.84s/it]
Task 5, Epoch 2/5 => Loss 0.154:  20%|██        | 1/5 [08:01<16:03, 240.84s/it]
Task 5, Epoch 2/5 => Loss 0.154:  40%|████      | 2/5 [08:01<12:02, 240.87s/it]
Task 5, Epoch 3/5 => Loss 0.080:  40%|████      | 2/5 [12:02<12:02, 240.87s/it]
Task 5, Epoch 3/5 => Loss 0.080:  60%|██████    | 3/5 [12:02<08:01, 240.87s/it]
Task 5, Epoch 4/5 => Loss 0.046:  60%|██████    | 3/5 [16:03<08:01, 240.87s/it]
Task 5, Epoch 4/5 => Loss 0.046:  80%|████████  | 4/5 [16:03<04:00, 240.84s/it]
Task 5, Epoch 5/5 => Loss 0.032:  80%|████████  | 4/5 [20:04<04:00, 240.84s/it]
Task 5, Epoch 5/5 => Loss 0.032: 100%|██████████| 5/5 [20:04<00:00, 240.81s/it]
Task 5, Epoch 5/5 => Loss 0.032: 100%|██████████| 5/5 [20:04<00:00, 240.83s/it]
2025-11-29 19:14:29,563 [train_pf.py] => Task 5 Average Accuracy is 0.830
[[0.876 0.872 0.841 0.837 0.825]
 [0.    0.852 0.84  0.835 0.824]
 [0.    0.    0.859 0.843 0.828]
 [0.    0.    0.    0.818 0.781]
 [0.    0.    0.    0.    0.893]]

========================================
Finished ImagenetR_inc40
Forgetting: 0.029
Cost:6174.7173s
========================================

